Target Dataset,Task,Test Condition,Source Combo,Model,Bal Acc,Macro F1,ROC-AUC
UOEMD,Diagnosis,Load_Loaded_Speed_15Hz,CWRU_12k,Multi-Head DL (TABNET),0.48750000000000004,0.44221611721611725,0.8680357142857142
UOEMD,Diagnosis,Load_Loaded_Speed_15Hz,CWRU_48k,Multi-Head DL (TABNET),0.6125,0.5681138329695206,0.8885714285714286
UOEMD,Diagnosis,Load_Loaded_Speed_15Hz,HUST_Gearbox,Multi-Head DL (TABNET),0.6125,0.5304621848739496,0.8942857142857144
UOEMD,Diagnosis,Load_Loaded_Speed_15Hz,HUST,Multi-Head DL (TABNET),0.5125,0.4735023041474654,0.8969642857142857
UOEMD,Diagnosis,Load_Loaded_Speed_15Hz,PU,Multi-Head DL (TABNET),0.5125,0.42114279398762156,0.8121428571428572
UOEMD,Diagnosis,Load_Loaded_Speed_15Hz,UORED,Multi-Head DL (TABNET),0.6125,0.5744047619047619,0.8819642857142856
UOEMD,Diagnosis,Load_Loaded_Speed_15Hz,Mechanical_Gear,Multi-Head DL (TABNET),0.65,0.6049107142857143,0.7908928571428571
UOEMD,Diagnosis,Load_Loaded_Speed_15Hz,Electric_Motor,Multi-Head DL (TABNET),0.6,0.5623993558776168,0.8371428571428572
UOEMD,Diagnosis,Load_Loaded_Speed_15Hz,CWRU_12k + CWRU_48k,Multi-Head DL (TABNET),0.5,0.42934782608695654,0.8089285714285714
UOEMD,Diagnosis,Load_Loaded_Speed_15Hz,CWRU_12k + HUST_Gearbox,Multi-Head DL (TABNET),0.45,0.3756127450980392,0.8466071428571428
UOEMD,Diagnosis,Load_Loaded_Speed_15Hz,CWRU_12k + HUST,Multi-Head DL (TABNET),0.45,0.4151785714285714,0.8351785714285715
UOEMD,Diagnosis,Load_Loaded_Speed_15Hz,CWRU_12k + PU,Multi-Head DL (TABNET),0.5625,0.5028409090909091,0.8114285714285714
UOEMD,Diagnosis,Load_Loaded_Speed_15Hz,CWRU_12k + UORED,Multi-Head DL (TABNET),0.6125,0.5705463015245624,0.8921428571428571
UOEMD,Diagnosis,Load_Loaded_Speed_15Hz,CWRU_12k + Mechanical_Gear,Multi-Head DL (TABNET),0.6499999999999999,0.6381828316610925,0.9048214285714286
UOEMD,Diagnosis,Load_Loaded_Speed_15Hz,CWRU_12k + Electric_Motor,Multi-Head DL (TABNET),0.6125,0.558695652173913,0.8103571428571428
UOEMD,Diagnosis,Load_Loaded_Speed_15Hz,CWRU_48k + HUST_Gearbox,Multi-Head DL (TABNET),0.7,0.650375939849624,0.9019642857142857
UOEMD,Diagnosis,Load_Loaded_Speed_15Hz,CWRU_48k + HUST,Multi-Head DL (TABNET),0.55,0.45906054729584145,0.8758928571428571
UOEMD,Diagnosis,Load_Loaded_Speed_15Hz,CWRU_48k + PU,Multi-Head DL (TABNET),0.3625,0.2924406604747162,0.8101785714285714
UOEMD,Diagnosis,Load_Loaded_Speed_15Hz,CWRU_48k + UORED,Multi-Head DL (TABNET),0.5125,0.4641333179564064,0.8546428571428571
UOEMD,Diagnosis,Load_Loaded_Speed_15Hz,CWRU_48k + Mechanical_Gear,Multi-Head DL (TABNET),0.6125,0.5118045815801777,0.83625
UOEMD,Diagnosis,Load_Loaded_Speed_15Hz,CWRU_48k + Electric_Motor,Multi-Head DL (TABNET),0.625,0.5833333333333333,0.8908928571428572
UOEMD,Diagnosis,Load_Loaded_Speed_15Hz,HUST_Gearbox + HUST,Multi-Head DL (TABNET),0.525,0.46059782608695654,0.8992857142857142
UOEMD,Diagnosis,Load_Loaded_Speed_15Hz,HUST_Gearbox + PU,Multi-Head DL (TABNET),0.475,0.4074074074074074,0.8257142857142856
UOEMD,Diagnosis,Load_Loaded_Speed_15Hz,HUST_Gearbox + UORED,Multi-Head DL (TABNET),0.6625,0.6229946524064172,0.7957142857142857
UOEMD,Diagnosis,Load_Loaded_Speed_15Hz,HUST_Gearbox + Mechanical_Gear,Multi-Head DL (TABNET),0.625,0.5416666666666666,0.8271428571428572
UOEMD,Diagnosis,Load_Loaded_Speed_15Hz,HUST_Gearbox + Electric_Motor,Multi-Head DL (TABNET),0.6125,0.549968671679198,0.8353571428571429
UOEMD,Diagnosis,Load_Loaded_Speed_15Hz,HUST + PU,Multi-Head DL (TABNET),0.4125,0.2853720724610861,0.7483928571428571
UOEMD,Diagnosis,Load_Loaded_Speed_15Hz,HUST + UORED,Multi-Head DL (TABNET),0.525,0.48214285714285715,0.8682142857142857
UOEMD,Diagnosis,Load_Loaded_Speed_15Hz,HUST + Mechanical_Gear,Multi-Head DL (TABNET),0.575,0.554047619047619,0.8785714285714286
UOEMD,Diagnosis,Load_Loaded_Speed_15Hz,HUST + Electric_Motor,Multi-Head DL (TABNET),0.5,0.4407894736842105,0.8889285714285714
UOEMD,Diagnosis,Load_Loaded_Speed_15Hz,PU + UORED,Multi-Head DL (TABNET),0.45,0.3678728070175438,0.7744642857142857
UOEMD,Diagnosis,Load_Loaded_Speed_15Hz,PU + Mechanical_Gear,Multi-Head DL (TABNET),0.6,0.5502136752136753,0.7798214285714287
UOEMD,Diagnosis,Load_Loaded_Speed_15Hz,PU + Electric_Motor,Multi-Head DL (TABNET),0.6,0.5361111111111111,0.8475
UOEMD,Diagnosis,Load_Loaded_Speed_15Hz,UORED + Mechanical_Gear,Multi-Head DL (TABNET),0.625,0.5625,0.9201785714285714
UOEMD,Diagnosis,Load_Loaded_Speed_15Hz,UORED + Electric_Motor,Multi-Head DL (TABNET),0.4625,0.4503320187413624,0.7717857142857143
UOEMD,Diagnosis,Load_Loaded_Speed_15Hz,Mechanical_Gear + Electric_Motor,Multi-Head DL (TABNET),0.6625,0.6129287379287379,0.8728571428571429
UOEMD,Diagnosis,Load_Loaded_Speed_15Hz,CWRU_12k + CWRU_48k + HUST_Gearbox,Multi-Head DL (TABNET),0.65,0.6133056758056759,0.9257142857142857
UOEMD,Diagnosis,Load_Loaded_Speed_15Hz,CWRU_12k + CWRU_48k + HUST,Multi-Head DL (TABNET),0.525,0.46474358974358976,0.9319642857142857
UOEMD,Diagnosis,Load_Loaded_Speed_15Hz,CWRU_12k + CWRU_48k + PU,Multi-Head DL (TABNET),0.2625,0.18871087928464977,0.71625
UOEMD,Diagnosis,Load_Loaded_Speed_15Hz,CWRU_12k + CWRU_48k + UORED,Multi-Head DL (TABNET),0.6125,0.5772417153996101,0.8728571428571428
UOEMD,Diagnosis,Load_Loaded_Speed_15Hz,CWRU_12k + CWRU_48k + Mechanical_Gear,Multi-Head DL (TABNET),0.4875,0.43451417004048587,0.8066071428571429
UOEMD,Diagnosis,Load_Loaded_Speed_15Hz,CWRU_12k + CWRU_48k + Electric_Motor,Multi-Head DL (TABNET),0.6,0.5388500388500388,0.8830357142857143
UOEMD,Diagnosis,Load_Loaded_Speed_15Hz,CWRU_12k + HUST_Gearbox + HUST,Multi-Head DL (TABNET),0.17500000000000002,0.1983173076923077,0.7071428571428571
UOEMD,Diagnosis,Load_Loaded_Speed_15Hz,CWRU_12k + HUST_Gearbox + PU,Multi-Head DL (TABNET),0.3875,0.3264131701631702,0.7646428571428572
UOEMD,Diagnosis,Load_Loaded_Speed_15Hz,CWRU_12k + HUST_Gearbox + UORED,Multi-Head DL (TABNET),0.525,0.44731800766283525,0.8155357142857143
UOEMD,Diagnosis,Load_Loaded_Speed_15Hz,CWRU_12k + HUST_Gearbox + Mechanical_Gear,Multi-Head DL (TABNET),0.375,0.2923728813559322,0.76
UOEMD,Diagnosis,Load_Loaded_Speed_15Hz,CWRU_12k + HUST_Gearbox + Electric_Motor,Multi-Head DL (TABNET),0.425,0.37142857142857144,0.8376785714285714
UOEMD,Diagnosis,Load_Loaded_Speed_15Hz,CWRU_12k + HUST + PU,Multi-Head DL (TABNET),0.5,0.444329136336809,0.8801785714285715
UOEMD,Diagnosis,Load_Loaded_Speed_15Hz,CWRU_12k + HUST + UORED,Multi-Head DL (TABNET),0.6125,0.5047256097560976,0.8560714285714286
UOEMD,Diagnosis,Load_Loaded_Speed_15Hz,CWRU_12k + HUST + Mechanical_Gear,Multi-Head DL (TABNET),0.525,0.4988095238095238,0.8801785714285715
UOEMD,Diagnosis,Load_Loaded_Speed_15Hz,CWRU_12k + HUST + Electric_Motor,Multi-Head DL (TABNET),0.575,0.5392543859649123,0.8757142857142857
UOEMD,Diagnosis,Load_Loaded_Speed_15Hz,CWRU_12k + PU + UORED,Multi-Head DL (TABNET),0.275,0.1799719887955182,0.7773214285714286
UOEMD,Diagnosis,Load_Loaded_Speed_15Hz,CWRU_12k + PU + Mechanical_Gear,Multi-Head DL (TABNET),0.375,0.32015065913371,0.7273214285714286
UOEMD,Diagnosis,Load_Loaded_Speed_15Hz,CWRU_12k + PU + Electric_Motor,Multi-Head DL (TABNET),0.2375,0.20175438596491227,0.7582142857142857
UOEMD,Diagnosis,Load_Loaded_Speed_15Hz,CWRU_12k + UORED + Mechanical_Gear,Multi-Head DL (TABNET),0.625,0.540719696969697,0.8591071428571428
UOEMD,Diagnosis,Load_Loaded_Speed_15Hz,CWRU_12k + UORED + Electric_Motor,Multi-Head DL (TABNET),0.5,0.40388257575757575,0.8264285714285714
UOEMD,Diagnosis,Load_Loaded_Speed_15Hz,CWRU_12k + Mechanical_Gear + Electric_Motor,Multi-Head DL (TABNET),0.5125,0.4696969696969697,0.8330357142857143
UOEMD,Diagnosis,Load_Loaded_Speed_15Hz,CWRU_48k + HUST_Gearbox + HUST,Multi-Head DL (TABNET),0.5,0.40377446411929174,0.8571428571428572
UOEMD,Diagnosis,Load_Loaded_Speed_15Hz,CWRU_48k + HUST_Gearbox + PU,Multi-Head DL (TABNET),0.375,0.28968253968253965,0.6975
UOEMD,Diagnosis,Load_Loaded_Speed_15Hz,CWRU_48k + HUST_Gearbox + UORED,Multi-Head DL (TABNET),0.5,0.49404761904761907,0.8782142857142857
UOEMD,Diagnosis,Load_Loaded_Speed_15Hz,CWRU_48k + HUST_Gearbox + Mechanical_Gear,Multi-Head DL (TABNET),0.625,0.5746927803379416,0.8458928571428571
UOEMD,Diagnosis,Load_Loaded_Speed_15Hz,CWRU_48k + HUST_Gearbox + Electric_Motor,Multi-Head DL (TABNET),0.5875,0.5331439393939394,0.8776785714285714
UOEMD,Diagnosis,Load_Loaded_Speed_15Hz,CWRU_48k + HUST + PU,Multi-Head DL (TABNET),0.45,0.4131944444444444,0.7519642857142858
UOEMD,Diagnosis,Load_Loaded_Speed_15Hz,CWRU_48k + HUST + UORED,Multi-Head DL (TABNET),0.5875,0.5231481481481481,0.8746428571428572
UOEMD,Diagnosis,Load_Loaded_Speed_15Hz,CWRU_48k + HUST + Mechanical_Gear,Multi-Head DL (TABNET),0.475,0.41273584905660377,0.7994642857142857
UOEMD,Diagnosis,Load_Loaded_Speed_15Hz,CWRU_48k + HUST + Electric_Motor,Multi-Head DL (TABNET),0.5375000000000001,0.5291666666666667,0.8555357142857143
UOEMD,Diagnosis,Load_Loaded_Speed_15Hz,CWRU_48k + PU + UORED,Multi-Head DL (TABNET),0.625,0.5762882447665056,0.87
UOEMD,Diagnosis,Load_Loaded_Speed_15Hz,CWRU_48k + PU + Mechanical_Gear,Multi-Head DL (TABNET),0.3375,0.3255314783847393,0.8039285714285714
UOEMD,Diagnosis,Load_Loaded_Speed_15Hz,CWRU_48k + PU + Electric_Motor,Multi-Head DL (TABNET),0.6,0.5492424242424243,0.7901785714285714
UOEMD,Diagnosis,Load_Loaded_Speed_15Hz,CWRU_48k + UORED + Mechanical_Gear,Multi-Head DL (TABNET),0.5875,0.5581395348837209,0.8832142857142857
UOEMD,Diagnosis,Load_Loaded_Speed_15Hz,CWRU_48k + UORED + Electric_Motor,Multi-Head DL (TABNET),0.65,0.6166666666666667,0.8728571428571428
UOEMD,Diagnosis,Load_Loaded_Speed_15Hz,CWRU_48k + Mechanical_Gear + Electric_Motor,Multi-Head DL (TABNET),0.6125,0.575,0.8175
UOEMD,Diagnosis,Load_Loaded_Speed_15Hz,HUST_Gearbox + HUST + PU,Multi-Head DL (TABNET),0.625,0.5206925675675675,0.8657142857142857
UOEMD,Diagnosis,Load_Loaded_Speed_15Hz,HUST_Gearbox + HUST + UORED,Multi-Head DL (TABNET),0.6125,0.5331632653061225,0.73875
UOEMD,Diagnosis,Load_Loaded_Speed_15Hz,HUST_Gearbox + HUST + Mechanical_Gear,Multi-Head DL (TABNET),0.525,0.4500487329434698,0.8921428571428571
UOEMD,Diagnosis,Load_Loaded_Speed_15Hz,HUST_Gearbox + HUST + Electric_Motor,Multi-Head DL (TABNET),0.6125,0.5389339826839827,0.8491071428571428
UOEMD,Diagnosis,Load_Loaded_Speed_15Hz,HUST_Gearbox + PU + UORED,Multi-Head DL (TABNET),0.5,0.3958333333333333,0.8489285714285715
UOEMD,Diagnosis,Load_Loaded_Speed_15Hz,HUST_Gearbox + PU + Mechanical_Gear,Multi-Head DL (TABNET),0.625,0.5625,0.7946428571428572
UOEMD,Diagnosis,Load_Loaded_Speed_15Hz,HUST_Gearbox + PU + Electric_Motor,Multi-Head DL (TABNET),0.5,0.4641981792717087,0.77
UOEMD,Diagnosis,Load_Loaded_Speed_15Hz,HUST_Gearbox + UORED + Mechanical_Gear,Multi-Head DL (TABNET),0.4875,0.4578518907563025,0.8339285714285714
UOEMD,Diagnosis,Load_Loaded_Speed_15Hz,HUST_Gearbox + UORED + Electric_Motor,Multi-Head DL (TABNET),0.5125,0.4698275862068965,0.8108928571428571
UOEMD,Diagnosis,Load_Loaded_Speed_15Hz,HUST_Gearbox + Mechanical_Gear + Electric_Motor,Multi-Head DL (TABNET),0.5,0.47115384615384615,0.8025
UOEMD,Diagnosis,Load_Loaded_Speed_15Hz,HUST + PU + UORED,Multi-Head DL (TABNET),0.375,0.36363636363636365,0.7789285714285714
UOEMD,Diagnosis,Load_Loaded_Speed_15Hz,HUST + PU + Mechanical_Gear,Multi-Head DL (TABNET),0.5,0.4642857142857143,0.7921428571428571
UOEMD,Diagnosis,Load_Loaded_Speed_15Hz,HUST + PU + Electric_Motor,Multi-Head DL (TABNET),0.28750000000000003,0.2883522727272727,0.7173214285714286
UOEMD,Diagnosis,Load_Loaded_Speed_15Hz,HUST + UORED + Mechanical_Gear,Multi-Head DL (TABNET),0.625,0.5625,0.8414285714285714
UOEMD,Diagnosis,Load_Loaded_Speed_15Hz,HUST + UORED + Electric_Motor,Multi-Head DL (TABNET),0.5375,0.49083184257602863,0.8344642857142858
UOEMD,Diagnosis,Load_Loaded_Speed_15Hz,HUST + Mechanical_Gear + Electric_Motor,Multi-Head DL (TABNET),0.625,0.5580808080808081,0.9210714285714285
UOEMD,Diagnosis,Load_Loaded_Speed_15Hz,PU + UORED + Mechanical_Gear,Multi-Head DL (TABNET),0.6875,0.6369047619047619,0.8546428571428571
UOEMD,Diagnosis,Load_Loaded_Speed_15Hz,PU + UORED + Electric_Motor,Multi-Head DL (TABNET),0.525,0.4604166666666667,0.8303571428571428
UOEMD,Diagnosis,Load_Loaded_Speed_15Hz,PU + Mechanical_Gear + Electric_Motor,Multi-Head DL (TABNET),0.5,0.425,0.7921428571428571
UOEMD,Diagnosis,Load_Loaded_Speed_15Hz,UORED + Mechanical_Gear + Electric_Motor,Multi-Head DL (TABNET),0.5875,0.5155723905723906,0.82125
UOEMD,Diagnosis,Load_Loaded_Speed_15Hz,CWRU_12k + CWRU_48k + HUST_Gearbox + HUST,Multi-Head DL (TABNET),0.625,0.5527389277389277,0.9048214285714287
UOEMD,Diagnosis,Load_Loaded_Speed_15Hz,CWRU_12k + CWRU_48k + HUST_Gearbox + PU,Multi-Head DL (TABNET),0.4,0.29385504201680673,0.8042857142857143
UOEMD,Diagnosis,Load_Loaded_Speed_15Hz,CWRU_12k + CWRU_48k + HUST_Gearbox + UORED,Multi-Head DL (TABNET),0.6625,0.6036045997346307,0.865
UOEMD,Diagnosis,Load_Loaded_Speed_15Hz,CWRU_12k + CWRU_48k + HUST_Gearbox + Mechanical_Gear,Multi-Head DL (TABNET),0.5,0.4464285714285714,0.8664285714285714
UOEMD,Diagnosis,Load_Loaded_Speed_15Hz,CWRU_12k + CWRU_48k + HUST_Gearbox + Electric_Motor,Multi-Head DL (TABNET),0.5125,0.44772727272727275,0.8782142857142857
UOEMD,Diagnosis,Load_Loaded_Speed_15Hz,CWRU_12k + CWRU_48k + HUST + PU,Multi-Head DL (TABNET),0.375,0.2857142857142857,0.7207142857142856
UOEMD,Diagnosis,Load_Loaded_Speed_15Hz,CWRU_12k + CWRU_48k + HUST + UORED,Multi-Head DL (TABNET),0.55,0.5007763975155279,0.8910714285714285
UOEMD,Diagnosis,Load_Loaded_Speed_15Hz,CWRU_12k + CWRU_48k + HUST + Mechanical_Gear,Multi-Head DL (TABNET),0.5375,0.47128324573976743,0.8217857142857142
UOEMD,Diagnosis,Load_Loaded_Speed_15Hz,CWRU_12k + CWRU_48k + HUST + Electric_Motor,Multi-Head DL (TABNET),0.5625,0.527935606060606,0.9076785714285714
UOEMD,Diagnosis,Load_Loaded_Speed_15Hz,CWRU_12k + CWRU_48k + PU + UORED,Multi-Head DL (TABNET),0.475,0.41013071895424835,0.8742857142857143
UOEMD,Diagnosis,Load_Loaded_Speed_15Hz,CWRU_12k + CWRU_48k + PU + Mechanical_Gear,Multi-Head DL (TABNET),0.1375,0.06304985337243402,0.6964285714285714
UOEMD,Diagnosis,Load_Loaded_Speed_15Hz,CWRU_12k + CWRU_48k + PU + Electric_Motor,Multi-Head DL (TABNET),0.6,0.5179621848739495,0.8414285714285714
UOEMD,Diagnosis,Load_Loaded_Speed_15Hz,CWRU_12k + CWRU_48k + UORED + Mechanical_Gear,Multi-Head DL (TABNET),0.5875,0.5118298368298368,0.8208928571428571
UOEMD,Diagnosis,Load_Loaded_Speed_15Hz,CWRU_12k + CWRU_48k + UORED + Electric_Motor,Multi-Head DL (TABNET),0.45,0.42592592592592593,0.8471428571428572
UOEMD,Diagnosis,Load_Loaded_Speed_15Hz,CWRU_12k + CWRU_48k + Mechanical_Gear + Electric_Motor,Multi-Head DL (TABNET),0.35,0.31451612903225806,0.6967857142857142
UOEMD,Diagnosis,Load_Loaded_Speed_15Hz,CWRU_12k + HUST_Gearbox + HUST + PU,Multi-Head DL (TABNET),0.4,0.3926282051282052,0.7923214285714286
UOEMD,Diagnosis,Load_Loaded_Speed_15Hz,CWRU_12k + HUST_Gearbox + HUST + UORED,Multi-Head DL (TABNET),0.5,0.45238095238095233,0.8941071428571428
UOEMD,Diagnosis,Load_Loaded_Speed_15Hz,CWRU_12k + HUST_Gearbox + HUST + Mechanical_Gear,Multi-Head DL (TABNET),0.5,0.44783266129032256,0.8292857142857143
UOEMD,Diagnosis,Load_Loaded_Speed_15Hz,CWRU_12k + HUST_Gearbox + HUST + Electric_Motor,Multi-Head DL (TABNET),0.5,0.41666666666666663,0.8330357142857143
UOEMD,Diagnosis,Load_Loaded_Speed_15Hz,CWRU_12k + HUST_Gearbox + PU + UORED,Multi-Head DL (TABNET),0.5,0.49468367889420517,0.6948214285714286
UOEMD,Diagnosis,Load_Loaded_Speed_15Hz,CWRU_12k + HUST_Gearbox + PU + Mechanical_Gear,Multi-Head DL (TABNET),0.275,0.23842592592592593,0.6555357142857142
UOEMD,Diagnosis,Load_Loaded_Speed_15Hz,CWRU_12k + HUST_Gearbox + PU + Electric_Motor,Multi-Head DL (TABNET),0.3625,0.2621753246753247,0.7553571428571428
UOEMD,Diagnosis,Load_Loaded_Speed_15Hz,CWRU_12k + HUST_Gearbox + UORED + Mechanical_Gear,Multi-Head DL (TABNET),0.5875,0.5219887955182073,0.8873214285714286
UOEMD,Diagnosis,Load_Loaded_Speed_15Hz,CWRU_12k + HUST_Gearbox + UORED + Electric_Motor,Multi-Head DL (TABNET),0.475,0.39522417153996103,0.8758928571428571
UOEMD,Diagnosis,Load_Loaded_Speed_15Hz,CWRU_12k + HUST_Gearbox + Mechanical_Gear + Electric_Motor,Multi-Head DL (TABNET),0.38749999999999996,0.3238498789346247,0.8414285714285714
UOEMD,Diagnosis,Load_Loaded_Speed_15Hz,CWRU_12k + HUST + PU + UORED,Multi-Head DL (TABNET),0.5625,0.48778195488721804,0.7632142857142857
UOEMD,Diagnosis,Load_Loaded_Speed_15Hz,CWRU_12k + HUST + PU + Mechanical_Gear,Multi-Head DL (TABNET),0.3375,0.3529411764705882,0.7855357142857143
UOEMD,Diagnosis,Load_Loaded_Speed_15Hz,CWRU_12k + HUST + PU + Electric_Motor,Multi-Head DL (TABNET),0.25,0.16176470588235295,0.7783928571428571
UOEMD,Diagnosis,Load_Loaded_Speed_15Hz,CWRU_12k + HUST + UORED + Mechanical_Gear,Multi-Head DL (TABNET),0.625,0.5675675675675675,0.8873214285714286
UOEMD,Diagnosis,Load_Loaded_Speed_15Hz,CWRU_12k + HUST + UORED + Electric_Motor,Multi-Head DL (TABNET),0.6,0.5453869047619048,0.8925000000000001
UOEMD,Diagnosis,Load_Loaded_Speed_15Hz,CWRU_12k + HUST + Mechanical_Gear + Electric_Motor,Multi-Head DL (TABNET),0.5,0.43506493506493504,0.8057142857142857
UOEMD,Diagnosis,Load_Loaded_Speed_15Hz,CWRU_12k + PU + UORED + Mechanical_Gear,Multi-Head DL (TABNET),0.475,0.40645308924485124,0.7739285714285714
UOEMD,Diagnosis,Load_Loaded_Speed_15Hz,CWRU_12k + PU + UORED + Electric_Motor,Multi-Head DL (TABNET),0.375,0.2916666666666667,0.8121428571428572
UOEMD,Diagnosis,Load_Loaded_Speed_15Hz,CWRU_12k + PU + Mechanical_Gear + Electric_Motor,Multi-Head DL (TABNET),0.5875,0.5202991452991452,0.8135714285714286
UOEMD,Diagnosis,Load_Loaded_Speed_15Hz,CWRU_12k + UORED + Mechanical_Gear + Electric_Motor,Multi-Head DL (TABNET),0.5625,0.49627224627224625,0.8142857142857143
UOEMD,Diagnosis,Load_Loaded_Speed_15Hz,CWRU_48k + HUST_Gearbox + HUST + PU,Multi-Head DL (TABNET),0.4375,0.3787878787878788,0.8048214285714286
UOEMD,Diagnosis,Load_Loaded_Speed_15Hz,CWRU_48k + HUST_Gearbox + HUST + UORED,Multi-Head DL (TABNET),0.5,0.4027777777777778,0.8958928571428572
UOEMD,Diagnosis,Load_Loaded_Speed_15Hz,CWRU_48k + HUST_Gearbox + HUST + Mechanical_Gear,Multi-Head DL (TABNET),0.625,0.578125,0.8017857142857143
UOEMD,Diagnosis,Load_Loaded_Speed_15Hz,CWRU_48k + HUST_Gearbox + HUST + Electric_Motor,Multi-Head DL (TABNET),0.55,0.5007763975155279,0.8592857142857142
UOEMD,Diagnosis,Load_Loaded_Speed_15Hz,CWRU_48k + HUST_Gearbox + PU + UORED,Multi-Head DL (TABNET),0.25,0.1374633431085044,0.7971428571428572
UOEMD,Diagnosis,Load_Loaded_Speed_15Hz,CWRU_48k + HUST_Gearbox + PU + Mechanical_Gear,Multi-Head DL (TABNET),0.5,0.425,0.7582142857142857
UOEMD,Diagnosis,Load_Loaded_Speed_15Hz,CWRU_48k + HUST_Gearbox + PU + Electric_Motor,Multi-Head DL (TABNET),0.5,0.425,0.8008928571428571
UOEMD,Diagnosis,Load_Loaded_Speed_15Hz,CWRU_48k + HUST_Gearbox + UORED + Mechanical_Gear,Multi-Head DL (TABNET),0.375,0.375,0.7273214285714287
UOEMD,Diagnosis,Load_Loaded_Speed_15Hz,CWRU_48k + HUST_Gearbox + UORED + Electric_Motor,Multi-Head DL (TABNET),0.525,0.47792207792207797,0.8246428571428571
UOEMD,Diagnosis,Load_Loaded_Speed_15Hz,CWRU_48k + HUST_Gearbox + Mechanical_Gear + Electric_Motor,Multi-Head DL (TABNET),0.5125,0.46098531211750304,0.8241071428571428
UOEMD,Diagnosis,Load_Loaded_Speed_15Hz,CWRU_48k + HUST + PU + UORED,Multi-Head DL (TABNET),0.5125,0.4596269063180828,0.8898214285714285
UOEMD,Diagnosis,Load_Loaded_Speed_15Hz,CWRU_48k + HUST + PU + Mechanical_Gear,Multi-Head DL (TABNET),0.4625,0.4384920634920635,0.8425
UOEMD,Diagnosis,Load_Loaded_Speed_15Hz,CWRU_48k + HUST + PU + Electric_Motor,Multi-Head DL (TABNET),0.5125,0.4645210113960114,0.79125
UOEMD,Diagnosis,Load_Loaded_Speed_15Hz,CWRU_48k + HUST + UORED + Mechanical_Gear,Multi-Head DL (TABNET),0.55,0.5149456521739131,0.8098214285714287
UOEMD,Diagnosis,Load_Loaded_Speed_15Hz,CWRU_48k + HUST + UORED + Electric_Motor,Multi-Head DL (TABNET),0.625,0.5461956521739131,0.8748214285714286
UOEMD,Diagnosis,Load_Loaded_Speed_15Hz,CWRU_48k + HUST + Mechanical_Gear + Electric_Motor,Multi-Head DL (TABNET),0.48750000000000004,0.4259076269945835,0.8116071428571427
UOEMD,Diagnosis,Load_Loaded_Speed_15Hz,CWRU_48k + PU + UORED + Mechanical_Gear,Multi-Head DL (TABNET),0.4125,0.3733974358974359,0.79375
UOEMD,Diagnosis,Load_Loaded_Speed_15Hz,CWRU_48k + PU + UORED + Electric_Motor,Multi-Head DL (TABNET),0.45,0.39375,0.8276785714285714
UOEMD,Diagnosis,Load_Loaded_Speed_15Hz,CWRU_48k + PU + Mechanical_Gear + Electric_Motor,Multi-Head DL (TABNET),0.4625,0.41093366093366096,0.7317857142857143
UOEMD,Diagnosis,Load_Loaded_Speed_15Hz,CWRU_48k + UORED + Mechanical_Gear + Electric_Motor,Multi-Head DL (TABNET),0.6875,0.6568627450980392,0.88125
UOEMD,Diagnosis,Load_Loaded_Speed_15Hz,HUST_Gearbox + HUST + PU + UORED,Multi-Head DL (TABNET),0.25,0.1875,0.7537499999999999
UOEMD,Diagnosis,Load_Loaded_Speed_15Hz,HUST_Gearbox + HUST + PU + Mechanical_Gear,Multi-Head DL (TABNET),0.35,0.3638034188034188,0.7123214285714285
UOEMD,Diagnosis,Load_Loaded_Speed_15Hz,HUST_Gearbox + HUST + PU + Electric_Motor,Multi-Head DL (TABNET),0.275,0.16176470588235292,0.78125
UOEMD,Diagnosis,Load_Loaded_Speed_15Hz,HUST_Gearbox + HUST + UORED + Mechanical_Gear,Multi-Head DL (TABNET),0.48750000000000004,0.3968959030100334,0.8076785714285715
UOEMD,Diagnosis,Load_Loaded_Speed_15Hz,HUST_Gearbox + HUST + UORED + Electric_Motor,Multi-Head DL (TABNET),0.5625,0.5048729778992938,0.8042857142857143
UOEMD,Diagnosis,Load_Loaded_Speed_15Hz,HUST_Gearbox + HUST + Mechanical_Gear + Electric_Motor,Multi-Head DL (TABNET),0.475,0.4444444444444445,0.8416071428571428
UOEMD,Diagnosis,Load_Loaded_Speed_15Hz,HUST_Gearbox + PU + UORED + Mechanical_Gear,Multi-Head DL (TABNET),0.375,0.3607660455486542,0.7808928571428572
UOEMD,Diagnosis,Load_Loaded_Speed_15Hz,HUST_Gearbox + PU + UORED + Electric_Motor,Multi-Head DL (TABNET),0.5125,0.4498106060606061,0.8657142857142857
UOEMD,Diagnosis,Load_Loaded_Speed_15Hz,HUST_Gearbox + PU + Mechanical_Gear + Electric_Motor,Multi-Head DL (TABNET),0.525,0.48546778686581316,0.8808928571428571
UOEMD,Diagnosis,Load_Loaded_Speed_15Hz,HUST_Gearbox + UORED + Mechanical_Gear + Electric_Motor,Multi-Head DL (TABNET),0.6125,0.5386363636363636,0.8823214285714286
UOEMD,Diagnosis,Load_Loaded_Speed_15Hz,HUST + PU + UORED + Mechanical_Gear,Multi-Head DL (TABNET),0.5,0.41363636363636364,0.7391071428571429
UOEMD,Diagnosis,Load_Loaded_Speed_15Hz,HUST + PU + UORED + Electric_Motor,Multi-Head DL (TABNET),0.4625,0.4170437405731523,0.8291071428571428
UOEMD,Diagnosis,Load_Loaded_Speed_15Hz,HUST + PU + Mechanical_Gear + Electric_Motor,Multi-Head DL (TABNET),0.4625,0.40315067606909494,0.8825
UOEMD,Diagnosis,Load_Loaded_Speed_15Hz,HUST + UORED + Mechanical_Gear + Electric_Motor,Multi-Head DL (TABNET),0.5625,0.5047892720306513,0.8458928571428572
UOEMD,Diagnosis,Load_Loaded_Speed_15Hz,PU + UORED + Mechanical_Gear + Electric_Motor,Multi-Head DL (TABNET),0.5875,0.5360807113543091,0.8673214285714286
UOEMD,Diagnosis,Load_Loaded_Speed_15Hz,CWRU_12k + CWRU_48k + HUST_Gearbox + HUST + PU,Multi-Head DL (TABNET),0.2625,0.18106060606060606,0.6535714285714286
UOEMD,Diagnosis,Load_Loaded_Speed_15Hz,CWRU_12k + CWRU_48k + HUST_Gearbox + HUST + UORED,Multi-Head DL (TABNET),0.475,0.4143026004728132,0.7960714285714285
UOEMD,Diagnosis,Load_Loaded_Speed_15Hz,CWRU_12k + CWRU_48k + HUST_Gearbox + HUST + Mechanical_Gear,Multi-Head DL (TABNET),0.625,0.5207020308123249,0.8821428571428571
UOEMD,Diagnosis,Load_Loaded_Speed_15Hz,CWRU_12k + CWRU_48k + HUST_Gearbox + HUST + Electric_Motor,Multi-Head DL (TABNET),0.4125,0.3717948717948718,0.8264285714285714
UOEMD,Diagnosis,Load_Loaded_Speed_15Hz,CWRU_12k + CWRU_48k + HUST_Gearbox + PU + UORED,Multi-Head DL (TABNET),0.375,0.375,0.7957142857142857
UOEMD,Diagnosis,Load_Loaded_Speed_15Hz,CWRU_12k + CWRU_48k + HUST_Gearbox + PU + Mechanical_Gear,Multi-Head DL (TABNET),0.45,0.3921296296296296,0.9139285714285714
UOEMD,Diagnosis,Load_Loaded_Speed_15Hz,CWRU_12k + CWRU_48k + HUST_Gearbox + PU + Electric_Motor,Multi-Head DL (TABNET),0.5,0.42708333333333337,0.7855357142857142
UOEMD,Diagnosis,Load_Loaded_Speed_15Hz,CWRU_12k + CWRU_48k + HUST_Gearbox + UORED + Mechanical_Gear,Multi-Head DL (TABNET),0.7125,0.6596728307254623,0.8821428571428572
UOEMD,Diagnosis,Load_Loaded_Speed_15Hz,CWRU_12k + CWRU_48k + HUST_Gearbox + UORED + Electric_Motor,Multi-Head DL (TABNET),0.575,0.4948406478578892,0.9021428571428571
UOEMD,Diagnosis,Load_Loaded_Speed_15Hz,CWRU_12k + CWRU_48k + HUST_Gearbox + Mechanical_Gear + Electric_Motor,Multi-Head DL (TABNET),0.5875,0.5228653530377668,0.8557142857142856
UOEMD,Diagnosis,Load_Loaded_Speed_15Hz,CWRU_12k + CWRU_48k + HUST + PU + UORED,Multi-Head DL (TABNET),0.5,0.425,0.7841071428571429
UOEMD,Diagnosis,Load_Loaded_Speed_15Hz,CWRU_12k + CWRU_48k + HUST + PU + Mechanical_Gear,Multi-Head DL (TABNET),0.55,0.46802422723475356,0.7578571428571429
UOEMD,Diagnosis,Load_Loaded_Speed_15Hz,CWRU_12k + CWRU_48k + HUST + PU + Electric_Motor,Multi-Head DL (TABNET),0.3,0.20434712346477055,0.7264285714285714
UOEMD,Diagnosis,Load_Loaded_Speed_15Hz,CWRU_12k + CWRU_48k + HUST + UORED + Mechanical_Gear,Multi-Head DL (TABNET),0.475,0.43214285714285716,0.7869642857142857
UOEMD,Diagnosis,Load_Loaded_Speed_15Hz,CWRU_12k + CWRU_48k + HUST + UORED + Electric_Motor,Multi-Head DL (TABNET),0.625,0.5625,0.8892857142857142
UOEMD,Diagnosis,Load_Loaded_Speed_15Hz,CWRU_12k + CWRU_48k + HUST + Mechanical_Gear + Electric_Motor,Multi-Head DL (TABNET),0.6875,0.6421040605823214,0.8601785714285715
UOEMD,Diagnosis,Load_Loaded_Speed_15Hz,CWRU_12k + CWRU_48k + PU + UORED + Mechanical_Gear,Multi-Head DL (TABNET),0.6125,0.533464342674869,0.7648214285714285
UOEMD,Diagnosis,Load_Loaded_Speed_15Hz,CWRU_12k + CWRU_48k + PU + UORED + Electric_Motor,Multi-Head DL (TABNET),0.575,0.5105311355311355,0.8691071428571429
UOEMD,Diagnosis,Load_Loaded_Speed_15Hz,CWRU_12k + CWRU_48k + PU + Mechanical_Gear + Electric_Motor,Multi-Head DL (TABNET),0.6375,0.5992492492492493,0.8203571428571429
UOEMD,Diagnosis,Load_Loaded_Speed_15Hz,CWRU_12k + CWRU_48k + UORED + Mechanical_Gear + Electric_Motor,Multi-Head DL (TABNET),0.4375,0.3957307060755337,0.8396428571428571
UOEMD,Diagnosis,Load_Loaded_Speed_15Hz,CWRU_12k + HUST_Gearbox + HUST + PU + UORED,Multi-Head DL (TABNET),0.5,0.41885964912280704,0.7898214285714286
UOEMD,Diagnosis,Load_Loaded_Speed_15Hz,CWRU_12k + HUST_Gearbox + HUST + PU + Mechanical_Gear,Multi-Head DL (TABNET),0.425,0.34838709677419355,0.8775
UOEMD,Diagnosis,Load_Loaded_Speed_15Hz,CWRU_12k + HUST_Gearbox + HUST + PU + Electric_Motor,Multi-Head DL (TABNET),0.4625,0.38565643648763853,0.8605357142857144
UOEMD,Diagnosis,Load_Loaded_Speed_15Hz,CWRU_12k + HUST_Gearbox + HUST + UORED + Mechanical_Gear,Multi-Head DL (TABNET),0.5125,0.4412525879917184,0.8692857142857143
UOEMD,Diagnosis,Load_Loaded_Speed_15Hz,CWRU_12k + HUST_Gearbox + HUST + UORED + Electric_Motor,Multi-Head DL (TABNET),0.5125,0.4369644723092999,0.8378571428571429
UOEMD,Diagnosis,Load_Loaded_Speed_15Hz,CWRU_12k + HUST_Gearbox + HUST + Mechanical_Gear + Electric_Motor,Multi-Head DL (TABNET),0.46249999999999997,0.4241325562483058,0.7451785714285714
UOEMD,Diagnosis,Load_Loaded_Speed_15Hz,CWRU_12k + HUST_Gearbox + PU + UORED + Mechanical_Gear,Multi-Head DL (TABNET),0.625,0.5641025641025641,0.7808928571428572
UOEMD,Diagnosis,Load_Loaded_Speed_15Hz,CWRU_12k + HUST_Gearbox + PU + UORED + Electric_Motor,Multi-Head DL (TABNET),0.3125,0.24708216619981327,0.7039285714285715
UOEMD,Diagnosis,Load_Loaded_Speed_15Hz,CWRU_12k + HUST_Gearbox + PU + Mechanical_Gear + Electric_Motor,Multi-Head DL (TABNET),0.425,0.3452797202797203,0.7857142857142857
UOEMD,Diagnosis,Load_Loaded_Speed_15Hz,CWRU_12k + HUST_Gearbox + UORED + Mechanical_Gear + Electric_Motor,Multi-Head DL (TABNET),0.5,0.43308080808080807,0.7689285714285714
UOEMD,Diagnosis,Load_Loaded_Speed_15Hz,CWRU_12k + HUST + PU + UORED + Mechanical_Gear,Multi-Head DL (TABNET),0.4,0.33462732919254656,0.6966071428571429
UOEMD,Diagnosis,Load_Loaded_Speed_15Hz,CWRU_12k + HUST + PU + UORED + Electric_Motor,Multi-Head DL (TABNET),0.42500000000000004,0.3600096711798839,0.8391071428571428
UOEMD,Diagnosis,Load_Loaded_Speed_15Hz,CWRU_12k + HUST + PU + Mechanical_Gear + Electric_Motor,Multi-Head DL (TABNET),0.5,0.44202898550724634,0.7930357142857143
UOEMD,Diagnosis,Load_Loaded_Speed_15Hz,CWRU_12k + HUST + UORED + Mechanical_Gear + Electric_Motor,Multi-Head DL (TABNET),0.5375,0.4698581560283688,0.8525
UOEMD,Diagnosis,Load_Loaded_Speed_15Hz,CWRU_12k + PU + UORED + Mechanical_Gear + Electric_Motor,Multi-Head DL (TABNET),0.375,0.3,0.8430357142857143
UOEMD,Diagnosis,Load_Loaded_Speed_15Hz,CWRU_48k + HUST_Gearbox + HUST + PU + UORED,Multi-Head DL (TABNET),0.3875,0.3158307210031348,0.805
UOEMD,Diagnosis,Load_Loaded_Speed_15Hz,CWRU_48k + HUST_Gearbox + HUST + PU + Mechanical_Gear,Multi-Head DL (TABNET),0.125,0.08064516129032258,0.7364285714285714
UOEMD,Diagnosis,Load_Loaded_Speed_15Hz,CWRU_48k + HUST_Gearbox + HUST + PU + Electric_Motor,Multi-Head DL (TABNET),0.5125,0.4071896005913033,0.8130357142857143
UOEMD,Diagnosis,Load_Loaded_Speed_15Hz,CWRU_48k + HUST_Gearbox + HUST + UORED + Mechanical_Gear,Multi-Head DL (TABNET),0.2625,0.2569444444444444,0.7219642857142857
UOEMD,Diagnosis,Load_Loaded_Speed_15Hz,CWRU_48k + HUST_Gearbox + HUST + UORED + Electric_Motor,Multi-Head DL (TABNET),0.5,0.44202898550724634,0.8007142857142857
UOEMD,Diagnosis,Load_Loaded_Speed_15Hz,CWRU_48k + HUST_Gearbox + HUST + Mechanical_Gear + Electric_Motor,Multi-Head DL (TABNET),0.7,0.6573378388582647,0.7562500000000001
UOEMD,Diagnosis,Load_Loaded_Speed_15Hz,CWRU_48k + HUST_Gearbox + PU + UORED + Mechanical_Gear,Multi-Head DL (TABNET),0.225,0.1574761399787911,0.7194642857142858
UOEMD,Diagnosis,Load_Loaded_Speed_15Hz,CWRU_48k + HUST_Gearbox + PU + UORED + Electric_Motor,Multi-Head DL (TABNET),0.30000000000000004,0.21662647697130458,0.7210714285714286
UOEMD,Diagnosis,Load_Loaded_Speed_15Hz,CWRU_48k + HUST_Gearbox + PU + Mechanical_Gear + Electric_Motor,Multi-Head DL (TABNET),0.47500000000000003,0.4254938817632316,0.8130357142857143
UOEMD,Diagnosis,Load_Loaded_Speed_15Hz,CWRU_48k + HUST_Gearbox + UORED + Mechanical_Gear + Electric_Motor,Multi-Head DL (TABNET),0.5,0.4068627450980392,0.8517857142857144
UOEMD,Diagnosis,Load_Loaded_Speed_15Hz,CWRU_48k + HUST + PU + UORED + Mechanical_Gear,Multi-Head DL (TABNET),0.4125,0.39940476190476193,0.7328571428571429
UOEMD,Diagnosis,Load_Loaded_Speed_15Hz,CWRU_48k + HUST + PU + UORED + Electric_Motor,Multi-Head DL (TABNET),0.45,0.3853583916083916,0.86
UOEMD,Diagnosis,Load_Loaded_Speed_15Hz,CWRU_48k + HUST + PU + Mechanical_Gear + Electric_Motor,Multi-Head DL (TABNET),0.425,0.37104562104562105,0.8441071428571428
UOEMD,Diagnosis,Load_Loaded_Speed_15Hz,CWRU_48k + HUST + UORED + Mechanical_Gear + Electric_Motor,Multi-Head DL (TABNET),0.5,0.4791666666666667,0.7528571428571429
UOEMD,Diagnosis,Load_Loaded_Speed_15Hz,CWRU_48k + PU + UORED + Mechanical_Gear + Electric_Motor,Multi-Head DL (TABNET),0.425,0.3795681063122923,0.7646428571428572
UOEMD,Diagnosis,Load_Loaded_Speed_15Hz,HUST_Gearbox + HUST + PU + UORED + Mechanical_Gear,Multi-Head DL (TABNET),0.55,0.5346003898635477,0.7948214285714286
UOEMD,Diagnosis,Load_Loaded_Speed_15Hz,HUST_Gearbox + HUST + PU + UORED + Electric_Motor,Multi-Head DL (TABNET),0.5,0.425,0.8226785714285714
UOEMD,Diagnosis,Load_Loaded_Speed_15Hz,HUST_Gearbox + HUST + PU + Mechanical_Gear + Electric_Motor,Multi-Head DL (TABNET),0.5,0.425,0.7637499999999999
UOEMD,Diagnosis,Load_Loaded_Speed_15Hz,HUST_Gearbox + HUST + UORED + Mechanical_Gear + Electric_Motor,Multi-Head DL (TABNET),0.55,0.4588989441930618,0.8766071428571428
UOEMD,Diagnosis,Load_Loaded_Speed_15Hz,HUST_Gearbox + PU + UORED + Mechanical_Gear + Electric_Motor,Multi-Head DL (TABNET),0.6,0.5361111111111111,0.81375
UOEMD,Diagnosis,Load_Loaded_Speed_15Hz,HUST + PU + UORED + Mechanical_Gear + Electric_Motor,Multi-Head DL (TABNET),0.625,0.5450680272108843,0.8376785714285715
UOEMD,Diagnosis,Load_Loaded_Speed_15Hz,CWRU_12k + CWRU_48k + HUST_Gearbox + HUST + PU + UORED,Multi-Head DL (TABNET),0.375,0.2564102564102564,0.8510714285714287
UOEMD,Diagnosis,Load_Loaded_Speed_15Hz,CWRU_12k + CWRU_48k + HUST_Gearbox + HUST + PU + Mechanical_Gear,Multi-Head DL (TABNET),0.575,0.5422794117647058,0.8489285714285715
UOEMD,Diagnosis,Load_Loaded_Speed_15Hz,CWRU_12k + CWRU_48k + HUST_Gearbox + HUST + PU + Electric_Motor,Multi-Head DL (TABNET),0.35,0.3021708683473389,0.7575
UOEMD,Diagnosis,Load_Loaded_Speed_15Hz,CWRU_12k + CWRU_48k + HUST_Gearbox + HUST + UORED + Mechanical_Gear,Multi-Head DL (TABNET),0.475,0.4082809224318658,0.8085714285714285
UOEMD,Diagnosis,Load_Loaded_Speed_15Hz,CWRU_12k + CWRU_48k + HUST_Gearbox + HUST + UORED + Electric_Motor,Multi-Head DL (TABNET),0.5,0.49404761904761907,0.8383928571428572
UOEMD,Diagnosis,Load_Loaded_Speed_15Hz,CWRU_12k + CWRU_48k + HUST_Gearbox + HUST + Mechanical_Gear + Electric_Motor,Multi-Head DL (TABNET),0.4125,0.3665994623655914,0.7441071428571429
UOEMD,Diagnosis,Load_Loaded_Speed_15Hz,CWRU_12k + CWRU_48k + HUST_Gearbox + PU + UORED + Mechanical_Gear,Multi-Head DL (TABNET),0.425,0.39103641456582633,0.7439285714285714
UOEMD,Diagnosis,Load_Loaded_Speed_15Hz,CWRU_12k + CWRU_48k + HUST_Gearbox + PU + UORED + Electric_Motor,Multi-Head DL (TABNET),0.4875,0.41944146079484423,0.7716071428571429
UOEMD,Diagnosis,Load_Loaded_Speed_15Hz,CWRU_12k + CWRU_48k + HUST_Gearbox + PU + Mechanical_Gear + Electric_Motor,Multi-Head DL (TABNET),0.375,0.2666207710464201,0.7582142857142857
UOEMD,Diagnosis,Load_Loaded_Speed_15Hz,CWRU_12k + CWRU_48k + HUST_Gearbox + UORED + Mechanical_Gear + Electric_Motor,Multi-Head DL (TABNET),0.5875,0.5145454545454546,0.8416071428571429
UOEMD,Diagnosis,Load_Loaded_Speed_15Hz,CWRU_12k + CWRU_48k + HUST + PU + UORED + Mechanical_Gear,Multi-Head DL (TABNET),0.30000000000000004,0.22111823361823363,0.8542857142857143
UOEMD,Diagnosis,Load_Loaded_Speed_15Hz,CWRU_12k + CWRU_48k + HUST + PU + UORED + Electric_Motor,Multi-Head DL (TABNET),0.4875,0.4031432748538012,0.8376785714285715
UOEMD,Diagnosis,Load_Loaded_Speed_15Hz,CWRU_12k + CWRU_48k + HUST + PU + Mechanical_Gear + Electric_Motor,Multi-Head DL (TABNET),0.5,0.3958333333333333,0.8419642857142857
UOEMD,Diagnosis,Load_Loaded_Speed_15Hz,CWRU_12k + CWRU_48k + HUST + UORED + Mechanical_Gear + Electric_Motor,Multi-Head DL (TABNET),0.5,0.4139784946236559,0.80125
UOEMD,Diagnosis,Load_Loaded_Speed_15Hz,CWRU_12k + CWRU_48k + PU + UORED + Mechanical_Gear + Electric_Motor,Multi-Head DL (TABNET),0.4125,0.3632478632478633,0.76125
UOEMD,Diagnosis,Load_Loaded_Speed_15Hz,CWRU_12k + HUST_Gearbox + HUST + PU + UORED + Mechanical_Gear,Multi-Head DL (TABNET),0.4125,0.3576923076923077,0.7994642857142856
UOEMD,Diagnosis,Load_Loaded_Speed_15Hz,CWRU_12k + HUST_Gearbox + HUST + PU + UORED + Electric_Motor,Multi-Head DL (TABNET),0.3375,0.2758894362342638,0.7212500000000001
UOEMD,Diagnosis,Load_Loaded_Speed_15Hz,CWRU_12k + HUST_Gearbox + HUST + PU + Mechanical_Gear + Electric_Motor,Multi-Head DL (TABNET),0.45,0.4226190476190476,0.8155357142857143
UOEMD,Diagnosis,Load_Loaded_Speed_15Hz,CWRU_12k + HUST_Gearbox + HUST + UORED + Mechanical_Gear + Electric_Motor,Multi-Head DL (TABNET),0.75,0.6910173160173161,0.8805357142857142
UOEMD,Diagnosis,Load_Loaded_Speed_15Hz,CWRU_12k + HUST_Gearbox + PU + UORED + Mechanical_Gear + Electric_Motor,Multi-Head DL (TABNET),0.3875,0.32272727272727275,0.7294642857142857
UOEMD,Diagnosis,Load_Loaded_Speed_15Hz,CWRU_12k + HUST + PU + UORED + Mechanical_Gear + Electric_Motor,Multi-Head DL (TABNET),0.5,0.425,0.8298214285714286
UOEMD,Diagnosis,Load_Loaded_Speed_15Hz,CWRU_48k + HUST_Gearbox + HUST + PU + UORED + Mechanical_Gear,Multi-Head DL (TABNET),0.375,0.3133255633255633,0.6873214285714286
UOEMD,Diagnosis,Load_Loaded_Speed_15Hz,CWRU_48k + HUST_Gearbox + HUST + PU + UORED + Electric_Motor,Multi-Head DL (TABNET),0.425,0.3625,0.8487499999999999
UOEMD,Diagnosis,Load_Loaded_Speed_15Hz,CWRU_48k + HUST_Gearbox + HUST + PU + Mechanical_Gear + Electric_Motor,Multi-Head DL (TABNET),0.4875,0.41689450899977215,0.8073214285714286
UOEMD,Diagnosis,Load_Loaded_Speed_15Hz,CWRU_48k + HUST_Gearbox + HUST + UORED + Mechanical_Gear + Electric_Motor,Multi-Head DL (TABNET),0.5125,0.45453216374269,0.8096428571428571
UOEMD,Diagnosis,Load_Loaded_Speed_15Hz,CWRU_48k + HUST_Gearbox + PU + UORED + Mechanical_Gear + Electric_Motor,Multi-Head DL (TABNET),0.5125,0.4673044575273339,0.7849999999999999
UOEMD,Diagnosis,Load_Loaded_Speed_15Hz,CWRU_48k + HUST + PU + UORED + Mechanical_Gear + Electric_Motor,Multi-Head DL (TABNET),0.2625,0.19874768089053804,0.7971428571428572
UOEMD,Diagnosis,Load_Loaded_Speed_15Hz,HUST_Gearbox + HUST + PU + UORED + Mechanical_Gear + Electric_Motor,Multi-Head DL (TABNET),0.325,0.2544642857142857,0.7703571428571429
UOEMD,Diagnosis,Load_Loaded_Speed_15Hz,CWRU_12k + CWRU_48k + HUST_Gearbox + HUST + PU + UORED + Mechanical_Gear,Multi-Head DL (TABNET),0.39999999999999997,0.34102564102564104,0.7567857142857143
UOEMD,Diagnosis,Load_Loaded_Speed_15Hz,CWRU_12k + CWRU_48k + HUST_Gearbox + HUST + PU + UORED + Electric_Motor,Multi-Head DL (TABNET),0.25,0.16666666666666666,0.7342857142857142
UOEMD,Diagnosis,Load_Loaded_Speed_15Hz,CWRU_12k + CWRU_48k + HUST_Gearbox + HUST + PU + Mechanical_Gear + Electric_Motor,Multi-Head DL (TABNET),0.3,0.24388111888111888,0.8083928571428571
UOEMD,Diagnosis,Load_Loaded_Speed_15Hz,CWRU_12k + CWRU_48k + HUST_Gearbox + HUST + UORED + Mechanical_Gear + Electric_Motor,Multi-Head DL (TABNET),0.4,0.32305377900343574,0.8346428571428571
UOEMD,Diagnosis,Load_Loaded_Speed_15Hz,CWRU_12k + CWRU_48k + HUST_Gearbox + PU + UORED + Mechanical_Gear + Electric_Motor,Multi-Head DL (TABNET),0.5,0.419047619047619,0.8069642857142857
UOEMD,Diagnosis,Load_Loaded_Speed_15Hz,CWRU_12k + CWRU_48k + HUST + PU + UORED + Mechanical_Gear + Electric_Motor,Multi-Head DL (TABNET),0.5,0.425,0.8608928571428571
UOEMD,Diagnosis,Load_Loaded_Speed_15Hz,CWRU_12k + HUST_Gearbox + HUST + PU + UORED + Mechanical_Gear + Electric_Motor,Multi-Head DL (TABNET),0.375,0.2857142857142857,0.7435714285714285
UOEMD,Diagnosis,Load_Loaded_Speed_15Hz,CWRU_48k + HUST_Gearbox + HUST + PU + UORED + Mechanical_Gear + Electric_Motor,Multi-Head DL (TABNET),0.3,0.2433760683760684,0.7417857142857143
UOEMD,Diagnosis,Load_Loaded_Speed_15Hz,CWRU_12k + CWRU_48k + HUST_Gearbox + HUST + PU + UORED + Mechanical_Gear + Electric_Motor,Multi-Head DL (TABNET),0.4,0.3484848484848485,0.7825
UOEMD,Diagnosis,Load_Loaded_Speed_30Hz,CWRU_12k,Multi-Head DL (TABNET),0.7,0.6616402116402116,0.9751785714285715
UOEMD,Diagnosis,Load_Loaded_Speed_30Hz,CWRU_48k,Multi-Head DL (TABNET),0.875,0.8333333333333333,0.9930357142857142
UOEMD,Diagnosis,Load_Loaded_Speed_30Hz,HUST_Gearbox,Multi-Head DL (TABNET),0.8625,0.8216338259441708,0.9744642857142858
UOEMD,Diagnosis,Load_Loaded_Speed_30Hz,HUST,Multi-Head DL (TABNET),0.75,0.6875,0.9757142857142858
UOEMD,Diagnosis,Load_Loaded_Speed_30Hz,PU,Multi-Head DL (TABNET),0.625,0.5241228070175439,0.9582142857142857
UOEMD,Diagnosis,Load_Loaded_Speed_30Hz,UORED,Multi-Head DL (TABNET),0.8625,0.8157051282051282,0.9775
UOEMD,Diagnosis,Load_Loaded_Speed_30Hz,Mechanical_Gear,Multi-Head DL (TABNET),0.85,0.810064935064935,0.9814285714285714
UOEMD,Diagnosis,Load_Loaded_Speed_30Hz,Electric_Motor,Multi-Head DL (TABNET),0.8625,0.8240662139219015,0.9853571428571428
UOEMD,Diagnosis,Load_Loaded_Speed_30Hz,CWRU_12k + CWRU_48k,Multi-Head DL (TABNET),0.8,0.7848297387939331,0.9873214285714286
UOEMD,Diagnosis,Load_Loaded_Speed_30Hz,CWRU_12k + HUST_Gearbox,Multi-Head DL (TABNET),0.825,0.7963286713286714,0.9742857142857143
UOEMD,Diagnosis,Load_Loaded_Speed_30Hz,CWRU_12k + HUST,Multi-Head DL (TABNET),0.875,0.8333333333333333,0.9794642857142857
UOEMD,Diagnosis,Load_Loaded_Speed_30Hz,CWRU_12k + PU,Multi-Head DL (TABNET),0.6000000000000001,0.5787934491978609,0.9598214285714286
UOEMD,Diagnosis,Load_Loaded_Speed_30Hz,CWRU_12k + UORED,Multi-Head DL (TABNET),0.8125,0.7803030303030303,0.9448214285714285
UOEMD,Diagnosis,Load_Loaded_Speed_30Hz,CWRU_12k + Mechanical_Gear,Multi-Head DL (TABNET),0.8625,0.8216338259441708,0.9855357142857143
UOEMD,Diagnosis,Load_Loaded_Speed_30Hz,CWRU_12k + Electric_Motor,Multi-Head DL (TABNET),0.875,0.8333333333333333,0.96625
UOEMD,Diagnosis,Load_Loaded_Speed_30Hz,CWRU_48k + HUST_Gearbox,Multi-Head DL (TABNET),0.675,0.6091940445388722,0.9664285714285714
UOEMD,Diagnosis,Load_Loaded_Speed_30Hz,CWRU_48k + HUST,Multi-Head DL (TABNET),0.8625,0.8106884057971014,0.98375
UOEMD,Diagnosis,Load_Loaded_Speed_30Hz,CWRU_48k + PU,Multi-Head DL (TABNET),0.65,0.5657894736842104,0.98125
UOEMD,Diagnosis,Load_Loaded_Speed_30Hz,CWRU_48k + UORED,Multi-Head DL (TABNET),0.8625,0.8164024190912063,0.9930357142857142
UOEMD,Diagnosis,Load_Loaded_Speed_30Hz,CWRU_48k + Mechanical_Gear,Multi-Head DL (TABNET),0.8625,0.8138111888111887,0.9817857142857143
UOEMD,Diagnosis,Load_Loaded_Speed_30Hz,CWRU_48k + Electric_Motor,Multi-Head DL (TABNET),0.85,0.810064935064935,0.9628571428571429
UOEMD,Diagnosis,Load_Loaded_Speed_30Hz,HUST_Gearbox + HUST,Multi-Head DL (TABNET),0.8,0.7583333333333333,0.9714285714285714
UOEMD,Diagnosis,Load_Loaded_Speed_30Hz,HUST_Gearbox + PU,Multi-Head DL (TABNET),0.575,0.5390218878248973,0.9351785714285714
UOEMD,Diagnosis,Load_Loaded_Speed_30Hz,HUST_Gearbox + UORED,Multi-Head DL (TABNET),0.8125,0.7797619047619047,0.9901785714285715
UOEMD,Diagnosis,Load_Loaded_Speed_30Hz,HUST_Gearbox + Mechanical_Gear,Multi-Head DL (TABNET),0.875,0.8333333333333333,0.9969642857142857
UOEMD,Diagnosis,Load_Loaded_Speed_30Hz,HUST_Gearbox + Electric_Motor,Multi-Head DL (TABNET),0.85,0.8142361111111112,0.9758928571428571
UOEMD,Diagnosis,Load_Loaded_Speed_30Hz,HUST + PU,Multi-Head DL (TABNET),0.6000000000000001,0.556390977443609,0.9176785714285715
UOEMD,Diagnosis,Load_Loaded_Speed_30Hz,HUST + UORED,Multi-Head DL (TABNET),0.775,0.7318627450980393,0.9796428571428571
UOEMD,Diagnosis,Load_Loaded_Speed_30Hz,HUST + Mechanical_Gear,Multi-Head DL (TABNET),0.9875,0.987468671679198,1.0
UOEMD,Diagnosis,Load_Loaded_Speed_30Hz,HUST + Electric_Motor,Multi-Head DL (TABNET),0.7875,0.7502598752598753,0.9885714285714287
UOEMD,Diagnosis,Load_Loaded_Speed_30Hz,PU + UORED,Multi-Head DL (TABNET),0.425,0.3767158767158767,0.9285714285714286
UOEMD,Diagnosis,Load_Loaded_Speed_30Hz,PU + Mechanical_Gear,Multi-Head DL (TABNET),0.825,0.7922794117647058,0.9675
UOEMD,Diagnosis,Load_Loaded_Speed_30Hz,PU + Electric_Motor,Multi-Head DL (TABNET),0.3875,0.3249721293199554,0.78
UOEMD,Diagnosis,Load_Loaded_Speed_30Hz,UORED + Mechanical_Gear,Multi-Head DL (TABNET),0.7375,0.6793966623876765,0.9866071428571429
UOEMD,Diagnosis,Load_Loaded_Speed_30Hz,UORED + Electric_Motor,Multi-Head DL (TABNET),0.825,0.7849999999999999,0.9717857142857143
UOEMD,Diagnosis,Load_Loaded_Speed_30Hz,Mechanical_Gear + Electric_Motor,Multi-Head DL (TABNET),0.8625,0.8240662139219015,1.0
UOEMD,Diagnosis,Load_Loaded_Speed_30Hz,CWRU_12k + CWRU_48k + HUST_Gearbox,Multi-Head DL (TABNET),0.8,0.7693014705882353,0.9778571428571428
UOEMD,Diagnosis,Load_Loaded_Speed_30Hz,CWRU_12k + CWRU_48k + HUST,Multi-Head DL (TABNET),0.6375,0.5927116361898971,0.9319642857142857
UOEMD,Diagnosis,Load_Loaded_Speed_30Hz,CWRU_12k + CWRU_48k + PU,Multi-Head DL (TABNET),0.525,0.447172619047619,0.9128571428571428
UOEMD,Diagnosis,Load_Loaded_Speed_30Hz,CWRU_12k + CWRU_48k + UORED,Multi-Head DL (TABNET),0.8625,0.8112240829346092,0.9839285714285715
UOEMD,Diagnosis,Load_Loaded_Speed_30Hz,CWRU_12k + CWRU_48k + Mechanical_Gear,Multi-Head DL (TABNET),0.7,0.6505681818181819,0.9883928571428571
UOEMD,Diagnosis,Load_Loaded_Speed_30Hz,CWRU_12k + CWRU_48k + Electric_Motor,Multi-Head DL (TABNET),0.8625,0.8240662139219015,0.9708928571428572
UOEMD,Diagnosis,Load_Loaded_Speed_30Hz,CWRU_12k + HUST_Gearbox + HUST,Multi-Head DL (TABNET),0.75,0.7007575757575757,0.9730357142857142
UOEMD,Diagnosis,Load_Loaded_Speed_30Hz,CWRU_12k + HUST_Gearbox + PU,Multi-Head DL (TABNET),0.5125,0.4474153297682709,0.9296428571428572
UOEMD,Diagnosis,Load_Loaded_Speed_30Hz,CWRU_12k + HUST_Gearbox + UORED,Multi-Head DL (TABNET),0.775,0.737012987012987,0.9353571428571429
UOEMD,Diagnosis,Load_Loaded_Speed_30Hz,CWRU_12k + HUST_Gearbox + Mechanical_Gear,Multi-Head DL (TABNET),0.975,0.9742063492063492,1.0
UOEMD,Diagnosis,Load_Loaded_Speed_30Hz,CWRU_12k + HUST_Gearbox + Electric_Motor,Multi-Head DL (TABNET),0.75,0.6884920634920635,0.9894642857142857
UOEMD,Diagnosis,Load_Loaded_Speed_30Hz,CWRU_12k + HUST + PU,Multi-Head DL (TABNET),0.33749999999999997,0.2938034188034188,0.8944642857142857
UOEMD,Diagnosis,Load_Loaded_Speed_30Hz,CWRU_12k + HUST + UORED,Multi-Head DL (TABNET),0.85,0.8080808080808081,0.9748214285714285
UOEMD,Diagnosis,Load_Loaded_Speed_30Hz,CWRU_12k + HUST + Mechanical_Gear,Multi-Head DL (TABNET),0.8374999999999999,0.7943469785575048,0.9923214285714286
UOEMD,Diagnosis,Load_Loaded_Speed_30Hz,CWRU_12k + HUST + Electric_Motor,Multi-Head DL (TABNET),0.8125,0.7889784946236559,0.9821428571428572
UOEMD,Diagnosis,Load_Loaded_Speed_30Hz,CWRU_12k + PU + UORED,Multi-Head DL (TABNET),0.8625,0.8145748987854251,0.9644642857142858
UOEMD,Diagnosis,Load_Loaded_Speed_30Hz,CWRU_12k + PU + Mechanical_Gear,Multi-Head DL (TABNET),0.625,0.5746753246753247,0.9751785714285715
UOEMD,Diagnosis,Load_Loaded_Speed_30Hz,CWRU_12k + PU + Electric_Motor,Multi-Head DL (TABNET),0.5125,0.4734848484848485,0.9260714285714287
UOEMD,Diagnosis,Load_Loaded_Speed_30Hz,CWRU_12k + UORED + Mechanical_Gear,Multi-Head DL (TABNET),0.875,0.8333333333333333,0.9860714285714286
UOEMD,Diagnosis,Load_Loaded_Speed_30Hz,CWRU_12k + UORED + Electric_Motor,Multi-Head DL (TABNET),0.8,0.7595811051693404,0.9857142857142858
UOEMD,Diagnosis,Load_Loaded_Speed_30Hz,CWRU_12k + Mechanical_Gear + Electric_Motor,Multi-Head DL (TABNET),0.8125,0.777664347650736,0.96375
UOEMD,Diagnosis,Load_Loaded_Speed_30Hz,CWRU_48k + HUST_Gearbox + HUST,Multi-Head DL (TABNET),0.75,0.7486293859649122,0.9571428571428571
UOEMD,Diagnosis,Load_Loaded_Speed_30Hz,CWRU_48k + HUST_Gearbox + PU,Multi-Head DL (TABNET),0.7125,0.6746168076109936,0.9853571428571428
UOEMD,Diagnosis,Load_Loaded_Speed_30Hz,CWRU_48k + HUST_Gearbox + UORED,Multi-Head DL (TABNET),0.7125,0.7219887955182073,0.9299999999999999
UOEMD,Diagnosis,Load_Loaded_Speed_30Hz,CWRU_48k + HUST_Gearbox + Mechanical_Gear,Multi-Head DL (TABNET),0.725,0.6414141414141414,0.9794642857142857
UOEMD,Diagnosis,Load_Loaded_Speed_30Hz,CWRU_48k + HUST_Gearbox + Electric_Motor,Multi-Head DL (TABNET),0.875,0.827922077922078,0.9994642857142857
UOEMD,Diagnosis,Load_Loaded_Speed_30Hz,CWRU_48k + HUST + PU,Multi-Head DL (TABNET),0.4125,0.33580018501387604,0.8966071428571429
UOEMD,Diagnosis,Load_Loaded_Speed_30Hz,CWRU_48k + HUST + UORED,Multi-Head DL (TABNET),0.875,0.8333333333333333,0.9707142857142858
UOEMD,Diagnosis,Load_Loaded_Speed_30Hz,CWRU_48k + HUST + Mechanical_Gear,Multi-Head DL (TABNET),0.75,0.6996927803379416,0.9564285714285714
UOEMD,Diagnosis,Load_Loaded_Speed_30Hz,CWRU_48k + HUST + Electric_Motor,Multi-Head DL (TABNET),0.875,0.8333333333333333,0.9875
UOEMD,Diagnosis,Load_Loaded_Speed_30Hz,CWRU_48k + PU + UORED,Multi-Head DL (TABNET),0.625,0.5429376657824934,0.9064285714285714
UOEMD,Diagnosis,Load_Loaded_Speed_30Hz,CWRU_48k + PU + Mechanical_Gear,Multi-Head DL (TABNET),0.625,0.5866300366300367,0.9244642857142857
UOEMD,Diagnosis,Load_Loaded_Speed_30Hz,CWRU_48k + PU + Electric_Motor,Multi-Head DL (TABNET),0.4875,0.4416282642089093,0.8657142857142857
UOEMD,Diagnosis,Load_Loaded_Speed_30Hz,CWRU_48k + UORED + Mechanical_Gear,Multi-Head DL (TABNET),0.8375,0.8042562724014337,0.9701785714285714
UOEMD,Diagnosis,Load_Loaded_Speed_30Hz,CWRU_48k + UORED + Electric_Motor,Multi-Head DL (TABNET),0.8625,0.8216338259441708,0.9650000000000001
UOEMD,Diagnosis,Load_Loaded_Speed_30Hz,CWRU_48k + Mechanical_Gear + Electric_Motor,Multi-Head DL (TABNET),0.875,0.8333333333333333,0.9883928571428572
UOEMD,Diagnosis,Load_Loaded_Speed_30Hz,HUST_Gearbox + HUST + PU,Multi-Head DL (TABNET),0.525,0.47758838383838387,0.9385714285714286
UOEMD,Diagnosis,Load_Loaded_Speed_30Hz,HUST_Gearbox + HUST + UORED,Multi-Head DL (TABNET),0.7375,0.696546052631579,0.9603571428571429
UOEMD,Diagnosis,Load_Loaded_Speed_30Hz,HUST_Gearbox + HUST + Mechanical_Gear,Multi-Head DL (TABNET),0.85,0.8082706766917293,0.9885714285714285
UOEMD,Diagnosis,Load_Loaded_Speed_30Hz,HUST_Gearbox + HUST + Electric_Motor,Multi-Head DL (TABNET),0.825,0.7891666666666667,0.96875
UOEMD,Diagnosis,Load_Loaded_Speed_30Hz,HUST_Gearbox + PU + UORED,Multi-Head DL (TABNET),0.6375,0.5464285714285715,0.9580357142857143
UOEMD,Diagnosis,Load_Loaded_Speed_30Hz,HUST_Gearbox + PU + Mechanical_Gear,Multi-Head DL (TABNET),0.5625,0.5478883861236802,0.9505357142857143
UOEMD,Diagnosis,Load_Loaded_Speed_30Hz,HUST_Gearbox + PU + Electric_Motor,Multi-Head DL (TABNET),0.5875,0.5202012383900929,0.9189285714285714
UOEMD,Diagnosis,Load_Loaded_Speed_30Hz,HUST_Gearbox + UORED + Mechanical_Gear,Multi-Head DL (TABNET),0.8375,0.7985104669887279,0.9907142857142857
UOEMD,Diagnosis,Load_Loaded_Speed_30Hz,HUST_Gearbox + UORED + Electric_Motor,Multi-Head DL (TABNET),0.825,0.8017399267399268,0.9625
UOEMD,Diagnosis,Load_Loaded_Speed_30Hz,HUST_Gearbox + Mechanical_Gear + Electric_Motor,Multi-Head DL (TABNET),0.8125,0.7727272727272727,0.9933928571428572
UOEMD,Diagnosis,Load_Loaded_Speed_30Hz,HUST + PU + UORED,Multi-Head DL (TABNET),0.47500000000000003,0.38735198909617513,0.8073214285714286
UOEMD,Diagnosis,Load_Loaded_Speed_30Hz,HUST + PU + Mechanical_Gear,Multi-Head DL (TABNET),0.65,0.6096230158730158,0.9146428571428571
UOEMD,Diagnosis,Load_Loaded_Speed_30Hz,HUST + PU + Electric_Motor,Multi-Head DL (TABNET),0.6875,0.6491841491841491,0.9046428571428571
UOEMD,Diagnosis,Load_Loaded_Speed_30Hz,HUST + UORED + Mechanical_Gear,Multi-Head DL (TABNET),0.875,0.8333333333333333,0.9944642857142857
UOEMD,Diagnosis,Load_Loaded_Speed_30Hz,HUST + UORED + Electric_Motor,Multi-Head DL (TABNET),0.875,0.8333333333333333,0.9630357142857142
UOEMD,Diagnosis,Load_Loaded_Speed_30Hz,HUST + Mechanical_Gear + Electric_Motor,Multi-Head DL (TABNET),0.875,0.827922077922078,1.0
UOEMD,Diagnosis,Load_Loaded_Speed_30Hz,PU + UORED + Mechanical_Gear,Multi-Head DL (TABNET),0.8625,0.8216338259441708,0.9651785714285714
UOEMD,Diagnosis,Load_Loaded_Speed_30Hz,PU + UORED + Electric_Motor,Multi-Head DL (TABNET),0.525,0.43269812462189955,0.9339285714285714
UOEMD,Diagnosis,Load_Loaded_Speed_30Hz,PU + Mechanical_Gear + Electric_Motor,Multi-Head DL (TABNET),0.55,0.5241228070175439,0.9542857142857143
UOEMD,Diagnosis,Load_Loaded_Speed_30Hz,UORED + Mechanical_Gear + Electric_Motor,Multi-Head DL (TABNET),0.8,0.7658730158730158,0.9832142857142857
UOEMD,Diagnosis,Load_Loaded_Speed_30Hz,CWRU_12k + CWRU_48k + HUST_Gearbox + HUST,Multi-Head DL (TABNET),0.75,0.6845238095238095,0.9598214285714286
UOEMD,Diagnosis,Load_Loaded_Speed_30Hz,CWRU_12k + CWRU_48k + HUST_Gearbox + PU,Multi-Head DL (TABNET),0.7125,0.706060606060606,0.9541071428571428
UOEMD,Diagnosis,Load_Loaded_Speed_30Hz,CWRU_12k + CWRU_48k + HUST_Gearbox + UORED,Multi-Head DL (TABNET),0.5625,0.5040849673202614,0.92875
UOEMD,Diagnosis,Load_Loaded_Speed_30Hz,CWRU_12k + CWRU_48k + HUST_Gearbox + Mechanical_Gear,Multi-Head DL (TABNET),0.8125,0.7749999999999999,0.9646428571428571
UOEMD,Diagnosis,Load_Loaded_Speed_30Hz,CWRU_12k + CWRU_48k + HUST_Gearbox + Electric_Motor,Multi-Head DL (TABNET),0.8125,0.7749999999999999,0.9717857142857143
UOEMD,Diagnosis,Load_Loaded_Speed_30Hz,CWRU_12k + CWRU_48k + HUST + PU,Multi-Head DL (TABNET),0.7875,0.7592051467051467,0.9289285714285714
UOEMD,Diagnosis,Load_Loaded_Speed_30Hz,CWRU_12k + CWRU_48k + HUST + UORED,Multi-Head DL (TABNET),0.8,0.7628205128205128,0.9466071428571429
UOEMD,Diagnosis,Load_Loaded_Speed_30Hz,CWRU_12k + CWRU_48k + HUST + Mechanical_Gear,Multi-Head DL (TABNET),0.775,0.7142857142857142,0.9403571428571429
UOEMD,Diagnosis,Load_Loaded_Speed_30Hz,CWRU_12k + CWRU_48k + HUST + Electric_Motor,Multi-Head DL (TABNET),0.7,0.6618589743589743,0.9660714285714285
UOEMD,Diagnosis,Load_Loaded_Speed_30Hz,CWRU_12k + CWRU_48k + PU + UORED,Multi-Head DL (TABNET),0.4125,0.38839285714285715,0.7826785714285714
UOEMD,Diagnosis,Load_Loaded_Speed_30Hz,CWRU_12k + CWRU_48k + PU + Mechanical_Gear,Multi-Head DL (TABNET),0.8875,0.868421052631579,0.9944642857142858
UOEMD,Diagnosis,Load_Loaded_Speed_30Hz,CWRU_12k + CWRU_48k + PU + Electric_Motor,Multi-Head DL (TABNET),0.42500000000000004,0.3791208791208791,0.8716071428571428
UOEMD,Diagnosis,Load_Loaded_Speed_30Hz,CWRU_12k + CWRU_48k + UORED + Mechanical_Gear,Multi-Head DL (TABNET),0.85,0.8134920634920635,0.9642857142857143
UOEMD,Diagnosis,Load_Loaded_Speed_30Hz,CWRU_12k + CWRU_48k + UORED + Electric_Motor,Multi-Head DL (TABNET),0.75,0.7328390420495683,0.9714285714285714
UOEMD,Diagnosis,Load_Loaded_Speed_30Hz,CWRU_12k + CWRU_48k + Mechanical_Gear + Electric_Motor,Multi-Head DL (TABNET),0.8125,0.772468671679198,0.9512499999999999
UOEMD,Diagnosis,Load_Loaded_Speed_30Hz,CWRU_12k + HUST_Gearbox + HUST + PU,Multi-Head DL (TABNET),0.5625,0.4678383548541368,0.8967857142857143
UOEMD,Diagnosis,Load_Loaded_Speed_30Hz,CWRU_12k + HUST_Gearbox + HUST + UORED,Multi-Head DL (TABNET),0.85,0.8351648351648351,0.9778571428571429
UOEMD,Diagnosis,Load_Loaded_Speed_30Hz,CWRU_12k + HUST_Gearbox + HUST + Mechanical_Gear,Multi-Head DL (TABNET),0.825,0.7797474747474749,0.9973214285714286
UOEMD,Diagnosis,Load_Loaded_Speed_30Hz,CWRU_12k + HUST_Gearbox + HUST + Electric_Motor,Multi-Head DL (TABNET),0.625,0.5625,0.9621428571428572
UOEMD,Diagnosis,Load_Loaded_Speed_30Hz,CWRU_12k + HUST_Gearbox + PU + UORED,Multi-Head DL (TABNET),0.5,0.38020833333333337,0.8767857142857143
UOEMD,Diagnosis,Load_Loaded_Speed_30Hz,CWRU_12k + HUST_Gearbox + PU + Mechanical_Gear,Multi-Head DL (TABNET),0.4375,0.390625,0.9189285714285715
UOEMD,Diagnosis,Load_Loaded_Speed_30Hz,CWRU_12k + HUST_Gearbox + PU + Electric_Motor,Multi-Head DL (TABNET),0.575,0.5467909946236559,0.9180357142857143
UOEMD,Diagnosis,Load_Loaded_Speed_30Hz,CWRU_12k + HUST_Gearbox + UORED + Mechanical_Gear,Multi-Head DL (TABNET),0.7625,0.7231116584564861,0.9757142857142858
UOEMD,Diagnosis,Load_Loaded_Speed_30Hz,CWRU_12k + HUST_Gearbox + UORED + Electric_Motor,Multi-Head DL (TABNET),0.8125,0.7761133603238867,0.9835714285714285
UOEMD,Diagnosis,Load_Loaded_Speed_30Hz,CWRU_12k + HUST_Gearbox + Mechanical_Gear + Electric_Motor,Multi-Head DL (TABNET),0.7625,0.7177231872785411,0.9783928571428571
UOEMD,Diagnosis,Load_Loaded_Speed_30Hz,CWRU_12k + HUST + PU + UORED,Multi-Head DL (TABNET),0.7125,0.6894787933094385,0.9441071428571428
UOEMD,Diagnosis,Load_Loaded_Speed_30Hz,CWRU_12k + HUST + PU + Mechanical_Gear,Multi-Head DL (TABNET),0.6625,0.5743589743589743,0.9414285714285714
UOEMD,Diagnosis,Load_Loaded_Speed_30Hz,CWRU_12k + HUST + PU + Electric_Motor,Multi-Head DL (TABNET),0.525,0.48130305602716467,0.9392857142857143
UOEMD,Diagnosis,Load_Loaded_Speed_30Hz,CWRU_12k + HUST + UORED + Mechanical_Gear,Multi-Head DL (TABNET),0.825,0.7868589743589745,0.9835714285714285
UOEMD,Diagnosis,Load_Loaded_Speed_30Hz,CWRU_12k + HUST + UORED + Electric_Motor,Multi-Head DL (TABNET),0.7375,0.6793966623876765,0.9553571428571429
UOEMD,Diagnosis,Load_Loaded_Speed_30Hz,CWRU_12k + HUST + Mechanical_Gear + Electric_Motor,Multi-Head DL (TABNET),0.6875,0.6450872656755009,0.9753571428571428
UOEMD,Diagnosis,Load_Loaded_Speed_30Hz,CWRU_12k + PU + UORED + Mechanical_Gear,Multi-Head DL (TABNET),0.675,0.6295687134502924,0.9751785714285715
UOEMD,Diagnosis,Load_Loaded_Speed_30Hz,CWRU_12k + PU + UORED + Electric_Motor,Multi-Head DL (TABNET),0.675,0.6311022120518688,0.9548214285714286
UOEMD,Diagnosis,Load_Loaded_Speed_30Hz,CWRU_12k + PU + Mechanical_Gear + Electric_Motor,Multi-Head DL (TABNET),0.6875,0.6409590409590409,0.9466071428571429
UOEMD,Diagnosis,Load_Loaded_Speed_30Hz,CWRU_12k + UORED + Mechanical_Gear + Electric_Motor,Multi-Head DL (TABNET),0.725,0.664021164021164,0.9480357142857143
UOEMD,Diagnosis,Load_Loaded_Speed_30Hz,CWRU_48k + HUST_Gearbox + HUST + PU,Multi-Head DL (TABNET),0.6875,0.6185897435897436,0.9191071428571428
UOEMD,Diagnosis,Load_Loaded_Speed_30Hz,CWRU_48k + HUST_Gearbox + HUST + UORED,Multi-Head DL (TABNET),0.875,0.8333333333333333,0.9580357142857143
UOEMD,Diagnosis,Load_Loaded_Speed_30Hz,CWRU_48k + HUST_Gearbox + HUST + Mechanical_Gear,Multi-Head DL (TABNET),0.6875,0.6549438349007315,0.9375
UOEMD,Diagnosis,Load_Loaded_Speed_30Hz,CWRU_48k + HUST_Gearbox + HUST + Electric_Motor,Multi-Head DL (TABNET),0.625,0.5555555555555556,0.9478571428571428
UOEMD,Diagnosis,Load_Loaded_Speed_30Hz,CWRU_48k + HUST_Gearbox + PU + UORED,Multi-Head DL (TABNET),0.75,0.6831501831501832,0.9523214285714287
UOEMD,Diagnosis,Load_Loaded_Speed_30Hz,CWRU_48k + HUST_Gearbox + PU + Mechanical_Gear,Multi-Head DL (TABNET),0.7,0.6718253968253969,0.9441071428571428
UOEMD,Diagnosis,Load_Loaded_Speed_30Hz,CWRU_48k + HUST_Gearbox + PU + Electric_Motor,Multi-Head DL (TABNET),0.5,0.4375,0.8716071428571428
UOEMD,Diagnosis,Load_Loaded_Speed_30Hz,CWRU_48k + HUST_Gearbox + UORED + Mechanical_Gear,Multi-Head DL (TABNET),0.8375,0.803698752228164,0.957857142857143
UOEMD,Diagnosis,Load_Loaded_Speed_30Hz,CWRU_48k + HUST_Gearbox + UORED + Electric_Motor,Multi-Head DL (TABNET),0.8125,0.7666666666666666,0.9921428571428571
UOEMD,Diagnosis,Load_Loaded_Speed_30Hz,CWRU_48k + HUST_Gearbox + Mechanical_Gear + Electric_Motor,Multi-Head DL (TABNET),0.8,0.7745559038662486,0.9557142857142857
UOEMD,Diagnosis,Load_Loaded_Speed_30Hz,CWRU_48k + HUST + PU + UORED,Multi-Head DL (TABNET),0.7375,0.648740053050398,0.9557142857142857
UOEMD,Diagnosis,Load_Loaded_Speed_30Hz,CWRU_48k + HUST + PU + Mechanical_Gear,Multi-Head DL (TABNET),0.75,0.696969696969697,0.9576785714285714
UOEMD,Diagnosis,Load_Loaded_Speed_30Hz,CWRU_48k + HUST + PU + Electric_Motor,Multi-Head DL (TABNET),0.625,0.5735294117647058,0.9348214285714286
UOEMD,Diagnosis,Load_Loaded_Speed_30Hz,CWRU_48k + HUST + UORED + Mechanical_Gear,Multi-Head DL (TABNET),0.8375,0.7919642857142857,0.96375
UOEMD,Diagnosis,Load_Loaded_Speed_30Hz,CWRU_48k + HUST + UORED + Electric_Motor,Multi-Head DL (TABNET),0.825,0.7815126050420168,0.9675
UOEMD,Diagnosis,Load_Loaded_Speed_30Hz,CWRU_48k + HUST + Mechanical_Gear + Electric_Motor,Multi-Head DL (TABNET),0.8375,0.7904411764705882,0.9889285714285714
UOEMD,Diagnosis,Load_Loaded_Speed_30Hz,CWRU_48k + PU + UORED + Mechanical_Gear,Multi-Head DL (TABNET),0.75,0.6666666666666666,0.9735714285714285
UOEMD,Diagnosis,Load_Loaded_Speed_30Hz,CWRU_48k + PU + UORED + Electric_Motor,Multi-Head DL (TABNET),0.4375,0.3871212121212121,0.86625
UOEMD,Diagnosis,Load_Loaded_Speed_30Hz,CWRU_48k + PU + Mechanical_Gear + Electric_Motor,Multi-Head DL (TABNET),0.65,0.5707640061088337,0.9930357142857142
UOEMD,Diagnosis,Load_Loaded_Speed_30Hz,CWRU_48k + UORED + Mechanical_Gear + Electric_Motor,Multi-Head DL (TABNET),0.9125,0.8978937728937729,1.0
UOEMD,Diagnosis,Load_Loaded_Speed_30Hz,HUST_Gearbox + HUST + PU + UORED,Multi-Head DL (TABNET),0.75,0.6666666666666666,0.9608928571428571
UOEMD,Diagnosis,Load_Loaded_Speed_30Hz,HUST_Gearbox + HUST + PU + Mechanical_Gear,Multi-Head DL (TABNET),0.675,0.5910618279569892,0.8560714285714286
UOEMD,Diagnosis,Load_Loaded_Speed_30Hz,HUST_Gearbox + HUST + PU + Electric_Motor,Multi-Head DL (TABNET),0.625,0.55,0.9019642857142858
UOEMD,Diagnosis,Load_Loaded_Speed_30Hz,HUST_Gearbox + HUST + UORED + Mechanical_Gear,Multi-Head DL (TABNET),0.75,0.6736111111111112,0.9728571428571429
UOEMD,Diagnosis,Load_Loaded_Speed_30Hz,HUST_Gearbox + HUST + UORED + Electric_Motor,Multi-Head DL (TABNET),0.875,0.8333333333333333,0.9382142857142857
UOEMD,Diagnosis,Load_Loaded_Speed_30Hz,HUST_Gearbox + HUST + Mechanical_Gear + Electric_Motor,Multi-Head DL (TABNET),0.8625,0.8208020050125313,0.9841071428571428
UOEMD,Diagnosis,Load_Loaded_Speed_30Hz,HUST_Gearbox + PU + UORED + Mechanical_Gear,Multi-Head DL (TABNET),0.65,0.5657894736842105,0.9494642857142856
UOEMD,Diagnosis,Load_Loaded_Speed_30Hz,HUST_Gearbox + PU + UORED + Electric_Motor,Multi-Head DL (TABNET),0.675,0.5961538461538463,0.9332142857142858
UOEMD,Diagnosis,Load_Loaded_Speed_30Hz,HUST_Gearbox + PU + Mechanical_Gear + Electric_Motor,Multi-Head DL (TABNET),0.7375,0.6613181504485852,0.9283928571428571
UOEMD,Diagnosis,Load_Loaded_Speed_30Hz,HUST_Gearbox + UORED + Mechanical_Gear + Electric_Motor,Multi-Head DL (TABNET),0.7375,0.6948139935944814,0.9955357142857143
UOEMD,Diagnosis,Load_Loaded_Speed_30Hz,HUST + PU + UORED + Mechanical_Gear,Multi-Head DL (TABNET),0.7124999999999999,0.6406071998177261,0.9714285714285715
UOEMD,Diagnosis,Load_Loaded_Speed_30Hz,HUST + PU + UORED + Electric_Motor,Multi-Head DL (TABNET),0.8,0.7509157509157509,0.9612499999999999
UOEMD,Diagnosis,Load_Loaded_Speed_30Hz,HUST + PU + Mechanical_Gear + Electric_Motor,Multi-Head DL (TABNET),0.6875,0.6385700213099594,0.9907142857142857
UOEMD,Diagnosis,Load_Loaded_Speed_30Hz,HUST + UORED + Mechanical_Gear + Electric_Motor,Multi-Head DL (TABNET),0.75,0.6875,0.9921428571428572
UOEMD,Diagnosis,Load_Loaded_Speed_30Hz,PU + UORED + Mechanical_Gear + Electric_Motor,Multi-Head DL (TABNET),0.5,0.3782894736842105,0.8260714285714286
UOEMD,Diagnosis,Load_Loaded_Speed_30Hz,CWRU_12k + CWRU_48k + HUST_Gearbox + HUST + PU,Multi-Head DL (TABNET),0.7375,0.6582313681868743,0.9557142857142857
UOEMD,Diagnosis,Load_Loaded_Speed_30Hz,CWRU_12k + CWRU_48k + HUST_Gearbox + HUST + UORED,Multi-Head DL (TABNET),0.875,0.8333333333333333,0.9689285714285715
UOEMD,Diagnosis,Load_Loaded_Speed_30Hz,CWRU_12k + CWRU_48k + HUST_Gearbox + HUST + Mechanical_Gear,Multi-Head DL (TABNET),0.8374999999999999,0.7964857284276522,0.9673214285714286
UOEMD,Diagnosis,Load_Loaded_Speed_30Hz,CWRU_12k + CWRU_48k + HUST_Gearbox + HUST + Electric_Motor,Multi-Head DL (TABNET),0.85,0.8088118022328548,0.9832142857142857
UOEMD,Diagnosis,Load_Loaded_Speed_30Hz,CWRU_12k + CWRU_48k + HUST_Gearbox + PU + UORED,Multi-Head DL (TABNET),0.5625,0.4805555555555555,0.8566071428571429
UOEMD,Diagnosis,Load_Loaded_Speed_30Hz,CWRU_12k + CWRU_48k + HUST_Gearbox + PU + Mechanical_Gear,Multi-Head DL (TABNET),0.525,0.4280009305210918,0.9107142857142857
UOEMD,Diagnosis,Load_Loaded_Speed_30Hz,CWRU_12k + CWRU_48k + HUST_Gearbox + PU + Electric_Motor,Multi-Head DL (TABNET),0.65,0.6225840336134454,0.9612499999999999
UOEMD,Diagnosis,Load_Loaded_Speed_30Hz,CWRU_12k + CWRU_48k + HUST_Gearbox + UORED + Mechanical_Gear,Multi-Head DL (TABNET),0.7875000000000001,0.748519243074597,0.9966071428571428
UOEMD,Diagnosis,Load_Loaded_Speed_30Hz,CWRU_12k + CWRU_48k + HUST_Gearbox + UORED + Electric_Motor,Multi-Head DL (TABNET),0.8,0.7538919413919414,0.9675
UOEMD,Diagnosis,Load_Loaded_Speed_30Hz,CWRU_12k + CWRU_48k + HUST_Gearbox + Mechanical_Gear + Electric_Motor,Multi-Head DL (TABNET),0.7375,0.674968671679198,0.9846428571428572
UOEMD,Diagnosis,Load_Loaded_Speed_30Hz,CWRU_12k + CWRU_48k + HUST + PU + UORED,Multi-Head DL (TABNET),0.6000000000000001,0.5392628205128205,0.94875
UOEMD,Diagnosis,Load_Loaded_Speed_30Hz,CWRU_12k + CWRU_48k + HUST + PU + Mechanical_Gear,Multi-Head DL (TABNET),0.5125,0.43810130164119976,0.9101785714285714
UOEMD,Diagnosis,Load_Loaded_Speed_30Hz,CWRU_12k + CWRU_48k + HUST + PU + Electric_Motor,Multi-Head DL (TABNET),0.5,0.40318627450980393,0.9017857142857143
UOEMD,Diagnosis,Load_Loaded_Speed_30Hz,CWRU_12k + CWRU_48k + HUST + UORED + Mechanical_Gear,Multi-Head DL (TABNET),0.8375,0.803698752228164,0.9989285714285714
UOEMD,Diagnosis,Load_Loaded_Speed_30Hz,CWRU_12k + CWRU_48k + HUST + UORED + Electric_Motor,Multi-Head DL (TABNET),0.8,0.7802536231884057,0.9869642857142857
UOEMD,Diagnosis,Load_Loaded_Speed_30Hz,CWRU_12k + CWRU_48k + HUST + Mechanical_Gear + Electric_Motor,Multi-Head DL (TABNET),0.7625,0.7311502117953731,0.9791071428571428
UOEMD,Diagnosis,Load_Loaded_Speed_30Hz,CWRU_12k + CWRU_48k + PU + UORED + Mechanical_Gear,Multi-Head DL (TABNET),0.3125,0.1952436930885207,0.9153571428571429
UOEMD,Diagnosis,Load_Loaded_Speed_30Hz,CWRU_12k + CWRU_48k + PU + UORED + Electric_Motor,Multi-Head DL (TABNET),0.7749999999999999,0.7237502280605729,0.9657142857142857
UOEMD,Diagnosis,Load_Loaded_Speed_30Hz,CWRU_12k + CWRU_48k + PU + Mechanical_Gear + Electric_Motor,Multi-Head DL (TABNET),0.625,0.5750055704099821,0.9182142857142858
UOEMD,Diagnosis,Load_Loaded_Speed_30Hz,CWRU_12k + CWRU_48k + UORED + Mechanical_Gear + Electric_Motor,Multi-Head DL (TABNET),0.8125,0.7909839521092719,0.9753571428571428
UOEMD,Diagnosis,Load_Loaded_Speed_30Hz,CWRU_12k + HUST_Gearbox + HUST + PU + UORED,Multi-Head DL (TABNET),0.55,0.5352079228820714,0.9125000000000001
UOEMD,Diagnosis,Load_Loaded_Speed_30Hz,CWRU_12k + HUST_Gearbox + HUST + PU + Mechanical_Gear,Multi-Head DL (TABNET),0.5,0.425,0.9051785714285714
UOEMD,Diagnosis,Load_Loaded_Speed_30Hz,CWRU_12k + HUST_Gearbox + HUST + PU + Electric_Motor,Multi-Head DL (TABNET),0.6000000000000001,0.4995065598513875,0.95375
UOEMD,Diagnosis,Load_Loaded_Speed_30Hz,CWRU_12k + HUST_Gearbox + HUST + UORED + Mechanical_Gear,Multi-Head DL (TABNET),0.75,0.7217934866491742,0.9426785714285715
UOEMD,Diagnosis,Load_Loaded_Speed_30Hz,CWRU_12k + HUST_Gearbox + HUST + UORED + Electric_Motor,Multi-Head DL (TABNET),0.8,0.7628205128205128,0.96375
UOEMD,Diagnosis,Load_Loaded_Speed_30Hz,CWRU_12k + HUST_Gearbox + HUST + Mechanical_Gear + Electric_Motor,Multi-Head DL (TABNET),0.875,0.8333333333333333,0.9885714285714285
UOEMD,Diagnosis,Load_Loaded_Speed_30Hz,CWRU_12k + HUST_Gearbox + PU + UORED + Mechanical_Gear,Multi-Head DL (TABNET),0.55,0.4742063492063492,0.9710714285714286
UOEMD,Diagnosis,Load_Loaded_Speed_30Hz,CWRU_12k + HUST_Gearbox + PU + UORED + Electric_Motor,Multi-Head DL (TABNET),0.75,0.6666666666666666,0.9632142857142858
UOEMD,Diagnosis,Load_Loaded_Speed_30Hz,CWRU_12k + HUST_Gearbox + PU + Mechanical_Gear + Electric_Motor,Multi-Head DL (TABNET),0.7,0.6389446466845847,0.9646428571428571
UOEMD,Diagnosis,Load_Loaded_Speed_30Hz,CWRU_12k + HUST_Gearbox + UORED + Mechanical_Gear + Electric_Motor,Multi-Head DL (TABNET),0.625,0.5158251080838567,0.9453571428571428
UOEMD,Diagnosis,Load_Loaded_Speed_30Hz,CWRU_12k + HUST + PU + UORED + Mechanical_Gear,Multi-Head DL (TABNET),0.8,0.7509157509157509,0.9157142857142857
UOEMD,Diagnosis,Load_Loaded_Speed_30Hz,CWRU_12k + HUST + PU + UORED + Electric_Motor,Multi-Head DL (TABNET),0.7375,0.6948139935944815,0.9841071428571428
UOEMD,Diagnosis,Load_Loaded_Speed_30Hz,CWRU_12k + HUST + PU + Mechanical_Gear + Electric_Motor,Multi-Head DL (TABNET),0.75,0.6666666666666666,0.9294642857142857
UOEMD,Diagnosis,Load_Loaded_Speed_30Hz,CWRU_12k + HUST + UORED + Mechanical_Gear + Electric_Motor,Multi-Head DL (TABNET),0.8375,0.7956349206349206,0.9542857142857143
UOEMD,Diagnosis,Load_Loaded_Speed_30Hz,CWRU_12k + PU + UORED + Mechanical_Gear + Electric_Motor,Multi-Head DL (TABNET),0.625,0.5609756097560976,0.9601785714285714
UOEMD,Diagnosis,Load_Loaded_Speed_30Hz,CWRU_48k + HUST_Gearbox + HUST + PU + UORED,Multi-Head DL (TABNET),0.7125,0.637112887112887,0.9082142857142858
UOEMD,Diagnosis,Load_Loaded_Speed_30Hz,CWRU_48k + HUST_Gearbox + HUST + PU + Mechanical_Gear,Multi-Head DL (TABNET),0.6625000000000001,0.5937037037037037,0.8378571428571429
UOEMD,Diagnosis,Load_Loaded_Speed_30Hz,CWRU_48k + HUST_Gearbox + HUST + PU + Electric_Motor,Multi-Head DL (TABNET),0.775,0.7243511142068018,0.9532142857142858
UOEMD,Diagnosis,Load_Loaded_Speed_30Hz,CWRU_48k + HUST_Gearbox + HUST + UORED + Mechanical_Gear,Multi-Head DL (TABNET),0.75,0.6946298356198245,0.9483928571428571
UOEMD,Diagnosis,Load_Loaded_Speed_30Hz,CWRU_48k + HUST_Gearbox + HUST + UORED + Electric_Motor,Multi-Head DL (TABNET),0.8625,0.8240662139219015,0.98125
UOEMD,Diagnosis,Load_Loaded_Speed_30Hz,CWRU_48k + HUST_Gearbox + HUST + Mechanical_Gear + Electric_Motor,Multi-Head DL (TABNET),0.825,0.7964285714285714,0.9769642857142857
UOEMD,Diagnosis,Load_Loaded_Speed_30Hz,CWRU_48k + HUST_Gearbox + PU + UORED + Mechanical_Gear,Multi-Head DL (TABNET),0.6499999999999999,0.5804970760233918,0.9148214285714286
UOEMD,Diagnosis,Load_Loaded_Speed_30Hz,CWRU_48k + HUST_Gearbox + PU + UORED + Electric_Motor,Multi-Head DL (TABNET),0.4,0.3388364779874214,0.8616071428571428
UOEMD,Diagnosis,Load_Loaded_Speed_30Hz,CWRU_48k + HUST_Gearbox + PU + Mechanical_Gear + Electric_Motor,Multi-Head DL (TABNET),0.6875,0.6208333333333333,0.91875
UOEMD,Diagnosis,Load_Loaded_Speed_30Hz,CWRU_48k + HUST_Gearbox + UORED + Mechanical_Gear + Electric_Motor,Multi-Head DL (TABNET),0.8375,0.7949701619778347,0.9603571428571429
UOEMD,Diagnosis,Load_Loaded_Speed_30Hz,CWRU_48k + HUST + PU + UORED + Mechanical_Gear,Multi-Head DL (TABNET),0.6375,0.5981116584564861,0.8996428571428572
UOEMD,Diagnosis,Load_Loaded_Speed_30Hz,CWRU_48k + HUST + PU + UORED + Electric_Motor,Multi-Head DL (TABNET),0.65,0.5478044387944276,0.8926785714285714
UOEMD,Diagnosis,Load_Loaded_Speed_30Hz,CWRU_48k + HUST + PU + Mechanical_Gear + Electric_Motor,Multi-Head DL (TABNET),0.7125,0.6343562668426552,0.8619642857142857
UOEMD,Diagnosis,Load_Loaded_Speed_30Hz,CWRU_48k + HUST + UORED + Mechanical_Gear + Electric_Motor,Multi-Head DL (TABNET),0.725,0.6946115288220551,0.96625
UOEMD,Diagnosis,Load_Loaded_Speed_30Hz,CWRU_48k + PU + UORED + Mechanical_Gear + Electric_Motor,Multi-Head DL (TABNET),0.7,0.622624645469473,0.9517857142857142
UOEMD,Diagnosis,Load_Loaded_Speed_30Hz,HUST_Gearbox + HUST + PU + UORED + Mechanical_Gear,Multi-Head DL (TABNET),0.8,0.7635143894218304,0.95875
UOEMD,Diagnosis,Load_Loaded_Speed_30Hz,HUST_Gearbox + HUST + PU + UORED + Electric_Motor,Multi-Head DL (TABNET),0.75,0.6875,0.9444642857142858
UOEMD,Diagnosis,Load_Loaded_Speed_30Hz,HUST_Gearbox + HUST + PU + Mechanical_Gear + Electric_Motor,Multi-Head DL (TABNET),0.6,0.5297619047619048,0.9510714285714286
UOEMD,Diagnosis,Load_Loaded_Speed_30Hz,HUST_Gearbox + HUST + UORED + Mechanical_Gear + Electric_Motor,Multi-Head DL (TABNET),0.8125,0.7666666666666666,0.9953571428571428
UOEMD,Diagnosis,Load_Loaded_Speed_30Hz,HUST_Gearbox + PU + UORED + Mechanical_Gear + Electric_Motor,Multi-Head DL (TABNET),0.6125,0.5603430134680134,0.9117857142857142
UOEMD,Diagnosis,Load_Loaded_Speed_30Hz,HUST + PU + UORED + Mechanical_Gear + Electric_Motor,Multi-Head DL (TABNET),0.6375,0.5595238095238095,0.9223214285714285
UOEMD,Diagnosis,Load_Loaded_Speed_30Hz,CWRU_12k + CWRU_48k + HUST_Gearbox + HUST + PU + UORED,Multi-Head DL (TABNET),0.5874999999999999,0.5311172493568138,0.9376785714285714
UOEMD,Diagnosis,Load_Loaded_Speed_30Hz,CWRU_12k + CWRU_48k + HUST_Gearbox + HUST + PU + Mechanical_Gear,Multi-Head DL (TABNET),0.525,0.441220238095238,0.8944642857142857
UOEMD,Diagnosis,Load_Loaded_Speed_30Hz,CWRU_12k + CWRU_48k + HUST_Gearbox + HUST + PU + Electric_Motor,Multi-Head DL (TABNET),0.6375,0.6060606060606061,0.9630357142857143
UOEMD,Diagnosis,Load_Loaded_Speed_30Hz,CWRU_12k + CWRU_48k + HUST_Gearbox + HUST + UORED + Mechanical_Gear,Multi-Head DL (TABNET),0.65,0.612012987012987,0.9314285714285715
UOEMD,Diagnosis,Load_Loaded_Speed_30Hz,CWRU_12k + CWRU_48k + HUST_Gearbox + HUST + UORED + Electric_Motor,Multi-Head DL (TABNET),0.875,0.8333333333333333,0.9769642857142857
UOEMD,Diagnosis,Load_Loaded_Speed_30Hz,CWRU_12k + CWRU_48k + HUST_Gearbox + HUST + Mechanical_Gear + Electric_Motor,Multi-Head DL (TABNET),0.675,0.5994751435927906,0.95125
UOEMD,Diagnosis,Load_Loaded_Speed_30Hz,CWRU_12k + CWRU_48k + HUST_Gearbox + PU + UORED + Mechanical_Gear,Multi-Head DL (TABNET),0.8625,0.8177231872785411,0.9794642857142857
UOEMD,Diagnosis,Load_Loaded_Speed_30Hz,CWRU_12k + CWRU_48k + HUST_Gearbox + PU + UORED + Electric_Motor,Multi-Head DL (TABNET),0.725,0.6622474747474747,0.9292857142857143
UOEMD,Diagnosis,Load_Loaded_Speed_30Hz,CWRU_12k + CWRU_48k + HUST_Gearbox + PU + Mechanical_Gear + Electric_Motor,Multi-Head DL (TABNET),0.825,0.7828282828282829,0.9805357142857143
UOEMD,Diagnosis,Load_Loaded_Speed_30Hz,CWRU_12k + CWRU_48k + HUST_Gearbox + UORED + Mechanical_Gear + Electric_Motor,Multi-Head DL (TABNET),0.6375,0.5564449917898193,0.9703571428571428
UOEMD,Diagnosis,Load_Loaded_Speed_30Hz,CWRU_12k + CWRU_48k + HUST + PU + UORED + Mechanical_Gear,Multi-Head DL (TABNET),0.675,0.6455688854489164,0.96875
UOEMD,Diagnosis,Load_Loaded_Speed_30Hz,CWRU_12k + CWRU_48k + HUST + PU + UORED + Electric_Motor,Multi-Head DL (TABNET),0.625,0.5221825063078217,0.9610714285714286
UOEMD,Diagnosis,Load_Loaded_Speed_30Hz,CWRU_12k + CWRU_48k + HUST + PU + Mechanical_Gear + Electric_Motor,Multi-Head DL (TABNET),0.625,0.5333795155993432,0.9125000000000001
UOEMD,Diagnosis,Load_Loaded_Speed_30Hz,CWRU_12k + CWRU_48k + HUST + UORED + Mechanical_Gear + Electric_Motor,Multi-Head DL (TABNET),0.775,0.7291666666666667,0.9741071428571428
UOEMD,Diagnosis,Load_Loaded_Speed_30Hz,CWRU_12k + CWRU_48k + PU + UORED + Mechanical_Gear + Electric_Motor,Multi-Head DL (TABNET),0.75,0.6861658078763342,0.9767857142857143
UOEMD,Diagnosis,Load_Loaded_Speed_30Hz,CWRU_12k + HUST_Gearbox + HUST + PU + UORED + Mechanical_Gear,Multi-Head DL (TABNET),0.7125,0.6419196710942441,0.9694642857142858
UOEMD,Diagnosis,Load_Loaded_Speed_30Hz,CWRU_12k + HUST_Gearbox + HUST + PU + UORED + Electric_Motor,Multi-Head DL (TABNET),0.65,0.5833333333333333,0.9214285714285715
UOEMD,Diagnosis,Load_Loaded_Speed_30Hz,CWRU_12k + HUST_Gearbox + HUST + PU + Mechanical_Gear + Electric_Motor,Multi-Head DL (TABNET),0.525,0.4688538205980066,0.9208928571428572
UOEMD,Diagnosis,Load_Loaded_Speed_30Hz,CWRU_12k + HUST_Gearbox + HUST + UORED + Mechanical_Gear + Electric_Motor,Multi-Head DL (TABNET),0.7125,0.6476190476190476,0.9673214285714286
UOEMD,Diagnosis,Load_Loaded_Speed_30Hz,CWRU_12k + HUST_Gearbox + PU + UORED + Mechanical_Gear + Electric_Motor,Multi-Head DL (TABNET),0.7124999999999999,0.6461988304093567,0.9317857142857142
UOEMD,Diagnosis,Load_Loaded_Speed_30Hz,CWRU_12k + HUST + PU + UORED + Mechanical_Gear + Electric_Motor,Multi-Head DL (TABNET),0.7,0.6361725446574625,0.9191071428571429
UOEMD,Diagnosis,Load_Loaded_Speed_30Hz,CWRU_48k + HUST_Gearbox + HUST + PU + UORED + Mechanical_Gear,Multi-Head DL (TABNET),0.6625000000000001,0.6117795603089721,0.9317857142857143
UOEMD,Diagnosis,Load_Loaded_Speed_30Hz,CWRU_48k + HUST_Gearbox + HUST + PU + UORED + Electric_Motor,Multi-Head DL (TABNET),0.5,0.4224358974358974,0.9242857142857144
UOEMD,Diagnosis,Load_Loaded_Speed_30Hz,CWRU_48k + HUST_Gearbox + HUST + PU + Mechanical_Gear + Electric_Motor,Multi-Head DL (TABNET),0.625,0.5416666666666666,0.9007142857142858
UOEMD,Diagnosis,Load_Loaded_Speed_30Hz,CWRU_48k + HUST_Gearbox + HUST + UORED + Mechanical_Gear + Electric_Motor,Multi-Head DL (TABNET),0.6125,0.5397799661529639,0.9385714285714286
UOEMD,Diagnosis,Load_Loaded_Speed_30Hz,CWRU_48k + HUST_Gearbox + PU + UORED + Mechanical_Gear + Electric_Motor,Multi-Head DL (TABNET),0.6625,0.5741088833194097,0.9494642857142856
UOEMD,Diagnosis,Load_Loaded_Speed_30Hz,CWRU_48k + HUST + PU + UORED + Mechanical_Gear + Electric_Motor,Multi-Head DL (TABNET),0.6375,0.5628968253968254,0.9226785714285715
UOEMD,Diagnosis,Load_Loaded_Speed_30Hz,HUST_Gearbox + HUST + PU + UORED + Mechanical_Gear + Electric_Motor,Multi-Head DL (TABNET),0.8,0.7509157509157509,0.9875
UOEMD,Diagnosis,Load_Loaded_Speed_30Hz,CWRU_12k + CWRU_48k + HUST_Gearbox + HUST + PU + UORED + Mechanical_Gear,Multi-Head DL (TABNET),0.6125,0.5092940685045948,0.9196428571428572
UOEMD,Diagnosis,Load_Loaded_Speed_30Hz,CWRU_12k + CWRU_48k + HUST_Gearbox + HUST + PU + UORED + Electric_Motor,Multi-Head DL (TABNET),0.625,0.5208333333333333,0.9228571428571429
UOEMD,Diagnosis,Load_Loaded_Speed_30Hz,CWRU_12k + CWRU_48k + HUST_Gearbox + HUST + PU + Mechanical_Gear + Electric_Motor,Multi-Head DL (TABNET),0.6125,0.5958560193587417,0.9575
UOEMD,Diagnosis,Load_Loaded_Speed_30Hz,CWRU_12k + CWRU_48k + HUST_Gearbox + HUST + UORED + Mechanical_Gear + Electric_Motor,Multi-Head DL (TABNET),0.75,0.7023809523809523,0.9769642857142857
UOEMD,Diagnosis,Load_Loaded_Speed_30Hz,CWRU_12k + CWRU_48k + HUST_Gearbox + PU + UORED + Mechanical_Gear + Electric_Motor,Multi-Head DL (TABNET),0.7375,0.6835878489326765,0.9658928571428572
UOEMD,Diagnosis,Load_Loaded_Speed_30Hz,CWRU_12k + CWRU_48k + HUST + PU + UORED + Mechanical_Gear + Electric_Motor,Multi-Head DL (TABNET),0.8,0.7557706784722533,0.9314285714285715
UOEMD,Diagnosis,Load_Loaded_Speed_30Hz,CWRU_12k + HUST_Gearbox + HUST + PU + UORED + Mechanical_Gear + Electric_Motor,Multi-Head DL (TABNET),0.75,0.7142579642579643,0.9528571428571428
UOEMD,Diagnosis,Load_Loaded_Speed_30Hz,CWRU_48k + HUST_Gearbox + HUST + PU + UORED + Mechanical_Gear + Electric_Motor,Multi-Head DL (TABNET),0.5625,0.4990530303030303,0.9073214285714286
UOEMD,Diagnosis,Load_Loaded_Speed_30Hz,CWRU_12k + CWRU_48k + HUST_Gearbox + HUST + PU + UORED + Mechanical_Gear + Electric_Motor,Multi-Head DL (TABNET),0.725,0.6495535714285714,0.9430357142857143
UOEMD,Diagnosis,Load_Loaded_Speed_45Hz,CWRU_12k,Multi-Head DL (TABNET),0.7,0.6382672634271099,0.9496428571428572
UOEMD,Diagnosis,Load_Loaded_Speed_45Hz,CWRU_48k,Multi-Head DL (TABNET),0.675,0.6167593299946241,0.9566071428571429
UOEMD,Diagnosis,Load_Loaded_Speed_45Hz,HUST_Gearbox,Multi-Head DL (TABNET),0.725,0.6633089133089133,0.9794642857142857
UOEMD,Diagnosis,Load_Loaded_Speed_45Hz,HUST,Multi-Head DL (TABNET),1.0,1.0,1.0
UOEMD,Diagnosis,Load_Loaded_Speed_45Hz,PU,Multi-Head DL (TABNET),0.45,0.41573598779134296,0.8528571428571429
UOEMD,Diagnosis,Load_Loaded_Speed_45Hz,UORED,Multi-Head DL (TABNET),0.7625,0.72500735000735,0.9135714285714286
UOEMD,Diagnosis,Load_Loaded_Speed_45Hz,Mechanical_Gear,Multi-Head DL (TABNET),0.5,0.3958333333333333,0.9430357142857143
UOEMD,Diagnosis,Load_Loaded_Speed_45Hz,Electric_Motor,Multi-Head DL (TABNET),0.575,0.48710357624831313,0.9451785714285714
UOEMD,Diagnosis,Load_Loaded_Speed_45Hz,CWRU_12k + CWRU_48k,Multi-Head DL (TABNET),0.775,0.7449283559577677,0.9862500000000001
UOEMD,Diagnosis,Load_Loaded_Speed_45Hz,CWRU_12k + HUST_Gearbox,Multi-Head DL (TABNET),0.6625,0.5994488844488843,0.9608928571428572
UOEMD,Diagnosis,Load_Loaded_Speed_45Hz,CWRU_12k + HUST,Multi-Head DL (TABNET),0.7125,0.6323698945981555,0.9932142857142857
UOEMD,Diagnosis,Load_Loaded_Speed_45Hz,CWRU_12k + PU,Multi-Head DL (TABNET),0.6,0.516871921182266,0.93625
UOEMD,Diagnosis,Load_Loaded_Speed_45Hz,CWRU_12k + UORED,Multi-Head DL (TABNET),0.7124999999999999,0.6508634734441185,0.9898214285714286
UOEMD,Diagnosis,Load_Loaded_Speed_45Hz,CWRU_12k + Mechanical_Gear,Multi-Head DL (TABNET),0.675,0.6255233253588517,0.9566071428571428
UOEMD,Diagnosis,Load_Loaded_Speed_45Hz,CWRU_12k + Electric_Motor,Multi-Head DL (TABNET),0.7125,0.6370320855614973,0.9483928571428571
UOEMD,Diagnosis,Load_Loaded_Speed_45Hz,CWRU_48k + HUST_Gearbox,Multi-Head DL (TABNET),0.7125,0.6769146064222791,0.9796428571428573
UOEMD,Diagnosis,Load_Loaded_Speed_45Hz,CWRU_48k + HUST,Multi-Head DL (TABNET),0.75,0.6822916666666667,0.965
UOEMD,Diagnosis,Load_Loaded_Speed_45Hz,CWRU_48k + PU,Multi-Head DL (TABNET),0.5875,0.5029408996800301,0.8828571428571428
UOEMD,Diagnosis,Load_Loaded_Speed_45Hz,CWRU_48k + UORED,Multi-Head DL (TABNET),0.75,0.7137896825396826,1.0
UOEMD,Diagnosis,Load_Loaded_Speed_45Hz,CWRU_48k + Mechanical_Gear,Multi-Head DL (TABNET),0.8375,0.7939584924879042,0.9460714285714287
UOEMD,Diagnosis,Load_Loaded_Speed_45Hz,CWRU_48k + Electric_Motor,Multi-Head DL (TABNET),0.65,0.5707640061088337,0.9514285714285715
UOEMD,Diagnosis,Load_Loaded_Speed_45Hz,HUST_Gearbox + HUST,Multi-Head DL (TABNET),0.725,0.6475694444444444,0.9728571428571429
UOEMD,Diagnosis,Load_Loaded_Speed_45Hz,HUST_Gearbox + PU,Multi-Head DL (TABNET),0.5875,0.5164198546551488,0.9891071428571429
UOEMD,Diagnosis,Load_Loaded_Speed_45Hz,HUST_Gearbox + UORED,Multi-Head DL (TABNET),0.825,0.8155138339920949,0.9721428571428572
UOEMD,Diagnosis,Load_Loaded_Speed_45Hz,HUST_Gearbox + Mechanical_Gear,Multi-Head DL (TABNET),0.625,0.5448995472552348,0.9217857142857143
UOEMD,Diagnosis,Load_Loaded_Speed_45Hz,HUST_Gearbox + Electric_Motor,Multi-Head DL (TABNET),0.5875,0.5118039664378337,0.9625
UOEMD,Diagnosis,Load_Loaded_Speed_45Hz,HUST + PU,Multi-Head DL (TABNET),0.7250000000000001,0.6656265676459683,0.9730357142857143
UOEMD,Diagnosis,Load_Loaded_Speed_45Hz,HUST + UORED,Multi-Head DL (TABNET),0.85,0.8075396825396826,0.9998214285714286
UOEMD,Diagnosis,Load_Loaded_Speed_45Hz,HUST + Mechanical_Gear,Multi-Head DL (TABNET),0.975,0.9754784688995215,1.0
UOEMD,Diagnosis,Load_Loaded_Speed_45Hz,HUST + Electric_Motor,Multi-Head DL (TABNET),0.775,0.7283159687437386,0.9664285714285714
UOEMD,Diagnosis,Load_Loaded_Speed_45Hz,PU + UORED,Multi-Head DL (TABNET),0.475,0.4490131578947368,0.8828571428571428
UOEMD,Diagnosis,Load_Loaded_Speed_45Hz,PU + Mechanical_Gear,Multi-Head DL (TABNET),0.55,0.4679752614535223,0.92625
UOEMD,Diagnosis,Load_Loaded_Speed_45Hz,PU + Electric_Motor,Multi-Head DL (TABNET),0.625,0.5237068965517242,0.9357142857142857
UOEMD,Diagnosis,Load_Loaded_Speed_45Hz,UORED + Mechanical_Gear,Multi-Head DL (TABNET),0.7250000000000001,0.6734666654743381,0.9485714285714286
UOEMD,Diagnosis,Load_Loaded_Speed_45Hz,UORED + Electric_Motor,Multi-Head DL (TABNET),0.825,0.7922794117647058,0.9816071428571429
UOEMD,Diagnosis,Load_Loaded_Speed_45Hz,Mechanical_Gear + Electric_Motor,Multi-Head DL (TABNET),0.8,0.7658730158730158,0.9924999999999999
UOEMD,Diagnosis,Load_Loaded_Speed_45Hz,CWRU_12k + CWRU_48k + HUST_Gearbox,Multi-Head DL (TABNET),0.65,0.5810277208834085,0.9921428571428572
UOEMD,Diagnosis,Load_Loaded_Speed_45Hz,CWRU_12k + CWRU_48k + HUST,Multi-Head DL (TABNET),0.85,0.8288690476190477,0.9989285714285714
UOEMD,Diagnosis,Load_Loaded_Speed_45Hz,CWRU_12k + CWRU_48k + PU,Multi-Head DL (TABNET),0.6625,0.6670732809252733,0.9291071428571429
UOEMD,Diagnosis,Load_Loaded_Speed_45Hz,CWRU_12k + CWRU_48k + UORED,Multi-Head DL (TABNET),0.725,0.6835437702043873,0.9648214285714286
UOEMD,Diagnosis,Load_Loaded_Speed_45Hz,CWRU_12k + CWRU_48k + Mechanical_Gear,Multi-Head DL (TABNET),0.8,0.7618589743589743,0.9801785714285715
UOEMD,Diagnosis,Load_Loaded_Speed_45Hz,CWRU_12k + CWRU_48k + Electric_Motor,Multi-Head DL (TABNET),0.6375000000000001,0.554122661342489,0.9623214285714285
UOEMD,Diagnosis,Load_Loaded_Speed_45Hz,CWRU_12k + HUST_Gearbox + HUST,Multi-Head DL (TABNET),0.625,0.5164835164835164,0.9644642857142858
UOEMD,Diagnosis,Load_Loaded_Speed_45Hz,CWRU_12k + HUST_Gearbox + PU,Multi-Head DL (TABNET),0.5375,0.4759883634883635,0.9348214285714286
UOEMD,Diagnosis,Load_Loaded_Speed_45Hz,CWRU_12k + HUST_Gearbox + UORED,Multi-Head DL (TABNET),0.6625,0.6053571428571428,0.97375
UOEMD,Diagnosis,Load_Loaded_Speed_45Hz,CWRU_12k + HUST_Gearbox + Mechanical_Gear,Multi-Head DL (TABNET),0.7,0.6491731952258268,0.9858928571428571
UOEMD,Diagnosis,Load_Loaded_Speed_45Hz,CWRU_12k + HUST_Gearbox + Electric_Motor,Multi-Head DL (TABNET),0.55,0.48873234029484025,0.9464285714285714
UOEMD,Diagnosis,Load_Loaded_Speed_45Hz,CWRU_12k + HUST + PU,Multi-Head DL (TABNET),0.725,0.6580020856336646,0.9648214285714285
UOEMD,Diagnosis,Load_Loaded_Speed_45Hz,CWRU_12k + HUST + UORED,Multi-Head DL (TABNET),0.5,0.4078079178885631,0.94625
UOEMD,Diagnosis,Load_Loaded_Speed_45Hz,CWRU_12k + HUST + Mechanical_Gear,Multi-Head DL (TABNET),0.675,0.6096807675755044,0.9826785714285715
UOEMD,Diagnosis,Load_Loaded_Speed_45Hz,CWRU_12k + HUST + Electric_Motor,Multi-Head DL (TABNET),0.625,0.5316558441558441,0.9841071428571428
UOEMD,Diagnosis,Load_Loaded_Speed_45Hz,CWRU_12k + PU + UORED,Multi-Head DL (TABNET),0.8125,0.7919823232323233,0.9978571428571429
UOEMD,Diagnosis,Load_Loaded_Speed_45Hz,CWRU_12k + PU + Mechanical_Gear,Multi-Head DL (TABNET),0.6375,0.5441619077018058,0.9833928571428572
UOEMD,Diagnosis,Load_Loaded_Speed_45Hz,CWRU_12k + PU + Electric_Motor,Multi-Head DL (TABNET),0.6,0.5791316526610644,0.9123214285714285
UOEMD,Diagnosis,Load_Loaded_Speed_45Hz,CWRU_12k + UORED + Mechanical_Gear,Multi-Head DL (TABNET),0.5375000000000001,0.4468462571910848,0.9764285714285714
UOEMD,Diagnosis,Load_Loaded_Speed_45Hz,CWRU_12k + UORED + Electric_Motor,Multi-Head DL (TABNET),0.65,0.5707640061088337,0.9969642857142857
UOEMD,Diagnosis,Load_Loaded_Speed_45Hz,CWRU_12k + Mechanical_Gear + Electric_Motor,Multi-Head DL (TABNET),0.7125,0.6334471288515406,0.9612499999999999
UOEMD,Diagnosis,Load_Loaded_Speed_45Hz,CWRU_48k + HUST_Gearbox + HUST,Multi-Head DL (TABNET),0.725,0.6868589743589744,0.9653571428571429
UOEMD,Diagnosis,Load_Loaded_Speed_45Hz,CWRU_48k + HUST_Gearbox + PU,Multi-Head DL (TABNET),0.625,0.5321969696969697,0.9424999999999999
UOEMD,Diagnosis,Load_Loaded_Speed_45Hz,CWRU_48k + HUST_Gearbox + UORED,Multi-Head DL (TABNET),0.6,0.5335509768899905,0.9666071428571428
UOEMD,Diagnosis,Load_Loaded_Speed_45Hz,CWRU_48k + HUST_Gearbox + Mechanical_Gear,Multi-Head DL (TABNET),0.825,0.78125,0.9975
UOEMD,Diagnosis,Load_Loaded_Speed_45Hz,CWRU_48k + HUST_Gearbox + Electric_Motor,Multi-Head DL (TABNET),0.7,0.6354166666666667,0.99
UOEMD,Diagnosis,Load_Loaded_Speed_45Hz,CWRU_48k + HUST + PU,Multi-Head DL (TABNET),0.575,0.48075657894736845,0.8832142857142857
UOEMD,Diagnosis,Load_Loaded_Speed_45Hz,CWRU_48k + HUST + UORED,Multi-Head DL (TABNET),0.5875,0.49130682113694285,0.9626785714285715
UOEMD,Diagnosis,Load_Loaded_Speed_45Hz,CWRU_48k + HUST + Mechanical_Gear,Multi-Head DL (TABNET),0.625,0.5291745730550285,0.9619642857142857
UOEMD,Diagnosis,Load_Loaded_Speed_45Hz,CWRU_48k + HUST + Electric_Motor,Multi-Head DL (TABNET),0.675,0.6050824175824175,0.9751785714285715
UOEMD,Diagnosis,Load_Loaded_Speed_45Hz,CWRU_48k + PU + UORED,Multi-Head DL (TABNET),0.525,0.4494047619047619,0.9594642857142857
UOEMD,Diagnosis,Load_Loaded_Speed_45Hz,CWRU_48k + PU + Mechanical_Gear,Multi-Head DL (TABNET),0.675,0.6399996315944592,0.9444642857142858
UOEMD,Diagnosis,Load_Loaded_Speed_45Hz,CWRU_48k + PU + Electric_Motor,Multi-Head DL (TABNET),0.6875,0.6427306602611481,0.9351785714285714
UOEMD,Diagnosis,Load_Loaded_Speed_45Hz,CWRU_48k + UORED + Mechanical_Gear,Multi-Head DL (TABNET),0.6375,0.5451631701631701,0.9828571428571429
UOEMD,Diagnosis,Load_Loaded_Speed_45Hz,CWRU_48k + UORED + Electric_Motor,Multi-Head DL (TABNET),0.675,0.6238154960981048,0.9560714285714287
UOEMD,Diagnosis,Load_Loaded_Speed_45Hz,CWRU_48k + Mechanical_Gear + Electric_Motor,Multi-Head DL (TABNET),0.7375,0.6573995472552348,0.9378571428571428
UOEMD,Diagnosis,Load_Loaded_Speed_45Hz,HUST_Gearbox + HUST + PU,Multi-Head DL (TABNET),0.6125,0.5537039714671294,0.92125
UOEMD,Diagnosis,Load_Loaded_Speed_45Hz,HUST_Gearbox + HUST + UORED,Multi-Head DL (TABNET),0.625,0.5164835164835164,0.9685714285714285
UOEMD,Diagnosis,Load_Loaded_Speed_45Hz,HUST_Gearbox + HUST + Mechanical_Gear,Multi-Head DL (TABNET),0.7,0.6208778966131907,0.9907142857142857
UOEMD,Diagnosis,Load_Loaded_Speed_45Hz,HUST_Gearbox + HUST + Electric_Motor,Multi-Head DL (TABNET),0.625,0.569112879457707,0.9444642857142858
UOEMD,Diagnosis,Load_Loaded_Speed_45Hz,HUST_Gearbox + PU + UORED,Multi-Head DL (TABNET),0.575,0.5064285714285715,0.9155357142857143
UOEMD,Diagnosis,Load_Loaded_Speed_45Hz,HUST_Gearbox + PU + Mechanical_Gear,Multi-Head DL (TABNET),0.6125,0.5610024779142426,0.9489285714285715
UOEMD,Diagnosis,Load_Loaded_Speed_45Hz,HUST_Gearbox + PU + Electric_Motor,Multi-Head DL (TABNET),0.6875,0.6362828097375222,0.9435714285714286
UOEMD,Diagnosis,Load_Loaded_Speed_45Hz,HUST_Gearbox + UORED + Mechanical_Gear,Multi-Head DL (TABNET),0.6875,0.6,0.9385714285714286
UOEMD,Diagnosis,Load_Loaded_Speed_45Hz,HUST_Gearbox + UORED + Electric_Motor,Multi-Head DL (TABNET),0.6625,0.615625,0.9514285714285715
UOEMD,Diagnosis,Load_Loaded_Speed_45Hz,HUST_Gearbox + Mechanical_Gear + Electric_Motor,Multi-Head DL (TABNET),0.75,0.7204741927281972,0.9594642857142857
UOEMD,Diagnosis,Load_Loaded_Speed_45Hz,HUST + PU + UORED,Multi-Head DL (TABNET),0.5625,0.4805555555555555,0.9489285714285715
UOEMD,Diagnosis,Load_Loaded_Speed_45Hz,HUST + PU + Mechanical_Gear,Multi-Head DL (TABNET),0.5125,0.4093997400449013,0.9051785714285714
UOEMD,Diagnosis,Load_Loaded_Speed_45Hz,HUST + PU + Electric_Motor,Multi-Head DL (TABNET),0.7375,0.6610797827903091,0.9898214285714286
UOEMD,Diagnosis,Load_Loaded_Speed_45Hz,HUST + UORED + Mechanical_Gear,Multi-Head DL (TABNET),0.7375,0.654967159277504,0.9732142857142857
UOEMD,Diagnosis,Load_Loaded_Speed_45Hz,HUST + UORED + Electric_Motor,Multi-Head DL (TABNET),0.7375,0.6846189012137288,0.9821428571428572
UOEMD,Diagnosis,Load_Loaded_Speed_45Hz,HUST + Mechanical_Gear + Electric_Motor,Multi-Head DL (TABNET),0.75,0.7198257080610022,0.9869642857142857
UOEMD,Diagnosis,Load_Loaded_Speed_45Hz,PU + UORED + Mechanical_Gear,Multi-Head DL (TABNET),0.5625,0.5021578591188098,0.8882142857142857
UOEMD,Diagnosis,Load_Loaded_Speed_45Hz,PU + UORED + Electric_Motor,Multi-Head DL (TABNET),0.4875,0.4293966623876765,0.8553571428571429
UOEMD,Diagnosis,Load_Loaded_Speed_45Hz,PU + Mechanical_Gear + Electric_Motor,Multi-Head DL (TABNET),0.75,0.7250509294626941,0.9466071428571429
UOEMD,Diagnosis,Load_Loaded_Speed_45Hz,UORED + Mechanical_Gear + Electric_Motor,Multi-Head DL (TABNET),0.7625,0.7226325757575758,0.9714285714285713
UOEMD,Diagnosis,Load_Loaded_Speed_45Hz,CWRU_12k + CWRU_48k + HUST_Gearbox + HUST,Multi-Head DL (TABNET),0.5874999999999999,0.5008853083086184,0.9228571428571428
UOEMD,Diagnosis,Load_Loaded_Speed_45Hz,CWRU_12k + CWRU_48k + HUST_Gearbox + PU,Multi-Head DL (TABNET),0.65,0.5707640061088337,0.9241071428571429
UOEMD,Diagnosis,Load_Loaded_Speed_45Hz,CWRU_12k + CWRU_48k + HUST_Gearbox + UORED,Multi-Head DL (TABNET),0.7375,0.696546052631579,0.9326785714285715
UOEMD,Diagnosis,Load_Loaded_Speed_45Hz,CWRU_12k + CWRU_48k + HUST_Gearbox + Mechanical_Gear,Multi-Head DL (TABNET),0.6875,0.6327410406357774,0.9541071428571428
UOEMD,Diagnosis,Load_Loaded_Speed_45Hz,CWRU_12k + CWRU_48k + HUST_Gearbox + Electric_Motor,Multi-Head DL (TABNET),0.75,0.7275033617912874,0.9896428571428572
UOEMD,Diagnosis,Load_Loaded_Speed_45Hz,CWRU_12k + CWRU_48k + HUST + PU,Multi-Head DL (TABNET),0.725,0.6803800366300367,0.9635714285714285
UOEMD,Diagnosis,Load_Loaded_Speed_45Hz,CWRU_12k + CWRU_48k + HUST + UORED,Multi-Head DL (TABNET),0.6875,0.6398408454290807,0.975
UOEMD,Diagnosis,Load_Loaded_Speed_45Hz,CWRU_12k + CWRU_48k + HUST + Mechanical_Gear,Multi-Head DL (TABNET),0.6,0.5015597147950088,0.9792857142857143
UOEMD,Diagnosis,Load_Loaded_Speed_45Hz,CWRU_12k + CWRU_48k + HUST + Electric_Motor,Multi-Head DL (TABNET),0.5375,0.4954844006568144,0.94875
UOEMD,Diagnosis,Load_Loaded_Speed_45Hz,CWRU_12k + CWRU_48k + PU + UORED,Multi-Head DL (TABNET),0.8125,0.7876190476190476,0.9955357142857144
UOEMD,Diagnosis,Load_Loaded_Speed_45Hz,CWRU_12k + CWRU_48k + PU + Mechanical_Gear,Multi-Head DL (TABNET),0.725,0.6444906267104542,0.97
UOEMD,Diagnosis,Load_Loaded_Speed_45Hz,CWRU_12k + CWRU_48k + PU + Electric_Motor,Multi-Head DL (TABNET),0.625,0.5183251433251433,0.9164285714285714
UOEMD,Diagnosis,Load_Loaded_Speed_45Hz,CWRU_12k + CWRU_48k + UORED + Mechanical_Gear,Multi-Head DL (TABNET),0.5875,0.4987745098039215,0.9682142857142857
UOEMD,Diagnosis,Load_Loaded_Speed_45Hz,CWRU_12k + CWRU_48k + UORED + Electric_Motor,Multi-Head DL (TABNET),0.7,0.6910866910866911,0.9596428571428572
UOEMD,Diagnosis,Load_Loaded_Speed_45Hz,CWRU_12k + CWRU_48k + Mechanical_Gear + Electric_Motor,Multi-Head DL (TABNET),0.7250000000000001,0.657853162163507,0.9653571428571429
UOEMD,Diagnosis,Load_Loaded_Speed_45Hz,CWRU_12k + HUST_Gearbox + HUST + PU,Multi-Head DL (TABNET),0.7875,0.7502598752598753,0.9544642857142858
UOEMD,Diagnosis,Load_Loaded_Speed_45Hz,CWRU_12k + HUST_Gearbox + HUST + UORED,Multi-Head DL (TABNET),0.55,0.48245614035087714,0.9625
UOEMD,Diagnosis,Load_Loaded_Speed_45Hz,CWRU_12k + HUST_Gearbox + HUST + Mechanical_Gear,Multi-Head DL (TABNET),0.675,0.6224139895192526,0.9824999999999999
UOEMD,Diagnosis,Load_Loaded_Speed_45Hz,CWRU_12k + HUST_Gearbox + HUST + Electric_Motor,Multi-Head DL (TABNET),0.725,0.6740773115773115,0.9614285714285715
UOEMD,Diagnosis,Load_Loaded_Speed_45Hz,CWRU_12k + HUST_Gearbox + PU + UORED,Multi-Head DL (TABNET),0.55,0.5057234432234432,0.8528571428571428
UOEMD,Diagnosis,Load_Loaded_Speed_45Hz,CWRU_12k + HUST_Gearbox + PU + Mechanical_Gear,Multi-Head DL (TABNET),0.8,0.7599326599326599,0.9317857142857143
UOEMD,Diagnosis,Load_Loaded_Speed_45Hz,CWRU_12k + HUST_Gearbox + PU + Electric_Motor,Multi-Head DL (TABNET),0.625,0.5644033254327372,0.9280357142857143
UOEMD,Diagnosis,Load_Loaded_Speed_45Hz,CWRU_12k + HUST_Gearbox + UORED + Mechanical_Gear,Multi-Head DL (TABNET),0.5375,0.4383820662768031,0.97
UOEMD,Diagnosis,Load_Loaded_Speed_45Hz,CWRU_12k + HUST_Gearbox + UORED + Electric_Motor,Multi-Head DL (TABNET),0.625,0.5208333333333333,0.9617857142857142
UOEMD,Diagnosis,Load_Loaded_Speed_45Hz,CWRU_12k + HUST_Gearbox + Mechanical_Gear + Electric_Motor,Multi-Head DL (TABNET),0.675,0.5992063492063492,0.9291071428571429
UOEMD,Diagnosis,Load_Loaded_Speed_45Hz,CWRU_12k + HUST + PU + UORED,Multi-Head DL (TABNET),0.6625,0.5919233567790443,0.9901785714285714
UOEMD,Diagnosis,Load_Loaded_Speed_45Hz,CWRU_12k + HUST + PU + Mechanical_Gear,Multi-Head DL (TABNET),0.7375,0.688609544695071,0.98
UOEMD,Diagnosis,Load_Loaded_Speed_45Hz,CWRU_12k + HUST + PU + Electric_Motor,Multi-Head DL (TABNET),0.6375,0.589730870980871,0.9478571428571428
UOEMD,Diagnosis,Load_Loaded_Speed_45Hz,CWRU_12k + HUST + UORED + Mechanical_Gear,Multi-Head DL (TABNET),0.675,0.6169873905675123,0.98375
UOEMD,Diagnosis,Load_Loaded_Speed_45Hz,CWRU_12k + HUST + UORED + Electric_Motor,Multi-Head DL (TABNET),0.6000000000000001,0.49912587412587406,0.9875
UOEMD,Diagnosis,Load_Loaded_Speed_45Hz,CWRU_12k + HUST + Mechanical_Gear + Electric_Motor,Multi-Head DL (TABNET),0.6375,0.5972119278570891,0.9423214285714285
UOEMD,Diagnosis,Load_Loaded_Speed_45Hz,CWRU_12k + PU + UORED + Mechanical_Gear,Multi-Head DL (TABNET),0.5375,0.47108414157515566,0.9064285714285715
UOEMD,Diagnosis,Load_Loaded_Speed_45Hz,CWRU_12k + PU + UORED + Electric_Motor,Multi-Head DL (TABNET),0.625,0.5748009730207873,0.9332142857142858
UOEMD,Diagnosis,Load_Loaded_Speed_45Hz,CWRU_12k + PU + Mechanical_Gear + Electric_Motor,Multi-Head DL (TABNET),0.475,0.4434951633035157,0.9119642857142858
UOEMD,Diagnosis,Load_Loaded_Speed_45Hz,CWRU_12k + UORED + Mechanical_Gear + Electric_Motor,Multi-Head DL (TABNET),0.7875,0.7427447552447553,0.9875
UOEMD,Diagnosis,Load_Loaded_Speed_45Hz,CWRU_48k + HUST_Gearbox + HUST + PU,Multi-Head DL (TABNET),0.55,0.46608946608946605,0.9450000000000001
UOEMD,Diagnosis,Load_Loaded_Speed_45Hz,CWRU_48k + HUST_Gearbox + HUST + UORED,Multi-Head DL (TABNET),0.6375,0.5451631701631701,0.9533928571428572
UOEMD,Diagnosis,Load_Loaded_Speed_45Hz,CWRU_48k + HUST_Gearbox + HUST + Mechanical_Gear,Multi-Head DL (TABNET),0.75,0.6666666666666666,0.9741071428571428
UOEMD,Diagnosis,Load_Loaded_Speed_45Hz,CWRU_48k + HUST_Gearbox + HUST + Electric_Motor,Multi-Head DL (TABNET),0.6625,0.6112395818278171,0.9794642857142857
UOEMD,Diagnosis,Load_Loaded_Speed_45Hz,CWRU_48k + HUST_Gearbox + PU + UORED,Multi-Head DL (TABNET),0.4,0.33930669800235014,0.8996428571428572
UOEMD,Diagnosis,Load_Loaded_Speed_45Hz,CWRU_48k + HUST_Gearbox + PU + Mechanical_Gear,Multi-Head DL (TABNET),0.4875,0.42621126519431607,0.9096428571428572
UOEMD,Diagnosis,Load_Loaded_Speed_45Hz,CWRU_48k + HUST_Gearbox + PU + Electric_Motor,Multi-Head DL (TABNET),0.6125,0.5888916295263045,0.9110714285714285
UOEMD,Diagnosis,Load_Loaded_Speed_45Hz,CWRU_48k + HUST_Gearbox + UORED + Mechanical_Gear,Multi-Head DL (TABNET),0.75,0.6852708694813958,0.98375
UOEMD,Diagnosis,Load_Loaded_Speed_45Hz,CWRU_48k + HUST_Gearbox + UORED + Electric_Motor,Multi-Head DL (TABNET),0.85,0.8218795093795094,0.9830357142857142
UOEMD,Diagnosis,Load_Loaded_Speed_45Hz,CWRU_48k + HUST_Gearbox + Mechanical_Gear + Electric_Motor,Multi-Head DL (TABNET),0.625,0.5208333333333333,0.9867857142857144
UOEMD,Diagnosis,Load_Loaded_Speed_45Hz,CWRU_48k + HUST + PU + UORED,Multi-Head DL (TABNET),0.4,0.36363636363636365,0.8719642857142857
UOEMD,Diagnosis,Load_Loaded_Speed_45Hz,CWRU_48k + HUST + PU + Mechanical_Gear,Multi-Head DL (TABNET),0.7875,0.7502598752598753,0.9882142857142857
UOEMD,Diagnosis,Load_Loaded_Speed_45Hz,CWRU_48k + HUST + PU + Electric_Motor,Multi-Head DL (TABNET),0.5625,0.5208333333333333,0.9310714285714285
UOEMD,Diagnosis,Load_Loaded_Speed_45Hz,CWRU_48k + HUST + UORED + Mechanical_Gear,Multi-Head DL (TABNET),0.725,0.6792172424525366,0.9903571428571428
UOEMD,Diagnosis,Load_Loaded_Speed_45Hz,CWRU_48k + HUST + UORED + Electric_Motor,Multi-Head DL (TABNET),0.625,0.5551268199825075,0.9492857142857143
UOEMD,Diagnosis,Load_Loaded_Speed_45Hz,CWRU_48k + HUST + Mechanical_Gear + Electric_Motor,Multi-Head DL (TABNET),0.825,0.8047035201640464,0.9942857142857143
UOEMD,Diagnosis,Load_Loaded_Speed_45Hz,CWRU_48k + PU + UORED + Mechanical_Gear,Multi-Head DL (TABNET),0.75,0.6989621781727045,0.9698214285714286
UOEMD,Diagnosis,Load_Loaded_Speed_45Hz,CWRU_48k + PU + UORED + Electric_Motor,Multi-Head DL (TABNET),0.75,0.6666666666666666,0.9494642857142856
UOEMD,Diagnosis,Load_Loaded_Speed_45Hz,CWRU_48k + PU + Mechanical_Gear + Electric_Motor,Multi-Head DL (TABNET),0.6125,0.5563470842882607,0.9382142857142857
UOEMD,Diagnosis,Load_Loaded_Speed_45Hz,CWRU_48k + UORED + Mechanical_Gear + Electric_Motor,Multi-Head DL (TABNET),0.6125,0.5115914786967418,0.8960714285714286
UOEMD,Diagnosis,Load_Loaded_Speed_45Hz,HUST_Gearbox + HUST + PU + UORED,Multi-Head DL (TABNET),0.5125,0.45364832535885163,0.9132142857142858
UOEMD,Diagnosis,Load_Loaded_Speed_45Hz,HUST_Gearbox + HUST + PU + Mechanical_Gear,Multi-Head DL (TABNET),0.7625,0.718497777708304,0.9867857142857144
UOEMD,Diagnosis,Load_Loaded_Speed_45Hz,HUST_Gearbox + HUST + PU + Electric_Motor,Multi-Head DL (TABNET),0.4375,0.3784209085933224,0.9573214285714287
UOEMD,Diagnosis,Load_Loaded_Speed_45Hz,HUST_Gearbox + HUST + UORED + Mechanical_Gear,Multi-Head DL (TABNET),0.5375,0.45100732600732596,0.9678571428571429
UOEMD,Diagnosis,Load_Loaded_Speed_45Hz,HUST_Gearbox + HUST + UORED + Electric_Motor,Multi-Head DL (TABNET),0.6375,0.5295900178253119,0.9901785714285714
UOEMD,Diagnosis,Load_Loaded_Speed_45Hz,HUST_Gearbox + HUST + Mechanical_Gear + Electric_Motor,Multi-Head DL (TABNET),0.5625,0.5268624393624394,0.9398214285714286
UOEMD,Diagnosis,Load_Loaded_Speed_45Hz,HUST_Gearbox + PU + UORED + Mechanical_Gear,Multi-Head DL (TABNET),0.3875,0.3392050587172538,0.9076785714285714
UOEMD,Diagnosis,Load_Loaded_Speed_45Hz,HUST_Gearbox + PU + UORED + Electric_Motor,Multi-Head DL (TABNET),0.6125,0.5281473269278147,0.9375
UOEMD,Diagnosis,Load_Loaded_Speed_45Hz,HUST_Gearbox + PU + Mechanical_Gear + Electric_Motor,Multi-Head DL (TABNET),0.4875,0.3941441441441441,0.8439285714285714
UOEMD,Diagnosis,Load_Loaded_Speed_45Hz,HUST_Gearbox + UORED + Mechanical_Gear + Electric_Motor,Multi-Head DL (TABNET),0.65,0.5707640061088337,0.9953571428571428
UOEMD,Diagnosis,Load_Loaded_Speed_45Hz,HUST + PU + UORED + Mechanical_Gear,Multi-Head DL (TABNET),0.42500000000000004,0.39107822410147997,0.8858928571428571
UOEMD,Diagnosis,Load_Loaded_Speed_45Hz,HUST + PU + UORED + Electric_Motor,Multi-Head DL (TABNET),0.48750000000000004,0.4442757534862798,0.9485714285714286
UOEMD,Diagnosis,Load_Loaded_Speed_45Hz,HUST + PU + Mechanical_Gear + Electric_Motor,Multi-Head DL (TABNET),0.5375,0.47627949756182514,0.9325
UOEMD,Diagnosis,Load_Loaded_Speed_45Hz,HUST + UORED + Mechanical_Gear + Electric_Motor,Multi-Head DL (TABNET),0.5375,0.4585932085932086,0.9498214285714286
UOEMD,Diagnosis,Load_Loaded_Speed_45Hz,PU + UORED + Mechanical_Gear + Electric_Motor,Multi-Head DL (TABNET),0.625,0.5333795155993432,0.9178571428571428
UOEMD,Diagnosis,Load_Loaded_Speed_45Hz,CWRU_12k + CWRU_48k + HUST_Gearbox + HUST + PU,Multi-Head DL (TABNET),0.6625,0.614484126984127,0.9853571428571428
UOEMD,Diagnosis,Load_Loaded_Speed_45Hz,CWRU_12k + CWRU_48k + HUST_Gearbox + HUST + UORED,Multi-Head DL (TABNET),0.7875,0.7303113553113554,0.9648214285714286
UOEMD,Diagnosis,Load_Loaded_Speed_45Hz,CWRU_12k + CWRU_48k + HUST_Gearbox + HUST + Mechanical_Gear,Multi-Head DL (TABNET),0.7,0.6599103528050896,0.9846428571428572
UOEMD,Diagnosis,Load_Loaded_Speed_45Hz,CWRU_12k + CWRU_48k + HUST_Gearbox + HUST + Electric_Motor,Multi-Head DL (TABNET),0.475,0.4076354679802956,0.8916071428571428
UOEMD,Diagnosis,Load_Loaded_Speed_45Hz,CWRU_12k + CWRU_48k + HUST_Gearbox + PU + UORED,Multi-Head DL (TABNET),0.625,0.5584415584415584,0.9623214285714285
UOEMD,Diagnosis,Load_Loaded_Speed_45Hz,CWRU_12k + CWRU_48k + HUST_Gearbox + PU + Mechanical_Gear,Multi-Head DL (TABNET),0.4875,0.4284926263252876,0.9378571428571428
UOEMD,Diagnosis,Load_Loaded_Speed_45Hz,CWRU_12k + CWRU_48k + HUST_Gearbox + PU + Electric_Motor,Multi-Head DL (TABNET),0.6875,0.6607923987688054,0.9596428571428571
UOEMD,Diagnosis,Load_Loaded_Speed_45Hz,CWRU_12k + CWRU_48k + HUST_Gearbox + UORED + Mechanical_Gear,Multi-Head DL (TABNET),0.5875,0.4885033444816053,0.9726785714285715
UOEMD,Diagnosis,Load_Loaded_Speed_45Hz,CWRU_12k + CWRU_48k + HUST_Gearbox + UORED + Electric_Motor,Multi-Head DL (TABNET),0.6125,0.5447088640023422,0.9548214285714285
UOEMD,Diagnosis,Load_Loaded_Speed_45Hz,CWRU_12k + CWRU_48k + HUST_Gearbox + Mechanical_Gear + Electric_Motor,Multi-Head DL (TABNET),0.9375,0.9372702589807853,0.9903571428571428
UOEMD,Diagnosis,Load_Loaded_Speed_45Hz,CWRU_12k + CWRU_48k + HUST + PU + UORED,Multi-Head DL (TABNET),0.725,0.6706349206349207,0.9769642857142857
UOEMD,Diagnosis,Load_Loaded_Speed_45Hz,CWRU_12k + CWRU_48k + HUST + PU + Mechanical_Gear,Multi-Head DL (TABNET),0.8125,0.7691798941798942,0.9966071428571429
UOEMD,Diagnosis,Load_Loaded_Speed_45Hz,CWRU_12k + CWRU_48k + HUST + PU + Electric_Motor,Multi-Head DL (TABNET),0.675,0.5870535714285714,0.9060714285714286
UOEMD,Diagnosis,Load_Loaded_Speed_45Hz,CWRU_12k + CWRU_48k + HUST + UORED + Mechanical_Gear,Multi-Head DL (TABNET),0.55,0.47430260047281325,0.9366071428571429
UOEMD,Diagnosis,Load_Loaded_Speed_45Hz,CWRU_12k + CWRU_48k + HUST + UORED + Electric_Motor,Multi-Head DL (TABNET),0.55,0.47290209790209786,0.9239285714285714
UOEMD,Diagnosis,Load_Loaded_Speed_45Hz,CWRU_12k + CWRU_48k + HUST + Mechanical_Gear + Electric_Motor,Multi-Head DL (TABNET),0.5,0.463508193684874,0.9210714285714285
UOEMD,Diagnosis,Load_Loaded_Speed_45Hz,CWRU_12k + CWRU_48k + PU + UORED + Mechanical_Gear,Multi-Head DL (TABNET),0.775,0.7198067632850242,0.9814285714285714
UOEMD,Diagnosis,Load_Loaded_Speed_45Hz,CWRU_12k + CWRU_48k + PU + UORED + Electric_Motor,Multi-Head DL (TABNET),0.7625,0.7617937958011487,0.9721428571428572
UOEMD,Diagnosis,Load_Loaded_Speed_45Hz,CWRU_12k + CWRU_48k + PU + Mechanical_Gear + Electric_Motor,Multi-Head DL (TABNET),0.4625,0.4135294117647059,0.8930357142857143
UOEMD,Diagnosis,Load_Loaded_Speed_45Hz,CWRU_12k + CWRU_48k + UORED + Mechanical_Gear + Electric_Motor,Multi-Head DL (TABNET),0.625,0.5224358974358974,0.9458928571428571
UOEMD,Diagnosis,Load_Loaded_Speed_45Hz,CWRU_12k + HUST_Gearbox + HUST + PU + UORED,Multi-Head DL (TABNET),0.675,0.6265628150836862,0.9417857142857142
UOEMD,Diagnosis,Load_Loaded_Speed_45Hz,CWRU_12k + HUST_Gearbox + HUST + PU + Mechanical_Gear,Multi-Head DL (TABNET),0.6125,0.5439629134482076,0.9225
UOEMD,Diagnosis,Load_Loaded_Speed_45Hz,CWRU_12k + HUST_Gearbox + HUST + PU + Electric_Motor,Multi-Head DL (TABNET),0.6625,0.6380568356374807,0.9469642857142857
UOEMD,Diagnosis,Load_Loaded_Speed_45Hz,CWRU_12k + HUST_Gearbox + HUST + UORED + Mechanical_Gear,Multi-Head DL (TABNET),0.5375,0.45778191342707475,0.9548214285714287
UOEMD,Diagnosis,Load_Loaded_Speed_45Hz,CWRU_12k + HUST_Gearbox + HUST + UORED + Electric_Motor,Multi-Head DL (TABNET),0.75,0.6666666666666666,0.9782142857142857
UOEMD,Diagnosis,Load_Loaded_Speed_45Hz,CWRU_12k + HUST_Gearbox + HUST + Mechanical_Gear + Electric_Motor,Multi-Head DL (TABNET),0.675,0.616830330135684,0.9651785714285714
UOEMD,Diagnosis,Load_Loaded_Speed_45Hz,CWRU_12k + HUST_Gearbox + PU + UORED + Mechanical_Gear,Multi-Head DL (TABNET),0.7625,0.732126755384428,0.9905357142857143
UOEMD,Diagnosis,Load_Loaded_Speed_45Hz,CWRU_12k + HUST_Gearbox + PU + UORED + Electric_Motor,Multi-Head DL (TABNET),0.625,0.5224358974358974,0.9523214285714285
UOEMD,Diagnosis,Load_Loaded_Speed_45Hz,CWRU_12k + HUST_Gearbox + PU + Mechanical_Gear + Electric_Motor,Multi-Head DL (TABNET),0.625,0.536981658692185,0.9364285714285714
UOEMD,Diagnosis,Load_Loaded_Speed_45Hz,CWRU_12k + HUST_Gearbox + UORED + Mechanical_Gear + Electric_Motor,Multi-Head DL (TABNET),0.675,0.6378339314194577,0.9685714285714286
UOEMD,Diagnosis,Load_Loaded_Speed_45Hz,CWRU_12k + HUST + PU + UORED + Mechanical_Gear,Multi-Head DL (TABNET),0.675,0.6384920634920634,0.9753571428571428
UOEMD,Diagnosis,Load_Loaded_Speed_45Hz,CWRU_12k + HUST + PU + UORED + Electric_Motor,Multi-Head DL (TABNET),0.75,0.7062364718614719,0.9410714285714286
UOEMD,Diagnosis,Load_Loaded_Speed_45Hz,CWRU_12k + HUST + PU + Mechanical_Gear + Electric_Motor,Multi-Head DL (TABNET),0.6125,0.5122996794871795,0.9492857142857143
UOEMD,Diagnosis,Load_Loaded_Speed_45Hz,CWRU_12k + HUST + UORED + Mechanical_Gear + Electric_Motor,Multi-Head DL (TABNET),0.6125,0.5127299957210099,0.9760714285714286
UOEMD,Diagnosis,Load_Loaded_Speed_45Hz,CWRU_12k + PU + UORED + Mechanical_Gear + Electric_Motor,Multi-Head DL (TABNET),0.725,0.6495535714285714,0.8775
UOEMD,Diagnosis,Load_Loaded_Speed_45Hz,CWRU_48k + HUST_Gearbox + HUST + PU + UORED,Multi-Head DL (TABNET),0.625,0.5446428571428572,0.9833928571428572
UOEMD,Diagnosis,Load_Loaded_Speed_45Hz,CWRU_48k + HUST_Gearbox + HUST + PU + Mechanical_Gear,Multi-Head DL (TABNET),0.8,0.7616132433009501,0.95625
UOEMD,Diagnosis,Load_Loaded_Speed_45Hz,CWRU_48k + HUST_Gearbox + HUST + PU + Electric_Motor,Multi-Head DL (TABNET),0.625,0.5519345238095238,0.8830357142857144
UOEMD,Diagnosis,Load_Loaded_Speed_45Hz,CWRU_48k + HUST_Gearbox + HUST + UORED + Mechanical_Gear,Multi-Head DL (TABNET),0.5,0.39314516129032256,0.9364285714285714
UOEMD,Diagnosis,Load_Loaded_Speed_45Hz,CWRU_48k + HUST_Gearbox + HUST + UORED + Electric_Motor,Multi-Head DL (TABNET),0.6000000000000001,0.5403735632183908,0.9421428571428572
UOEMD,Diagnosis,Load_Loaded_Speed_45Hz,CWRU_48k + HUST_Gearbox + HUST + Mechanical_Gear + Electric_Motor,Multi-Head DL (TABNET),0.6,0.512398034853541,0.8991071428571429
UOEMD,Diagnosis,Load_Loaded_Speed_45Hz,CWRU_48k + HUST_Gearbox + PU + UORED + Mechanical_Gear,Multi-Head DL (TABNET),0.625,0.5211640211640212,0.9655357142857143
UOEMD,Diagnosis,Load_Loaded_Speed_45Hz,CWRU_48k + HUST_Gearbox + PU + UORED + Electric_Motor,Multi-Head DL (TABNET),0.6125,0.5291269507522661,0.9450000000000001
UOEMD,Diagnosis,Load_Loaded_Speed_45Hz,CWRU_48k + HUST_Gearbox + PU + Mechanical_Gear + Electric_Motor,Multi-Head DL (TABNET),0.7125,0.6481990231990231,0.9794642857142857
UOEMD,Diagnosis,Load_Loaded_Speed_45Hz,CWRU_48k + HUST_Gearbox + UORED + Mechanical_Gear + Electric_Motor,Multi-Head DL (TABNET),0.6625,0.6277139700799842,0.9676785714285714
UOEMD,Diagnosis,Load_Loaded_Speed_45Hz,CWRU_48k + HUST + PU + UORED + Mechanical_Gear,Multi-Head DL (TABNET),0.6125,0.5755739795918366,0.9105357142857142
UOEMD,Diagnosis,Load_Loaded_Speed_45Hz,CWRU_48k + HUST + PU + UORED + Electric_Motor,Multi-Head DL (TABNET),0.65,0.6007165349270612,0.9625
UOEMD,Diagnosis,Load_Loaded_Speed_45Hz,CWRU_48k + HUST + PU + Mechanical_Gear + Electric_Motor,Multi-Head DL (TABNET),0.5249999999999999,0.4822994987468672,0.9508928571428572
UOEMD,Diagnosis,Load_Loaded_Speed_45Hz,CWRU_48k + HUST + UORED + Mechanical_Gear + Electric_Motor,Multi-Head DL (TABNET),0.5125,0.45790299925638267,0.9525
UOEMD,Diagnosis,Load_Loaded_Speed_45Hz,CWRU_48k + PU + UORED + Mechanical_Gear + Electric_Motor,Multi-Head DL (TABNET),0.6125,0.5119047619047619,0.9392857142857143
UOEMD,Diagnosis,Load_Loaded_Speed_45Hz,HUST_Gearbox + HUST + PU + UORED + Mechanical_Gear,Multi-Head DL (TABNET),0.5625,0.4722222222222222,0.905
UOEMD,Diagnosis,Load_Loaded_Speed_45Hz,HUST_Gearbox + HUST + PU + UORED + Electric_Motor,Multi-Head DL (TABNET),0.475,0.4121315192743764,0.9119642857142858
UOEMD,Diagnosis,Load_Loaded_Speed_45Hz,HUST_Gearbox + HUST + PU + Mechanical_Gear + Electric_Motor,Multi-Head DL (TABNET),0.6499999999999999,0.5752535719640983,0.89625
UOEMD,Diagnosis,Load_Loaded_Speed_45Hz,HUST_Gearbox + HUST + UORED + Mechanical_Gear + Electric_Motor,Multi-Head DL (TABNET),0.6875,0.614247311827957,0.9808928571428572
UOEMD,Diagnosis,Load_Loaded_Speed_45Hz,HUST_Gearbox + PU + UORED + Mechanical_Gear + Electric_Motor,Multi-Head DL (TABNET),0.675,0.6238814539119417,0.9414285714285715
UOEMD,Diagnosis,Load_Loaded_Speed_45Hz,HUST + PU + UORED + Mechanical_Gear + Electric_Motor,Multi-Head DL (TABNET),0.625,0.5521919600866969,0.9107142857142857
UOEMD,Diagnosis,Load_Loaded_Speed_45Hz,CWRU_12k + CWRU_48k + HUST_Gearbox + HUST + PU + UORED,Multi-Head DL (TABNET),0.7625,0.6962566844919786,0.9826785714285715
UOEMD,Diagnosis,Load_Loaded_Speed_45Hz,CWRU_12k + CWRU_48k + HUST_Gearbox + HUST + PU + Mechanical_Gear,Multi-Head DL (TABNET),0.7,0.6379233511586453,0.9880357142857144
UOEMD,Diagnosis,Load_Loaded_Speed_45Hz,CWRU_12k + CWRU_48k + HUST_Gearbox + HUST + PU + Electric_Motor,Multi-Head DL (TABNET),0.575,0.5617057673509286,0.92
UOEMD,Diagnosis,Load_Loaded_Speed_45Hz,CWRU_12k + CWRU_48k + HUST_Gearbox + HUST + UORED + Mechanical_Gear,Multi-Head DL (TABNET),0.55,0.4888392857142857,0.9648214285714285
UOEMD,Diagnosis,Load_Loaded_Speed_45Hz,CWRU_12k + CWRU_48k + HUST_Gearbox + HUST + UORED + Electric_Motor,Multi-Head DL (TABNET),0.7125,0.6401841692789969,0.895
UOEMD,Diagnosis,Load_Loaded_Speed_45Hz,CWRU_12k + CWRU_48k + HUST_Gearbox + HUST + Mechanical_Gear + Electric_Motor,Multi-Head DL (TABNET),0.675,0.6479226791726792,0.97875
UOEMD,Diagnosis,Load_Loaded_Speed_45Hz,CWRU_12k + CWRU_48k + HUST_Gearbox + PU + UORED + Mechanical_Gear,Multi-Head DL (TABNET),0.5625,0.48393416927899685,0.8583928571428572
UOEMD,Diagnosis,Load_Loaded_Speed_45Hz,CWRU_12k + CWRU_48k + HUST_Gearbox + PU + UORED + Electric_Motor,Multi-Head DL (TABNET),0.525,0.4305555555555556,0.9408928571428572
UOEMD,Diagnosis,Load_Loaded_Speed_45Hz,CWRU_12k + CWRU_48k + HUST_Gearbox + PU + Mechanical_Gear + Electric_Motor,Multi-Head DL (TABNET),0.55,0.564935064935065,0.8442857142857143
UOEMD,Diagnosis,Load_Loaded_Speed_45Hz,CWRU_12k + CWRU_48k + HUST_Gearbox + UORED + Mechanical_Gear + Electric_Motor,Multi-Head DL (TABNET),0.6375,0.5461427939876216,0.9710714285714286
UOEMD,Diagnosis,Load_Loaded_Speed_45Hz,CWRU_12k + CWRU_48k + HUST + PU + UORED + Mechanical_Gear,Multi-Head DL (TABNET),0.7875,0.7543939393939394,0.9816071428571429
UOEMD,Diagnosis,Load_Loaded_Speed_45Hz,CWRU_12k + CWRU_48k + HUST + PU + UORED + Electric_Motor,Multi-Head DL (TABNET),0.6375,0.5592592592592592,0.9346428571428571
UOEMD,Diagnosis,Load_Loaded_Speed_45Hz,CWRU_12k + CWRU_48k + HUST + PU + Mechanical_Gear + Electric_Motor,Multi-Head DL (TABNET),0.5375,0.45681511470985153,0.935
UOEMD,Diagnosis,Load_Loaded_Speed_45Hz,CWRU_12k + CWRU_48k + HUST + UORED + Mechanical_Gear + Electric_Motor,Multi-Head DL (TABNET),0.7625,0.6922675026123302,0.985
UOEMD,Diagnosis,Load_Loaded_Speed_45Hz,CWRU_12k + CWRU_48k + PU + UORED + Mechanical_Gear + Electric_Motor,Multi-Head DL (TABNET),0.6875,0.6449456975772765,0.9708928571428571
UOEMD,Diagnosis,Load_Loaded_Speed_45Hz,CWRU_12k + HUST_Gearbox + HUST + PU + UORED + Mechanical_Gear,Multi-Head DL (TABNET),0.575,0.5333293791858864,0.9083928571428572
UOEMD,Diagnosis,Load_Loaded_Speed_45Hz,CWRU_12k + HUST_Gearbox + HUST + PU + UORED + Electric_Motor,Multi-Head DL (TABNET),0.525,0.46525050153098935,0.90625
UOEMD,Diagnosis,Load_Loaded_Speed_45Hz,CWRU_12k + HUST_Gearbox + HUST + PU + Mechanical_Gear + Electric_Motor,Multi-Head DL (TABNET),0.6625,0.597497531708058,0.8966071428571429
UOEMD,Diagnosis,Load_Loaded_Speed_45Hz,CWRU_12k + HUST_Gearbox + HUST + UORED + Mechanical_Gear + Electric_Motor,Multi-Head DL (TABNET),0.775,0.7178683385579938,0.9682142857142857
UOEMD,Diagnosis,Load_Loaded_Speed_45Hz,CWRU_12k + HUST_Gearbox + PU + UORED + Mechanical_Gear + Electric_Motor,Multi-Head DL (TABNET),0.6000000000000001,0.5511158163608254,0.90125
UOEMD,Diagnosis,Load_Loaded_Speed_45Hz,CWRU_12k + HUST + PU + UORED + Mechanical_Gear + Electric_Motor,Multi-Head DL (TABNET),0.85,0.8020748987854251,0.9869642857142857
UOEMD,Diagnosis,Load_Loaded_Speed_45Hz,CWRU_48k + HUST_Gearbox + HUST + PU + UORED + Mechanical_Gear,Multi-Head DL (TABNET),0.6125,0.5621184371184371,0.9637499999999999
UOEMD,Diagnosis,Load_Loaded_Speed_45Hz,CWRU_48k + HUST_Gearbox + HUST + PU + UORED + Electric_Motor,Multi-Head DL (TABNET),0.75,0.6828149920255183,0.9753571428571428
UOEMD,Diagnosis,Load_Loaded_Speed_45Hz,CWRU_48k + HUST_Gearbox + HUST + PU + Mechanical_Gear + Electric_Motor,Multi-Head DL (TABNET),0.8,0.7568279421727697,0.9851785714285715
UOEMD,Diagnosis,Load_Loaded_Speed_45Hz,CWRU_48k + HUST_Gearbox + HUST + UORED + Mechanical_Gear + Electric_Motor,Multi-Head DL (TABNET),0.5625,0.5023593073593073,0.9555357142857144
UOEMD,Diagnosis,Load_Loaded_Speed_45Hz,CWRU_48k + HUST_Gearbox + PU + UORED + Mechanical_Gear + Electric_Motor,Multi-Head DL (TABNET),0.6000000000000001,0.5328980730223124,0.9719642857142858
UOEMD,Diagnosis,Load_Loaded_Speed_45Hz,CWRU_48k + HUST + PU + UORED + Mechanical_Gear + Electric_Motor,Multi-Head DL (TABNET),0.5375000000000001,0.4806642512077295,0.9255357142857142
UOEMD,Diagnosis,Load_Loaded_Speed_45Hz,HUST_Gearbox + HUST + PU + UORED + Mechanical_Gear + Electric_Motor,Multi-Head DL (TABNET),0.6625,0.5998898352857064,0.935
UOEMD,Diagnosis,Load_Loaded_Speed_45Hz,CWRU_12k + CWRU_48k + HUST_Gearbox + HUST + PU + UORED + Mechanical_Gear,Multi-Head DL (TABNET),0.8125,0.8158938590560241,0.9762500000000001
UOEMD,Diagnosis,Load_Loaded_Speed_45Hz,CWRU_12k + CWRU_48k + HUST_Gearbox + HUST + PU + UORED + Electric_Motor,Multi-Head DL (TABNET),0.525,0.5449701619778345,0.8835714285714286
UOEMD,Diagnosis,Load_Loaded_Speed_45Hz,CWRU_12k + CWRU_48k + HUST_Gearbox + HUST + PU + Mechanical_Gear + Electric_Motor,Multi-Head DL (TABNET),0.625,0.5237068965517242,0.9321428571428572
UOEMD,Diagnosis,Load_Loaded_Speed_45Hz,CWRU_12k + CWRU_48k + HUST_Gearbox + HUST + UORED + Mechanical_Gear + Electric_Motor,Multi-Head DL (TABNET),0.6875,0.6130952380952381,0.8994642857142857
UOEMD,Diagnosis,Load_Loaded_Speed_45Hz,CWRU_12k + CWRU_48k + HUST_Gearbox + PU + UORED + Mechanical_Gear + Electric_Motor,Multi-Head DL (TABNET),0.55,0.47217365967365965,0.9644642857142858
UOEMD,Diagnosis,Load_Loaded_Speed_45Hz,CWRU_12k + CWRU_48k + HUST + PU + UORED + Mechanical_Gear + Electric_Motor,Multi-Head DL (TABNET),0.55,0.5121168076109937,0.9005357142857142
UOEMD,Diagnosis,Load_Loaded_Speed_45Hz,CWRU_12k + HUST_Gearbox + HUST + PU + UORED + Mechanical_Gear + Electric_Motor,Multi-Head DL (TABNET),0.7125,0.687509371719898,0.9883928571428571
UOEMD,Diagnosis,Load_Loaded_Speed_45Hz,CWRU_48k + HUST_Gearbox + HUST + PU + UORED + Mechanical_Gear + Electric_Motor,Multi-Head DL (TABNET),0.6625,0.5760905760905761,0.9657142857142857
UOEMD,Diagnosis,Load_Loaded_Speed_45Hz,CWRU_12k + CWRU_48k + HUST_Gearbox + HUST + PU + UORED + Mechanical_Gear + Electric_Motor,Multi-Head DL (TABNET),0.625,0.5208333333333333,0.9117857142857143
UOEMD,Diagnosis,Load_Loaded_Speed_60Hz,CWRU_12k,Multi-Head DL (TABNET),0.8625,0.8240662139219015,0.9746428571428571
UOEMD,Diagnosis,Load_Loaded_Speed_60Hz,CWRU_48k,Multi-Head DL (TABNET),0.625,0.5450680272108843,0.9498214285714286
UOEMD,Diagnosis,Load_Loaded_Speed_60Hz,HUST_Gearbox,Multi-Head DL (TABNET),0.625,0.5257321274763135,0.8923214285714286
UOEMD,Diagnosis,Load_Loaded_Speed_60Hz,HUST,Multi-Head DL (TABNET),0.75,0.6875,0.9642857142857143
UOEMD,Diagnosis,Load_Loaded_Speed_60Hz,PU,Multi-Head DL (TABNET),0.5,0.3873626373626374,0.9348214285714286
UOEMD,Diagnosis,Load_Loaded_Speed_60Hz,UORED,Multi-Head DL (TABNET),0.625,0.5326354679802956,0.9414285714285714
UOEMD,Diagnosis,Load_Loaded_Speed_60Hz,Mechanical_Gear,Multi-Head DL (TABNET),0.5875,0.5251109877913429,0.8969642857142858
UOEMD,Diagnosis,Load_Loaded_Speed_60Hz,Electric_Motor,Multi-Head DL (TABNET),0.625,0.55,0.8873214285714286
UOEMD,Diagnosis,Load_Loaded_Speed_60Hz,CWRU_12k + CWRU_48k,Multi-Head DL (TABNET),0.6875,0.6175595238095238,0.9467857142857143
UOEMD,Diagnosis,Load_Loaded_Speed_60Hz,CWRU_12k + HUST_Gearbox,Multi-Head DL (TABNET),0.6625,0.6089973780209759,0.9542857142857143
UOEMD,Diagnosis,Load_Loaded_Speed_60Hz,CWRU_12k + HUST,Multi-Head DL (TABNET),0.6125,0.5218181818181818,0.9485714285714286
UOEMD,Diagnosis,Load_Loaded_Speed_60Hz,CWRU_12k + PU,Multi-Head DL (TABNET),0.75,0.6875,0.9835714285714285
UOEMD,Diagnosis,Load_Loaded_Speed_60Hz,CWRU_12k + UORED,Multi-Head DL (TABNET),0.6875,0.6185897435897436,0.9762500000000001
UOEMD,Diagnosis,Load_Loaded_Speed_60Hz,CWRU_12k + Mechanical_Gear,Multi-Head DL (TABNET),0.6375,0.5607707509881423,0.9496428571428571
UOEMD,Diagnosis,Load_Loaded_Speed_60Hz,CWRU_12k + Electric_Motor,Multi-Head DL (TABNET),0.5,0.41666666666666663,0.8823214285714286
UOEMD,Diagnosis,Load_Loaded_Speed_60Hz,CWRU_48k + HUST_Gearbox,Multi-Head DL (TABNET),0.7,0.6505681818181819,0.8766071428571428
UOEMD,Diagnosis,Load_Loaded_Speed_60Hz,CWRU_48k + HUST,Multi-Head DL (TABNET),0.625,0.55,0.9642857142857143
UOEMD,Diagnosis,Load_Loaded_Speed_60Hz,CWRU_48k + PU,Multi-Head DL (TABNET),0.7125,0.6397849462365592,0.94375
UOEMD,Diagnosis,Load_Loaded_Speed_60Hz,CWRU_48k + UORED,Multi-Head DL (TABNET),0.7125,0.6565126050420168,0.9633928571428572
UOEMD,Diagnosis,Load_Loaded_Speed_60Hz,CWRU_48k + Mechanical_Gear,Multi-Head DL (TABNET),0.7125,0.6654411764705882,0.9482142857142857
UOEMD,Diagnosis,Load_Loaded_Speed_60Hz,CWRU_48k + Electric_Motor,Multi-Head DL (TABNET),0.675,0.634767406506537,0.9512499999999999
UOEMD,Diagnosis,Load_Loaded_Speed_60Hz,HUST_Gearbox + HUST,Multi-Head DL (TABNET),0.6,0.5410052910052909,0.9676785714285715
UOEMD,Diagnosis,Load_Loaded_Speed_60Hz,HUST_Gearbox + PU,Multi-Head DL (TABNET),0.5,0.4173728813559322,0.9123214285714285
UOEMD,Diagnosis,Load_Loaded_Speed_60Hz,HUST_Gearbox + UORED,Multi-Head DL (TABNET),0.7375,0.657183257918552,0.9960714285714285
UOEMD,Diagnosis,Load_Loaded_Speed_60Hz,HUST_Gearbox + Mechanical_Gear,Multi-Head DL (TABNET),0.625,0.5208333333333333,0.8982142857142857
UOEMD,Diagnosis,Load_Loaded_Speed_60Hz,HUST_Gearbox + Electric_Motor,Multi-Head DL (TABNET),0.625,0.55,0.8614285714285714
UOEMD,Diagnosis,Load_Loaded_Speed_60Hz,HUST + PU,Multi-Head DL (TABNET),0.575,0.4666353383458647,0.9694642857142857
UOEMD,Diagnosis,Load_Loaded_Speed_60Hz,HUST + UORED,Multi-Head DL (TABNET),0.7,0.6316137566137566,0.945
UOEMD,Diagnosis,Load_Loaded_Speed_60Hz,HUST + Mechanical_Gear,Multi-Head DL (TABNET),0.625,0.5208333333333333,0.9128571428571428
UOEMD,Diagnosis,Load_Loaded_Speed_60Hz,HUST + Electric_Motor,Multi-Head DL (TABNET),0.5,0.41666666666666663,0.8955357142857143
UOEMD,Diagnosis,Load_Loaded_Speed_60Hz,PU + UORED,Multi-Head DL (TABNET),0.6000000000000001,0.5008976418876308,0.9619642857142857
UOEMD,Diagnosis,Load_Loaded_Speed_60Hz,PU + Mechanical_Gear,Multi-Head DL (TABNET),0.6125,0.5205555555555555,0.9830357142857142
UOEMD,Diagnosis,Load_Loaded_Speed_60Hz,PU + Electric_Motor,Multi-Head DL (TABNET),0.65,0.5842013888888888,0.9199999999999999
UOEMD,Diagnosis,Load_Loaded_Speed_60Hz,UORED + Mechanical_Gear,Multi-Head DL (TABNET),0.5,0.41666666666666663,0.9173214285714286
UOEMD,Diagnosis,Load_Loaded_Speed_60Hz,UORED + Electric_Motor,Multi-Head DL (TABNET),0.525,0.45085470085470086,0.87625
UOEMD,Diagnosis,Load_Loaded_Speed_60Hz,Mechanical_Gear + Electric_Motor,Multi-Head DL (TABNET),0.5,0.41666666666666663,0.8871428571428572
UOEMD,Diagnosis,Load_Loaded_Speed_60Hz,CWRU_12k + CWRU_48k + HUST_Gearbox,Multi-Head DL (TABNET),0.55,0.4910714285714286,0.9521428571428572
UOEMD,Diagnosis,Load_Loaded_Speed_60Hz,CWRU_12k + CWRU_48k + HUST,Multi-Head DL (TABNET),0.5,0.41666666666666663,0.9151785714285714
UOEMD,Diagnosis,Load_Loaded_Speed_60Hz,CWRU_12k + CWRU_48k + PU,Multi-Head DL (TABNET),0.6125,0.5355113636363636,0.9089285714285714
UOEMD,Diagnosis,Load_Loaded_Speed_60Hz,CWRU_12k + CWRU_48k + UORED,Multi-Head DL (TABNET),0.6375,0.5737476808905381,0.9494642857142856
UOEMD,Diagnosis,Load_Loaded_Speed_60Hz,CWRU_12k + CWRU_48k + Mechanical_Gear,Multi-Head DL (TABNET),0.75,0.6875,0.97875
UOEMD,Diagnosis,Load_Loaded_Speed_60Hz,CWRU_12k + CWRU_48k + Electric_Motor,Multi-Head DL (TABNET),0.725,0.6488065775724579,0.9346428571428571
UOEMD,Diagnosis,Load_Loaded_Speed_60Hz,CWRU_12k + HUST_Gearbox + HUST,Multi-Head DL (TABNET),0.55,0.5123786888492771,0.9257142857142857
UOEMD,Diagnosis,Load_Loaded_Speed_60Hz,CWRU_12k + HUST_Gearbox + PU,Multi-Head DL (TABNET),0.5,0.3843537414965986,0.8055357142857144
UOEMD,Diagnosis,Load_Loaded_Speed_60Hz,CWRU_12k + HUST_Gearbox + UORED,Multi-Head DL (TABNET),0.625,0.5454545454545454,0.9575
UOEMD,Diagnosis,Load_Loaded_Speed_60Hz,CWRU_12k + HUST_Gearbox + Mechanical_Gear,Multi-Head DL (TABNET),0.5,0.41666666666666663,0.9160714285714286
UOEMD,Diagnosis,Load_Loaded_Speed_60Hz,CWRU_12k + HUST_Gearbox + Electric_Motor,Multi-Head DL (TABNET),0.5875,0.5483127983127983,0.915
UOEMD,Diagnosis,Load_Loaded_Speed_60Hz,CWRU_12k + HUST + PU,Multi-Head DL (TABNET),0.525,0.42665965404394574,0.9028571428571428
UOEMD,Diagnosis,Load_Loaded_Speed_60Hz,CWRU_12k + HUST + UORED,Multi-Head DL (TABNET),0.6125,0.50031328320802,0.9266071428571429
UOEMD,Diagnosis,Load_Loaded_Speed_60Hz,CWRU_12k + HUST + Mechanical_Gear,Multi-Head DL (TABNET),0.625,0.5183251433251433,0.9648214285714286
UOEMD,Diagnosis,Load_Loaded_Speed_60Hz,CWRU_12k + HUST + Electric_Motor,Multi-Head DL (TABNET),0.625,0.5368871415356151,0.9417857142857142
UOEMD,Diagnosis,Load_Loaded_Speed_60Hz,CWRU_12k + PU + UORED,Multi-Head DL (TABNET),0.4875,0.36984126984126986,0.9017857142857142
UOEMD,Diagnosis,Load_Loaded_Speed_60Hz,CWRU_12k + PU + Mechanical_Gear,Multi-Head DL (TABNET),0.5,0.3833333333333333,0.9460714285714287
UOEMD,Diagnosis,Load_Loaded_Speed_60Hz,CWRU_12k + PU + Electric_Motor,Multi-Head DL (TABNET),0.6875,0.6110205314009661,0.9348214285714286
UOEMD,Diagnosis,Load_Loaded_Speed_60Hz,CWRU_12k + UORED + Mechanical_Gear,Multi-Head DL (TABNET),0.5,0.41666666666666663,0.8533928571428572
UOEMD,Diagnosis,Load_Loaded_Speed_60Hz,CWRU_12k + UORED + Electric_Motor,Multi-Head DL (TABNET),0.625,0.5183251433251432,0.9617857142857142
UOEMD,Diagnosis,Load_Loaded_Speed_60Hz,CWRU_12k + Mechanical_Gear + Electric_Motor,Multi-Head DL (TABNET),0.7749999999999999,0.7239731872785411,0.9857142857142858
UOEMD,Diagnosis,Load_Loaded_Speed_60Hz,CWRU_48k + HUST_Gearbox + HUST,Multi-Head DL (TABNET),0.5,0.41666666666666663,0.8044642857142856
UOEMD,Diagnosis,Load_Loaded_Speed_60Hz,CWRU_48k + HUST_Gearbox + PU,Multi-Head DL (TABNET),0.5,0.41666666666666663,0.8441071428571428
UOEMD,Diagnosis,Load_Loaded_Speed_60Hz,CWRU_48k + HUST_Gearbox + UORED,Multi-Head DL (TABNET),0.6625,0.6213972431077694,0.9503571428571429
UOEMD,Diagnosis,Load_Loaded_Speed_60Hz,CWRU_48k + HUST_Gearbox + Mechanical_Gear,Multi-Head DL (TABNET),0.5625,0.5037878787878788,0.9573214285714285
UOEMD,Diagnosis,Load_Loaded_Speed_60Hz,CWRU_48k + HUST_Gearbox + Electric_Motor,Multi-Head DL (TABNET),0.5,0.4181034482758621,0.9450000000000001
UOEMD,Diagnosis,Load_Loaded_Speed_60Hz,CWRU_48k + HUST + PU,Multi-Head DL (TABNET),0.45,0.406060606060606,0.8921428571428571
UOEMD,Diagnosis,Load_Loaded_Speed_60Hz,CWRU_48k + HUST + UORED,Multi-Head DL (TABNET),0.7375,0.6833235096965073,0.9933928571428572
UOEMD,Diagnosis,Load_Loaded_Speed_60Hz,CWRU_48k + HUST + Mechanical_Gear,Multi-Head DL (TABNET),0.75,0.6612554112554112,0.9982142857142857
UOEMD,Diagnosis,Load_Loaded_Speed_60Hz,CWRU_48k + HUST + Electric_Motor,Multi-Head DL (TABNET),0.625,0.5305555555555556,0.9239285714285714
UOEMD,Diagnosis,Load_Loaded_Speed_60Hz,CWRU_48k + PU + UORED,Multi-Head DL (TABNET),0.75,0.6683501683501684,0.9528571428571428
UOEMD,Diagnosis,Load_Loaded_Speed_60Hz,CWRU_48k + PU + Mechanical_Gear,Multi-Head DL (TABNET),0.7125,0.6565126050420168,0.9239285714285714
UOEMD,Diagnosis,Load_Loaded_Speed_60Hz,CWRU_48k + PU + Electric_Motor,Multi-Head DL (TABNET),0.5125,0.4401001540832049,0.8880357142857143
UOEMD,Diagnosis,Load_Loaded_Speed_60Hz,CWRU_48k + UORED + Mechanical_Gear,Multi-Head DL (TABNET),0.5,0.41666666666666663,0.9601785714285714
UOEMD,Diagnosis,Load_Loaded_Speed_60Hz,CWRU_48k + UORED + Electric_Motor,Multi-Head DL (TABNET),0.625,0.55,0.9283928571428571
UOEMD,Diagnosis,Load_Loaded_Speed_60Hz,CWRU_48k + Mechanical_Gear + Electric_Motor,Multi-Head DL (TABNET),0.675,0.6134085213032581,0.9608928571428572
UOEMD,Diagnosis,Load_Loaded_Speed_60Hz,HUST_Gearbox + HUST + PU,Multi-Head DL (TABNET),0.55,0.4786324786324786,0.9183928571428572
UOEMD,Diagnosis,Load_Loaded_Speed_60Hz,HUST_Gearbox + HUST + UORED,Multi-Head DL (TABNET),0.5125,0.44237012987012986,0.97
UOEMD,Diagnosis,Load_Loaded_Speed_60Hz,HUST_Gearbox + HUST + Mechanical_Gear,Multi-Head DL (TABNET),0.75,0.6875,0.9478571428571428
UOEMD,Diagnosis,Load_Loaded_Speed_60Hz,HUST_Gearbox + HUST + Electric_Motor,Multi-Head DL (TABNET),0.6,0.507213608957795,0.8701785714285715
UOEMD,Diagnosis,Load_Loaded_Speed_60Hz,HUST_Gearbox + PU + UORED,Multi-Head DL (TABNET),0.525,0.4652777777777778,0.8674999999999999
UOEMD,Diagnosis,Load_Loaded_Speed_60Hz,HUST_Gearbox + PU + Mechanical_Gear,Multi-Head DL (TABNET),0.5,0.41666666666666663,0.9035714285714286
UOEMD,Diagnosis,Load_Loaded_Speed_60Hz,HUST_Gearbox + PU + Electric_Motor,Multi-Head DL (TABNET),0.7125,0.636301111230985,0.9571428571428572
UOEMD,Diagnosis,Load_Loaded_Speed_60Hz,HUST_Gearbox + UORED + Mechanical_Gear,Multi-Head DL (TABNET),0.6125,0.5145833333333334,0.9471428571428571
UOEMD,Diagnosis,Load_Loaded_Speed_60Hz,HUST_Gearbox + UORED + Electric_Motor,Multi-Head DL (TABNET),0.8375,0.7939584924879042,0.9757142857142858
UOEMD,Diagnosis,Load_Loaded_Speed_60Hz,HUST_Gearbox + Mechanical_Gear + Electric_Motor,Multi-Head DL (TABNET),0.5,0.41666666666666663,0.8716071428571428
UOEMD,Diagnosis,Load_Loaded_Speed_60Hz,HUST + PU + UORED,Multi-Head DL (TABNET),0.75,0.6831501831501832,0.9710714285714286
UOEMD,Diagnosis,Load_Loaded_Speed_60Hz,HUST + PU + Mechanical_Gear,Multi-Head DL (TABNET),0.6,0.5460633290543431,0.8889285714285715
UOEMD,Diagnosis,Load_Loaded_Speed_60Hz,HUST + PU + Electric_Motor,Multi-Head DL (TABNET),0.6125,0.5553696327253204,0.9375
UOEMD,Diagnosis,Load_Loaded_Speed_60Hz,HUST + UORED + Mechanical_Gear,Multi-Head DL (TABNET),0.6375,0.5822510822510822,0.9673214285714287
UOEMD,Diagnosis,Load_Loaded_Speed_60Hz,HUST + UORED + Electric_Motor,Multi-Head DL (TABNET),0.625,0.5183251433251432,0.9682142857142857
UOEMD,Diagnosis,Load_Loaded_Speed_60Hz,HUST + Mechanical_Gear + Electric_Motor,Multi-Head DL (TABNET),0.625,0.55,0.9448214285714286
UOEMD,Diagnosis,Load_Loaded_Speed_60Hz,PU + UORED + Mechanical_Gear,Multi-Head DL (TABNET),0.675,0.6346428571428571,0.9398214285714286
UOEMD,Diagnosis,Load_Loaded_Speed_60Hz,PU + UORED + Electric_Motor,Multi-Head DL (TABNET),0.5375000000000001,0.4832535885167464,0.9708928571428571
UOEMD,Diagnosis,Load_Loaded_Speed_60Hz,PU + Mechanical_Gear + Electric_Motor,Multi-Head DL (TABNET),0.65,0.5885167464114832,0.8458928571428572
UOEMD,Diagnosis,Load_Loaded_Speed_60Hz,UORED + Mechanical_Gear + Electric_Motor,Multi-Head DL (TABNET),0.75,0.6635878489326765,0.9667857142857142
UOEMD,Diagnosis,Load_Loaded_Speed_60Hz,CWRU_12k + CWRU_48k + HUST_Gearbox + HUST,Multi-Head DL (TABNET),0.5125,0.4401001540832049,0.8848214285714286
UOEMD,Diagnosis,Load_Loaded_Speed_60Hz,CWRU_12k + CWRU_48k + HUST_Gearbox + PU,Multi-Head DL (TABNET),0.5125,0.43008542875564154,0.8953571428571429
UOEMD,Diagnosis,Load_Loaded_Speed_60Hz,CWRU_12k + CWRU_48k + HUST_Gearbox + UORED,Multi-Head DL (TABNET),0.4625,0.4198717948717949,0.8969642857142857
UOEMD,Diagnosis,Load_Loaded_Speed_60Hz,CWRU_12k + CWRU_48k + HUST_Gearbox + Mechanical_Gear,Multi-Head DL (TABNET),0.75,0.6668520578420467,0.9717857142857143
UOEMD,Diagnosis,Load_Loaded_Speed_60Hz,CWRU_12k + CWRU_48k + HUST_Gearbox + Electric_Motor,Multi-Head DL (TABNET),0.6875,0.6265527950310559,0.9373214285714285
UOEMD,Diagnosis,Load_Loaded_Speed_60Hz,CWRU_12k + CWRU_48k + HUST + PU,Multi-Head DL (TABNET),0.5875,0.4614583333333333,0.8946428571428572
UOEMD,Diagnosis,Load_Loaded_Speed_60Hz,CWRU_12k + CWRU_48k + HUST + UORED,Multi-Head DL (TABNET),0.625,0.5777777777777777,0.8685714285714285
UOEMD,Diagnosis,Load_Loaded_Speed_60Hz,CWRU_12k + CWRU_48k + HUST + Mechanical_Gear,Multi-Head DL (TABNET),0.6125,0.5463554987212276,0.9164285714285715
UOEMD,Diagnosis,Load_Loaded_Speed_60Hz,CWRU_12k + CWRU_48k + HUST + Electric_Motor,Multi-Head DL (TABNET),0.4875,0.40940465918895597,0.8580357142857142
UOEMD,Diagnosis,Load_Loaded_Speed_60Hz,CWRU_12k + CWRU_48k + PU + UORED,Multi-Head DL (TABNET),0.55,0.5194099378881987,0.8301785714285714
UOEMD,Diagnosis,Load_Loaded_Speed_60Hz,CWRU_12k + CWRU_48k + PU + Mechanical_Gear,Multi-Head DL (TABNET),0.5125,0.4495446180228789,0.8830357142857144
UOEMD,Diagnosis,Load_Loaded_Speed_60Hz,CWRU_12k + CWRU_48k + PU + Electric_Motor,Multi-Head DL (TABNET),0.525,0.4605263157894737,0.8894642857142858
UOEMD,Diagnosis,Load_Loaded_Speed_60Hz,CWRU_12k + CWRU_48k + UORED + Mechanical_Gear,Multi-Head DL (TABNET),0.6375,0.54268525592055,0.9498214285714286
UOEMD,Diagnosis,Load_Loaded_Speed_60Hz,CWRU_12k + CWRU_48k + UORED + Electric_Motor,Multi-Head DL (TABNET),0.625,0.55,0.9116071428571428
UOEMD,Diagnosis,Load_Loaded_Speed_60Hz,CWRU_12k + CWRU_48k + Mechanical_Gear + Electric_Motor,Multi-Head DL (TABNET),0.6625,0.5877849002849003,0.9616071428571429
UOEMD,Diagnosis,Load_Loaded_Speed_60Hz,CWRU_12k + HUST_Gearbox + HUST + PU,Multi-Head DL (TABNET),0.4,0.3020833333333333,0.8501785714285715
UOEMD,Diagnosis,Load_Loaded_Speed_60Hz,CWRU_12k + HUST_Gearbox + HUST + UORED,Multi-Head DL (TABNET),0.5125,0.4368756936736959,0.8289285714285715
UOEMD,Diagnosis,Load_Loaded_Speed_60Hz,CWRU_12k + HUST_Gearbox + HUST + Mechanical_Gear,Multi-Head DL (TABNET),0.5,0.41666666666666663,0.9023214285714286
UOEMD,Diagnosis,Load_Loaded_Speed_60Hz,CWRU_12k + HUST_Gearbox + HUST + Electric_Motor,Multi-Head DL (TABNET),0.65,0.5702348690153568,0.9725
UOEMD,Diagnosis,Load_Loaded_Speed_60Hz,CWRU_12k + HUST_Gearbox + PU + UORED,Multi-Head DL (TABNET),0.5875,0.50031328320802,0.9725
UOEMD,Diagnosis,Load_Loaded_Speed_60Hz,CWRU_12k + HUST_Gearbox + PU + Mechanical_Gear,Multi-Head DL (TABNET),0.625,0.55,0.7846428571428572
UOEMD,Diagnosis,Load_Loaded_Speed_60Hz,CWRU_12k + HUST_Gearbox + PU + Electric_Motor,Multi-Head DL (TABNET),0.5375,0.48176291793313075,0.9010714285714286
UOEMD,Diagnosis,Load_Loaded_Speed_60Hz,CWRU_12k + HUST_Gearbox + UORED + Mechanical_Gear,Multi-Head DL (TABNET),0.5125,0.4401001540832049,0.8916071428571428
UOEMD,Diagnosis,Load_Loaded_Speed_60Hz,CWRU_12k + HUST_Gearbox + UORED + Electric_Motor,Multi-Head DL (TABNET),0.625,0.5208333333333333,0.9430357142857143
UOEMD,Diagnosis,Load_Loaded_Speed_60Hz,CWRU_12k + HUST_Gearbox + Mechanical_Gear + Electric_Motor,Multi-Head DL (TABNET),0.6125,0.5424406604747162,0.9005357142857142
UOEMD,Diagnosis,Load_Loaded_Speed_60Hz,CWRU_12k + HUST + PU + UORED,Multi-Head DL (TABNET),0.65,0.5669761273209549,0.9669642857142857
UOEMD,Diagnosis,Load_Loaded_Speed_60Hz,CWRU_12k + HUST + PU + Mechanical_Gear,Multi-Head DL (TABNET),0.7375,0.6728468899521531,0.9792857142857143
UOEMD,Diagnosis,Load_Loaded_Speed_60Hz,CWRU_12k + HUST + PU + Electric_Motor,Multi-Head DL (TABNET),0.625,0.5652777777777778,0.8691071428571429
UOEMD,Diagnosis,Load_Loaded_Speed_60Hz,CWRU_12k + HUST + UORED + Mechanical_Gear,Multi-Head DL (TABNET),0.45,0.37970478595478596,0.86625
UOEMD,Diagnosis,Load_Loaded_Speed_60Hz,CWRU_12k + HUST + UORED + Electric_Motor,Multi-Head DL (TABNET),0.675,0.6191829004329005,0.9701785714285714
UOEMD,Diagnosis,Load_Loaded_Speed_60Hz,CWRU_12k + HUST + Mechanical_Gear + Electric_Motor,Multi-Head DL (TABNET),0.5,0.4181034482758621,0.7682142857142857
UOEMD,Diagnosis,Load_Loaded_Speed_60Hz,CWRU_12k + PU + UORED + Mechanical_Gear,Multi-Head DL (TABNET),0.5,0.4260204081632653,0.9248214285714286
UOEMD,Diagnosis,Load_Loaded_Speed_60Hz,CWRU_12k + PU + UORED + Electric_Motor,Multi-Head DL (TABNET),0.6125,0.5406601610409001,0.9530357142857142
UOEMD,Diagnosis,Load_Loaded_Speed_60Hz,CWRU_12k + PU + Mechanical_Gear + Electric_Motor,Multi-Head DL (TABNET),0.5875,0.5108585858585859,0.9603571428571429
UOEMD,Diagnosis,Load_Loaded_Speed_60Hz,CWRU_12k + UORED + Mechanical_Gear + Electric_Motor,Multi-Head DL (TABNET),0.6875,0.6542000381388253,0.9128571428571428
UOEMD,Diagnosis,Load_Loaded_Speed_60Hz,CWRU_48k + HUST_Gearbox + HUST + PU,Multi-Head DL (TABNET),0.5125,0.3993298368298368,0.9708928571428572
UOEMD,Diagnosis,Load_Loaded_Speed_60Hz,CWRU_48k + HUST_Gearbox + HUST + UORED,Multi-Head DL (TABNET),0.6875,0.617577030812325,0.96625
UOEMD,Diagnosis,Load_Loaded_Speed_60Hz,CWRU_48k + HUST_Gearbox + HUST + Mechanical_Gear,Multi-Head DL (TABNET),0.625,0.5661483253588516,0.9323214285714286
UOEMD,Diagnosis,Load_Loaded_Speed_60Hz,CWRU_48k + HUST_Gearbox + HUST + Electric_Motor,Multi-Head DL (TABNET),0.5,0.3762626262626263,0.895892857142857
UOEMD,Diagnosis,Load_Loaded_Speed_60Hz,CWRU_48k + HUST_Gearbox + PU + UORED,Multi-Head DL (TABNET),0.5625,0.48980908152734776,0.9375
UOEMD,Diagnosis,Load_Loaded_Speed_60Hz,CWRU_48k + HUST_Gearbox + PU + Mechanical_Gear,Multi-Head DL (TABNET),0.525,0.4198717948717948,0.9598214285714286
UOEMD,Diagnosis,Load_Loaded_Speed_60Hz,CWRU_48k + HUST_Gearbox + PU + Electric_Motor,Multi-Head DL (TABNET),0.625,0.55,0.9023214285714286
UOEMD,Diagnosis,Load_Loaded_Speed_60Hz,CWRU_48k + HUST_Gearbox + UORED + Mechanical_Gear,Multi-Head DL (TABNET),0.625,0.5510204081632653,0.9828571428571429
UOEMD,Diagnosis,Load_Loaded_Speed_60Hz,CWRU_48k + HUST_Gearbox + UORED + Electric_Motor,Multi-Head DL (TABNET),0.75,0.6875,0.9671428571428572
UOEMD,Diagnosis,Load_Loaded_Speed_60Hz,CWRU_48k + HUST_Gearbox + Mechanical_Gear + Electric_Motor,Multi-Head DL (TABNET),0.5375,0.4765519568151147,0.9585714285714286
UOEMD,Diagnosis,Load_Loaded_Speed_60Hz,CWRU_48k + HUST + PU + UORED,Multi-Head DL (TABNET),0.625,0.5069444444444444,0.9403571428571429
UOEMD,Diagnosis,Load_Loaded_Speed_60Hz,CWRU_48k + HUST + PU + Mechanical_Gear,Multi-Head DL (TABNET),0.4875,0.4100877192982456,0.9064285714285715
UOEMD,Diagnosis,Load_Loaded_Speed_60Hz,CWRU_48k + HUST + PU + Electric_Motor,Multi-Head DL (TABNET),0.7625,0.7053113553113552,0.9260714285714285
UOEMD,Diagnosis,Load_Loaded_Speed_60Hz,CWRU_48k + HUST + UORED + Mechanical_Gear,Multi-Head DL (TABNET),0.575,0.5045454545454545,0.9637500000000001
UOEMD,Diagnosis,Load_Loaded_Speed_60Hz,CWRU_48k + HUST + UORED + Electric_Motor,Multi-Head DL (TABNET),0.5,0.41666666666666663,0.8419642857142857
UOEMD,Diagnosis,Load_Loaded_Speed_60Hz,CWRU_48k + HUST + Mechanical_Gear + Electric_Motor,Multi-Head DL (TABNET),0.625,0.55,0.9439285714285715
UOEMD,Diagnosis,Load_Loaded_Speed_60Hz,CWRU_48k + PU + UORED + Mechanical_Gear,Multi-Head DL (TABNET),0.625,0.5257321274763135,0.9141071428571428
UOEMD,Diagnosis,Load_Loaded_Speed_60Hz,CWRU_48k + PU + UORED + Electric_Motor,Multi-Head DL (TABNET),0.6125,0.5424406604747162,0.9557142857142857
UOEMD,Diagnosis,Load_Loaded_Speed_60Hz,CWRU_48k + PU + Mechanical_Gear + Electric_Motor,Multi-Head DL (TABNET),0.5375,0.49366791744840527,0.8467857142857143
UOEMD,Diagnosis,Load_Loaded_Speed_60Hz,CWRU_48k + UORED + Mechanical_Gear + Electric_Motor,Multi-Head DL (TABNET),0.5375,0.4765519568151147,0.9608928571428572
UOEMD,Diagnosis,Load_Loaded_Speed_60Hz,HUST_Gearbox + HUST + PU + UORED,Multi-Head DL (TABNET),0.375,0.29545454545454547,0.8126785714285714
UOEMD,Diagnosis,Load_Loaded_Speed_60Hz,HUST_Gearbox + HUST + PU + Mechanical_Gear,Multi-Head DL (TABNET),0.5625,0.4833333333333333,0.8792857142857143
UOEMD,Diagnosis,Load_Loaded_Speed_60Hz,HUST_Gearbox + HUST + PU + Electric_Motor,Multi-Head DL (TABNET),0.75,0.7025857025857025,0.95375
UOEMD,Diagnosis,Load_Loaded_Speed_60Hz,HUST_Gearbox + HUST + UORED + Mechanical_Gear,Multi-Head DL (TABNET),0.5,0.41666666666666663,0.9125000000000001
UOEMD,Diagnosis,Load_Loaded_Speed_60Hz,HUST_Gearbox + HUST + UORED + Electric_Motor,Multi-Head DL (TABNET),0.625,0.55,0.8980357142857143
UOEMD,Diagnosis,Load_Loaded_Speed_60Hz,HUST_Gearbox + HUST + Mechanical_Gear + Electric_Motor,Multi-Head DL (TABNET),0.5,0.41666666666666663,0.9367857142857143
UOEMD,Diagnosis,Load_Loaded_Speed_60Hz,HUST_Gearbox + PU + UORED + Mechanical_Gear,Multi-Head DL (TABNET),0.4875,0.4157692307692308,0.9021428571428571
UOEMD,Diagnosis,Load_Loaded_Speed_60Hz,HUST_Gearbox + PU + UORED + Electric_Motor,Multi-Head DL (TABNET),0.75,0.6966333216333216,0.93125
UOEMD,Diagnosis,Load_Loaded_Speed_60Hz,HUST_Gearbox + PU + Mechanical_Gear + Electric_Motor,Multi-Head DL (TABNET),0.5875,0.5524528824833703,0.9326785714285715
UOEMD,Diagnosis,Load_Loaded_Speed_60Hz,HUST_Gearbox + UORED + Mechanical_Gear + Electric_Motor,Multi-Head DL (TABNET),0.5,0.41666666666666663,0.8251785714285714
UOEMD,Diagnosis,Load_Loaded_Speed_60Hz,HUST + PU + UORED + Mechanical_Gear,Multi-Head DL (TABNET),0.625,0.5510204081632653,0.9201785714285715
UOEMD,Diagnosis,Load_Loaded_Speed_60Hz,HUST + PU + UORED + Electric_Motor,Multi-Head DL (TABNET),0.3875,0.3192307692307692,0.7619642857142856
UOEMD,Diagnosis,Load_Loaded_Speed_60Hz,HUST + PU + Mechanical_Gear + Electric_Motor,Multi-Head DL (TABNET),0.4125,0.3659420289855072,0.9032142857142857
UOEMD,Diagnosis,Load_Loaded_Speed_60Hz,HUST + UORED + Mechanical_Gear + Electric_Motor,Multi-Head DL (TABNET),0.5,0.3852265043948614,0.8867857142857143
UOEMD,Diagnosis,Load_Loaded_Speed_60Hz,PU + UORED + Mechanical_Gear + Electric_Motor,Multi-Head DL (TABNET),0.5,0.41727941176470584,0.9505357142857143
UOEMD,Diagnosis,Load_Loaded_Speed_60Hz,CWRU_12k + CWRU_48k + HUST_Gearbox + HUST + PU,Multi-Head DL (TABNET),0.6,0.5217758985200845,0.9221428571428572
UOEMD,Diagnosis,Load_Loaded_Speed_60Hz,CWRU_12k + CWRU_48k + HUST_Gearbox + HUST + UORED,Multi-Head DL (TABNET),0.5,0.4497433407325194,0.9233928571428571
UOEMD,Diagnosis,Load_Loaded_Speed_60Hz,CWRU_12k + CWRU_48k + HUST_Gearbox + HUST + Mechanical_Gear,Multi-Head DL (TABNET),0.6375,0.5792748917748918,0.9524999999999999
UOEMD,Diagnosis,Load_Loaded_Speed_60Hz,CWRU_12k + CWRU_48k + HUST_Gearbox + HUST + Electric_Motor,Multi-Head DL (TABNET),0.625,0.5257321274763135,0.8791071428571429
UOEMD,Diagnosis,Load_Loaded_Speed_60Hz,CWRU_12k + CWRU_48k + HUST_Gearbox + PU + UORED,Multi-Head DL (TABNET),0.5,0.41666666666666663,0.8180357142857142
UOEMD,Diagnosis,Load_Loaded_Speed_60Hz,CWRU_12k + CWRU_48k + HUST_Gearbox + PU + Mechanical_Gear,Multi-Head DL (TABNET),0.625,0.5178571428571428,0.8967857142857143
UOEMD,Diagnosis,Load_Loaded_Speed_60Hz,CWRU_12k + CWRU_48k + HUST_Gearbox + PU + Electric_Motor,Multi-Head DL (TABNET),0.6625,0.629008152173913,0.9466071428571429
UOEMD,Diagnosis,Load_Loaded_Speed_60Hz,CWRU_12k + CWRU_48k + HUST_Gearbox + UORED + Mechanical_Gear,Multi-Head DL (TABNET),0.6,0.5341880341880342,0.8889285714285714
UOEMD,Diagnosis,Load_Loaded_Speed_60Hz,CWRU_12k + CWRU_48k + HUST_Gearbox + UORED + Electric_Motor,Multi-Head DL (TABNET),0.875,0.8556998556998556,0.9998214285714286
UOEMD,Diagnosis,Load_Loaded_Speed_60Hz,CWRU_12k + CWRU_48k + HUST_Gearbox + Mechanical_Gear + Electric_Motor,Multi-Head DL (TABNET),0.5,0.41666666666666663,0.8819642857142858
UOEMD,Diagnosis,Load_Loaded_Speed_60Hz,CWRU_12k + CWRU_48k + HUST + PU + UORED,Multi-Head DL (TABNET),0.5,0.41666666666666663,0.9428571428571428
UOEMD,Diagnosis,Load_Loaded_Speed_60Hz,CWRU_12k + CWRU_48k + HUST + PU + Mechanical_Gear,Multi-Head DL (TABNET),0.6,0.5247474747474747,0.8714285714285714
UOEMD,Diagnosis,Load_Loaded_Speed_60Hz,CWRU_12k + CWRU_48k + HUST + PU + Electric_Motor,Multi-Head DL (TABNET),0.475,0.40838703902613677,0.7676785714285714
UOEMD,Diagnosis,Load_Loaded_Speed_60Hz,CWRU_12k + CWRU_48k + HUST + UORED + Mechanical_Gear,Multi-Head DL (TABNET),0.625,0.55,0.9428571428571428
UOEMD,Diagnosis,Load_Loaded_Speed_60Hz,CWRU_12k + CWRU_48k + HUST + UORED + Electric_Motor,Multi-Head DL (TABNET),0.725,0.6622474747474747,0.9030357142857143
UOEMD,Diagnosis,Load_Loaded_Speed_60Hz,CWRU_12k + CWRU_48k + HUST + Mechanical_Gear + Electric_Motor,Multi-Head DL (TABNET),0.5,0.4375,0.8707142857142858
UOEMD,Diagnosis,Load_Loaded_Speed_60Hz,CWRU_12k + CWRU_48k + PU + UORED + Mechanical_Gear,Multi-Head DL (TABNET),0.5375,0.474025974025974,0.8482142857142857
UOEMD,Diagnosis,Load_Loaded_Speed_60Hz,CWRU_12k + CWRU_48k + PU + UORED + Electric_Motor,Multi-Head DL (TABNET),0.725,0.6547619047619047,0.9667857142857144
UOEMD,Diagnosis,Load_Loaded_Speed_60Hz,CWRU_12k + CWRU_48k + PU + Mechanical_Gear + Electric_Motor,Multi-Head DL (TABNET),0.6,0.5057565789473684,0.9308928571428572
UOEMD,Diagnosis,Load_Loaded_Speed_60Hz,CWRU_12k + CWRU_48k + UORED + Mechanical_Gear + Electric_Motor,Multi-Head DL (TABNET),0.625,0.55,0.844107142857143
UOEMD,Diagnosis,Load_Loaded_Speed_60Hz,CWRU_12k + HUST_Gearbox + HUST + PU + UORED,Multi-Head DL (TABNET),0.5375,0.474025974025974,0.9492857142857143
UOEMD,Diagnosis,Load_Loaded_Speed_60Hz,CWRU_12k + HUST_Gearbox + HUST + PU + Mechanical_Gear,Multi-Head DL (TABNET),0.725,0.6519031954887218,0.8967857142857143
UOEMD,Diagnosis,Load_Loaded_Speed_60Hz,CWRU_12k + HUST_Gearbox + HUST + PU + Electric_Motor,Multi-Head DL (TABNET),0.6125,0.5473118279569893,0.9241071428571429
UOEMD,Diagnosis,Load_Loaded_Speed_60Hz,CWRU_12k + HUST_Gearbox + HUST + UORED + Mechanical_Gear,Multi-Head DL (TABNET),0.7375,0.6627202219307482,0.96625
UOEMD,Diagnosis,Load_Loaded_Speed_60Hz,CWRU_12k + HUST_Gearbox + HUST + UORED + Electric_Motor,Multi-Head DL (TABNET),0.625,0.55,0.8730357142857142
UOEMD,Diagnosis,Load_Loaded_Speed_60Hz,CWRU_12k + HUST_Gearbox + HUST + Mechanical_Gear + Electric_Motor,Multi-Head DL (TABNET),0.625,0.55,0.8457142857142856
UOEMD,Diagnosis,Load_Loaded_Speed_60Hz,CWRU_12k + HUST_Gearbox + PU + UORED + Mechanical_Gear,Multi-Head DL (TABNET),0.7125,0.6559929494712103,0.9176785714285715
UOEMD,Diagnosis,Load_Loaded_Speed_60Hz,CWRU_12k + HUST_Gearbox + PU + UORED + Electric_Motor,Multi-Head DL (TABNET),0.65,0.5959674383587428,0.9730357142857142
UOEMD,Diagnosis,Load_Loaded_Speed_60Hz,CWRU_12k + HUST_Gearbox + PU + Mechanical_Gear + Electric_Motor,Multi-Head DL (TABNET),0.5875,0.4979891589438713,0.9394642857142858
UOEMD,Diagnosis,Load_Loaded_Speed_60Hz,CWRU_12k + HUST_Gearbox + UORED + Mechanical_Gear + Electric_Motor,Multi-Head DL (TABNET),0.44999999999999996,0.3796296296296296,0.8380357142857143
UOEMD,Diagnosis,Load_Loaded_Speed_60Hz,CWRU_12k + HUST + PU + UORED + Mechanical_Gear,Multi-Head DL (TABNET),0.6125,0.5163327526132404,0.9398214285714286
UOEMD,Diagnosis,Load_Loaded_Speed_60Hz,CWRU_12k + HUST + PU + UORED + Electric_Motor,Multi-Head DL (TABNET),0.375,0.29166666666666663,0.9171428571428571
UOEMD,Diagnosis,Load_Loaded_Speed_60Hz,CWRU_12k + HUST + PU + Mechanical_Gear + Electric_Motor,Multi-Head DL (TABNET),0.5625,0.46759259259259256,0.8875
UOEMD,Diagnosis,Load_Loaded_Speed_60Hz,CWRU_12k + HUST + UORED + Mechanical_Gear + Electric_Motor,Multi-Head DL (TABNET),0.4625,0.4173728813559322,0.875
UOEMD,Diagnosis,Load_Loaded_Speed_60Hz,CWRU_12k + PU + UORED + Mechanical_Gear + Electric_Motor,Multi-Head DL (TABNET),0.5125,0.4401001540832049,0.845
UOEMD,Diagnosis,Load_Loaded_Speed_60Hz,CWRU_48k + HUST_Gearbox + HUST + PU + UORED,Multi-Head DL (TABNET),0.5,0.39474772539288666,0.8848214285714286
UOEMD,Diagnosis,Load_Loaded_Speed_60Hz,CWRU_48k + HUST_Gearbox + HUST + PU + Mechanical_Gear,Multi-Head DL (TABNET),0.5,0.38830532212885155,0.90375
UOEMD,Diagnosis,Load_Loaded_Speed_60Hz,CWRU_48k + HUST_Gearbox + HUST + PU + Electric_Motor,Multi-Head DL (TABNET),0.5,0.44256756756756754,0.8628571428571429
UOEMD,Diagnosis,Load_Loaded_Speed_60Hz,CWRU_48k + HUST_Gearbox + HUST + UORED + Mechanical_Gear,Multi-Head DL (TABNET),0.625,0.5197477253928866,0.9794642857142857
UOEMD,Diagnosis,Load_Loaded_Speed_60Hz,CWRU_48k + HUST_Gearbox + HUST + UORED + Electric_Motor,Multi-Head DL (TABNET),0.5,0.41666666666666663,0.895
UOEMD,Diagnosis,Load_Loaded_Speed_60Hz,CWRU_48k + HUST_Gearbox + HUST + Mechanical_Gear + Electric_Motor,Multi-Head DL (TABNET),0.7125,0.6581978319783197,0.9469642857142857
UOEMD,Diagnosis,Load_Loaded_Speed_60Hz,CWRU_48k + HUST_Gearbox + PU + UORED + Mechanical_Gear,Multi-Head DL (TABNET),0.475,0.40171774038769115,0.9385714285714286
UOEMD,Diagnosis,Load_Loaded_Speed_60Hz,CWRU_48k + HUST_Gearbox + PU + UORED + Electric_Motor,Multi-Head DL (TABNET),0.4625,0.4038327526132404,0.7853571428571429
UOEMD,Diagnosis,Load_Loaded_Speed_60Hz,CWRU_48k + HUST_Gearbox + PU + Mechanical_Gear + Electric_Motor,Multi-Head DL (TABNET),0.5,0.41666666666666663,0.9348214285714286
UOEMD,Diagnosis,Load_Loaded_Speed_60Hz,CWRU_48k + HUST_Gearbox + UORED + Mechanical_Gear + Electric_Motor,Multi-Head DL (TABNET),0.65,0.5684523809523809,0.9530357142857143
UOEMD,Diagnosis,Load_Loaded_Speed_60Hz,CWRU_48k + HUST + PU + UORED + Mechanical_Gear,Multi-Head DL (TABNET),0.6,0.5126811594202898,0.8994642857142857
UOEMD,Diagnosis,Load_Loaded_Speed_60Hz,CWRU_48k + HUST + PU + UORED + Electric_Motor,Multi-Head DL (TABNET),0.625,0.5495395127748068,0.9158928571428572
UOEMD,Diagnosis,Load_Loaded_Speed_60Hz,CWRU_48k + HUST + PU + Mechanical_Gear + Electric_Motor,Multi-Head DL (TABNET),0.6875,0.6185897435897436,0.9482142857142857
UOEMD,Diagnosis,Load_Loaded_Speed_60Hz,CWRU_48k + HUST + UORED + Mechanical_Gear + Electric_Motor,Multi-Head DL (TABNET),0.625,0.5450680272108843,0.8903571428571428
UOEMD,Diagnosis,Load_Loaded_Speed_60Hz,CWRU_48k + PU + UORED + Mechanical_Gear + Electric_Motor,Multi-Head DL (TABNET),0.7625,0.6983225108225108,0.9780357142857143
UOEMD,Diagnosis,Load_Loaded_Speed_60Hz,HUST_Gearbox + HUST + PU + UORED + Mechanical_Gear,Multi-Head DL (TABNET),0.525,0.46875,0.9246428571428571
UOEMD,Diagnosis,Load_Loaded_Speed_60Hz,HUST_Gearbox + HUST + PU + UORED + Electric_Motor,Multi-Head DL (TABNET),0.6625,0.5828390607802372,0.9785714285714286
UOEMD,Diagnosis,Load_Loaded_Speed_60Hz,HUST_Gearbox + HUST + PU + Mechanical_Gear + Electric_Motor,Multi-Head DL (TABNET),0.55,0.48593073593073594,0.9339285714285714
UOEMD,Diagnosis,Load_Loaded_Speed_60Hz,HUST_Gearbox + HUST + UORED + Mechanical_Gear + Electric_Motor,Multi-Head DL (TABNET),0.5375,0.4826923076923077,0.8494642857142857
UOEMD,Diagnosis,Load_Loaded_Speed_60Hz,HUST_Gearbox + PU + UORED + Mechanical_Gear + Electric_Motor,Multi-Head DL (TABNET),0.6375000000000001,0.6081973581973582,0.9780357142857143
UOEMD,Diagnosis,Load_Loaded_Speed_60Hz,HUST + PU + UORED + Mechanical_Gear + Electric_Motor,Multi-Head DL (TABNET),0.525,0.45977011494252873,0.9969642857142857
UOEMD,Diagnosis,Load_Loaded_Speed_60Hz,CWRU_12k + CWRU_48k + HUST_Gearbox + HUST + PU + UORED,Multi-Head DL (TABNET),0.5875,0.5251109877913429,0.8832142857142857
UOEMD,Diagnosis,Load_Loaded_Speed_60Hz,CWRU_12k + CWRU_48k + HUST_Gearbox + HUST + PU + Mechanical_Gear,Multi-Head DL (TABNET),0.5875,0.49847560975609756,0.9337500000000001
UOEMD,Diagnosis,Load_Loaded_Speed_60Hz,CWRU_12k + CWRU_48k + HUST_Gearbox + HUST + PU + Electric_Motor,Multi-Head DL (TABNET),0.725,0.6414141414141414,0.9769642857142857
UOEMD,Diagnosis,Load_Loaded_Speed_60Hz,CWRU_12k + CWRU_48k + HUST_Gearbox + HUST + UORED + Mechanical_Gear,Multi-Head DL (TABNET),0.5,0.3924501424501424,0.8658928571428572
UOEMD,Diagnosis,Load_Loaded_Speed_60Hz,CWRU_12k + CWRU_48k + HUST_Gearbox + HUST + UORED + Electric_Motor,Multi-Head DL (TABNET),0.55,0.47023809523809523,0.8632142857142857
UOEMD,Diagnosis,Load_Loaded_Speed_60Hz,CWRU_12k + CWRU_48k + HUST_Gearbox + HUST + Mechanical_Gear + Electric_Motor,Multi-Head DL (TABNET),0.625,0.55,0.8982142857142859
UOEMD,Diagnosis,Load_Loaded_Speed_60Hz,CWRU_12k + CWRU_48k + HUST_Gearbox + PU + UORED + Mechanical_Gear,Multi-Head DL (TABNET),0.5375,0.4574579831932773,0.9332142857142858
UOEMD,Diagnosis,Load_Loaded_Speed_60Hz,CWRU_12k + CWRU_48k + HUST_Gearbox + PU + UORED + Electric_Motor,Multi-Head DL (TABNET),0.5,0.4173728813559322,0.9073214285714286
UOEMD,Diagnosis,Load_Loaded_Speed_60Hz,CWRU_12k + CWRU_48k + HUST_Gearbox + PU + Mechanical_Gear + Electric_Motor,Multi-Head DL (TABNET),0.6625,0.5982061416844026,0.8742857142857143
UOEMD,Diagnosis,Load_Loaded_Speed_60Hz,CWRU_12k + CWRU_48k + HUST_Gearbox + UORED + Mechanical_Gear + Electric_Motor,Multi-Head DL (TABNET),0.625,0.5233410000851861,0.979107142857143
UOEMD,Diagnosis,Load_Loaded_Speed_60Hz,CWRU_12k + CWRU_48k + HUST + PU + UORED + Mechanical_Gear,Multi-Head DL (TABNET),0.5,0.425,0.8798214285714285
UOEMD,Diagnosis,Load_Loaded_Speed_60Hz,CWRU_12k + CWRU_48k + HUST + PU + UORED + Electric_Motor,Multi-Head DL (TABNET),0.475,0.4801587301587301,0.8173214285714285
UOEMD,Diagnosis,Load_Loaded_Speed_60Hz,CWRU_12k + CWRU_48k + HUST + PU + Mechanical_Gear + Electric_Motor,Multi-Head DL (TABNET),0.3375,0.30533596837944665,0.7226785714285715
UOEMD,Diagnosis,Load_Loaded_Speed_60Hz,CWRU_12k + CWRU_48k + HUST + UORED + Mechanical_Gear + Electric_Motor,Multi-Head DL (TABNET),0.65,0.579983660130719,0.9505357142857143
UOEMD,Diagnosis,Load_Loaded_Speed_60Hz,CWRU_12k + CWRU_48k + PU + UORED + Mechanical_Gear + Electric_Motor,Multi-Head DL (TABNET),0.6625000000000001,0.6166666666666667,0.94625
UOEMD,Diagnosis,Load_Loaded_Speed_60Hz,CWRU_12k + HUST_Gearbox + HUST + PU + UORED + Mechanical_Gear,Multi-Head DL (TABNET),0.5,0.41666666666666663,0.8476785714285715
UOEMD,Diagnosis,Load_Loaded_Speed_60Hz,CWRU_12k + HUST_Gearbox + HUST + PU + UORED + Electric_Motor,Multi-Head DL (TABNET),0.4875,0.3767543859649123,0.9114285714285715
UOEMD,Diagnosis,Load_Loaded_Speed_60Hz,CWRU_12k + HUST_Gearbox + HUST + PU + Mechanical_Gear + Electric_Motor,Multi-Head DL (TABNET),0.7749999999999999,0.7486044657097288,0.99375
UOEMD,Diagnosis,Load_Loaded_Speed_60Hz,CWRU_12k + HUST_Gearbox + HUST + UORED + Mechanical_Gear + Electric_Motor,Multi-Head DL (TABNET),0.5,0.41290726817042606,0.8967857142857143
UOEMD,Diagnosis,Load_Loaded_Speed_60Hz,CWRU_12k + HUST_Gearbox + PU + UORED + Mechanical_Gear + Electric_Motor,Multi-Head DL (TABNET),0.5,0.40705128205128205,0.9303571428571429
UOEMD,Diagnosis,Load_Loaded_Speed_60Hz,CWRU_12k + HUST + PU + UORED + Mechanical_Gear + Electric_Motor,Multi-Head DL (TABNET),0.6625,0.5819792952145894,0.8741071428571429
UOEMD,Diagnosis,Load_Loaded_Speed_60Hz,CWRU_48k + HUST_Gearbox + HUST + PU + UORED + Mechanical_Gear,Multi-Head DL (TABNET),0.5,0.3954545454545455,0.8971428571428572
UOEMD,Diagnosis,Load_Loaded_Speed_60Hz,CWRU_48k + HUST_Gearbox + HUST + PU + UORED + Electric_Motor,Multi-Head DL (TABNET),0.5125,0.45639920424403185,0.8908928571428572
UOEMD,Diagnosis,Load_Loaded_Speed_60Hz,CWRU_48k + HUST_Gearbox + HUST + PU + Mechanical_Gear + Electric_Motor,Multi-Head DL (TABNET),0.4625,0.3724004753416518,0.9235714285714285
UOEMD,Diagnosis,Load_Loaded_Speed_60Hz,CWRU_48k + HUST_Gearbox + HUST + UORED + Mechanical_Gear + Electric_Motor,Multi-Head DL (TABNET),0.5625,0.48651960784313725,0.9164285714285714
UOEMD,Diagnosis,Load_Loaded_Speed_60Hz,CWRU_48k + HUST_Gearbox + PU + UORED + Mechanical_Gear + Electric_Motor,Multi-Head DL (TABNET),0.5875,0.5251109877913429,0.9135714285714287
UOEMD,Diagnosis,Load_Loaded_Speed_60Hz,CWRU_48k + HUST + PU + UORED + Mechanical_Gear + Electric_Motor,Multi-Head DL (TABNET),0.575,0.49696736304996625,0.8853571428571428
UOEMD,Diagnosis,Load_Loaded_Speed_60Hz,HUST_Gearbox + HUST + PU + UORED + Mechanical_Gear + Electric_Motor,Multi-Head DL (TABNET),0.525,0.44932983682983685,0.8833928571428571
UOEMD,Diagnosis,Load_Loaded_Speed_60Hz,CWRU_12k + CWRU_48k + HUST_Gearbox + HUST + PU + UORED + Mechanical_Gear,Multi-Head DL (TABNET),0.6375,0.5844871794871795,0.9525
UOEMD,Diagnosis,Load_Loaded_Speed_60Hz,CWRU_12k + CWRU_48k + HUST_Gearbox + HUST + PU + UORED + Electric_Motor,Multi-Head DL (TABNET),0.7625,0.7118298368298368,0.9573214285714285
UOEMD,Diagnosis,Load_Loaded_Speed_60Hz,CWRU_12k + CWRU_48k + HUST_Gearbox + HUST + PU + Mechanical_Gear + Electric_Motor,Multi-Head DL (TABNET),0.48750000000000004,0.4172222222222222,0.9119642857142857
UOEMD,Diagnosis,Load_Loaded_Speed_60Hz,CWRU_12k + CWRU_48k + HUST_Gearbox + HUST + UORED + Mechanical_Gear + Electric_Motor,Multi-Head DL (TABNET),0.675,0.6257763975155279,0.9721428571428572
UOEMD,Diagnosis,Load_Loaded_Speed_60Hz,CWRU_12k + CWRU_48k + HUST_Gearbox + PU + UORED + Mechanical_Gear + Electric_Motor,Multi-Head DL (TABNET),0.5625,0.48942028985507247,0.9192857142857143
UOEMD,Diagnosis,Load_Loaded_Speed_60Hz,CWRU_12k + CWRU_48k + HUST + PU + UORED + Mechanical_Gear + Electric_Motor,Multi-Head DL (TABNET),0.675,0.6013957307060755,0.9375
UOEMD,Diagnosis,Load_Loaded_Speed_60Hz,CWRU_12k + HUST_Gearbox + HUST + PU + UORED + Mechanical_Gear + Electric_Motor,Multi-Head DL (TABNET),0.6625000000000001,0.5996373067212648,0.9078571428571429
UOEMD,Diagnosis,Load_Loaded_Speed_60Hz,CWRU_48k + HUST_Gearbox + HUST + PU + UORED + Mechanical_Gear + Electric_Motor,Multi-Head DL (TABNET),0.5,0.425,0.8789285714285715
UOEMD,Diagnosis,Load_Loaded_Speed_60Hz,CWRU_12k + CWRU_48k + HUST_Gearbox + HUST + PU + UORED + Mechanical_Gear + Electric_Motor,Multi-Head DL (TABNET),0.5,0.41128908937992203,0.8925000000000001
UOEMD,Diagnosis,Load_Loaded_Speed_Dec_45_to_15Hz,CWRU_12k,Multi-Head DL (TABNET),0.6375,0.6381436363344257,0.9219642857142858
UOEMD,Diagnosis,Load_Loaded_Speed_Dec_45_to_15Hz,CWRU_48k,Multi-Head DL (TABNET),0.7375,0.7291097937150568,0.9533928571428572
UOEMD,Diagnosis,Load_Loaded_Speed_Dec_45_to_15Hz,HUST_Gearbox,Multi-Head DL (TABNET),0.725,0.7273602300692084,0.9383928571428571
UOEMD,Diagnosis,Load_Loaded_Speed_Dec_45_to_15Hz,HUST,Multi-Head DL (TABNET),0.6625,0.6621861552989738,0.9205357142857142
UOEMD,Diagnosis,Load_Loaded_Speed_Dec_45_to_15Hz,PU,Multi-Head DL (TABNET),0.7625,0.7624682176455633,0.9433928571428571
UOEMD,Diagnosis,Load_Loaded_Speed_Dec_45_to_15Hz,UORED,Multi-Head DL (TABNET),0.7999999999999999,0.8022928164400771,0.9519642857142857
UOEMD,Diagnosis,Load_Loaded_Speed_Dec_45_to_15Hz,Mechanical_Gear,Multi-Head DL (TABNET),0.7125,0.718065268065268,0.9469642857142857
UOEMD,Diagnosis,Load_Loaded_Speed_Dec_45_to_15Hz,Electric_Motor,Multi-Head DL (TABNET),0.7125,0.7140277777777778,0.9430357142857142
UOEMD,Diagnosis,Load_Loaded_Speed_Dec_45_to_15Hz,CWRU_12k + CWRU_48k,Multi-Head DL (TABNET),0.675,0.6692316540142627,0.9314285714285715
UOEMD,Diagnosis,Load_Loaded_Speed_Dec_45_to_15Hz,CWRU_12k + HUST_Gearbox,Multi-Head DL (TABNET),0.6124999999999999,0.604294304766441,0.9130357142857144
UOEMD,Diagnosis,Load_Loaded_Speed_Dec_45_to_15Hz,CWRU_12k + HUST,Multi-Head DL (TABNET),0.6500000000000001,0.6513963804438633,0.9178571428571429
UOEMD,Diagnosis,Load_Loaded_Speed_Dec_45_to_15Hz,CWRU_12k + PU,Multi-Head DL (TABNET),0.55,0.5451984126984126,0.8544642857142857
UOEMD,Diagnosis,Load_Loaded_Speed_Dec_45_to_15Hz,CWRU_12k + UORED,Multi-Head DL (TABNET),0.7,0.6968188854489165,0.9282142857142857
UOEMD,Diagnosis,Load_Loaded_Speed_Dec_45_to_15Hz,CWRU_12k + Mechanical_Gear,Multi-Head DL (TABNET),0.75,0.7434947299077734,0.9505357142857143
UOEMD,Diagnosis,Load_Loaded_Speed_Dec_45_to_15Hz,CWRU_12k + Electric_Motor,Multi-Head DL (TABNET),0.7625,0.7601495726495727,0.9723214285714286
UOEMD,Diagnosis,Load_Loaded_Speed_Dec_45_to_15Hz,CWRU_48k + HUST_Gearbox,Multi-Head DL (TABNET),0.725,0.7213248398774714,0.9569642857142857
UOEMD,Diagnosis,Load_Loaded_Speed_Dec_45_to_15Hz,CWRU_48k + HUST,Multi-Head DL (TABNET),0.7,0.6953702364886575,0.9444642857142858
UOEMD,Diagnosis,Load_Loaded_Speed_Dec_45_to_15Hz,CWRU_48k + PU,Multi-Head DL (TABNET),0.65,0.6309389140271493,0.8957142857142857
UOEMD,Diagnosis,Load_Loaded_Speed_Dec_45_to_15Hz,CWRU_48k + UORED,Multi-Head DL (TABNET),0.7625,0.7627476814177582,0.9625
UOEMD,Diagnosis,Load_Loaded_Speed_Dec_45_to_15Hz,CWRU_48k + Mechanical_Gear,Multi-Head DL (TABNET),0.7124999999999999,0.7146584637599579,0.9594642857142858
UOEMD,Diagnosis,Load_Loaded_Speed_Dec_45_to_15Hz,CWRU_48k + Electric_Motor,Multi-Head DL (TABNET),0.7250000000000001,0.7252747252747253,0.9446428571428571
UOEMD,Diagnosis,Load_Loaded_Speed_Dec_45_to_15Hz,HUST_Gearbox + HUST,Multi-Head DL (TABNET),0.7,0.6957636566332218,0.9332142857142858
UOEMD,Diagnosis,Load_Loaded_Speed_Dec_45_to_15Hz,HUST_Gearbox + PU,Multi-Head DL (TABNET),0.5375000000000001,0.4848260393612717,0.8983928571428572
UOEMD,Diagnosis,Load_Loaded_Speed_Dec_45_to_15Hz,HUST_Gearbox + UORED,Multi-Head DL (TABNET),0.6625000000000001,0.652727024384633,0.9542857142857144
UOEMD,Diagnosis,Load_Loaded_Speed_Dec_45_to_15Hz,HUST_Gearbox + Mechanical_Gear,Multi-Head DL (TABNET),0.6875,0.6890142953733218,0.9348214285714285
UOEMD,Diagnosis,Load_Loaded_Speed_Dec_45_to_15Hz,HUST_Gearbox + Electric_Motor,Multi-Head DL (TABNET),0.7124999999999999,0.7052110405859229,0.9314285714285715
UOEMD,Diagnosis,Load_Loaded_Speed_Dec_45_to_15Hz,HUST + PU,Multi-Head DL (TABNET),0.575,0.5669796093494607,0.8692857142857142
UOEMD,Diagnosis,Load_Loaded_Speed_Dec_45_to_15Hz,HUST + UORED,Multi-Head DL (TABNET),0.7375,0.7276785714285714,0.9405357142857143
UOEMD,Diagnosis,Load_Loaded_Speed_Dec_45_to_15Hz,HUST + Mechanical_Gear,Multi-Head DL (TABNET),0.7000000000000001,0.7024665080957526,0.9285714285714286
UOEMD,Diagnosis,Load_Loaded_Speed_Dec_45_to_15Hz,HUST + Electric_Motor,Multi-Head DL (TABNET),0.6875,0.6446040372670807,0.9430357142857143
UOEMD,Diagnosis,Load_Loaded_Speed_Dec_45_to_15Hz,PU + UORED,Multi-Head DL (TABNET),0.6625,0.6630254140349712,0.9128571428571428
UOEMD,Diagnosis,Load_Loaded_Speed_Dec_45_to_15Hz,PU + Mechanical_Gear,Multi-Head DL (TABNET),0.5875,0.5552880988736252,0.8816071428571428
UOEMD,Diagnosis,Load_Loaded_Speed_Dec_45_to_15Hz,PU + Electric_Motor,Multi-Head DL (TABNET),0.6749999999999999,0.6544798450976941,0.9016071428571428
UOEMD,Diagnosis,Load_Loaded_Speed_Dec_45_to_15Hz,UORED + Mechanical_Gear,Multi-Head DL (TABNET),0.7625,0.7624416433239962,0.9358928571428571
UOEMD,Diagnosis,Load_Loaded_Speed_Dec_45_to_15Hz,UORED + Electric_Motor,Multi-Head DL (TABNET),0.725,0.7224250046908716,0.9635714285714285
UOEMD,Diagnosis,Load_Loaded_Speed_Dec_45_to_15Hz,Mechanical_Gear + Electric_Motor,Multi-Head DL (TABNET),0.7625,0.76807651151439,0.9539285714285715
UOEMD,Diagnosis,Load_Loaded_Speed_Dec_45_to_15Hz,CWRU_12k + CWRU_48k + HUST_Gearbox,Multi-Head DL (TABNET),0.6,0.5954946469434456,0.9135714285714286
UOEMD,Diagnosis,Load_Loaded_Speed_Dec_45_to_15Hz,CWRU_12k + CWRU_48k + HUST,Multi-Head DL (TABNET),0.6624999999999999,0.6561723912052859,0.93875
UOEMD,Diagnosis,Load_Loaded_Speed_Dec_45_to_15Hz,CWRU_12k + CWRU_48k + PU,Multi-Head DL (TABNET),0.525,0.4867178364723947,0.8832142857142857
UOEMD,Diagnosis,Load_Loaded_Speed_Dec_45_to_15Hz,CWRU_12k + CWRU_48k + UORED,Multi-Head DL (TABNET),0.675,0.6840102707749767,0.9285714285714286
UOEMD,Diagnosis,Load_Loaded_Speed_Dec_45_to_15Hz,CWRU_12k + CWRU_48k + Mechanical_Gear,Multi-Head DL (TABNET),0.625,0.6092233072412101,0.9242857142857144
UOEMD,Diagnosis,Load_Loaded_Speed_Dec_45_to_15Hz,CWRU_12k + CWRU_48k + Electric_Motor,Multi-Head DL (TABNET),0.7,0.6913021618903972,0.9217857142857143
UOEMD,Diagnosis,Load_Loaded_Speed_Dec_45_to_15Hz,CWRU_12k + HUST_Gearbox + HUST,Multi-Head DL (TABNET),0.625,0.6291541061277903,0.9307142857142857
UOEMD,Diagnosis,Load_Loaded_Speed_Dec_45_to_15Hz,CWRU_12k + HUST_Gearbox + PU,Multi-Head DL (TABNET),0.6625,0.5970336115497406,0.8928571428571428
UOEMD,Diagnosis,Load_Loaded_Speed_Dec_45_to_15Hz,CWRU_12k + HUST_Gearbox + UORED,Multi-Head DL (TABNET),0.6,0.6000461719389614,0.8823214285714286
UOEMD,Diagnosis,Load_Loaded_Speed_Dec_45_to_15Hz,CWRU_12k + HUST_Gearbox + Mechanical_Gear,Multi-Head DL (TABNET),0.7124999999999999,0.7190011941084595,0.92125
UOEMD,Diagnosis,Load_Loaded_Speed_Dec_45_to_15Hz,CWRU_12k + HUST_Gearbox + Electric_Motor,Multi-Head DL (TABNET),0.6375,0.6333418691656677,0.9105357142857142
UOEMD,Diagnosis,Load_Loaded_Speed_Dec_45_to_15Hz,CWRU_12k + HUST + PU,Multi-Head DL (TABNET),0.5125000000000001,0.49205545892726194,0.8735714285714287
UOEMD,Diagnosis,Load_Loaded_Speed_Dec_45_to_15Hz,CWRU_12k + HUST + UORED,Multi-Head DL (TABNET),0.6625000000000001,0.6514625420875422,0.9360714285714286
UOEMD,Diagnosis,Load_Loaded_Speed_Dec_45_to_15Hz,CWRU_12k + HUST + Mechanical_Gear,Multi-Head DL (TABNET),0.6000000000000001,0.5825347446670976,0.9082142857142856
UOEMD,Diagnosis,Load_Loaded_Speed_Dec_45_to_15Hz,CWRU_12k + HUST + Electric_Motor,Multi-Head DL (TABNET),0.6749999999999999,0.6507711038961039,0.9142857142857143
UOEMD,Diagnosis,Load_Loaded_Speed_Dec_45_to_15Hz,CWRU_12k + PU + UORED,Multi-Head DL (TABNET),0.5125,0.4642179005989747,0.8771428571428572
UOEMD,Diagnosis,Load_Loaded_Speed_Dec_45_to_15Hz,CWRU_12k + PU + Mechanical_Gear,Multi-Head DL (TABNET),0.55,0.5430990159221584,0.8191071428571428
UOEMD,Diagnosis,Load_Loaded_Speed_Dec_45_to_15Hz,CWRU_12k + PU + Electric_Motor,Multi-Head DL (TABNET),0.49999999999999994,0.45629239853377784,0.8367857142857142
UOEMD,Diagnosis,Load_Loaded_Speed_Dec_45_to_15Hz,CWRU_12k + UORED + Mechanical_Gear,Multi-Head DL (TABNET),0.7,0.691471518677401,0.9196428571428571
UOEMD,Diagnosis,Load_Loaded_Speed_Dec_45_to_15Hz,CWRU_12k + UORED + Electric_Motor,Multi-Head DL (TABNET),0.7125,0.712218045112782,0.9401785714285713
UOEMD,Diagnosis,Load_Loaded_Speed_Dec_45_to_15Hz,CWRU_12k + Mechanical_Gear + Electric_Motor,Multi-Head DL (TABNET),0.6875,0.678623188405797,0.9201785714285715
UOEMD,Diagnosis,Load_Loaded_Speed_Dec_45_to_15Hz,CWRU_48k + HUST_Gearbox + HUST,Multi-Head DL (TABNET),0.6125,0.6059981684981685,0.9075
UOEMD,Diagnosis,Load_Loaded_Speed_Dec_45_to_15Hz,CWRU_48k + HUST_Gearbox + PU,Multi-Head DL (TABNET),0.625,0.6044871794871794,0.8955357142857143
UOEMD,Diagnosis,Load_Loaded_Speed_Dec_45_to_15Hz,CWRU_48k + HUST_Gearbox + UORED,Multi-Head DL (TABNET),0.7625,0.759703425229741,0.9558928571428571
UOEMD,Diagnosis,Load_Loaded_Speed_Dec_45_to_15Hz,CWRU_48k + HUST_Gearbox + Mechanical_Gear,Multi-Head DL (TABNET),0.7250000000000001,0.7225841311998601,0.9333928571428571
UOEMD,Diagnosis,Load_Loaded_Speed_Dec_45_to_15Hz,CWRU_48k + HUST_Gearbox + Electric_Motor,Multi-Head DL (TABNET),0.675,0.6615473342447027,0.9333928571428571
UOEMD,Diagnosis,Load_Loaded_Speed_Dec_45_to_15Hz,CWRU_48k + HUST + PU,Multi-Head DL (TABNET),0.4875,0.44680767724245984,0.8505357142857143
UOEMD,Diagnosis,Load_Loaded_Speed_Dec_45_to_15Hz,CWRU_48k + HUST + UORED,Multi-Head DL (TABNET),0.7875000000000001,0.7879694707783953,0.9496428571428572
UOEMD,Diagnosis,Load_Loaded_Speed_Dec_45_to_15Hz,CWRU_48k + HUST + Mechanical_Gear,Multi-Head DL (TABNET),0.6875,0.6839446195144725,0.935
UOEMD,Diagnosis,Load_Loaded_Speed_Dec_45_to_15Hz,CWRU_48k + HUST + Electric_Motor,Multi-Head DL (TABNET),0.6625000000000001,0.6633585642494984,0.9417857142857142
UOEMD,Diagnosis,Load_Loaded_Speed_Dec_45_to_15Hz,CWRU_48k + PU + UORED,Multi-Head DL (TABNET),0.575,0.5820901170085953,0.89375
UOEMD,Diagnosis,Load_Loaded_Speed_Dec_45_to_15Hz,CWRU_48k + PU + Mechanical_Gear,Multi-Head DL (TABNET),0.5125,0.480660903101081,0.8455357142857143
UOEMD,Diagnosis,Load_Loaded_Speed_Dec_45_to_15Hz,CWRU_48k + PU + Electric_Motor,Multi-Head DL (TABNET),0.5625,0.535844363969364,0.8667857142857143
UOEMD,Diagnosis,Load_Loaded_Speed_Dec_45_to_15Hz,CWRU_48k + UORED + Mechanical_Gear,Multi-Head DL (TABNET),0.7125,0.7127329192546583,0.9464285714285714
UOEMD,Diagnosis,Load_Loaded_Speed_Dec_45_to_15Hz,CWRU_48k + UORED + Electric_Motor,Multi-Head DL (TABNET),0.6625000000000001,0.6684166223639908,0.9294642857142857
UOEMD,Diagnosis,Load_Loaded_Speed_Dec_45_to_15Hz,CWRU_48k + Mechanical_Gear + Electric_Motor,Multi-Head DL (TABNET),0.7,0.6962092731829574,0.93625
UOEMD,Diagnosis,Load_Loaded_Speed_Dec_45_to_15Hz,HUST_Gearbox + HUST + PU,Multi-Head DL (TABNET),0.5625,0.5098998917748918,0.8891071428571429
UOEMD,Diagnosis,Load_Loaded_Speed_Dec_45_to_15Hz,HUST_Gearbox + HUST + UORED,Multi-Head DL (TABNET),0.7125,0.7098531902879729,0.9403571428571429
UOEMD,Diagnosis,Load_Loaded_Speed_Dec_45_to_15Hz,HUST_Gearbox + HUST + Mechanical_Gear,Multi-Head DL (TABNET),0.7,0.6720610360484502,0.9210714285714285
UOEMD,Diagnosis,Load_Loaded_Speed_Dec_45_to_15Hz,HUST_Gearbox + HUST + Electric_Motor,Multi-Head DL (TABNET),0.7125000000000001,0.7018252152119429,0.9425
UOEMD,Diagnosis,Load_Loaded_Speed_Dec_45_to_15Hz,HUST_Gearbox + PU + UORED,Multi-Head DL (TABNET),0.5375,0.5243555951217242,0.8926785714285714
UOEMD,Diagnosis,Load_Loaded_Speed_Dec_45_to_15Hz,HUST_Gearbox + PU + Mechanical_Gear,Multi-Head DL (TABNET),0.525,0.5230870840639147,0.8905357142857142
UOEMD,Diagnosis,Load_Loaded_Speed_Dec_45_to_15Hz,HUST_Gearbox + PU + Electric_Motor,Multi-Head DL (TABNET),0.525,0.5074928774928775,0.9030357142857143
UOEMD,Diagnosis,Load_Loaded_Speed_Dec_45_to_15Hz,HUST_Gearbox + UORED + Mechanical_Gear,Multi-Head DL (TABNET),0.7125,0.6959825375773652,0.9285714285714285
UOEMD,Diagnosis,Load_Loaded_Speed_Dec_45_to_15Hz,HUST_Gearbox + UORED + Electric_Motor,Multi-Head DL (TABNET),0.8125,0.8073703279938977,0.9632142857142857
UOEMD,Diagnosis,Load_Loaded_Speed_Dec_45_to_15Hz,HUST_Gearbox + Mechanical_Gear + Electric_Motor,Multi-Head DL (TABNET),0.7124999999999999,0.7065285409035409,0.9564285714285714
UOEMD,Diagnosis,Load_Loaded_Speed_Dec_45_to_15Hz,HUST + PU + UORED,Multi-Head DL (TABNET),0.6000000000000001,0.5713180678970153,0.8880357142857143
UOEMD,Diagnosis,Load_Loaded_Speed_Dec_45_to_15Hz,HUST + PU + Mechanical_Gear,Multi-Head DL (TABNET),0.525,0.4904141910720858,0.8896428571428572
UOEMD,Diagnosis,Load_Loaded_Speed_Dec_45_to_15Hz,HUST + PU + Electric_Motor,Multi-Head DL (TABNET),0.6499999999999999,0.617202685421995,0.91875
UOEMD,Diagnosis,Load_Loaded_Speed_Dec_45_to_15Hz,HUST + UORED + Mechanical_Gear,Multi-Head DL (TABNET),0.7625000000000001,0.759949018092779,0.9492857142857143
UOEMD,Diagnosis,Load_Loaded_Speed_Dec_45_to_15Hz,HUST + UORED + Electric_Motor,Multi-Head DL (TABNET),0.675,0.6656539732197627,0.9328571428571428
UOEMD,Diagnosis,Load_Loaded_Speed_Dec_45_to_15Hz,HUST + Mechanical_Gear + Electric_Motor,Multi-Head DL (TABNET),0.7124999999999999,0.7010778758490429,0.9264285714285715
UOEMD,Diagnosis,Load_Loaded_Speed_Dec_45_to_15Hz,PU + UORED + Mechanical_Gear,Multi-Head DL (TABNET),0.6375,0.6333991842350974,0.8941071428571429
UOEMD,Diagnosis,Load_Loaded_Speed_Dec_45_to_15Hz,PU + UORED + Electric_Motor,Multi-Head DL (TABNET),0.6625000000000001,0.6405659155659156,0.9148214285714286
UOEMD,Diagnosis,Load_Loaded_Speed_Dec_45_to_15Hz,PU + Mechanical_Gear + Electric_Motor,Multi-Head DL (TABNET),0.675,0.6542987100796431,0.9026785714285714
UOEMD,Diagnosis,Load_Loaded_Speed_Dec_45_to_15Hz,UORED + Mechanical_Gear + Electric_Motor,Multi-Head DL (TABNET),0.7625000000000001,0.7614583333333333,0.9416071428571429
UOEMD,Diagnosis,Load_Loaded_Speed_Dec_45_to_15Hz,CWRU_12k + CWRU_48k + HUST_Gearbox + HUST,Multi-Head DL (TABNET),0.6625,0.6500190985485104,0.9267857142857143
UOEMD,Diagnosis,Load_Loaded_Speed_Dec_45_to_15Hz,CWRU_12k + CWRU_48k + HUST_Gearbox + PU,Multi-Head DL (TABNET),0.6125,0.5997437154759809,0.8471428571428572
UOEMD,Diagnosis,Load_Loaded_Speed_Dec_45_to_15Hz,CWRU_12k + CWRU_48k + HUST_Gearbox + UORED,Multi-Head DL (TABNET),0.675,0.6682004643962848,0.9044642857142857
UOEMD,Diagnosis,Load_Loaded_Speed_Dec_45_to_15Hz,CWRU_12k + CWRU_48k + HUST_Gearbox + Mechanical_Gear,Multi-Head DL (TABNET),0.7124999999999999,0.7059845353749485,0.9492857142857143
UOEMD,Diagnosis,Load_Loaded_Speed_Dec_45_to_15Hz,CWRU_12k + CWRU_48k + HUST_Gearbox + Electric_Motor,Multi-Head DL (TABNET),0.7125,0.6851190476190476,0.9501785714285713
UOEMD,Diagnosis,Load_Loaded_Speed_Dec_45_to_15Hz,CWRU_12k + CWRU_48k + HUST + PU,Multi-Head DL (TABNET),0.625,0.6177204181267648,0.8775000000000001
UOEMD,Diagnosis,Load_Loaded_Speed_Dec_45_to_15Hz,CWRU_12k + CWRU_48k + HUST + UORED,Multi-Head DL (TABNET),0.6499999999999999,0.6389807852965748,0.9353571428571428
UOEMD,Diagnosis,Load_Loaded_Speed_Dec_45_to_15Hz,CWRU_12k + CWRU_48k + HUST + Mechanical_Gear,Multi-Head DL (TABNET),0.65,0.6547293108993877,0.9183928571428572
UOEMD,Diagnosis,Load_Loaded_Speed_Dec_45_to_15Hz,CWRU_12k + CWRU_48k + HUST + Electric_Motor,Multi-Head DL (TABNET),0.7,0.6926282051282051,0.9319642857142858
UOEMD,Diagnosis,Load_Loaded_Speed_Dec_45_to_15Hz,CWRU_12k + CWRU_48k + PU + UORED,Multi-Head DL (TABNET),0.5875,0.5730661881977672,0.88375
UOEMD,Diagnosis,Load_Loaded_Speed_Dec_45_to_15Hz,CWRU_12k + CWRU_48k + PU + Mechanical_Gear,Multi-Head DL (TABNET),0.625,0.6097514928237434,0.9025000000000001
UOEMD,Diagnosis,Load_Loaded_Speed_Dec_45_to_15Hz,CWRU_12k + CWRU_48k + PU + Electric_Motor,Multi-Head DL (TABNET),0.525,0.5230420666290232,0.8866071428571429
UOEMD,Diagnosis,Load_Loaded_Speed_Dec_45_to_15Hz,CWRU_12k + CWRU_48k + UORED + Mechanical_Gear,Multi-Head DL (TABNET),0.625,0.6228696741854636,0.9107142857142857
UOEMD,Diagnosis,Load_Loaded_Speed_Dec_45_to_15Hz,CWRU_12k + CWRU_48k + UORED + Electric_Motor,Multi-Head DL (TABNET),0.65,0.6382422402159244,0.91625
UOEMD,Diagnosis,Load_Loaded_Speed_Dec_45_to_15Hz,CWRU_12k + CWRU_48k + Mechanical_Gear + Electric_Motor,Multi-Head DL (TABNET),0.675,0.662543353332827,0.9401785714285714
UOEMD,Diagnosis,Load_Loaded_Speed_Dec_45_to_15Hz,CWRU_12k + HUST_Gearbox + HUST + PU,Multi-Head DL (TABNET),0.5,0.4534027095304023,0.8771428571428572
UOEMD,Diagnosis,Load_Loaded_Speed_Dec_45_to_15Hz,CWRU_12k + HUST_Gearbox + HUST + UORED,Multi-Head DL (TABNET),0.675,0.6737608086712945,0.9178571428571428
UOEMD,Diagnosis,Load_Loaded_Speed_Dec_45_to_15Hz,CWRU_12k + HUST_Gearbox + HUST + Mechanical_Gear,Multi-Head DL (TABNET),0.5625,0.5559436274509804,0.9241071428571428
UOEMD,Diagnosis,Load_Loaded_Speed_Dec_45_to_15Hz,CWRU_12k + HUST_Gearbox + HUST + Electric_Motor,Multi-Head DL (TABNET),0.6625000000000001,0.6630393749622447,0.9135714285714285
UOEMD,Diagnosis,Load_Loaded_Speed_Dec_45_to_15Hz,CWRU_12k + HUST_Gearbox + PU + UORED,Multi-Head DL (TABNET),0.5625,0.5522389446302489,0.8703571428571428
UOEMD,Diagnosis,Load_Loaded_Speed_Dec_45_to_15Hz,CWRU_12k + HUST_Gearbox + PU + Mechanical_Gear,Multi-Head DL (TABNET),0.65,0.6444805194805194,0.8783928571428571
UOEMD,Diagnosis,Load_Loaded_Speed_Dec_45_to_15Hz,CWRU_12k + HUST_Gearbox + PU + Electric_Motor,Multi-Head DL (TABNET),0.625,0.6142889671817691,0.8976785714285714
UOEMD,Diagnosis,Load_Loaded_Speed_Dec_45_to_15Hz,CWRU_12k + HUST_Gearbox + UORED + Mechanical_Gear,Multi-Head DL (TABNET),0.725,0.7263305322128852,0.9123214285714285
UOEMD,Diagnosis,Load_Loaded_Speed_Dec_45_to_15Hz,CWRU_12k + HUST_Gearbox + UORED + Electric_Motor,Multi-Head DL (TABNET),0.7,0.6871029785431959,0.9260714285714287
UOEMD,Diagnosis,Load_Loaded_Speed_Dec_45_to_15Hz,CWRU_12k + HUST_Gearbox + Mechanical_Gear + Electric_Motor,Multi-Head DL (TABNET),0.6125,0.6044430950811353,0.9175
UOEMD,Diagnosis,Load_Loaded_Speed_Dec_45_to_15Hz,CWRU_12k + HUST + PU + UORED,Multi-Head DL (TABNET),0.5625,0.5294507575757575,0.8298214285714286
UOEMD,Diagnosis,Load_Loaded_Speed_Dec_45_to_15Hz,CWRU_12k + HUST + PU + Mechanical_Gear,Multi-Head DL (TABNET),0.55,0.5432803307803308,0.8958928571428572
UOEMD,Diagnosis,Load_Loaded_Speed_Dec_45_to_15Hz,CWRU_12k + HUST + PU + Electric_Motor,Multi-Head DL (TABNET),0.575,0.5489351721549864,0.8842857142857143
UOEMD,Diagnosis,Load_Loaded_Speed_Dec_45_to_15Hz,CWRU_12k + HUST + UORED + Mechanical_Gear,Multi-Head DL (TABNET),0.6499999999999999,0.6403743064927275,0.9103571428571429
UOEMD,Diagnosis,Load_Loaded_Speed_Dec_45_to_15Hz,CWRU_12k + HUST + UORED + Electric_Motor,Multi-Head DL (TABNET),0.6499999999999999,0.6553744768658452,0.9083928571428572
UOEMD,Diagnosis,Load_Loaded_Speed_Dec_45_to_15Hz,CWRU_12k + HUST + Mechanical_Gear + Electric_Motor,Multi-Head DL (TABNET),0.725,0.7245413165266106,0.9275
UOEMD,Diagnosis,Load_Loaded_Speed_Dec_45_to_15Hz,CWRU_12k + PU + UORED + Mechanical_Gear,Multi-Head DL (TABNET),0.6000000000000001,0.5857384884992066,0.8805357142857142
UOEMD,Diagnosis,Load_Loaded_Speed_Dec_45_to_15Hz,CWRU_12k + PU + UORED + Electric_Motor,Multi-Head DL (TABNET),0.55,0.5281375787954735,0.8594642857142858
UOEMD,Diagnosis,Load_Loaded_Speed_Dec_45_to_15Hz,CWRU_12k + PU + Mechanical_Gear + Electric_Motor,Multi-Head DL (TABNET),0.5625,0.5356481481481482,0.8892857142857142
UOEMD,Diagnosis,Load_Loaded_Speed_Dec_45_to_15Hz,CWRU_12k + UORED + Mechanical_Gear + Electric_Motor,Multi-Head DL (TABNET),0.7250000000000001,0.712640056022409,0.9114285714285715
UOEMD,Diagnosis,Load_Loaded_Speed_Dec_45_to_15Hz,CWRU_48k + HUST_Gearbox + HUST + PU,Multi-Head DL (TABNET),0.55,0.5388747862045076,0.8853571428571428
UOEMD,Diagnosis,Load_Loaded_Speed_Dec_45_to_15Hz,CWRU_48k + HUST_Gearbox + HUST + UORED,Multi-Head DL (TABNET),0.6875,0.6958786231884058,0.9255357142857144
UOEMD,Diagnosis,Load_Loaded_Speed_Dec_45_to_15Hz,CWRU_48k + HUST_Gearbox + HUST + Mechanical_Gear,Multi-Head DL (TABNET),0.7,0.692191338073691,0.9492857142857143
UOEMD,Diagnosis,Load_Loaded_Speed_Dec_45_to_15Hz,CWRU_48k + HUST_Gearbox + HUST + Electric_Motor,Multi-Head DL (TABNET),0.6125,0.5708455165692008,0.9203571428571429
UOEMD,Diagnosis,Load_Loaded_Speed_Dec_45_to_15Hz,CWRU_48k + HUST_Gearbox + PU + UORED,Multi-Head DL (TABNET),0.5625,0.5366011705685618,0.8941071428571429
UOEMD,Diagnosis,Load_Loaded_Speed_Dec_45_to_15Hz,CWRU_48k + HUST_Gearbox + PU + Mechanical_Gear,Multi-Head DL (TABNET),0.65,0.6266414141414142,0.9058928571428572
UOEMD,Diagnosis,Load_Loaded_Speed_Dec_45_to_15Hz,CWRU_48k + HUST_Gearbox + PU + Electric_Motor,Multi-Head DL (TABNET),0.5625,0.5745554883712778,0.8560714285714286
UOEMD,Diagnosis,Load_Loaded_Speed_Dec_45_to_15Hz,CWRU_48k + HUST_Gearbox + UORED + Mechanical_Gear,Multi-Head DL (TABNET),0.6125,0.6046110751993106,0.91625
UOEMD,Diagnosis,Load_Loaded_Speed_Dec_45_to_15Hz,CWRU_48k + HUST_Gearbox + UORED + Electric_Motor,Multi-Head DL (TABNET),0.8,0.8046517027863778,0.9430357142857143
UOEMD,Diagnosis,Load_Loaded_Speed_Dec_45_to_15Hz,CWRU_48k + HUST_Gearbox + Mechanical_Gear + Electric_Motor,Multi-Head DL (TABNET),0.75,0.73992673992674,0.9464285714285714
UOEMD,Diagnosis,Load_Loaded_Speed_Dec_45_to_15Hz,CWRU_48k + HUST + PU + UORED,Multi-Head DL (TABNET),0.5625,0.5428422152560084,0.8905357142857143
UOEMD,Diagnosis,Load_Loaded_Speed_Dec_45_to_15Hz,CWRU_48k + HUST + PU + Mechanical_Gear,Multi-Head DL (TABNET),0.5874999999999999,0.5790302994107343,0.86875
UOEMD,Diagnosis,Load_Loaded_Speed_Dec_45_to_15Hz,CWRU_48k + HUST + PU + Electric_Motor,Multi-Head DL (TABNET),0.5625,0.5141450739276825,0.8730357142857144
UOEMD,Diagnosis,Load_Loaded_Speed_Dec_45_to_15Hz,CWRU_48k + HUST + UORED + Mechanical_Gear,Multi-Head DL (TABNET),0.6375,0.6284483490365844,0.926607142857143
UOEMD,Diagnosis,Load_Loaded_Speed_Dec_45_to_15Hz,CWRU_48k + HUST + UORED + Electric_Motor,Multi-Head DL (TABNET),0.6625,0.6548493173493173,0.9371428571428572
UOEMD,Diagnosis,Load_Loaded_Speed_Dec_45_to_15Hz,CWRU_48k + HUST + Mechanical_Gear + Electric_Motor,Multi-Head DL (TABNET),0.6875,0.6879446306258635,0.9360714285714287
UOEMD,Diagnosis,Load_Loaded_Speed_Dec_45_to_15Hz,CWRU_48k + PU + UORED + Mechanical_Gear,Multi-Head DL (TABNET),0.625,0.6149496336996336,0.8942857142857144
UOEMD,Diagnosis,Load_Loaded_Speed_Dec_45_to_15Hz,CWRU_48k + PU + UORED + Electric_Motor,Multi-Head DL (TABNET),0.65,0.6303466248159343,0.9323214285714286
UOEMD,Diagnosis,Load_Loaded_Speed_Dec_45_to_15Hz,CWRU_48k + PU + Mechanical_Gear + Electric_Motor,Multi-Head DL (TABNET),0.625,0.617734348125215,0.8953571428571429
UOEMD,Diagnosis,Load_Loaded_Speed_Dec_45_to_15Hz,CWRU_48k + UORED + Mechanical_Gear + Electric_Motor,Multi-Head DL (TABNET),0.6875,0.6786929736929737,0.9353571428571428
UOEMD,Diagnosis,Load_Loaded_Speed_Dec_45_to_15Hz,HUST_Gearbox + HUST + PU + UORED,Multi-Head DL (TABNET),0.6499999999999999,0.6145062932334737,0.9153571428571429
UOEMD,Diagnosis,Load_Loaded_Speed_Dec_45_to_15Hz,HUST_Gearbox + HUST + PU + Mechanical_Gear,Multi-Head DL (TABNET),0.475,0.47144822841417267,0.84875
UOEMD,Diagnosis,Load_Loaded_Speed_Dec_45_to_15Hz,HUST_Gearbox + HUST + PU + Electric_Motor,Multi-Head DL (TABNET),0.48750000000000004,0.44977054195804195,0.8632142857142857
UOEMD,Diagnosis,Load_Loaded_Speed_Dec_45_to_15Hz,HUST_Gearbox + HUST + UORED + Mechanical_Gear,Multi-Head DL (TABNET),0.6875,0.6896891711229947,0.8680357142857144
UOEMD,Diagnosis,Load_Loaded_Speed_Dec_45_to_15Hz,HUST_Gearbox + HUST + UORED + Electric_Motor,Multi-Head DL (TABNET),0.6499999999999999,0.6476745231199441,0.94
UOEMD,Diagnosis,Load_Loaded_Speed_Dec_45_to_15Hz,HUST_Gearbox + HUST + Mechanical_Gear + Electric_Motor,Multi-Head DL (TABNET),0.7125,0.718448364500996,0.9396428571428572
UOEMD,Diagnosis,Load_Loaded_Speed_Dec_45_to_15Hz,HUST_Gearbox + PU + UORED + Mechanical_Gear,Multi-Head DL (TABNET),0.6375,0.6147475327242061,0.905892857142857
UOEMD,Diagnosis,Load_Loaded_Speed_Dec_45_to_15Hz,HUST_Gearbox + PU + UORED + Electric_Motor,Multi-Head DL (TABNET),0.625,0.5798714357537886,0.9251785714285714
UOEMD,Diagnosis,Load_Loaded_Speed_Dec_45_to_15Hz,HUST_Gearbox + PU + Mechanical_Gear + Electric_Motor,Multi-Head DL (TABNET),0.5375000000000001,0.5230033855033855,0.8819642857142858
UOEMD,Diagnosis,Load_Loaded_Speed_Dec_45_to_15Hz,HUST_Gearbox + UORED + Mechanical_Gear + Electric_Motor,Multi-Head DL (TABNET),0.7125,0.7017964878258995,0.93125
UOEMD,Diagnosis,Load_Loaded_Speed_Dec_45_to_15Hz,HUST + PU + UORED + Mechanical_Gear,Multi-Head DL (TABNET),0.575,0.5836031604237284,0.8348214285714286
UOEMD,Diagnosis,Load_Loaded_Speed_Dec_45_to_15Hz,HUST + PU + UORED + Electric_Motor,Multi-Head DL (TABNET),0.6125,0.5819344627625114,0.9053571428571429
UOEMD,Diagnosis,Load_Loaded_Speed_Dec_45_to_15Hz,HUST + PU + Mechanical_Gear + Electric_Motor,Multi-Head DL (TABNET),0.6125,0.5927705627705628,0.9173214285714286
UOEMD,Diagnosis,Load_Loaded_Speed_Dec_45_to_15Hz,HUST + UORED + Mechanical_Gear + Electric_Motor,Multi-Head DL (TABNET),0.7125,0.7035225848712691,0.9457142857142857
UOEMD,Diagnosis,Load_Loaded_Speed_Dec_45_to_15Hz,PU + UORED + Mechanical_Gear + Electric_Motor,Multi-Head DL (TABNET),0.65,0.6224086617405582,0.9078571428571429
UOEMD,Diagnosis,Load_Loaded_Speed_Dec_45_to_15Hz,CWRU_12k + CWRU_48k + HUST_Gearbox + HUST + PU,Multi-Head DL (TABNET),0.5874999999999999,0.560515873015873,0.8748214285714286
UOEMD,Diagnosis,Load_Loaded_Speed_Dec_45_to_15Hz,CWRU_12k + CWRU_48k + HUST_Gearbox + HUST + UORED,Multi-Head DL (TABNET),0.7124999999999999,0.7150396825396825,0.9228571428571428
UOEMD,Diagnosis,Load_Loaded_Speed_Dec_45_to_15Hz,CWRU_12k + CWRU_48k + HUST_Gearbox + HUST + Mechanical_Gear,Multi-Head DL (TABNET),0.6625,0.6684129901960785,0.9166071428571428
UOEMD,Diagnosis,Load_Loaded_Speed_Dec_45_to_15Hz,CWRU_12k + CWRU_48k + HUST_Gearbox + HUST + Electric_Motor,Multi-Head DL (TABNET),0.6000000000000001,0.5842896216457598,0.9132142857142858
UOEMD,Diagnosis,Load_Loaded_Speed_Dec_45_to_15Hz,CWRU_12k + CWRU_48k + HUST_Gearbox + PU + UORED,Multi-Head DL (TABNET),0.575,0.5455513784461152,0.8896428571428572
UOEMD,Diagnosis,Load_Loaded_Speed_Dec_45_to_15Hz,CWRU_12k + CWRU_48k + HUST_Gearbox + PU + Mechanical_Gear,Multi-Head DL (TABNET),0.625,0.5966877420824789,0.8794642857142858
UOEMD,Diagnosis,Load_Loaded_Speed_Dec_45_to_15Hz,CWRU_12k + CWRU_48k + HUST_Gearbox + PU + Electric_Motor,Multi-Head DL (TABNET),0.6125,0.5913143414220275,0.8883928571428572
UOEMD,Diagnosis,Load_Loaded_Speed_Dec_45_to_15Hz,CWRU_12k + CWRU_48k + HUST_Gearbox + UORED + Mechanical_Gear,Multi-Head DL (TABNET),0.6375,0.6173457403636431,0.9144642857142857
UOEMD,Diagnosis,Load_Loaded_Speed_Dec_45_to_15Hz,CWRU_12k + CWRU_48k + HUST_Gearbox + UORED + Electric_Motor,Multi-Head DL (TABNET),0.725,0.7125803639533617,0.9435714285714286
UOEMD,Diagnosis,Load_Loaded_Speed_Dec_45_to_15Hz,CWRU_12k + CWRU_48k + HUST_Gearbox + Mechanical_Gear + Electric_Motor,Multi-Head DL (TABNET),0.65,0.6381639194139195,0.9067857142857143
UOEMD,Diagnosis,Load_Loaded_Speed_Dec_45_to_15Hz,CWRU_12k + CWRU_48k + HUST + PU + UORED,Multi-Head DL (TABNET),0.6375,0.6341230230749287,0.9076785714285714
UOEMD,Diagnosis,Load_Loaded_Speed_Dec_45_to_15Hz,CWRU_12k + CWRU_48k + HUST + PU + Mechanical_Gear,Multi-Head DL (TABNET),0.55,0.5359722836503023,0.8883928571428571
UOEMD,Diagnosis,Load_Loaded_Speed_Dec_45_to_15Hz,CWRU_12k + CWRU_48k + HUST + PU + Electric_Motor,Multi-Head DL (TABNET),0.7125,0.7146571179078919,0.9448214285714286
UOEMD,Diagnosis,Load_Loaded_Speed_Dec_45_to_15Hz,CWRU_12k + CWRU_48k + HUST + UORED + Mechanical_Gear,Multi-Head DL (TABNET),0.6,0.5892504115589264,0.915
UOEMD,Diagnosis,Load_Loaded_Speed_Dec_45_to_15Hz,CWRU_12k + CWRU_48k + HUST + UORED + Electric_Motor,Multi-Head DL (TABNET),0.6375,0.6241185897435898,0.9216071428571428
UOEMD,Diagnosis,Load_Loaded_Speed_Dec_45_to_15Hz,CWRU_12k + CWRU_48k + HUST + Mechanical_Gear + Electric_Motor,Multi-Head DL (TABNET),0.6125,0.5949274767378216,0.9053571428571429
UOEMD,Diagnosis,Load_Loaded_Speed_Dec_45_to_15Hz,CWRU_12k + CWRU_48k + PU + UORED + Mechanical_Gear,Multi-Head DL (TABNET),0.6125,0.5839285714285714,0.8789285714285715
UOEMD,Diagnosis,Load_Loaded_Speed_Dec_45_to_15Hz,CWRU_12k + CWRU_48k + PU + UORED + Electric_Motor,Multi-Head DL (TABNET),0.55,0.5168740307007571,0.8889285714285714
UOEMD,Diagnosis,Load_Loaded_Speed_Dec_45_to_15Hz,CWRU_12k + CWRU_48k + PU + Mechanical_Gear + Electric_Motor,Multi-Head DL (TABNET),0.4625,0.4289163714211153,0.855
UOEMD,Diagnosis,Load_Loaded_Speed_Dec_45_to_15Hz,CWRU_12k + CWRU_48k + UORED + Mechanical_Gear + Electric_Motor,Multi-Head DL (TABNET),0.675,0.6634332707965247,0.9253571428571429
UOEMD,Diagnosis,Load_Loaded_Speed_Dec_45_to_15Hz,CWRU_12k + HUST_Gearbox + HUST + PU + UORED,Multi-Head DL (TABNET),0.625,0.6087390350877193,0.9107142857142857
UOEMD,Diagnosis,Load_Loaded_Speed_Dec_45_to_15Hz,CWRU_12k + HUST_Gearbox + HUST + PU + Mechanical_Gear,Multi-Head DL (TABNET),0.6625000000000001,0.6526282745032745,0.91875
UOEMD,Diagnosis,Load_Loaded_Speed_Dec_45_to_15Hz,CWRU_12k + HUST_Gearbox + HUST + PU + Electric_Motor,Multi-Head DL (TABNET),0.6,0.5744884939621782,0.8594642857142857
UOEMD,Diagnosis,Load_Loaded_Speed_Dec_45_to_15Hz,CWRU_12k + HUST_Gearbox + HUST + UORED + Mechanical_Gear,Multi-Head DL (TABNET),0.6375,0.6241666666666666,0.9373214285714285
UOEMD,Diagnosis,Load_Loaded_Speed_Dec_45_to_15Hz,CWRU_12k + HUST_Gearbox + HUST + UORED + Electric_Motor,Multi-Head DL (TABNET),0.675,0.6442496953277748,0.9341071428571428
UOEMD,Diagnosis,Load_Loaded_Speed_Dec_45_to_15Hz,CWRU_12k + HUST_Gearbox + HUST + Mechanical_Gear + Electric_Motor,Multi-Head DL (TABNET),0.6000000000000001,0.5951760249554368,0.9294642857142857
UOEMD,Diagnosis,Load_Loaded_Speed_Dec_45_to_15Hz,CWRU_12k + HUST_Gearbox + PU + UORED + Mechanical_Gear,Multi-Head DL (TABNET),0.525,0.4894673442499529,0.8723214285714285
UOEMD,Diagnosis,Load_Loaded_Speed_Dec_45_to_15Hz,CWRU_12k + HUST_Gearbox + PU + UORED + Electric_Motor,Multi-Head DL (TABNET),0.6125,0.5914198240485006,0.9044642857142857
UOEMD,Diagnosis,Load_Loaded_Speed_Dec_45_to_15Hz,CWRU_12k + HUST_Gearbox + PU + Mechanical_Gear + Electric_Motor,Multi-Head DL (TABNET),0.5,0.5118425293912785,0.8576785714285715
UOEMD,Diagnosis,Load_Loaded_Speed_Dec_45_to_15Hz,CWRU_12k + HUST_Gearbox + UORED + Mechanical_Gear + Electric_Motor,Multi-Head DL (TABNET),0.675,0.6667184058631427,0.9101785714285715
UOEMD,Diagnosis,Load_Loaded_Speed_Dec_45_to_15Hz,CWRU_12k + HUST + PU + UORED + Mechanical_Gear,Multi-Head DL (TABNET),0.6125,0.602719421101774,0.85875
UOEMD,Diagnosis,Load_Loaded_Speed_Dec_45_to_15Hz,CWRU_12k + HUST + PU + UORED + Electric_Motor,Multi-Head DL (TABNET),0.5875,0.5818270423533581,0.8882142857142857
UOEMD,Diagnosis,Load_Loaded_Speed_Dec_45_to_15Hz,CWRU_12k + HUST + PU + Mechanical_Gear + Electric_Motor,Multi-Head DL (TABNET),0.6124999999999999,0.6056053509613881,0.8596428571428572
UOEMD,Diagnosis,Load_Loaded_Speed_Dec_45_to_15Hz,CWRU_12k + HUST + UORED + Mechanical_Gear + Electric_Motor,Multi-Head DL (TABNET),0.65,0.634083513402274,0.9105357142857142
UOEMD,Diagnosis,Load_Loaded_Speed_Dec_45_to_15Hz,CWRU_12k + PU + UORED + Mechanical_Gear + Electric_Motor,Multi-Head DL (TABNET),0.6875,0.6641790093964006,0.9632142857142857
UOEMD,Diagnosis,Load_Loaded_Speed_Dec_45_to_15Hz,CWRU_48k + HUST_Gearbox + HUST + PU + UORED,Multi-Head DL (TABNET),0.6125,0.5897449651797477,0.9167857142857143
UOEMD,Diagnosis,Load_Loaded_Speed_Dec_45_to_15Hz,CWRU_48k + HUST_Gearbox + HUST + PU + Mechanical_Gear,Multi-Head DL (TABNET),0.6499999999999999,0.6457922882071488,0.9141071428571428
UOEMD,Diagnosis,Load_Loaded_Speed_Dec_45_to_15Hz,CWRU_48k + HUST_Gearbox + HUST + PU + Electric_Motor,Multi-Head DL (TABNET),0.5875,0.581641604010025,0.8864285714285713
UOEMD,Diagnosis,Load_Loaded_Speed_Dec_45_to_15Hz,CWRU_48k + HUST_Gearbox + HUST + UORED + Mechanical_Gear,Multi-Head DL (TABNET),0.625,0.621008436008436,0.9094642857142856
UOEMD,Diagnosis,Load_Loaded_Speed_Dec_45_to_15Hz,CWRU_48k + HUST_Gearbox + HUST + UORED + Electric_Motor,Multi-Head DL (TABNET),0.5874999999999999,0.5522997835497836,0.9167857142857143
UOEMD,Diagnosis,Load_Loaded_Speed_Dec_45_to_15Hz,CWRU_48k + HUST_Gearbox + HUST + Mechanical_Gear + Electric_Motor,Multi-Head DL (TABNET),0.625,0.6079930560109589,0.9080357142857143
UOEMD,Diagnosis,Load_Loaded_Speed_Dec_45_to_15Hz,CWRU_48k + HUST_Gearbox + PU + UORED + Mechanical_Gear,Multi-Head DL (TABNET),0.625,0.6154972658920027,0.8989285714285715
UOEMD,Diagnosis,Load_Loaded_Speed_Dec_45_to_15Hz,CWRU_48k + HUST_Gearbox + PU + UORED + Electric_Motor,Multi-Head DL (TABNET),0.6375,0.6277377034729975,0.9158928571428573
UOEMD,Diagnosis,Load_Loaded_Speed_Dec_45_to_15Hz,CWRU_48k + HUST_Gearbox + PU + Mechanical_Gear + Electric_Motor,Multi-Head DL (TABNET),0.525,0.5008861236802413,0.8533928571428571
UOEMD,Diagnosis,Load_Loaded_Speed_Dec_45_to_15Hz,CWRU_48k + HUST_Gearbox + UORED + Mechanical_Gear + Electric_Motor,Multi-Head DL (TABNET),0.7125,0.6969209956709956,0.92125
UOEMD,Diagnosis,Load_Loaded_Speed_Dec_45_to_15Hz,CWRU_48k + HUST + PU + UORED + Mechanical_Gear,Multi-Head DL (TABNET),0.5375,0.5015037593984962,0.8266071428571429
UOEMD,Diagnosis,Load_Loaded_Speed_Dec_45_to_15Hz,CWRU_48k + HUST + PU + UORED + Electric_Motor,Multi-Head DL (TABNET),0.6,0.6028033625730994,0.8926785714285714
UOEMD,Diagnosis,Load_Loaded_Speed_Dec_45_to_15Hz,CWRU_48k + HUST + PU + Mechanical_Gear + Electric_Motor,Multi-Head DL (TABNET),0.6125,0.610456299972429,0.9273214285714285
UOEMD,Diagnosis,Load_Loaded_Speed_Dec_45_to_15Hz,CWRU_48k + HUST + UORED + Mechanical_Gear + Electric_Motor,Multi-Head DL (TABNET),0.75,0.7399642024642025,0.9414285714285715
UOEMD,Diagnosis,Load_Loaded_Speed_Dec_45_to_15Hz,CWRU_48k + PU + UORED + Mechanical_Gear + Electric_Motor,Multi-Head DL (TABNET),0.6125,0.5896885119711207,0.8973214285714286
UOEMD,Diagnosis,Load_Loaded_Speed_Dec_45_to_15Hz,HUST_Gearbox + HUST + PU + UORED + Mechanical_Gear,Multi-Head DL (TABNET),0.5875,0.5778377675180744,0.8733928571428571
UOEMD,Diagnosis,Load_Loaded_Speed_Dec_45_to_15Hz,HUST_Gearbox + HUST + PU + UORED + Electric_Motor,Multi-Head DL (TABNET),0.6375,0.6438524065540194,0.8785714285714286
UOEMD,Diagnosis,Load_Loaded_Speed_Dec_45_to_15Hz,HUST_Gearbox + HUST + PU + Mechanical_Gear + Electric_Motor,Multi-Head DL (TABNET),0.5,0.49488304093567254,0.8810714285714285
UOEMD,Diagnosis,Load_Loaded_Speed_Dec_45_to_15Hz,HUST_Gearbox + HUST + UORED + Mechanical_Gear + Electric_Motor,Multi-Head DL (TABNET),0.6625000000000001,0.6441995913807801,0.9617857142857142
UOEMD,Diagnosis,Load_Loaded_Speed_Dec_45_to_15Hz,HUST_Gearbox + PU + UORED + Mechanical_Gear + Electric_Motor,Multi-Head DL (TABNET),0.625,0.6275187969924811,0.9089285714285714
UOEMD,Diagnosis,Load_Loaded_Speed_Dec_45_to_15Hz,HUST + PU + UORED + Mechanical_Gear + Electric_Motor,Multi-Head DL (TABNET),0.5625,0.559478021978022,0.9048214285714286
UOEMD,Diagnosis,Load_Loaded_Speed_Dec_45_to_15Hz,CWRU_12k + CWRU_48k + HUST_Gearbox + HUST + PU + UORED,Multi-Head DL (TABNET),0.6,0.544434274459409,0.8957142857142857
UOEMD,Diagnosis,Load_Loaded_Speed_Dec_45_to_15Hz,CWRU_12k + CWRU_48k + HUST_Gearbox + HUST + PU + Mechanical_Gear,Multi-Head DL (TABNET),0.5125,0.49985321583787057,0.8832142857142857
UOEMD,Diagnosis,Load_Loaded_Speed_Dec_45_to_15Hz,CWRU_12k + CWRU_48k + HUST_Gearbox + HUST + PU + Electric_Motor,Multi-Head DL (TABNET),0.5375,0.5238457451946296,0.8876785714285714
UOEMD,Diagnosis,Load_Loaded_Speed_Dec_45_to_15Hz,CWRU_12k + CWRU_48k + HUST_Gearbox + HUST + UORED + Mechanical_Gear,Multi-Head DL (TABNET),0.625,0.6007507093884136,0.8835714285714287
UOEMD,Diagnosis,Load_Loaded_Speed_Dec_45_to_15Hz,CWRU_12k + CWRU_48k + HUST_Gearbox + HUST + UORED + Electric_Motor,Multi-Head DL (TABNET),0.6,0.5572670807453417,0.9019642857142858
UOEMD,Diagnosis,Load_Loaded_Speed_Dec_45_to_15Hz,CWRU_12k + CWRU_48k + HUST_Gearbox + HUST + Mechanical_Gear + Electric_Motor,Multi-Head DL (TABNET),0.675,0.6695217209690894,0.9323214285714285
UOEMD,Diagnosis,Load_Loaded_Speed_Dec_45_to_15Hz,CWRU_12k + CWRU_48k + HUST_Gearbox + PU + UORED + Mechanical_Gear,Multi-Head DL (TABNET),0.5125,0.4806637806637807,0.8614285714285714
UOEMD,Diagnosis,Load_Loaded_Speed_Dec_45_to_15Hz,CWRU_12k + CWRU_48k + HUST_Gearbox + PU + UORED + Electric_Motor,Multi-Head DL (TABNET),0.5125,0.4818463162391056,0.8951785714285715
UOEMD,Diagnosis,Load_Loaded_Speed_Dec_45_to_15Hz,CWRU_12k + CWRU_48k + HUST_Gearbox + PU + Mechanical_Gear + Electric_Motor,Multi-Head DL (TABNET),0.6375000000000001,0.621375743279768,0.9008928571428572
UOEMD,Diagnosis,Load_Loaded_Speed_Dec_45_to_15Hz,CWRU_12k + CWRU_48k + HUST_Gearbox + UORED + Mechanical_Gear + Electric_Motor,Multi-Head DL (TABNET),0.6499999999999999,0.6412423894331789,0.9048214285714287
UOEMD,Diagnosis,Load_Loaded_Speed_Dec_45_to_15Hz,CWRU_12k + CWRU_48k + HUST + PU + UORED + Mechanical_Gear,Multi-Head DL (TABNET),0.6000000000000001,0.5821064900012268,0.9021428571428571
UOEMD,Diagnosis,Load_Loaded_Speed_Dec_45_to_15Hz,CWRU_12k + CWRU_48k + HUST + PU + UORED + Electric_Motor,Multi-Head DL (TABNET),0.48750000000000004,0.47239906832298134,0.8221428571428571
UOEMD,Diagnosis,Load_Loaded_Speed_Dec_45_to_15Hz,CWRU_12k + CWRU_48k + HUST + PU + Mechanical_Gear + Electric_Motor,Multi-Head DL (TABNET),0.6499999999999999,0.6514244334097274,0.8903571428571428
UOEMD,Diagnosis,Load_Loaded_Speed_Dec_45_to_15Hz,CWRU_12k + CWRU_48k + HUST + UORED + Mechanical_Gear + Electric_Motor,Multi-Head DL (TABNET),0.7250000000000001,0.7266131237183868,0.9273214285714286
UOEMD,Diagnosis,Load_Loaded_Speed_Dec_45_to_15Hz,CWRU_12k + CWRU_48k + PU + UORED + Mechanical_Gear + Electric_Motor,Multi-Head DL (TABNET),0.6625,0.6415827000656722,0.9066071428571428
UOEMD,Diagnosis,Load_Loaded_Speed_Dec_45_to_15Hz,CWRU_12k + HUST_Gearbox + HUST + PU + UORED + Mechanical_Gear,Multi-Head DL (TABNET),0.6124999999999999,0.6167929292929293,0.8596428571428572
UOEMD,Diagnosis,Load_Loaded_Speed_Dec_45_to_15Hz,CWRU_12k + HUST_Gearbox + HUST + PU + UORED + Electric_Motor,Multi-Head DL (TABNET),0.5625,0.5463083820484715,0.8766071428571429
UOEMD,Diagnosis,Load_Loaded_Speed_Dec_45_to_15Hz,CWRU_12k + HUST_Gearbox + HUST + PU + Mechanical_Gear + Electric_Motor,Multi-Head DL (TABNET),0.48750000000000004,0.5020089285714285,0.8280357142857142
UOEMD,Diagnosis,Load_Loaded_Speed_Dec_45_to_15Hz,CWRU_12k + HUST_Gearbox + HUST + UORED + Mechanical_Gear + Electric_Motor,Multi-Head DL (TABNET),0.6625,0.6371640151102393,0.9158928571428572
UOEMD,Diagnosis,Load_Loaded_Speed_Dec_45_to_15Hz,CWRU_12k + HUST_Gearbox + PU + UORED + Mechanical_Gear + Electric_Motor,Multi-Head DL (TABNET),0.5875,0.5910399541978489,0.8876785714285714
UOEMD,Diagnosis,Load_Loaded_Speed_Dec_45_to_15Hz,CWRU_12k + HUST + PU + UORED + Mechanical_Gear + Electric_Motor,Multi-Head DL (TABNET),0.625,0.6193638067355088,0.8980357142857143
UOEMD,Diagnosis,Load_Loaded_Speed_Dec_45_to_15Hz,CWRU_48k + HUST_Gearbox + HUST + PU + UORED + Mechanical_Gear,Multi-Head DL (TABNET),0.575,0.5464123595702542,0.8930357142857144
UOEMD,Diagnosis,Load_Loaded_Speed_Dec_45_to_15Hz,CWRU_48k + HUST_Gearbox + HUST + PU + UORED + Electric_Motor,Multi-Head DL (TABNET),0.6,0.5967724867724868,0.8964285714285715
UOEMD,Diagnosis,Load_Loaded_Speed_Dec_45_to_15Hz,CWRU_48k + HUST_Gearbox + HUST + PU + Mechanical_Gear + Electric_Motor,Multi-Head DL (TABNET),0.575,0.5548737038675119,0.8835714285714286
UOEMD,Diagnosis,Load_Loaded_Speed_Dec_45_to_15Hz,CWRU_48k + HUST_Gearbox + HUST + UORED + Mechanical_Gear + Electric_Motor,Multi-Head DL (TABNET),0.575,0.5484126984126984,0.8817857142857144
UOEMD,Diagnosis,Load_Loaded_Speed_Dec_45_to_15Hz,CWRU_48k + HUST_Gearbox + PU + UORED + Mechanical_Gear + Electric_Motor,Multi-Head DL (TABNET),0.6125,0.6108776844070961,0.8571428571428571
UOEMD,Diagnosis,Load_Loaded_Speed_Dec_45_to_15Hz,CWRU_48k + HUST + PU + UORED + Mechanical_Gear + Electric_Motor,Multi-Head DL (TABNET),0.6875,0.686526341305753,0.9083928571428572
UOEMD,Diagnosis,Load_Loaded_Speed_Dec_45_to_15Hz,HUST_Gearbox + HUST + PU + UORED + Mechanical_Gear + Electric_Motor,Multi-Head DL (TABNET),0.675,0.6634606938954765,0.9167857142857143
UOEMD,Diagnosis,Load_Loaded_Speed_Dec_45_to_15Hz,CWRU_12k + CWRU_48k + HUST_Gearbox + HUST + PU + UORED + Mechanical_Gear,Multi-Head DL (TABNET),0.4875,0.4619556704260651,0.8571428571428572
UOEMD,Diagnosis,Load_Loaded_Speed_Dec_45_to_15Hz,CWRU_12k + CWRU_48k + HUST_Gearbox + HUST + PU + UORED + Electric_Motor,Multi-Head DL (TABNET),0.575,0.5416596180326158,0.9092857142857143
UOEMD,Diagnosis,Load_Loaded_Speed_Dec_45_to_15Hz,CWRU_12k + CWRU_48k + HUST_Gearbox + HUST + PU + Mechanical_Gear + Electric_Motor,Multi-Head DL (TABNET),0.4625,0.43119588744588744,0.8564285714285714
UOEMD,Diagnosis,Load_Loaded_Speed_Dec_45_to_15Hz,CWRU_12k + CWRU_48k + HUST_Gearbox + HUST + UORED + Mechanical_Gear + Electric_Motor,Multi-Head DL (TABNET),0.6499999999999999,0.6371360386259767,0.8998214285714285
UOEMD,Diagnosis,Load_Loaded_Speed_Dec_45_to_15Hz,CWRU_12k + CWRU_48k + HUST_Gearbox + PU + UORED + Mechanical_Gear + Electric_Motor,Multi-Head DL (TABNET),0.6125,0.6086957176595335,0.9055357142857143
UOEMD,Diagnosis,Load_Loaded_Speed_Dec_45_to_15Hz,CWRU_12k + CWRU_48k + HUST + PU + UORED + Mechanical_Gear + Electric_Motor,Multi-Head DL (TABNET),0.625,0.6118739039598173,0.8885714285714286
UOEMD,Diagnosis,Load_Loaded_Speed_Dec_45_to_15Hz,CWRU_12k + HUST_Gearbox + HUST + PU + UORED + Mechanical_Gear + Electric_Motor,Multi-Head DL (TABNET),0.6125,0.5978849160853746,0.9121428571428571
UOEMD,Diagnosis,Load_Loaded_Speed_Dec_45_to_15Hz,CWRU_48k + HUST_Gearbox + HUST + PU + UORED + Mechanical_Gear + Electric_Motor,Multi-Head DL (TABNET),0.625,0.6011875233601687,0.9157142857142857
UOEMD,Diagnosis,Load_Loaded_Speed_Dec_45_to_15Hz,CWRU_12k + CWRU_48k + HUST_Gearbox + HUST + PU + UORED + Mechanical_Gear + Electric_Motor,Multi-Head DL (TABNET),0.5625,0.5095111931412242,0.8632142857142857
UOEMD,Diagnosis,Load_Loaded_Speed_Dec_60_to_30Hz,CWRU_12k,Multi-Head DL (TABNET),0.6125,0.6243434873949579,0.8833928571428571
UOEMD,Diagnosis,Load_Loaded_Speed_Dec_60_to_30Hz,CWRU_48k,Multi-Head DL (TABNET),0.7375,0.7305750707840492,0.9667857142857144
UOEMD,Diagnosis,Load_Loaded_Speed_Dec_60_to_30Hz,HUST_Gearbox,Multi-Head DL (TABNET),0.7375,0.7194711538461538,0.9623214285714285
UOEMD,Diagnosis,Load_Loaded_Speed_Dec_60_to_30Hz,HUST,Multi-Head DL (TABNET),0.6875,0.6694017379679145,0.9573214285714285
UOEMD,Diagnosis,Load_Loaded_Speed_Dec_60_to_30Hz,PU,Multi-Head DL (TABNET),0.4625,0.4673772918258212,0.8621428571428571
UOEMD,Diagnosis,Load_Loaded_Speed_Dec_60_to_30Hz,UORED,Multi-Head DL (TABNET),0.725,0.7135878489326766,0.9762500000000001
UOEMD,Diagnosis,Load_Loaded_Speed_Dec_60_to_30Hz,Mechanical_Gear,Multi-Head DL (TABNET),0.775,0.7743168370587101,0.9673214285714286
UOEMD,Diagnosis,Load_Loaded_Speed_Dec_60_to_30Hz,Electric_Motor,Multi-Head DL (TABNET),0.7,0.6953581871345029,0.9603571428571429
UOEMD,Diagnosis,Load_Loaded_Speed_Dec_60_to_30Hz,CWRU_12k + CWRU_48k,Multi-Head DL (TABNET),0.625,0.6308350982669491,0.9228571428571428
UOEMD,Diagnosis,Load_Loaded_Speed_Dec_60_to_30Hz,CWRU_12k + HUST_Gearbox,Multi-Head DL (TABNET),0.6,0.5790521978021979,0.8994642857142857
UOEMD,Diagnosis,Load_Loaded_Speed_Dec_60_to_30Hz,CWRU_12k + HUST,Multi-Head DL (TABNET),0.625,0.6211676180716428,0.9233928571428571
UOEMD,Diagnosis,Load_Loaded_Speed_Dec_60_to_30Hz,CWRU_12k + PU,Multi-Head DL (TABNET),0.5625,0.529868578255675,0.8714285714285714
UOEMD,Diagnosis,Load_Loaded_Speed_Dec_60_to_30Hz,CWRU_12k + UORED,Multi-Head DL (TABNET),0.6625000000000001,0.6252661828536574,0.9160714285714286
UOEMD,Diagnosis,Load_Loaded_Speed_Dec_60_to_30Hz,CWRU_12k + Mechanical_Gear,Multi-Head DL (TABNET),0.7,0.6820807724178601,0.9221428571428572
UOEMD,Diagnosis,Load_Loaded_Speed_Dec_60_to_30Hz,CWRU_12k + Electric_Motor,Multi-Head DL (TABNET),0.6125,0.5692616959064327,0.9237500000000001
UOEMD,Diagnosis,Load_Loaded_Speed_Dec_60_to_30Hz,CWRU_48k + HUST_Gearbox,Multi-Head DL (TABNET),0.6,0.5960951426024956,0.8635714285714285
UOEMD,Diagnosis,Load_Loaded_Speed_Dec_60_to_30Hz,CWRU_48k + HUST,Multi-Head DL (TABNET),0.6125,0.5814975199565993,0.90375
UOEMD,Diagnosis,Load_Loaded_Speed_Dec_60_to_30Hz,CWRU_48k + PU,Multi-Head DL (TABNET),0.575,0.5618345543345543,0.9021428571428571
UOEMD,Diagnosis,Load_Loaded_Speed_Dec_60_to_30Hz,CWRU_48k + UORED,Multi-Head DL (TABNET),0.675,0.6690608127308895,0.9267857142857143
UOEMD,Diagnosis,Load_Loaded_Speed_Dec_60_to_30Hz,CWRU_48k + Mechanical_Gear,Multi-Head DL (TABNET),0.775,0.7672219765099022,0.9705357142857143
UOEMD,Diagnosis,Load_Loaded_Speed_Dec_60_to_30Hz,CWRU_48k + Electric_Motor,Multi-Head DL (TABNET),0.7375,0.7221137592968222,0.9612499999999999
UOEMD,Diagnosis,Load_Loaded_Speed_Dec_60_to_30Hz,HUST_Gearbox + HUST,Multi-Head DL (TABNET),0.6125,0.5852854575764792,0.9217857142857143
UOEMD,Diagnosis,Load_Loaded_Speed_Dec_60_to_30Hz,HUST_Gearbox + PU,Multi-Head DL (TABNET),0.5125,0.46805555555555556,0.86375
UOEMD,Diagnosis,Load_Loaded_Speed_Dec_60_to_30Hz,HUST_Gearbox + UORED,Multi-Head DL (TABNET),0.7250000000000001,0.7230558721464294,0.9496428571428572
UOEMD,Diagnosis,Load_Loaded_Speed_Dec_60_to_30Hz,HUST_Gearbox + Mechanical_Gear,Multi-Head DL (TABNET),0.6125,0.5870016788766789,0.9385714285714286
UOEMD,Diagnosis,Load_Loaded_Speed_Dec_60_to_30Hz,HUST_Gearbox + Electric_Motor,Multi-Head DL (TABNET),0.675,0.6597992081447964,0.9342857142857143
UOEMD,Diagnosis,Load_Loaded_Speed_Dec_60_to_30Hz,HUST + PU,Multi-Head DL (TABNET),0.5874999999999999,0.5359380129116971,0.8907142857142858
UOEMD,Diagnosis,Load_Loaded_Speed_Dec_60_to_30Hz,HUST + UORED,Multi-Head DL (TABNET),0.7,0.6841939310689311,0.9378571428571428
UOEMD,Diagnosis,Load_Loaded_Speed_Dec_60_to_30Hz,HUST + Mechanical_Gear,Multi-Head DL (TABNET),0.6,0.5837801635499004,0.9337500000000001
UOEMD,Diagnosis,Load_Loaded_Speed_Dec_60_to_30Hz,HUST + Electric_Motor,Multi-Head DL (TABNET),0.6,0.5578835582208895,0.9233928571428571
UOEMD,Diagnosis,Load_Loaded_Speed_Dec_60_to_30Hz,PU + UORED,Multi-Head DL (TABNET),0.55,0.509776446463753,0.8689285714285715
UOEMD,Diagnosis,Load_Loaded_Speed_Dec_60_to_30Hz,PU + Mechanical_Gear,Multi-Head DL (TABNET),0.575,0.5382982120051085,0.8723214285714286
UOEMD,Diagnosis,Load_Loaded_Speed_Dec_60_to_30Hz,PU + Electric_Motor,Multi-Head DL (TABNET),0.575,0.5567324832030714,0.8732142857142857
UOEMD,Diagnosis,Load_Loaded_Speed_Dec_60_to_30Hz,UORED + Mechanical_Gear,Multi-Head DL (TABNET),0.6875,0.6620879120879121,0.9521428571428572
UOEMD,Diagnosis,Load_Loaded_Speed_Dec_60_to_30Hz,UORED + Electric_Motor,Multi-Head DL (TABNET),0.7749999999999999,0.7664337474120082,0.9667857142857142
UOEMD,Diagnosis,Load_Loaded_Speed_Dec_60_to_30Hz,Mechanical_Gear + Electric_Motor,Multi-Head DL (TABNET),0.6625,0.6534276018099547,0.9303571428571429
UOEMD,Diagnosis,Load_Loaded_Speed_Dec_60_to_30Hz,CWRU_12k + CWRU_48k + HUST_Gearbox,Multi-Head DL (TABNET),0.575,0.5576420655368024,0.9048214285714287
UOEMD,Diagnosis,Load_Loaded_Speed_Dec_60_to_30Hz,CWRU_12k + CWRU_48k + HUST,Multi-Head DL (TABNET),0.5625,0.5381221719457014,0.9221428571428572
UOEMD,Diagnosis,Load_Loaded_Speed_Dec_60_to_30Hz,CWRU_12k + CWRU_48k + PU,Multi-Head DL (TABNET),0.48750000000000004,0.42703477078477076,0.9017857142857143
UOEMD,Diagnosis,Load_Loaded_Speed_Dec_60_to_30Hz,CWRU_12k + CWRU_48k + UORED,Multi-Head DL (TABNET),0.7125,0.6998674755943568,0.937857142857143
UOEMD,Diagnosis,Load_Loaded_Speed_Dec_60_to_30Hz,CWRU_12k + CWRU_48k + Mechanical_Gear,Multi-Head DL (TABNET),0.55,0.541665796762074,0.9080357142857143
UOEMD,Diagnosis,Load_Loaded_Speed_Dec_60_to_30Hz,CWRU_12k + CWRU_48k + Electric_Motor,Multi-Head DL (TABNET),0.6499999999999999,0.6120801669950277,0.9269642857142857
UOEMD,Diagnosis,Load_Loaded_Speed_Dec_60_to_30Hz,CWRU_12k + HUST_Gearbox + HUST,Multi-Head DL (TABNET),0.6125,0.5473258970309788,0.9108928571428572
UOEMD,Diagnosis,Load_Loaded_Speed_Dec_60_to_30Hz,CWRU_12k + HUST_Gearbox + PU,Multi-Head DL (TABNET),0.55,0.48404471544715444,0.82
UOEMD,Diagnosis,Load_Loaded_Speed_Dec_60_to_30Hz,CWRU_12k + HUST_Gearbox + UORED,Multi-Head DL (TABNET),0.7,0.6962899206505344,0.9419642857142857
UOEMD,Diagnosis,Load_Loaded_Speed_Dec_60_to_30Hz,CWRU_12k + HUST_Gearbox + Mechanical_Gear,Multi-Head DL (TABNET),0.65,0.6480176686059038,0.9364285714285714
UOEMD,Diagnosis,Load_Loaded_Speed_Dec_60_to_30Hz,CWRU_12k + HUST_Gearbox + Electric_Motor,Multi-Head DL (TABNET),0.675,0.6869868983355825,0.9483928571428571
UOEMD,Diagnosis,Load_Loaded_Speed_Dec_60_to_30Hz,CWRU_12k + HUST + PU,Multi-Head DL (TABNET),0.5125,0.428046218487395,0.855
UOEMD,Diagnosis,Load_Loaded_Speed_Dec_60_to_30Hz,CWRU_12k + HUST + UORED,Multi-Head DL (TABNET),0.575,0.5759866767219709,0.8923214285714286
UOEMD,Diagnosis,Load_Loaded_Speed_Dec_60_to_30Hz,CWRU_12k + HUST + Mechanical_Gear,Multi-Head DL (TABNET),0.625,0.6159209534016036,0.9066071428571428
UOEMD,Diagnosis,Load_Loaded_Speed_Dec_60_to_30Hz,CWRU_12k + HUST + Electric_Motor,Multi-Head DL (TABNET),0.6375000000000001,0.6126488095238096,0.9233928571428572
UOEMD,Diagnosis,Load_Loaded_Speed_Dec_60_to_30Hz,CWRU_12k + PU + UORED,Multi-Head DL (TABNET),0.625,0.6048845632223447,0.9355357142857142
UOEMD,Diagnosis,Load_Loaded_Speed_Dec_60_to_30Hz,CWRU_12k + PU + Mechanical_Gear,Multi-Head DL (TABNET),0.575,0.518907878964805,0.8894642857142858
UOEMD,Diagnosis,Load_Loaded_Speed_Dec_60_to_30Hz,CWRU_12k + PU + Electric_Motor,Multi-Head DL (TABNET),0.625,0.60136831370384,0.91375
UOEMD,Diagnosis,Load_Loaded_Speed_Dec_60_to_30Hz,CWRU_12k + UORED + Mechanical_Gear,Multi-Head DL (TABNET),0.6875,0.6575320901509356,0.9532142857142858
UOEMD,Diagnosis,Load_Loaded_Speed_Dec_60_to_30Hz,CWRU_12k + UORED + Electric_Motor,Multi-Head DL (TABNET),0.7,0.7085806394629923,0.9521428571428572
UOEMD,Diagnosis,Load_Loaded_Speed_Dec_60_to_30Hz,CWRU_12k + Mechanical_Gear + Electric_Motor,Multi-Head DL (TABNET),0.6375,0.6016017316017316,0.905
UOEMD,Diagnosis,Load_Loaded_Speed_Dec_60_to_30Hz,CWRU_48k + HUST_Gearbox + HUST,Multi-Head DL (TABNET),0.6,0.5588053467000835,0.9358928571428571
UOEMD,Diagnosis,Load_Loaded_Speed_Dec_60_to_30Hz,CWRU_48k + HUST_Gearbox + PU,Multi-Head DL (TABNET),0.6,0.6005038188142771,0.8967857142857143
UOEMD,Diagnosis,Load_Loaded_Speed_Dec_60_to_30Hz,CWRU_48k + HUST_Gearbox + UORED,Multi-Head DL (TABNET),0.6749999999999999,0.6646265499206676,0.9492857142857143
UOEMD,Diagnosis,Load_Loaded_Speed_Dec_60_to_30Hz,CWRU_48k + HUST_Gearbox + Mechanical_Gear,Multi-Head DL (TABNET),0.6125,0.5873721106479727,0.9337500000000001
UOEMD,Diagnosis,Load_Loaded_Speed_Dec_60_to_30Hz,CWRU_48k + HUST_Gearbox + Electric_Motor,Multi-Head DL (TABNET),0.625,0.6109598169233144,0.9346428571428571
UOEMD,Diagnosis,Load_Loaded_Speed_Dec_60_to_30Hz,CWRU_48k + HUST + PU,Multi-Head DL (TABNET),0.55,0.47739398282876544,0.8723214285714285
UOEMD,Diagnosis,Load_Loaded_Speed_Dec_60_to_30Hz,CWRU_48k + HUST + UORED,Multi-Head DL (TABNET),0.5875,0.540752241709903,0.9171428571428571
UOEMD,Diagnosis,Load_Loaded_Speed_Dec_60_to_30Hz,CWRU_48k + HUST + Mechanical_Gear,Multi-Head DL (TABNET),0.6875,0.6635296862058482,0.9344642857142857
UOEMD,Diagnosis,Load_Loaded_Speed_Dec_60_to_30Hz,CWRU_48k + HUST + Electric_Motor,Multi-Head DL (TABNET),0.6124999999999999,0.6039624183006536,0.9166071428571428
UOEMD,Diagnosis,Load_Loaded_Speed_Dec_60_to_30Hz,CWRU_48k + PU + UORED,Multi-Head DL (TABNET),0.575,0.5835304401480873,0.9192857142857143
UOEMD,Diagnosis,Load_Loaded_Speed_Dec_60_to_30Hz,CWRU_48k + PU + Mechanical_Gear,Multi-Head DL (TABNET),0.625,0.5782231249143013,0.8996428571428572
UOEMD,Diagnosis,Load_Loaded_Speed_Dec_60_to_30Hz,CWRU_48k + PU + Electric_Motor,Multi-Head DL (TABNET),0.5375,0.5415448032359798,0.8467857142857143
UOEMD,Diagnosis,Load_Loaded_Speed_Dec_60_to_30Hz,CWRU_48k + UORED + Mechanical_Gear,Multi-Head DL (TABNET),0.675,0.6556419157038352,0.9505357142857143
UOEMD,Diagnosis,Load_Loaded_Speed_Dec_60_to_30Hz,CWRU_48k + UORED + Electric_Motor,Multi-Head DL (TABNET),0.6875,0.672086247086247,0.9351785714285714
UOEMD,Diagnosis,Load_Loaded_Speed_Dec_60_to_30Hz,CWRU_48k + Mechanical_Gear + Electric_Motor,Multi-Head DL (TABNET),0.6125,0.6060898337988121,0.9264285714285714
UOEMD,Diagnosis,Load_Loaded_Speed_Dec_60_to_30Hz,HUST_Gearbox + HUST + PU,Multi-Head DL (TABNET),0.55,0.4858307362926928,0.9000000000000001
UOEMD,Diagnosis,Load_Loaded_Speed_Dec_60_to_30Hz,HUST_Gearbox + HUST + UORED,Multi-Head DL (TABNET),0.6375,0.6101492805440174,0.9285714285714286
UOEMD,Diagnosis,Load_Loaded_Speed_Dec_60_to_30Hz,HUST_Gearbox + HUST + Mechanical_Gear,Multi-Head DL (TABNET),0.6875,0.6620535714285714,0.9451785714285714
UOEMD,Diagnosis,Load_Loaded_Speed_Dec_60_to_30Hz,HUST_Gearbox + HUST + Electric_Motor,Multi-Head DL (TABNET),0.5625,0.5542061696473461,0.9014285714285715
UOEMD,Diagnosis,Load_Loaded_Speed_Dec_60_to_30Hz,HUST_Gearbox + PU + UORED,Multi-Head DL (TABNET),0.5625,0.5443425683363763,0.8705357142857143
UOEMD,Diagnosis,Load_Loaded_Speed_Dec_60_to_30Hz,HUST_Gearbox + PU + Mechanical_Gear,Multi-Head DL (TABNET),0.6499999999999999,0.6302536231884057,0.9025
UOEMD,Diagnosis,Load_Loaded_Speed_Dec_60_to_30Hz,HUST_Gearbox + PU + Electric_Motor,Multi-Head DL (TABNET),0.5625,0.508245411916889,0.8676785714285715
UOEMD,Diagnosis,Load_Loaded_Speed_Dec_60_to_30Hz,HUST_Gearbox + UORED + Mechanical_Gear,Multi-Head DL (TABNET),0.675,0.6625201107959728,0.9255357142857144
UOEMD,Diagnosis,Load_Loaded_Speed_Dec_60_to_30Hz,HUST_Gearbox + UORED + Electric_Motor,Multi-Head DL (TABNET),0.725,0.7087710084033614,0.95875
UOEMD,Diagnosis,Load_Loaded_Speed_Dec_60_to_30Hz,HUST_Gearbox + Mechanical_Gear + Electric_Motor,Multi-Head DL (TABNET),0.65,0.6131216006216007,0.9369642857142858
UOEMD,Diagnosis,Load_Loaded_Speed_Dec_60_to_30Hz,HUST + PU + UORED,Multi-Head DL (TABNET),0.5249999999999999,0.4797852474323062,0.8458928571428571
UOEMD,Diagnosis,Load_Loaded_Speed_Dec_60_to_30Hz,HUST + PU + Mechanical_Gear,Multi-Head DL (TABNET),0.5,0.4928132497017946,0.7996428571428572
UOEMD,Diagnosis,Load_Loaded_Speed_Dec_60_to_30Hz,HUST + PU + Electric_Motor,Multi-Head DL (TABNET),0.5875,0.5860119047619048,0.8521428571428572
UOEMD,Diagnosis,Load_Loaded_Speed_Dec_60_to_30Hz,HUST + UORED + Mechanical_Gear,Multi-Head DL (TABNET),0.675,0.6212121212121212,0.9330357142857143
UOEMD,Diagnosis,Load_Loaded_Speed_Dec_60_to_30Hz,HUST + UORED + Electric_Motor,Multi-Head DL (TABNET),0.675,0.6624589640254602,0.9500000000000001
UOEMD,Diagnosis,Load_Loaded_Speed_Dec_60_to_30Hz,HUST + Mechanical_Gear + Electric_Motor,Multi-Head DL (TABNET),0.6125,0.5816433566433566,0.9232142857142858
UOEMD,Diagnosis,Load_Loaded_Speed_Dec_60_to_30Hz,PU + UORED + Mechanical_Gear,Multi-Head DL (TABNET),0.4875,0.47686077602288274,0.9051785714285714
UOEMD,Diagnosis,Load_Loaded_Speed_Dec_60_to_30Hz,PU + UORED + Electric_Motor,Multi-Head DL (TABNET),0.5375,0.5237053654696466,0.8769642857142858
UOEMD,Diagnosis,Load_Loaded_Speed_Dec_60_to_30Hz,PU + Mechanical_Gear + Electric_Motor,Multi-Head DL (TABNET),0.525,0.49562825130052024,0.9058928571428572
UOEMD,Diagnosis,Load_Loaded_Speed_Dec_60_to_30Hz,UORED + Mechanical_Gear + Electric_Motor,Multi-Head DL (TABNET),0.7625,0.7497120558749817,0.9651785714285714
UOEMD,Diagnosis,Load_Loaded_Speed_Dec_60_to_30Hz,CWRU_12k + CWRU_48k + HUST_Gearbox + HUST,Multi-Head DL (TABNET),0.55,0.477047748447205,0.9021428571428571
UOEMD,Diagnosis,Load_Loaded_Speed_Dec_60_to_30Hz,CWRU_12k + CWRU_48k + HUST_Gearbox + PU,Multi-Head DL (TABNET),0.525,0.5013233498527616,0.8882142857142856
UOEMD,Diagnosis,Load_Loaded_Speed_Dec_60_to_30Hz,CWRU_12k + CWRU_48k + HUST_Gearbox + UORED,Multi-Head DL (TABNET),0.6375,0.645374931581828,0.9241071428571428
UOEMD,Diagnosis,Load_Loaded_Speed_Dec_60_to_30Hz,CWRU_12k + CWRU_48k + HUST_Gearbox + Mechanical_Gear,Multi-Head DL (TABNET),0.7,0.7004892426887313,0.9230357142857142
UOEMD,Diagnosis,Load_Loaded_Speed_Dec_60_to_30Hz,CWRU_12k + CWRU_48k + HUST_Gearbox + Electric_Motor,Multi-Head DL (TABNET),0.6,0.596080032842737,0.900357142857143
UOEMD,Diagnosis,Load_Loaded_Speed_Dec_60_to_30Hz,CWRU_12k + CWRU_48k + HUST + PU,Multi-Head DL (TABNET),0.5375,0.534697028328948,0.8460714285714286
UOEMD,Diagnosis,Load_Loaded_Speed_Dec_60_to_30Hz,CWRU_12k + CWRU_48k + HUST + UORED,Multi-Head DL (TABNET),0.7250000000000001,0.7235294117647059,0.9494642857142856
UOEMD,Diagnosis,Load_Loaded_Speed_Dec_60_to_30Hz,CWRU_12k + CWRU_48k + HUST + Mechanical_Gear,Multi-Head DL (TABNET),0.55,0.44806940371456494,0.9042857142857142
UOEMD,Diagnosis,Load_Loaded_Speed_Dec_60_to_30Hz,CWRU_12k + CWRU_48k + HUST + Electric_Motor,Multi-Head DL (TABNET),0.65,0.6123876123876124,0.9453571428571429
UOEMD,Diagnosis,Load_Loaded_Speed_Dec_60_to_30Hz,CWRU_12k + CWRU_48k + PU + UORED,Multi-Head DL (TABNET),0.525,0.47475718725718724,0.8880357142857143
UOEMD,Diagnosis,Load_Loaded_Speed_Dec_60_to_30Hz,CWRU_12k + CWRU_48k + PU + Mechanical_Gear,Multi-Head DL (TABNET),0.55,0.49221611721611724,0.9030357142857143
UOEMD,Diagnosis,Load_Loaded_Speed_Dec_60_to_30Hz,CWRU_12k + CWRU_48k + PU + Electric_Motor,Multi-Head DL (TABNET),0.55,0.5294790172166428,0.8608928571428571
UOEMD,Diagnosis,Load_Loaded_Speed_Dec_60_to_30Hz,CWRU_12k + CWRU_48k + UORED + Mechanical_Gear,Multi-Head DL (TABNET),0.5375000000000001,0.5254007113905822,0.86625
UOEMD,Diagnosis,Load_Loaded_Speed_Dec_60_to_30Hz,CWRU_12k + CWRU_48k + UORED + Electric_Motor,Multi-Head DL (TABNET),0.6875,0.6885354210218094,0.9394642857142856
UOEMD,Diagnosis,Load_Loaded_Speed_Dec_60_to_30Hz,CWRU_12k + CWRU_48k + Mechanical_Gear + Electric_Motor,Multi-Head DL (TABNET),0.625,0.5876678876678877,0.9225
UOEMD,Diagnosis,Load_Loaded_Speed_Dec_60_to_30Hz,CWRU_12k + HUST_Gearbox + HUST + PU,Multi-Head DL (TABNET),0.5,0.43828464914802673,0.8694642857142858
UOEMD,Diagnosis,Load_Loaded_Speed_Dec_60_to_30Hz,CWRU_12k + HUST_Gearbox + HUST + UORED,Multi-Head DL (TABNET),0.575,0.533630421865716,0.8921428571428571
UOEMD,Diagnosis,Load_Loaded_Speed_Dec_60_to_30Hz,CWRU_12k + HUST_Gearbox + HUST + Mechanical_Gear,Multi-Head DL (TABNET),0.55,0.5281591215801742,0.8642857142857143
UOEMD,Diagnosis,Load_Loaded_Speed_Dec_60_to_30Hz,CWRU_12k + HUST_Gearbox + HUST + Electric_Motor,Multi-Head DL (TABNET),0.5625,0.5199665125651968,0.9042857142857144
UOEMD,Diagnosis,Load_Loaded_Speed_Dec_60_to_30Hz,CWRU_12k + HUST_Gearbox + PU + UORED,Multi-Head DL (TABNET),0.45,0.42983667547286475,0.8585714285714285
UOEMD,Diagnosis,Load_Loaded_Speed_Dec_60_to_30Hz,CWRU_12k + HUST_Gearbox + PU + Mechanical_Gear,Multi-Head DL (TABNET),0.5,0.47290823211875843,0.8253571428571429
UOEMD,Diagnosis,Load_Loaded_Speed_Dec_60_to_30Hz,CWRU_12k + HUST_Gearbox + PU + Electric_Motor,Multi-Head DL (TABNET),0.4375,0.43110196529314176,0.8644642857142857
UOEMD,Diagnosis,Load_Loaded_Speed_Dec_60_to_30Hz,CWRU_12k + HUST_Gearbox + UORED + Mechanical_Gear,Multi-Head DL (TABNET),0.75,0.7366071428571428,0.9485714285714286
UOEMD,Diagnosis,Load_Loaded_Speed_Dec_60_to_30Hz,CWRU_12k + HUST_Gearbox + UORED + Electric_Motor,Multi-Head DL (TABNET),0.6,0.5785308441558441,0.9207142857142856
UOEMD,Diagnosis,Load_Loaded_Speed_Dec_60_to_30Hz,CWRU_12k + HUST_Gearbox + Mechanical_Gear + Electric_Motor,Multi-Head DL (TABNET),0.625,0.6128530095635358,0.8976785714285714
UOEMD,Diagnosis,Load_Loaded_Speed_Dec_60_to_30Hz,CWRU_12k + HUST + PU + UORED,Multi-Head DL (TABNET),0.5625,0.5488926643531906,0.8971428571428571
UOEMD,Diagnosis,Load_Loaded_Speed_Dec_60_to_30Hz,CWRU_12k + HUST + PU + Mechanical_Gear,Multi-Head DL (TABNET),0.575,0.5226596320346321,0.9042857142857144
UOEMD,Diagnosis,Load_Loaded_Speed_Dec_60_to_30Hz,CWRU_12k + HUST + PU + Electric_Motor,Multi-Head DL (TABNET),0.475,0.448558541776421,0.8655357142857143
UOEMD,Diagnosis,Load_Loaded_Speed_Dec_60_to_30Hz,CWRU_12k + HUST + UORED + Mechanical_Gear,Multi-Head DL (TABNET),0.6625000000000001,0.6331641060089336,0.9271428571428572
UOEMD,Diagnosis,Load_Loaded_Speed_Dec_60_to_30Hz,CWRU_12k + HUST + UORED + Electric_Motor,Multi-Head DL (TABNET),0.575,0.5170629102080715,0.9151785714285714
UOEMD,Diagnosis,Load_Loaded_Speed_Dec_60_to_30Hz,CWRU_12k + HUST + Mechanical_Gear + Electric_Motor,Multi-Head DL (TABNET),0.5625,0.5430860805860805,0.9016071428571428
UOEMD,Diagnosis,Load_Loaded_Speed_Dec_60_to_30Hz,CWRU_12k + PU + UORED + Mechanical_Gear,Multi-Head DL (TABNET),0.5625,0.5038854556296417,0.8960714285714286
UOEMD,Diagnosis,Load_Loaded_Speed_Dec_60_to_30Hz,CWRU_12k + PU + UORED + Electric_Motor,Multi-Head DL (TABNET),0.5375,0.5005838459785827,0.8600000000000001
UOEMD,Diagnosis,Load_Loaded_Speed_Dec_60_to_30Hz,CWRU_12k + PU + Mechanical_Gear + Electric_Motor,Multi-Head DL (TABNET),0.4875,0.41604405668562616,0.8207142857142857
UOEMD,Diagnosis,Load_Loaded_Speed_Dec_60_to_30Hz,CWRU_12k + UORED + Mechanical_Gear + Electric_Motor,Multi-Head DL (TABNET),0.775,0.7646616541353384,0.9803571428571429
UOEMD,Diagnosis,Load_Loaded_Speed_Dec_60_to_30Hz,CWRU_48k + HUST_Gearbox + HUST + PU,Multi-Head DL (TABNET),0.5,0.44272727272727275,0.8339285714285714
UOEMD,Diagnosis,Load_Loaded_Speed_Dec_60_to_30Hz,CWRU_48k + HUST_Gearbox + HUST + UORED,Multi-Head DL (TABNET),0.7000000000000001,0.6990737706770316,0.9191071428571428
UOEMD,Diagnosis,Load_Loaded_Speed_Dec_60_to_30Hz,CWRU_48k + HUST_Gearbox + HUST + Mechanical_Gear,Multi-Head DL (TABNET),0.575,0.5579594017094017,0.8826785714285714
UOEMD,Diagnosis,Load_Loaded_Speed_Dec_60_to_30Hz,CWRU_48k + HUST_Gearbox + HUST + Electric_Motor,Multi-Head DL (TABNET),0.5625,0.5493563416357534,0.8901785714285715
UOEMD,Diagnosis,Load_Loaded_Speed_Dec_60_to_30Hz,CWRU_48k + HUST_Gearbox + PU + UORED,Multi-Head DL (TABNET),0.65,0.6170343137254901,0.9039285714285714
UOEMD,Diagnosis,Load_Loaded_Speed_Dec_60_to_30Hz,CWRU_48k + HUST_Gearbox + PU + Mechanical_Gear,Multi-Head DL (TABNET),0.5375,0.4976927790346908,0.8246428571428572
UOEMD,Diagnosis,Load_Loaded_Speed_Dec_60_to_30Hz,CWRU_48k + HUST_Gearbox + PU + Electric_Motor,Multi-Head DL (TABNET),0.4625,0.4350857285353853,0.8474999999999999
UOEMD,Diagnosis,Load_Loaded_Speed_Dec_60_to_30Hz,CWRU_48k + HUST_Gearbox + UORED + Mechanical_Gear,Multi-Head DL (TABNET),0.5625,0.5507715968242284,0.8489285714285714
UOEMD,Diagnosis,Load_Loaded_Speed_Dec_60_to_30Hz,CWRU_48k + HUST_Gearbox + UORED + Electric_Motor,Multi-Head DL (TABNET),0.625,0.6080710955710956,0.9132142857142856
UOEMD,Diagnosis,Load_Loaded_Speed_Dec_60_to_30Hz,CWRU_48k + HUST_Gearbox + Mechanical_Gear + Electric_Motor,Multi-Head DL (TABNET),0.7124999999999999,0.7001511419614868,0.937857142857143
UOEMD,Diagnosis,Load_Loaded_Speed_Dec_60_to_30Hz,CWRU_48k + HUST + PU + UORED,Multi-Head DL (TABNET),0.5249999999999999,0.467478354978355,0.8892857142857142
UOEMD,Diagnosis,Load_Loaded_Speed_Dec_60_to_30Hz,CWRU_48k + HUST + PU + Mechanical_Gear,Multi-Head DL (TABNET),0.5625,0.5137631975867271,0.8789285714285714
UOEMD,Diagnosis,Load_Loaded_Speed_Dec_60_to_30Hz,CWRU_48k + HUST + PU + Electric_Motor,Multi-Head DL (TABNET),0.5125,0.4677393446134076,0.8966071428571428
UOEMD,Diagnosis,Load_Loaded_Speed_Dec_60_to_30Hz,CWRU_48k + HUST + UORED + Mechanical_Gear,Multi-Head DL (TABNET),0.7,0.6855259490699994,0.9480357142857142
UOEMD,Diagnosis,Load_Loaded_Speed_Dec_60_to_30Hz,CWRU_48k + HUST + UORED + Electric_Motor,Multi-Head DL (TABNET),0.6,0.5553739346309006,0.9069642857142857
UOEMD,Diagnosis,Load_Loaded_Speed_Dec_60_to_30Hz,CWRU_48k + HUST + Mechanical_Gear + Electric_Motor,Multi-Head DL (TABNET),0.6000000000000001,0.5873835767890645,0.9069642857142857
UOEMD,Diagnosis,Load_Loaded_Speed_Dec_60_to_30Hz,CWRU_48k + PU + UORED + Mechanical_Gear,Multi-Head DL (TABNET),0.55,0.5477411832353692,0.8892857142857142
UOEMD,Diagnosis,Load_Loaded_Speed_Dec_60_to_30Hz,CWRU_48k + PU + UORED + Electric_Motor,Multi-Head DL (TABNET),0.48750000000000004,0.45314685314685316,0.8848214285714285
UOEMD,Diagnosis,Load_Loaded_Speed_Dec_60_to_30Hz,CWRU_48k + PU + Mechanical_Gear + Electric_Motor,Multi-Head DL (TABNET),0.5874999999999999,0.5321765901482545,0.8901785714285715
UOEMD,Diagnosis,Load_Loaded_Speed_Dec_60_to_30Hz,CWRU_48k + UORED + Mechanical_Gear + Electric_Motor,Multi-Head DL (TABNET),0.625,0.6001619132501486,0.8941071428571429
UOEMD,Diagnosis,Load_Loaded_Speed_Dec_60_to_30Hz,HUST_Gearbox + HUST + PU + UORED,Multi-Head DL (TABNET),0.4625,0.39444522868435916,0.85625
UOEMD,Diagnosis,Load_Loaded_Speed_Dec_60_to_30Hz,HUST_Gearbox + HUST + PU + Mechanical_Gear,Multi-Head DL (TABNET),0.425,0.4097303023773612,0.79625
UOEMD,Diagnosis,Load_Loaded_Speed_Dec_60_to_30Hz,HUST_Gearbox + HUST + PU + Electric_Motor,Multi-Head DL (TABNET),0.5625,0.5288232600732601,0.8751785714285715
UOEMD,Diagnosis,Load_Loaded_Speed_Dec_60_to_30Hz,HUST_Gearbox + HUST + UORED + Mechanical_Gear,Multi-Head DL (TABNET),0.625,0.5854720133667501,0.9275
UOEMD,Diagnosis,Load_Loaded_Speed_Dec_60_to_30Hz,HUST_Gearbox + HUST + UORED + Electric_Motor,Multi-Head DL (TABNET),0.4875,0.44485888695100684,0.8999999999999999
UOEMD,Diagnosis,Load_Loaded_Speed_Dec_60_to_30Hz,HUST_Gearbox + HUST + Mechanical_Gear + Electric_Motor,Multi-Head DL (TABNET),0.6125,0.5979949874686716,0.9241071428571428
UOEMD,Diagnosis,Load_Loaded_Speed_Dec_60_to_30Hz,HUST_Gearbox + PU + UORED + Mechanical_Gear,Multi-Head DL (TABNET),0.6375000000000001,0.6311733093354486,0.9016071428571428
UOEMD,Diagnosis,Load_Loaded_Speed_Dec_60_to_30Hz,HUST_Gearbox + PU + UORED + Electric_Motor,Multi-Head DL (TABNET),0.5625,0.553657616892911,0.8717857142857143
UOEMD,Diagnosis,Load_Loaded_Speed_Dec_60_to_30Hz,HUST_Gearbox + PU + Mechanical_Gear + Electric_Motor,Multi-Head DL (TABNET),0.5625,0.5000404007756949,0.9105357142857143
UOEMD,Diagnosis,Load_Loaded_Speed_Dec_60_to_30Hz,HUST_Gearbox + UORED + Mechanical_Gear + Electric_Motor,Multi-Head DL (TABNET),0.675,0.6400674054206663,0.9353571428571429
UOEMD,Diagnosis,Load_Loaded_Speed_Dec_60_to_30Hz,HUST + PU + UORED + Mechanical_Gear,Multi-Head DL (TABNET),0.6625,0.6657530152595943,0.9278571428571429
UOEMD,Diagnosis,Load_Loaded_Speed_Dec_60_to_30Hz,HUST + PU + UORED + Electric_Motor,Multi-Head DL (TABNET),0.65,0.630797847985348,0.9267857142857143
UOEMD,Diagnosis,Load_Loaded_Speed_Dec_60_to_30Hz,HUST + PU + Mechanical_Gear + Electric_Motor,Multi-Head DL (TABNET),0.5875,0.5550908521303258,0.906607142857143
UOEMD,Diagnosis,Load_Loaded_Speed_Dec_60_to_30Hz,HUST + UORED + Mechanical_Gear + Electric_Motor,Multi-Head DL (TABNET),0.6000000000000001,0.5417415917415918,0.9169642857142858
UOEMD,Diagnosis,Load_Loaded_Speed_Dec_60_to_30Hz,PU + UORED + Mechanical_Gear + Electric_Motor,Multi-Head DL (TABNET),0.5249999999999999,0.4866962305986696,0.8271428571428572
UOEMD,Diagnosis,Load_Loaded_Speed_Dec_60_to_30Hz,CWRU_12k + CWRU_48k + HUST_Gearbox + HUST + PU,Multi-Head DL (TABNET),0.5249999999999999,0.4677155582755338,0.8114285714285714
UOEMD,Diagnosis,Load_Loaded_Speed_Dec_60_to_30Hz,CWRU_12k + CWRU_48k + HUST_Gearbox + HUST + UORED,Multi-Head DL (TABNET),0.5375,0.5421244014994014,0.8792857142857142
UOEMD,Diagnosis,Load_Loaded_Speed_Dec_60_to_30Hz,CWRU_12k + CWRU_48k + HUST_Gearbox + HUST + Mechanical_Gear,Multi-Head DL (TABNET),0.5625,0.5176622645372645,0.9014285714285715
UOEMD,Diagnosis,Load_Loaded_Speed_Dec_60_to_30Hz,CWRU_12k + CWRU_48k + HUST_Gearbox + HUST + Electric_Motor,Multi-Head DL (TABNET),0.5,0.4531926406926407,0.8478571428571429
UOEMD,Diagnosis,Load_Loaded_Speed_Dec_60_to_30Hz,CWRU_12k + CWRU_48k + HUST_Gearbox + PU + UORED,Multi-Head DL (TABNET),0.5,0.4833575737987502,0.85375
UOEMD,Diagnosis,Load_Loaded_Speed_Dec_60_to_30Hz,CWRU_12k + CWRU_48k + HUST_Gearbox + PU + Mechanical_Gear,Multi-Head DL (TABNET),0.5249999999999999,0.4914232678241299,0.9053571428571429
UOEMD,Diagnosis,Load_Loaded_Speed_Dec_60_to_30Hz,CWRU_12k + CWRU_48k + HUST_Gearbox + PU + Electric_Motor,Multi-Head DL (TABNET),0.6,0.5738225912374519,0.8789285714285714
UOEMD,Diagnosis,Load_Loaded_Speed_Dec_60_to_30Hz,CWRU_12k + CWRU_48k + HUST_Gearbox + UORED + Mechanical_Gear,Multi-Head DL (TABNET),0.48750000000000004,0.4825307794057794,0.8592857142857143
UOEMD,Diagnosis,Load_Loaded_Speed_Dec_60_to_30Hz,CWRU_12k + CWRU_48k + HUST_Gearbox + UORED + Electric_Motor,Multi-Head DL (TABNET),0.6000000000000001,0.5990312319259687,0.8658928571428571
UOEMD,Diagnosis,Load_Loaded_Speed_Dec_60_to_30Hz,CWRU_12k + CWRU_48k + HUST_Gearbox + Mechanical_Gear + Electric_Motor,Multi-Head DL (TABNET),0.575,0.5520969663411524,0.8703571428571428
UOEMD,Diagnosis,Load_Loaded_Speed_Dec_60_to_30Hz,CWRU_12k + CWRU_48k + HUST + PU + UORED,Multi-Head DL (TABNET),0.5,0.46400142731664473,0.8417857142857144
UOEMD,Diagnosis,Load_Loaded_Speed_Dec_60_to_30Hz,CWRU_12k + CWRU_48k + HUST + PU + Mechanical_Gear,Multi-Head DL (TABNET),0.475,0.40280303030303033,0.8398214285714285
UOEMD,Diagnosis,Load_Loaded_Speed_Dec_60_to_30Hz,CWRU_12k + CWRU_48k + HUST + PU + Electric_Motor,Multi-Head DL (TABNET),0.46249999999999997,0.43351158645276294,0.8255357142857143
UOEMD,Diagnosis,Load_Loaded_Speed_Dec_60_to_30Hz,CWRU_12k + CWRU_48k + HUST + UORED + Mechanical_Gear,Multi-Head DL (TABNET),0.5625,0.49142246642246645,0.9001785714285715
UOEMD,Diagnosis,Load_Loaded_Speed_Dec_60_to_30Hz,CWRU_12k + CWRU_48k + HUST + UORED + Electric_Motor,Multi-Head DL (TABNET),0.75,0.7489680082559339,0.9478571428571428
UOEMD,Diagnosis,Load_Loaded_Speed_Dec_60_to_30Hz,CWRU_12k + CWRU_48k + HUST + Mechanical_Gear + Electric_Motor,Multi-Head DL (TABNET),0.55,0.4915311653116531,0.8928571428571429
UOEMD,Diagnosis,Load_Loaded_Speed_Dec_60_to_30Hz,CWRU_12k + CWRU_48k + PU + UORED + Mechanical_Gear,Multi-Head DL (TABNET),0.4625,0.4215992340992341,0.7839285714285713
UOEMD,Diagnosis,Load_Loaded_Speed_Dec_60_to_30Hz,CWRU_12k + CWRU_48k + PU + UORED + Electric_Motor,Multi-Head DL (TABNET),0.625,0.5624725516029864,0.92125
UOEMD,Diagnosis,Load_Loaded_Speed_Dec_60_to_30Hz,CWRU_12k + CWRU_48k + PU + Mechanical_Gear + Electric_Motor,Multi-Head DL (TABNET),0.42500000000000004,0.3870115629984051,0.8092857142857143
UOEMD,Diagnosis,Load_Loaded_Speed_Dec_60_to_30Hz,CWRU_12k + CWRU_48k + UORED + Mechanical_Gear + Electric_Motor,Multi-Head DL (TABNET),0.6000000000000001,0.5955532212885154,0.9023214285714285
UOEMD,Diagnosis,Load_Loaded_Speed_Dec_60_to_30Hz,CWRU_12k + HUST_Gearbox + HUST + PU + UORED,Multi-Head DL (TABNET),0.5375000000000001,0.47709137709137706,0.89125
UOEMD,Diagnosis,Load_Loaded_Speed_Dec_60_to_30Hz,CWRU_12k + HUST_Gearbox + HUST + PU + Mechanical_Gear,Multi-Head DL (TABNET),0.4625,0.4234796727395411,0.8651785714285715
UOEMD,Diagnosis,Load_Loaded_Speed_Dec_60_to_30Hz,CWRU_12k + HUST_Gearbox + HUST + PU + Electric_Motor,Multi-Head DL (TABNET),0.5375000000000001,0.5138844488844488,0.8591071428571428
UOEMD,Diagnosis,Load_Loaded_Speed_Dec_60_to_30Hz,CWRU_12k + HUST_Gearbox + HUST + UORED + Mechanical_Gear,Multi-Head DL (TABNET),0.7124999999999999,0.711624649859944,0.9351785714285714
UOEMD,Diagnosis,Load_Loaded_Speed_Dec_60_to_30Hz,CWRU_12k + HUST_Gearbox + HUST + UORED + Electric_Motor,Multi-Head DL (TABNET),0.5,0.4502721312503921,0.8905357142857143
UOEMD,Diagnosis,Load_Loaded_Speed_Dec_60_to_30Hz,CWRU_12k + HUST_Gearbox + HUST + Mechanical_Gear + Electric_Motor,Multi-Head DL (TABNET),0.5875,0.5663747987117552,0.8839285714285714
UOEMD,Diagnosis,Load_Loaded_Speed_Dec_60_to_30Hz,CWRU_12k + HUST_Gearbox + PU + UORED + Mechanical_Gear,Multi-Head DL (TABNET),0.5,0.43104335357624834,0.8426785714285714
UOEMD,Diagnosis,Load_Loaded_Speed_Dec_60_to_30Hz,CWRU_12k + HUST_Gearbox + PU + UORED + Electric_Motor,Multi-Head DL (TABNET),0.5375,0.49847513597513604,0.8474999999999999
UOEMD,Diagnosis,Load_Loaded_Speed_Dec_60_to_30Hz,CWRU_12k + HUST_Gearbox + PU + Mechanical_Gear + Electric_Motor,Multi-Head DL (TABNET),0.5375000000000001,0.5050289987789988,0.8669642857142856
UOEMD,Diagnosis,Load_Loaded_Speed_Dec_60_to_30Hz,CWRU_12k + HUST_Gearbox + UORED + Mechanical_Gear + Electric_Motor,Multi-Head DL (TABNET),0.5125,0.4571537610081253,0.8864285714285715
UOEMD,Diagnosis,Load_Loaded_Speed_Dec_60_to_30Hz,CWRU_12k + HUST + PU + UORED + Mechanical_Gear,Multi-Head DL (TABNET),0.5125,0.4863425455530719,0.8821428571428571
UOEMD,Diagnosis,Load_Loaded_Speed_Dec_60_to_30Hz,CWRU_12k + HUST + PU + UORED + Electric_Motor,Multi-Head DL (TABNET),0.5375,0.5194139622772347,0.8730357142857144
UOEMD,Diagnosis,Load_Loaded_Speed_Dec_60_to_30Hz,CWRU_12k + HUST + PU + Mechanical_Gear + Electric_Motor,Multi-Head DL (TABNET),0.525,0.5117291334396596,0.8442857142857143
UOEMD,Diagnosis,Load_Loaded_Speed_Dec_60_to_30Hz,CWRU_12k + HUST + UORED + Mechanical_Gear + Electric_Motor,Multi-Head DL (TABNET),0.625,0.6016649159663865,0.9155357142857143
UOEMD,Diagnosis,Load_Loaded_Speed_Dec_60_to_30Hz,CWRU_12k + PU + UORED + Mechanical_Gear + Electric_Motor,Multi-Head DL (TABNET),0.6,0.5857663405491175,0.9098214285714286
UOEMD,Diagnosis,Load_Loaded_Speed_Dec_60_to_30Hz,CWRU_48k + HUST_Gearbox + HUST + PU + UORED,Multi-Head DL (TABNET),0.575,0.5518543956043955,0.8623214285714286
UOEMD,Diagnosis,Load_Loaded_Speed_Dec_60_to_30Hz,CWRU_48k + HUST_Gearbox + HUST + PU + Mechanical_Gear,Multi-Head DL (TABNET),0.5375,0.5128570713529154,0.8680357142857142
UOEMD,Diagnosis,Load_Loaded_Speed_Dec_60_to_30Hz,CWRU_48k + HUST_Gearbox + HUST + PU + Electric_Motor,Multi-Head DL (TABNET),0.5125,0.46749367763299654,0.8289285714285715
UOEMD,Diagnosis,Load_Loaded_Speed_Dec_60_to_30Hz,CWRU_48k + HUST_Gearbox + HUST + UORED + Mechanical_Gear,Multi-Head DL (TABNET),0.6000000000000001,0.5648109322682378,0.9051785714285715
UOEMD,Diagnosis,Load_Loaded_Speed_Dec_60_to_30Hz,CWRU_48k + HUST_Gearbox + HUST + UORED + Electric_Motor,Multi-Head DL (TABNET),0.6375,0.6427754435107376,0.9285714285714286
UOEMD,Diagnosis,Load_Loaded_Speed_Dec_60_to_30Hz,CWRU_48k + HUST_Gearbox + HUST + Mechanical_Gear + Electric_Motor,Multi-Head DL (TABNET),0.575,0.5193805978504255,0.9048214285714286
UOEMD,Diagnosis,Load_Loaded_Speed_Dec_60_to_30Hz,CWRU_48k + HUST_Gearbox + PU + UORED + Mechanical_Gear,Multi-Head DL (TABNET),0.6375,0.6322644847412648,0.9057142857142857
UOEMD,Diagnosis,Load_Loaded_Speed_Dec_60_to_30Hz,CWRU_48k + HUST_Gearbox + PU + UORED + Electric_Motor,Multi-Head DL (TABNET),0.575,0.5632700632700632,0.8967857142857143
UOEMD,Diagnosis,Load_Loaded_Speed_Dec_60_to_30Hz,CWRU_48k + HUST_Gearbox + PU + Mechanical_Gear + Electric_Motor,Multi-Head DL (TABNET),0.55,0.4947571819425445,0.8635714285714287
UOEMD,Diagnosis,Load_Loaded_Speed_Dec_60_to_30Hz,CWRU_48k + HUST_Gearbox + UORED + Mechanical_Gear + Electric_Motor,Multi-Head DL (TABNET),0.625,0.6133929476320781,0.9180357142857143
UOEMD,Diagnosis,Load_Loaded_Speed_Dec_60_to_30Hz,CWRU_48k + HUST + PU + UORED + Mechanical_Gear,Multi-Head DL (TABNET),0.55,0.4933685316231756,0.86375
UOEMD,Diagnosis,Load_Loaded_Speed_Dec_60_to_30Hz,CWRU_48k + HUST + PU + UORED + Electric_Motor,Multi-Head DL (TABNET),0.575,0.562518556005398,0.8769642857142856
UOEMD,Diagnosis,Load_Loaded_Speed_Dec_60_to_30Hz,CWRU_48k + HUST + PU + Mechanical_Gear + Electric_Motor,Multi-Head DL (TABNET),0.48750000000000004,0.44009099453178396,0.8189285714285715
UOEMD,Diagnosis,Load_Loaded_Speed_Dec_60_to_30Hz,CWRU_48k + HUST + UORED + Mechanical_Gear + Electric_Motor,Multi-Head DL (TABNET),0.6625,0.6497491156933881,0.9312499999999999
UOEMD,Diagnosis,Load_Loaded_Speed_Dec_60_to_30Hz,CWRU_48k + PU + UORED + Mechanical_Gear + Electric_Motor,Multi-Head DL (TABNET),0.575,0.5314341889205774,0.8789285714285714
UOEMD,Diagnosis,Load_Loaded_Speed_Dec_60_to_30Hz,HUST_Gearbox + HUST + PU + UORED + Mechanical_Gear,Multi-Head DL (TABNET),0.5125,0.4651774151774152,0.8674999999999999
UOEMD,Diagnosis,Load_Loaded_Speed_Dec_60_to_30Hz,HUST_Gearbox + HUST + PU + UORED + Electric_Motor,Multi-Head DL (TABNET),0.5375000000000001,0.5181519022982437,0.8848214285714285
UOEMD,Diagnosis,Load_Loaded_Speed_Dec_60_to_30Hz,HUST_Gearbox + HUST + PU + Mechanical_Gear + Electric_Motor,Multi-Head DL (TABNET),0.4875,0.45394544457459096,0.8291071428571428
UOEMD,Diagnosis,Load_Loaded_Speed_Dec_60_to_30Hz,HUST_Gearbox + HUST + UORED + Mechanical_Gear + Electric_Motor,Multi-Head DL (TABNET),0.6,0.5900621118012422,0.9001785714285714
UOEMD,Diagnosis,Load_Loaded_Speed_Dec_60_to_30Hz,HUST_Gearbox + PU + UORED + Mechanical_Gear + Electric_Motor,Multi-Head DL (TABNET),0.55,0.4806504485852312,0.88
UOEMD,Diagnosis,Load_Loaded_Speed_Dec_60_to_30Hz,HUST + PU + UORED + Mechanical_Gear + Electric_Motor,Multi-Head DL (TABNET),0.625,0.6030902777777778,0.865
UOEMD,Diagnosis,Load_Loaded_Speed_Dec_60_to_30Hz,CWRU_12k + CWRU_48k + HUST_Gearbox + HUST + PU + UORED,Multi-Head DL (TABNET),0.4625,0.4258895047380654,0.8460714285714286
UOEMD,Diagnosis,Load_Loaded_Speed_Dec_60_to_30Hz,CWRU_12k + CWRU_48k + HUST_Gearbox + HUST + PU + Mechanical_Gear,Multi-Head DL (TABNET),0.625,0.6133946608946609,0.8889285714285714
UOEMD,Diagnosis,Load_Loaded_Speed_Dec_60_to_30Hz,CWRU_12k + CWRU_48k + HUST_Gearbox + HUST + PU + Electric_Motor,Multi-Head DL (TABNET),0.5375000000000001,0.5417023644580075,0.8798214285714285
UOEMD,Diagnosis,Load_Loaded_Speed_Dec_60_to_30Hz,CWRU_12k + CWRU_48k + HUST_Gearbox + HUST + UORED + Mechanical_Gear,Multi-Head DL (TABNET),0.625,0.5997415413533835,0.9076785714285714
UOEMD,Diagnosis,Load_Loaded_Speed_Dec_60_to_30Hz,CWRU_12k + CWRU_48k + HUST_Gearbox + HUST + UORED + Electric_Motor,Multi-Head DL (TABNET),0.475,0.42145384469577307,0.905
UOEMD,Diagnosis,Load_Loaded_Speed_Dec_60_to_30Hz,CWRU_12k + CWRU_48k + HUST_Gearbox + HUST + Mechanical_Gear + Electric_Motor,Multi-Head DL (TABNET),0.4875,0.43255876068376065,0.8982142857142857
UOEMD,Diagnosis,Load_Loaded_Speed_Dec_60_to_30Hz,CWRU_12k + CWRU_48k + HUST_Gearbox + PU + UORED + Mechanical_Gear,Multi-Head DL (TABNET),0.65,0.6050668961419468,0.9091071428571428
UOEMD,Diagnosis,Load_Loaded_Speed_Dec_60_to_30Hz,CWRU_12k + CWRU_48k + HUST_Gearbox + PU + UORED + Electric_Motor,Multi-Head DL (TABNET),0.5625,0.527014652014652,0.8557142857142858
UOEMD,Diagnosis,Load_Loaded_Speed_Dec_60_to_30Hz,CWRU_12k + CWRU_48k + HUST_Gearbox + PU + Mechanical_Gear + Electric_Motor,Multi-Head DL (TABNET),0.55,0.5318232747644512,0.906607142857143
UOEMD,Diagnosis,Load_Loaded_Speed_Dec_60_to_30Hz,CWRU_12k + CWRU_48k + HUST_Gearbox + UORED + Mechanical_Gear + Electric_Motor,Multi-Head DL (TABNET),0.5375,0.5012140637140637,0.8814285714285713
UOEMD,Diagnosis,Load_Loaded_Speed_Dec_60_to_30Hz,CWRU_12k + CWRU_48k + HUST + PU + UORED + Mechanical_Gear,Multi-Head DL (TABNET),0.6375,0.6332175925925927,0.9017857142857143
UOEMD,Diagnosis,Load_Loaded_Speed_Dec_60_to_30Hz,CWRU_12k + CWRU_48k + HUST + PU + UORED + Electric_Motor,Multi-Head DL (TABNET),0.5875,0.5647383282472201,0.8948214285714287
UOEMD,Diagnosis,Load_Loaded_Speed_Dec_60_to_30Hz,CWRU_12k + CWRU_48k + HUST + PU + Mechanical_Gear + Electric_Motor,Multi-Head DL (TABNET),0.5499999999999999,0.5098768674136321,0.8812500000000001
UOEMD,Diagnosis,Load_Loaded_Speed_Dec_60_to_30Hz,CWRU_12k + CWRU_48k + HUST + UORED + Mechanical_Gear + Electric_Motor,Multi-Head DL (TABNET),0.625,0.6127552408152164,0.8694642857142857
UOEMD,Diagnosis,Load_Loaded_Speed_Dec_60_to_30Hz,CWRU_12k + CWRU_48k + PU + UORED + Mechanical_Gear + Electric_Motor,Multi-Head DL (TABNET),0.525,0.4718500797448165,0.9157142857142857
UOEMD,Diagnosis,Load_Loaded_Speed_Dec_60_to_30Hz,CWRU_12k + HUST_Gearbox + HUST + PU + UORED + Mechanical_Gear,Multi-Head DL (TABNET),0.5625,0.5230892418392419,0.8544642857142857
UOEMD,Diagnosis,Load_Loaded_Speed_Dec_60_to_30Hz,CWRU_12k + HUST_Gearbox + HUST + PU + UORED + Electric_Motor,Multi-Head DL (TABNET),0.525,0.46774117867867865,0.8916071428571428
UOEMD,Diagnosis,Load_Loaded_Speed_Dec_60_to_30Hz,CWRU_12k + HUST_Gearbox + HUST + PU + Mechanical_Gear + Electric_Motor,Multi-Head DL (TABNET),0.55,0.5505874414543146,0.8644642857142857
UOEMD,Diagnosis,Load_Loaded_Speed_Dec_60_to_30Hz,CWRU_12k + HUST_Gearbox + HUST + UORED + Mechanical_Gear + Electric_Motor,Multi-Head DL (TABNET),0.6125,0.6032224418093983,0.9128571428571428
UOEMD,Diagnosis,Load_Loaded_Speed_Dec_60_to_30Hz,CWRU_12k + HUST_Gearbox + PU + UORED + Mechanical_Gear + Electric_Motor,Multi-Head DL (TABNET),0.6125,0.5799062049062049,0.9057142857142857
UOEMD,Diagnosis,Load_Loaded_Speed_Dec_60_to_30Hz,CWRU_12k + HUST + PU + UORED + Mechanical_Gear + Electric_Motor,Multi-Head DL (TABNET),0.5125000000000001,0.4681019408987585,0.8939285714285714
UOEMD,Diagnosis,Load_Loaded_Speed_Dec_60_to_30Hz,CWRU_48k + HUST_Gearbox + HUST + PU + UORED + Mechanical_Gear,Multi-Head DL (TABNET),0.5625,0.5133636788048552,0.8598214285714285
UOEMD,Diagnosis,Load_Loaded_Speed_Dec_60_to_30Hz,CWRU_48k + HUST_Gearbox + HUST + PU + UORED + Electric_Motor,Multi-Head DL (TABNET),0.575,0.5367102396514161,0.8676785714285715
UOEMD,Diagnosis,Load_Loaded_Speed_Dec_60_to_30Hz,CWRU_48k + HUST_Gearbox + HUST + PU + Mechanical_Gear + Electric_Motor,Multi-Head DL (TABNET),0.5249999999999999,0.5177605472013367,0.8794642857142857
UOEMD,Diagnosis,Load_Loaded_Speed_Dec_60_to_30Hz,CWRU_48k + HUST_Gearbox + HUST + UORED + Mechanical_Gear + Electric_Motor,Multi-Head DL (TABNET),0.675,0.6673060395486866,0.9385714285714286
UOEMD,Diagnosis,Load_Loaded_Speed_Dec_60_to_30Hz,CWRU_48k + HUST_Gearbox + PU + UORED + Mechanical_Gear + Electric_Motor,Multi-Head DL (TABNET),0.5625,0.5177489177489178,0.9135714285714286
UOEMD,Diagnosis,Load_Loaded_Speed_Dec_60_to_30Hz,CWRU_48k + HUST + PU + UORED + Mechanical_Gear + Electric_Motor,Multi-Head DL (TABNET),0.5625,0.5272850678733032,0.8664285714285714
UOEMD,Diagnosis,Load_Loaded_Speed_Dec_60_to_30Hz,HUST_Gearbox + HUST + PU + UORED + Mechanical_Gear + Electric_Motor,Multi-Head DL (TABNET),0.6499999999999999,0.654039179774474,0.8514285714285714
UOEMD,Diagnosis,Load_Loaded_Speed_Dec_60_to_30Hz,CWRU_12k + CWRU_48k + HUST_Gearbox + HUST + PU + UORED + Mechanical_Gear,Multi-Head DL (TABNET),0.7,0.692128793997316,0.9091071428571429
UOEMD,Diagnosis,Load_Loaded_Speed_Dec_60_to_30Hz,CWRU_12k + CWRU_48k + HUST_Gearbox + HUST + PU + UORED + Electric_Motor,Multi-Head DL (TABNET),0.5875,0.5553231189100754,0.9028571428571428
UOEMD,Diagnosis,Load_Loaded_Speed_Dec_60_to_30Hz,CWRU_12k + CWRU_48k + HUST_Gearbox + HUST + PU + Mechanical_Gear + Electric_Motor,Multi-Head DL (TABNET),0.5375,0.48847663507989597,0.8625
UOEMD,Diagnosis,Load_Loaded_Speed_Dec_60_to_30Hz,CWRU_12k + CWRU_48k + HUST_Gearbox + HUST + UORED + Mechanical_Gear + Electric_Motor,Multi-Head DL (TABNET),0.4875,0.4464156635077834,0.8666071428571429
UOEMD,Diagnosis,Load_Loaded_Speed_Dec_60_to_30Hz,CWRU_12k + CWRU_48k + HUST_Gearbox + PU + UORED + Mechanical_Gear + Electric_Motor,Multi-Head DL (TABNET),0.6,0.5767180735930736,0.9141071428571429
UOEMD,Diagnosis,Load_Loaded_Speed_Dec_60_to_30Hz,CWRU_12k + CWRU_48k + HUST + PU + UORED + Mechanical_Gear + Electric_Motor,Multi-Head DL (TABNET),0.5,0.4568912160823925,0.7789285714285714
UOEMD,Diagnosis,Load_Loaded_Speed_Dec_60_to_30Hz,CWRU_12k + HUST_Gearbox + HUST + PU + UORED + Mechanical_Gear + Electric_Motor,Multi-Head DL (TABNET),0.5375,0.5029320217051167,0.8894642857142857
UOEMD,Diagnosis,Load_Loaded_Speed_Dec_60_to_30Hz,CWRU_48k + HUST_Gearbox + HUST + PU + UORED + Mechanical_Gear + Electric_Motor,Multi-Head DL (TABNET),0.4875,0.49022379785247433,0.83
UOEMD,Diagnosis,Load_Loaded_Speed_Dec_60_to_30Hz,CWRU_12k + CWRU_48k + HUST_Gearbox + HUST + PU + UORED + Mechanical_Gear + Electric_Motor,Multi-Head DL (TABNET),0.575,0.555952380952381,0.8976785714285713
UOEMD,Diagnosis,Load_Loaded_Speed_Inc_15_to_45Hz,CWRU_12k,Multi-Head DL (TABNET),0.7875,0.7761991028295376,0.97
UOEMD,Diagnosis,Load_Loaded_Speed_Inc_15_to_45Hz,CWRU_48k,Multi-Head DL (TABNET),0.8125,0.803106917237352,0.9644642857142857
UOEMD,Diagnosis,Load_Loaded_Speed_Inc_15_to_45Hz,HUST_Gearbox,Multi-Head DL (TABNET),0.7875,0.7850446346626856,0.9582142857142858
UOEMD,Diagnosis,Load_Loaded_Speed_Inc_15_to_45Hz,HUST,Multi-Head DL (TABNET),0.7375,0.718051923286477,0.9450000000000001
UOEMD,Diagnosis,Load_Loaded_Speed_Inc_15_to_45Hz,PU,Multi-Head DL (TABNET),0.625,0.5949594651994032,0.9217857142857142
UOEMD,Diagnosis,Load_Loaded_Speed_Inc_15_to_45Hz,UORED,Multi-Head DL (TABNET),0.75,0.7447152724726254,0.9585714285714286
UOEMD,Diagnosis,Load_Loaded_Speed_Inc_15_to_45Hz,Mechanical_Gear,Multi-Head DL (TABNET),0.7875,0.7721532091097308,0.9741071428571428
UOEMD,Diagnosis,Load_Loaded_Speed_Inc_15_to_45Hz,Electric_Motor,Multi-Head DL (TABNET),0.7625,0.7501544289044288,0.9707142857142859
UOEMD,Diagnosis,Load_Loaded_Speed_Inc_15_to_45Hz,CWRU_12k + CWRU_48k,Multi-Head DL (TABNET),0.7125,0.7012075807334428,0.9391071428571429
UOEMD,Diagnosis,Load_Loaded_Speed_Inc_15_to_45Hz,CWRU_12k + HUST_Gearbox,Multi-Head DL (TABNET),0.75,0.7328703703703703,0.9419642857142857
UOEMD,Diagnosis,Load_Loaded_Speed_Inc_15_to_45Hz,CWRU_12k + HUST,Multi-Head DL (TABNET),0.7000000000000001,0.6920120320855615,0.9371428571428572
UOEMD,Diagnosis,Load_Loaded_Speed_Inc_15_to_45Hz,CWRU_12k + PU,Multi-Head DL (TABNET),0.65,0.6317677205835099,0.9173214285714286
UOEMD,Diagnosis,Load_Loaded_Speed_Inc_15_to_45Hz,CWRU_12k + UORED,Multi-Head DL (TABNET),0.7375,0.727660234054096,0.9503571428571429
UOEMD,Diagnosis,Load_Loaded_Speed_Inc_15_to_45Hz,CWRU_12k + Mechanical_Gear,Multi-Head DL (TABNET),0.7749999999999999,0.7726841880917126,0.9658928571428571
UOEMD,Diagnosis,Load_Loaded_Speed_Inc_15_to_45Hz,CWRU_12k + Electric_Motor,Multi-Head DL (TABNET),0.75,0.7311911944264886,0.9610714285714286
UOEMD,Diagnosis,Load_Loaded_Speed_Inc_15_to_45Hz,CWRU_48k + HUST_Gearbox,Multi-Head DL (TABNET),0.7124999999999999,0.6980240279872633,0.9632142857142858
UOEMD,Diagnosis,Load_Loaded_Speed_Inc_15_to_45Hz,CWRU_48k + HUST,Multi-Head DL (TABNET),0.6875,0.6749795024451775,0.9557142857142857
UOEMD,Diagnosis,Load_Loaded_Speed_Inc_15_to_45Hz,CWRU_48k + PU,Multi-Head DL (TABNET),0.5874999999999999,0.5726226798881261,0.8991071428571429
UOEMD,Diagnosis,Load_Loaded_Speed_Inc_15_to_45Hz,CWRU_48k + UORED,Multi-Head DL (TABNET),0.775,0.7674467893217893,0.9664285714285714
UOEMD,Diagnosis,Load_Loaded_Speed_Inc_15_to_45Hz,CWRU_48k + Mechanical_Gear,Multi-Head DL (TABNET),0.8,0.7876255688755689,0.9750000000000001
UOEMD,Diagnosis,Load_Loaded_Speed_Inc_15_to_45Hz,CWRU_48k + Electric_Motor,Multi-Head DL (TABNET),0.8125,0.7930066164821852,0.9766071428571429
UOEMD,Diagnosis,Load_Loaded_Speed_Inc_15_to_45Hz,HUST_Gearbox + HUST,Multi-Head DL (TABNET),0.7749999999999999,0.7604993386243386,0.9746428571428571
UOEMD,Diagnosis,Load_Loaded_Speed_Inc_15_to_45Hz,HUST_Gearbox + PU,Multi-Head DL (TABNET),0.7375,0.7194978632478632,0.9307142857142858
UOEMD,Diagnosis,Load_Loaded_Speed_Inc_15_to_45Hz,HUST_Gearbox + UORED,Multi-Head DL (TABNET),0.75,0.7458855472013366,0.9753571428571428
UOEMD,Diagnosis,Load_Loaded_Speed_Inc_15_to_45Hz,HUST_Gearbox + Mechanical_Gear,Multi-Head DL (TABNET),0.75,0.7367388874741816,0.9601785714285714
UOEMD,Diagnosis,Load_Loaded_Speed_Inc_15_to_45Hz,HUST_Gearbox + Electric_Motor,Multi-Head DL (TABNET),0.7625,0.7516903235653236,0.9519642857142857
UOEMD,Diagnosis,Load_Loaded_Speed_Inc_15_to_45Hz,HUST + PU,Multi-Head DL (TABNET),0.6375000000000001,0.6045956358456359,0.9376785714285715
UOEMD,Diagnosis,Load_Loaded_Speed_Inc_15_to_45Hz,HUST + UORED,Multi-Head DL (TABNET),0.775,0.7643097643097643,0.9692857142857143
UOEMD,Diagnosis,Load_Loaded_Speed_Inc_15_to_45Hz,HUST + Mechanical_Gear,Multi-Head DL (TABNET),0.7625,0.7543299585280336,0.9457142857142857
UOEMD,Diagnosis,Load_Loaded_Speed_Inc_15_to_45Hz,HUST + Electric_Motor,Multi-Head DL (TABNET),0.75,0.7403817432623463,0.9560714285714286
UOEMD,Diagnosis,Load_Loaded_Speed_Inc_15_to_45Hz,PU + UORED,Multi-Head DL (TABNET),0.675,0.6632437680425296,0.9362499999999999
UOEMD,Diagnosis,Load_Loaded_Speed_Inc_15_to_45Hz,PU + Mechanical_Gear,Multi-Head DL (TABNET),0.6625000000000001,0.6546106168700058,0.9333928571428571
UOEMD,Diagnosis,Load_Loaded_Speed_Inc_15_to_45Hz,PU + Electric_Motor,Multi-Head DL (TABNET),0.6375,0.6225155279503105,0.9123214285714285
UOEMD,Diagnosis,Load_Loaded_Speed_Inc_15_to_45Hz,UORED + Mechanical_Gear,Multi-Head DL (TABNET),0.75,0.739127886002886,0.9601785714285713
UOEMD,Diagnosis,Load_Loaded_Speed_Inc_15_to_45Hz,UORED + Electric_Motor,Multi-Head DL (TABNET),0.7749999999999999,0.7627562530224397,0.96625
UOEMD,Diagnosis,Load_Loaded_Speed_Inc_15_to_45Hz,Mechanical_Gear + Electric_Motor,Multi-Head DL (TABNET),0.7250000000000001,0.7117724867724867,0.9507142857142857
UOEMD,Diagnosis,Load_Loaded_Speed_Inc_15_to_45Hz,CWRU_12k + CWRU_48k + HUST_Gearbox,Multi-Head DL (TABNET),0.6875,0.6709249302487794,0.9028571428571428
UOEMD,Diagnosis,Load_Loaded_Speed_Inc_15_to_45Hz,CWRU_12k + CWRU_48k + HUST,Multi-Head DL (TABNET),0.625,0.5996380907422098,0.9230357142857143
UOEMD,Diagnosis,Load_Loaded_Speed_Inc_15_to_45Hz,CWRU_12k + CWRU_48k + PU,Multi-Head DL (TABNET),0.625,0.5953441982853747,0.9114285714285715
UOEMD,Diagnosis,Load_Loaded_Speed_Inc_15_to_45Hz,CWRU_12k + CWRU_48k + UORED,Multi-Head DL (TABNET),0.7,0.6695049857549857,0.9433928571428571
UOEMD,Diagnosis,Load_Loaded_Speed_Inc_15_to_45Hz,CWRU_12k + CWRU_48k + Mechanical_Gear,Multi-Head DL (TABNET),0.6625000000000001,0.6169054259634889,0.9519642857142857
UOEMD,Diagnosis,Load_Loaded_Speed_Inc_15_to_45Hz,CWRU_12k + CWRU_48k + Electric_Motor,Multi-Head DL (TABNET),0.7125,0.6895477207977208,0.9466071428571429
UOEMD,Diagnosis,Load_Loaded_Speed_Inc_15_to_45Hz,CWRU_12k + HUST_Gearbox + HUST,Multi-Head DL (TABNET),0.675,0.6613922627080522,0.9325
UOEMD,Diagnosis,Load_Loaded_Speed_Inc_15_to_45Hz,CWRU_12k + HUST_Gearbox + PU,Multi-Head DL (TABNET),0.525,0.4801865440845704,0.8853571428571428
UOEMD,Diagnosis,Load_Loaded_Speed_Inc_15_to_45Hz,CWRU_12k + HUST_Gearbox + UORED,Multi-Head DL (TABNET),0.7625,0.7458152958152958,0.9551785714285714
UOEMD,Diagnosis,Load_Loaded_Speed_Inc_15_to_45Hz,CWRU_12k + HUST_Gearbox + Mechanical_Gear,Multi-Head DL (TABNET),0.7125,0.7053305795082111,0.9271428571428572
UOEMD,Diagnosis,Load_Loaded_Speed_Inc_15_to_45Hz,CWRU_12k + HUST_Gearbox + Electric_Motor,Multi-Head DL (TABNET),0.75,0.7200355828830388,0.9508928571428572
UOEMD,Diagnosis,Load_Loaded_Speed_Inc_15_to_45Hz,CWRU_12k + HUST + PU,Multi-Head DL (TABNET),0.6125,0.5859335170190433,0.8960714285714286
UOEMD,Diagnosis,Load_Loaded_Speed_Inc_15_to_45Hz,CWRU_12k + HUST + UORED,Multi-Head DL (TABNET),0.7375,0.7285719311648104,0.9382142857142857
UOEMD,Diagnosis,Load_Loaded_Speed_Inc_15_to_45Hz,CWRU_12k + HUST + Mechanical_Gear,Multi-Head DL (TABNET),0.675,0.6708885941644562,0.9498214285714286
UOEMD,Diagnosis,Load_Loaded_Speed_Inc_15_to_45Hz,CWRU_12k + HUST + Electric_Motor,Multi-Head DL (TABNET),0.6749999999999999,0.6621122255797178,0.9267857142857143
UOEMD,Diagnosis,Load_Loaded_Speed_Inc_15_to_45Hz,CWRU_12k + PU + UORED,Multi-Head DL (TABNET),0.7,0.6915788623141566,0.9269642857142857
UOEMD,Diagnosis,Load_Loaded_Speed_Inc_15_to_45Hz,CWRU_12k + PU + Mechanical_Gear,Multi-Head DL (TABNET),0.575,0.5327969132316959,0.8966071428571429
UOEMD,Diagnosis,Load_Loaded_Speed_Inc_15_to_45Hz,CWRU_12k + PU + Electric_Motor,Multi-Head DL (TABNET),0.65,0.6352131551117353,0.90625
UOEMD,Diagnosis,Load_Loaded_Speed_Inc_15_to_45Hz,CWRU_12k + UORED + Mechanical_Gear,Multi-Head DL (TABNET),0.7375,0.7254873294346978,0.94375
UOEMD,Diagnosis,Load_Loaded_Speed_Inc_15_to_45Hz,CWRU_12k + UORED + Electric_Motor,Multi-Head DL (TABNET),0.775,0.7717360915658129,0.9714285714285714
UOEMD,Diagnosis,Load_Loaded_Speed_Inc_15_to_45Hz,CWRU_12k + Mechanical_Gear + Electric_Motor,Multi-Head DL (TABNET),0.7375,0.7134776857602945,0.97875
UOEMD,Diagnosis,Load_Loaded_Speed_Inc_15_to_45Hz,CWRU_48k + HUST_Gearbox + HUST,Multi-Head DL (TABNET),0.75,0.7439479515064014,0.94875
UOEMD,Diagnosis,Load_Loaded_Speed_Inc_15_to_45Hz,CWRU_48k + HUST_Gearbox + PU,Multi-Head DL (TABNET),0.625,0.5880412661132208,0.8975
UOEMD,Diagnosis,Load_Loaded_Speed_Inc_15_to_45Hz,CWRU_48k + HUST_Gearbox + UORED,Multi-Head DL (TABNET),0.6625000000000001,0.6459308807134894,0.9375
UOEMD,Diagnosis,Load_Loaded_Speed_Inc_15_to_45Hz,CWRU_48k + HUST_Gearbox + Mechanical_Gear,Multi-Head DL (TABNET),0.6875,0.6764402958152957,0.9448214285714286
UOEMD,Diagnosis,Load_Loaded_Speed_Inc_15_to_45Hz,CWRU_48k + HUST_Gearbox + Electric_Motor,Multi-Head DL (TABNET),0.75,0.7437803981681859,0.9485714285714286
UOEMD,Diagnosis,Load_Loaded_Speed_Inc_15_to_45Hz,CWRU_48k + HUST + PU,Multi-Head DL (TABNET),0.6875,0.6701917338377983,0.9212499999999999
UOEMD,Diagnosis,Load_Loaded_Speed_Inc_15_to_45Hz,CWRU_48k + HUST + UORED,Multi-Head DL (TABNET),0.675,0.6548909423909424,0.9385714285714286
UOEMD,Diagnosis,Load_Loaded_Speed_Inc_15_to_45Hz,CWRU_48k + HUST + Mechanical_Gear,Multi-Head DL (TABNET),0.7125,0.7048449933279655,0.9603571428571429
UOEMD,Diagnosis,Load_Loaded_Speed_Inc_15_to_45Hz,CWRU_48k + HUST + Electric_Motor,Multi-Head DL (TABNET),0.725,0.6943508359456636,0.9594642857142858
UOEMD,Diagnosis,Load_Loaded_Speed_Inc_15_to_45Hz,CWRU_48k + PU + UORED,Multi-Head DL (TABNET),0.5875,0.5287809620162562,0.9057142857142858
UOEMD,Diagnosis,Load_Loaded_Speed_Inc_15_to_45Hz,CWRU_48k + PU + Mechanical_Gear,Multi-Head DL (TABNET),0.5874999999999999,0.5776109481019622,0.8932142857142857
UOEMD,Diagnosis,Load_Loaded_Speed_Inc_15_to_45Hz,CWRU_48k + PU + Electric_Motor,Multi-Head DL (TABNET),0.6625000000000001,0.6417226036104755,0.9139285714285714
UOEMD,Diagnosis,Load_Loaded_Speed_Inc_15_to_45Hz,CWRU_48k + UORED + Mechanical_Gear,Multi-Head DL (TABNET),0.8125,0.8089492072572736,0.9608928571428571
UOEMD,Diagnosis,Load_Loaded_Speed_Inc_15_to_45Hz,CWRU_48k + UORED + Electric_Motor,Multi-Head DL (TABNET),0.7875,0.7796470342522974,0.9714285714285714
UOEMD,Diagnosis,Load_Loaded_Speed_Inc_15_to_45Hz,CWRU_48k + Mechanical_Gear + Electric_Motor,Multi-Head DL (TABNET),0.7749999999999999,0.7649213531566472,0.9635714285714285
UOEMD,Diagnosis,Load_Loaded_Speed_Inc_15_to_45Hz,HUST_Gearbox + HUST + PU,Multi-Head DL (TABNET),0.5875,0.5743797868797869,0.9
UOEMD,Diagnosis,Load_Loaded_Speed_Inc_15_to_45Hz,HUST_Gearbox + HUST + UORED,Multi-Head DL (TABNET),0.6375,0.6268234689287321,0.9394642857142858
UOEMD,Diagnosis,Load_Loaded_Speed_Inc_15_to_45Hz,HUST_Gearbox + HUST + Mechanical_Gear,Multi-Head DL (TABNET),0.7,0.675571032228641,0.9535714285714285
UOEMD,Diagnosis,Load_Loaded_Speed_Inc_15_to_45Hz,HUST_Gearbox + HUST + Electric_Motor,Multi-Head DL (TABNET),0.6875,0.6804417792589148,0.9169642857142857
UOEMD,Diagnosis,Load_Loaded_Speed_Inc_15_to_45Hz,HUST_Gearbox + PU + UORED,Multi-Head DL (TABNET),0.6125,0.5780281099974195,0.9192857142857143
UOEMD,Diagnosis,Load_Loaded_Speed_Inc_15_to_45Hz,HUST_Gearbox + PU + Mechanical_Gear,Multi-Head DL (TABNET),0.5625,0.5564082616785706,0.8903571428571428
UOEMD,Diagnosis,Load_Loaded_Speed_Inc_15_to_45Hz,HUST_Gearbox + PU + Electric_Motor,Multi-Head DL (TABNET),0.5874999999999999,0.5734569891174861,0.9280357142857143
UOEMD,Diagnosis,Load_Loaded_Speed_Inc_15_to_45Hz,HUST_Gearbox + UORED + Mechanical_Gear,Multi-Head DL (TABNET),0.8,0.7908065618591934,0.9703571428571429
UOEMD,Diagnosis,Load_Loaded_Speed_Inc_15_to_45Hz,HUST_Gearbox + UORED + Electric_Motor,Multi-Head DL (TABNET),0.7125,0.6874761268143621,0.9278571428571429
UOEMD,Diagnosis,Load_Loaded_Speed_Inc_15_to_45Hz,HUST_Gearbox + Mechanical_Gear + Electric_Motor,Multi-Head DL (TABNET),0.725,0.7302333959899749,0.9564285714285714
UOEMD,Diagnosis,Load_Loaded_Speed_Inc_15_to_45Hz,HUST + PU + UORED,Multi-Head DL (TABNET),0.625,0.6265277466786088,0.9203571428571429
UOEMD,Diagnosis,Load_Loaded_Speed_Inc_15_to_45Hz,HUST + PU + Mechanical_Gear,Multi-Head DL (TABNET),0.5625,0.5423035298035298,0.9
UOEMD,Diagnosis,Load_Loaded_Speed_Inc_15_to_45Hz,HUST + PU + Electric_Motor,Multi-Head DL (TABNET),0.6000000000000001,0.5707968708278306,0.9223214285714286
UOEMD,Diagnosis,Load_Loaded_Speed_Inc_15_to_45Hz,HUST + UORED + Mechanical_Gear,Multi-Head DL (TABNET),0.6875,0.678569439139292,0.9294642857142857
UOEMD,Diagnosis,Load_Loaded_Speed_Inc_15_to_45Hz,HUST + UORED + Electric_Motor,Multi-Head DL (TABNET),0.8,0.7994327954467273,0.9569642857142857
UOEMD,Diagnosis,Load_Loaded_Speed_Inc_15_to_45Hz,HUST + Mechanical_Gear + Electric_Motor,Multi-Head DL (TABNET),0.6749999999999999,0.6610790298630589,0.9437500000000001
UOEMD,Diagnosis,Load_Loaded_Speed_Inc_15_to_45Hz,PU + UORED + Mechanical_Gear,Multi-Head DL (TABNET),0.7,0.6864620050572063,0.9216071428571428
UOEMD,Diagnosis,Load_Loaded_Speed_Inc_15_to_45Hz,PU + UORED + Electric_Motor,Multi-Head DL (TABNET),0.55,0.5019812972115604,0.9048214285714287
UOEMD,Diagnosis,Load_Loaded_Speed_Inc_15_to_45Hz,PU + Mechanical_Gear + Electric_Motor,Multi-Head DL (TABNET),0.725,0.7152685635657772,0.9423214285714285
UOEMD,Diagnosis,Load_Loaded_Speed_Inc_15_to_45Hz,UORED + Mechanical_Gear + Electric_Motor,Multi-Head DL (TABNET),0.7875,0.7856521640914431,0.9716071428571429
UOEMD,Diagnosis,Load_Loaded_Speed_Inc_15_to_45Hz,CWRU_12k + CWRU_48k + HUST_Gearbox + HUST,Multi-Head DL (TABNET),0.5875,0.536949093934388,0.9207142857142857
UOEMD,Diagnosis,Load_Loaded_Speed_Inc_15_to_45Hz,CWRU_12k + CWRU_48k + HUST_Gearbox + PU,Multi-Head DL (TABNET),0.575,0.5496736450683819,0.91375
UOEMD,Diagnosis,Load_Loaded_Speed_Inc_15_to_45Hz,CWRU_12k + CWRU_48k + HUST_Gearbox + UORED,Multi-Head DL (TABNET),0.575,0.5367723872667771,0.9239285714285714
UOEMD,Diagnosis,Load_Loaded_Speed_Inc_15_to_45Hz,CWRU_12k + CWRU_48k + HUST_Gearbox + Mechanical_Gear,Multi-Head DL (TABNET),0.7000000000000001,0.6716666666666666,0.9314285714285715
UOEMD,Diagnosis,Load_Loaded_Speed_Inc_15_to_45Hz,CWRU_12k + CWRU_48k + HUST_Gearbox + Electric_Motor,Multi-Head DL (TABNET),0.6875,0.666675154910449,0.9110714285714285
UOEMD,Diagnosis,Load_Loaded_Speed_Inc_15_to_45Hz,CWRU_12k + CWRU_48k + HUST + PU,Multi-Head DL (TABNET),0.6125,0.5744239861016176,0.9357142857142857
UOEMD,Diagnosis,Load_Loaded_Speed_Inc_15_to_45Hz,CWRU_12k + CWRU_48k + HUST + UORED,Multi-Head DL (TABNET),0.625,0.5863186813186814,0.9417857142857143
UOEMD,Diagnosis,Load_Loaded_Speed_Inc_15_to_45Hz,CWRU_12k + CWRU_48k + HUST + Mechanical_Gear,Multi-Head DL (TABNET),0.6625,0.625078320802005,0.9453571428571429
UOEMD,Diagnosis,Load_Loaded_Speed_Inc_15_to_45Hz,CWRU_12k + CWRU_48k + HUST + Electric_Motor,Multi-Head DL (TABNET),0.6375,0.6095626293995859,0.937142857142857
UOEMD,Diagnosis,Load_Loaded_Speed_Inc_15_to_45Hz,CWRU_12k + CWRU_48k + PU + UORED,Multi-Head DL (TABNET),0.5625,0.5494702665755298,0.8991071428571429
UOEMD,Diagnosis,Load_Loaded_Speed_Inc_15_to_45Hz,CWRU_12k + CWRU_48k + PU + Mechanical_Gear,Multi-Head DL (TABNET),0.6000000000000001,0.5608452950558214,0.8857142857142857
UOEMD,Diagnosis,Load_Loaded_Speed_Inc_15_to_45Hz,CWRU_12k + CWRU_48k + PU + Electric_Motor,Multi-Head DL (TABNET),0.5125,0.48005239292815444,0.8976785714285714
UOEMD,Diagnosis,Load_Loaded_Speed_Inc_15_to_45Hz,CWRU_12k + CWRU_48k + UORED + Mechanical_Gear,Multi-Head DL (TABNET),0.775,0.7656972961249278,0.9548214285714286
UOEMD,Diagnosis,Load_Loaded_Speed_Inc_15_to_45Hz,CWRU_12k + CWRU_48k + UORED + Electric_Motor,Multi-Head DL (TABNET),0.6875,0.6475557775557776,0.9505357142857143
UOEMD,Diagnosis,Load_Loaded_Speed_Inc_15_to_45Hz,CWRU_12k + CWRU_48k + Mechanical_Gear + Electric_Motor,Multi-Head DL (TABNET),0.675,0.6594969358127252,0.9285714285714286
UOEMD,Diagnosis,Load_Loaded_Speed_Inc_15_to_45Hz,CWRU_12k + HUST_Gearbox + HUST + PU,Multi-Head DL (TABNET),0.6625,0.6414720695970696,0.90625
UOEMD,Diagnosis,Load_Loaded_Speed_Inc_15_to_45Hz,CWRU_12k + HUST_Gearbox + HUST + UORED,Multi-Head DL (TABNET),0.6375,0.6364743814192344,0.9428571428571428
UOEMD,Diagnosis,Load_Loaded_Speed_Inc_15_to_45Hz,CWRU_12k + HUST_Gearbox + HUST + Mechanical_Gear,Multi-Head DL (TABNET),0.6625,0.6464195118606884,0.9171428571428573
UOEMD,Diagnosis,Load_Loaded_Speed_Inc_15_to_45Hz,CWRU_12k + HUST_Gearbox + HUST + Electric_Motor,Multi-Head DL (TABNET),0.65,0.6285420541734481,0.9241071428571428
UOEMD,Diagnosis,Load_Loaded_Speed_Inc_15_to_45Hz,CWRU_12k + HUST_Gearbox + PU + UORED,Multi-Head DL (TABNET),0.6625000000000001,0.640850468975469,0.9180357142857143
UOEMD,Diagnosis,Load_Loaded_Speed_Inc_15_to_45Hz,CWRU_12k + HUST_Gearbox + PU + Mechanical_Gear,Multi-Head DL (TABNET),0.65,0.6397527472527473,0.8987499999999999
UOEMD,Diagnosis,Load_Loaded_Speed_Inc_15_to_45Hz,CWRU_12k + HUST_Gearbox + PU + Electric_Motor,Multi-Head DL (TABNET),0.6875,0.6737212276214835,0.9114285714285715
UOEMD,Diagnosis,Load_Loaded_Speed_Inc_15_to_45Hz,CWRU_12k + HUST_Gearbox + UORED + Mechanical_Gear,Multi-Head DL (TABNET),0.6749999999999999,0.6550218517470573,0.9317857142857143
UOEMD,Diagnosis,Load_Loaded_Speed_Inc_15_to_45Hz,CWRU_12k + HUST_Gearbox + UORED + Electric_Motor,Multi-Head DL (TABNET),0.7125,0.6854433497536946,0.9366071428571429
UOEMD,Diagnosis,Load_Loaded_Speed_Inc_15_to_45Hz,CWRU_12k + HUST_Gearbox + Mechanical_Gear + Electric_Motor,Multi-Head DL (TABNET),0.7125,0.7067530959752322,0.9441071428571428
UOEMD,Diagnosis,Load_Loaded_Speed_Inc_15_to_45Hz,CWRU_12k + HUST + PU + UORED,Multi-Head DL (TABNET),0.6499999999999999,0.625209341030842,0.9375
UOEMD,Diagnosis,Load_Loaded_Speed_Inc_15_to_45Hz,CWRU_12k + HUST + PU + Mechanical_Gear,Multi-Head DL (TABNET),0.6125,0.5631696428571429,0.8926785714285714
UOEMD,Diagnosis,Load_Loaded_Speed_Inc_15_to_45Hz,CWRU_12k + HUST + PU + Electric_Motor,Multi-Head DL (TABNET),0.5875,0.5684344760631526,0.9214285714285715
UOEMD,Diagnosis,Load_Loaded_Speed_Inc_15_to_45Hz,CWRU_12k + HUST + UORED + Mechanical_Gear,Multi-Head DL (TABNET),0.5875,0.5751850548831973,0.9030357142857144
UOEMD,Diagnosis,Load_Loaded_Speed_Inc_15_to_45Hz,CWRU_12k + HUST + UORED + Electric_Motor,Multi-Head DL (TABNET),0.5625,0.536935309425298,0.9025
UOEMD,Diagnosis,Load_Loaded_Speed_Inc_15_to_45Hz,CWRU_12k + HUST + Mechanical_Gear + Electric_Motor,Multi-Head DL (TABNET),0.7,0.6783424908424909,0.9346428571428571
UOEMD,Diagnosis,Load_Loaded_Speed_Inc_15_to_45Hz,CWRU_12k + PU + UORED + Mechanical_Gear,Multi-Head DL (TABNET),0.575,0.5386777899565623,0.9066071428571428
UOEMD,Diagnosis,Load_Loaded_Speed_Inc_15_to_45Hz,CWRU_12k + PU + UORED + Electric_Motor,Multi-Head DL (TABNET),0.5875,0.569520202020202,0.9064285714285714
UOEMD,Diagnosis,Load_Loaded_Speed_Inc_15_to_45Hz,CWRU_12k + PU + Mechanical_Gear + Electric_Motor,Multi-Head DL (TABNET),0.7250000000000001,0.6886829605579605,0.9344642857142857
UOEMD,Diagnosis,Load_Loaded_Speed_Inc_15_to_45Hz,CWRU_12k + UORED + Mechanical_Gear + Electric_Motor,Multi-Head DL (TABNET),0.7250000000000001,0.710803343076361,0.9535714285714285
UOEMD,Diagnosis,Load_Loaded_Speed_Inc_15_to_45Hz,CWRU_48k + HUST_Gearbox + HUST + PU,Multi-Head DL (TABNET),0.5125,0.47539407509415244,0.8489285714285715
UOEMD,Diagnosis,Load_Loaded_Speed_Inc_15_to_45Hz,CWRU_48k + HUST_Gearbox + HUST + UORED,Multi-Head DL (TABNET),0.725,0.7066297367404313,0.9566071428571429
UOEMD,Diagnosis,Load_Loaded_Speed_Inc_15_to_45Hz,CWRU_48k + HUST_Gearbox + HUST + Mechanical_Gear,Multi-Head DL (TABNET),0.675,0.6615610692384148,0.9455357142857143
UOEMD,Diagnosis,Load_Loaded_Speed_Inc_15_to_45Hz,CWRU_48k + HUST_Gearbox + HUST + Electric_Motor,Multi-Head DL (TABNET),0.75,0.7272363053613053,0.9512499999999999
UOEMD,Diagnosis,Load_Loaded_Speed_Inc_15_to_45Hz,CWRU_48k + HUST_Gearbox + PU + UORED,Multi-Head DL (TABNET),0.6,0.5861657262586055,0.9119642857142858
UOEMD,Diagnosis,Load_Loaded_Speed_Inc_15_to_45Hz,CWRU_48k + HUST_Gearbox + PU + Mechanical_Gear,Multi-Head DL (TABNET),0.6,0.5722874476744445,0.9010714285714285
UOEMD,Diagnosis,Load_Loaded_Speed_Inc_15_to_45Hz,CWRU_48k + HUST_Gearbox + PU + Electric_Motor,Multi-Head DL (TABNET),0.625,0.6061282467532467,0.8835714285714286
UOEMD,Diagnosis,Load_Loaded_Speed_Inc_15_to_45Hz,CWRU_48k + HUST_Gearbox + UORED + Mechanical_Gear,Multi-Head DL (TABNET),0.75,0.7365805818895064,0.9564285714285714
UOEMD,Diagnosis,Load_Loaded_Speed_Inc_15_to_45Hz,CWRU_48k + HUST_Gearbox + UORED + Electric_Motor,Multi-Head DL (TABNET),0.725,0.7216354723707665,0.95
UOEMD,Diagnosis,Load_Loaded_Speed_Inc_15_to_45Hz,CWRU_48k + HUST_Gearbox + Mechanical_Gear + Electric_Motor,Multi-Head DL (TABNET),0.65,0.636714130096483,0.9173214285714286
UOEMD,Diagnosis,Load_Loaded_Speed_Inc_15_to_45Hz,CWRU_48k + HUST + PU + UORED,Multi-Head DL (TABNET),0.5874999999999999,0.5539358108108108,0.8542857142857143
UOEMD,Diagnosis,Load_Loaded_Speed_Inc_15_to_45Hz,CWRU_48k + HUST + PU + Mechanical_Gear,Multi-Head DL (TABNET),0.6125,0.5645502645502645,0.8880357142857143
UOEMD,Diagnosis,Load_Loaded_Speed_Inc_15_to_45Hz,CWRU_48k + HUST + PU + Electric_Motor,Multi-Head DL (TABNET),0.6000000000000001,0.5435111611098453,0.9023214285714285
UOEMD,Diagnosis,Load_Loaded_Speed_Inc_15_to_45Hz,CWRU_48k + HUST + UORED + Mechanical_Gear,Multi-Head DL (TABNET),0.725,0.7179523327549644,0.9566071428571429
UOEMD,Diagnosis,Load_Loaded_Speed_Inc_15_to_45Hz,CWRU_48k + HUST + UORED + Electric_Motor,Multi-Head DL (TABNET),0.675,0.6408858070964518,0.9280357142857143
UOEMD,Diagnosis,Load_Loaded_Speed_Inc_15_to_45Hz,CWRU_48k + HUST + Mechanical_Gear + Electric_Motor,Multi-Head DL (TABNET),0.675,0.6536063664596272,0.9398214285714286
UOEMD,Diagnosis,Load_Loaded_Speed_Inc_15_to_45Hz,CWRU_48k + PU + UORED + Mechanical_Gear,Multi-Head DL (TABNET),0.625,0.602957012215289,0.8907142857142858
UOEMD,Diagnosis,Load_Loaded_Speed_Inc_15_to_45Hz,CWRU_48k + PU + UORED + Electric_Motor,Multi-Head DL (TABNET),0.675,0.6502163213463523,0.9333928571428571
UOEMD,Diagnosis,Load_Loaded_Speed_Inc_15_to_45Hz,CWRU_48k + PU + Mechanical_Gear + Electric_Motor,Multi-Head DL (TABNET),0.575,0.5521601888449714,0.8757142857142857
UOEMD,Diagnosis,Load_Loaded_Speed_Inc_15_to_45Hz,CWRU_48k + UORED + Mechanical_Gear + Electric_Motor,Multi-Head DL (TABNET),0.775,0.7650782854343225,0.9671428571428572
UOEMD,Diagnosis,Load_Loaded_Speed_Inc_15_to_45Hz,HUST_Gearbox + HUST + PU + UORED,Multi-Head DL (TABNET),0.6625,0.6363270308123249,0.9110714285714285
UOEMD,Diagnosis,Load_Loaded_Speed_Inc_15_to_45Hz,HUST_Gearbox + HUST + PU + Mechanical_Gear,Multi-Head DL (TABNET),0.6625000000000001,0.6561342592592593,0.9241071428571429
UOEMD,Diagnosis,Load_Loaded_Speed_Inc_15_to_45Hz,HUST_Gearbox + HUST + PU + Electric_Motor,Multi-Head DL (TABNET),0.5875,0.5519875689685522,0.8873214285714286
UOEMD,Diagnosis,Load_Loaded_Speed_Inc_15_to_45Hz,HUST_Gearbox + HUST + UORED + Mechanical_Gear,Multi-Head DL (TABNET),0.6375,0.6281265031265031,0.9053571428571427
UOEMD,Diagnosis,Load_Loaded_Speed_Inc_15_to_45Hz,HUST_Gearbox + HUST + UORED + Electric_Motor,Multi-Head DL (TABNET),0.675,0.6567716189039718,0.9369642857142857
UOEMD,Diagnosis,Load_Loaded_Speed_Inc_15_to_45Hz,HUST_Gearbox + HUST + Mechanical_Gear + Electric_Motor,Multi-Head DL (TABNET),0.625,0.6002122593235125,0.9158928571428571
UOEMD,Diagnosis,Load_Loaded_Speed_Inc_15_to_45Hz,HUST_Gearbox + PU + UORED + Mechanical_Gear,Multi-Head DL (TABNET),0.5625,0.539193847088584,0.8885714285714286
UOEMD,Diagnosis,Load_Loaded_Speed_Inc_15_to_45Hz,HUST_Gearbox + PU + UORED + Electric_Motor,Multi-Head DL (TABNET),0.7,0.692555251765778,0.9233928571428572
UOEMD,Diagnosis,Load_Loaded_Speed_Inc_15_to_45Hz,HUST_Gearbox + PU + Mechanical_Gear + Electric_Motor,Multi-Head DL (TABNET),0.6125,0.5977155727155727,0.9110714285714285
UOEMD,Diagnosis,Load_Loaded_Speed_Inc_15_to_45Hz,HUST_Gearbox + UORED + Mechanical_Gear + Electric_Motor,Multi-Head DL (TABNET),0.625,0.6136066547831254,0.9241071428571428
UOEMD,Diagnosis,Load_Loaded_Speed_Inc_15_to_45Hz,HUST + PU + UORED + Mechanical_Gear,Multi-Head DL (TABNET),0.5750000000000001,0.5275234910017519,0.8832142857142857
UOEMD,Diagnosis,Load_Loaded_Speed_Inc_15_to_45Hz,HUST + PU + UORED + Electric_Motor,Multi-Head DL (TABNET),0.6499999999999999,0.641923309178744,0.9223214285714286
UOEMD,Diagnosis,Load_Loaded_Speed_Inc_15_to_45Hz,HUST + PU + Mechanical_Gear + Electric_Motor,Multi-Head DL (TABNET),0.6,0.5851108750136209,0.9226785714285715
UOEMD,Diagnosis,Load_Loaded_Speed_Inc_15_to_45Hz,HUST + UORED + Mechanical_Gear + Electric_Motor,Multi-Head DL (TABNET),0.6125,0.5574754901960784,0.9251785714285714
UOEMD,Diagnosis,Load_Loaded_Speed_Inc_15_to_45Hz,PU + UORED + Mechanical_Gear + Electric_Motor,Multi-Head DL (TABNET),0.675,0.6228710215340856,0.94375
UOEMD,Diagnosis,Load_Loaded_Speed_Inc_15_to_45Hz,CWRU_12k + CWRU_48k + HUST_Gearbox + HUST + PU,Multi-Head DL (TABNET),0.6749999999999999,0.6624240890688259,0.9126785714285715
UOEMD,Diagnosis,Load_Loaded_Speed_Inc_15_to_45Hz,CWRU_12k + CWRU_48k + HUST_Gearbox + HUST + UORED,Multi-Head DL (TABNET),0.6375,0.6147986751435026,0.93375
UOEMD,Diagnosis,Load_Loaded_Speed_Inc_15_to_45Hz,CWRU_12k + CWRU_48k + HUST_Gearbox + HUST + Mechanical_Gear,Multi-Head DL (TABNET),0.7125,0.6845776772247361,0.9344642857142856
UOEMD,Diagnosis,Load_Loaded_Speed_Inc_15_to_45Hz,CWRU_12k + CWRU_48k + HUST_Gearbox + HUST + Electric_Motor,Multi-Head DL (TABNET),0.6125,0.5497142064647785,0.9223214285714285
UOEMD,Diagnosis,Load_Loaded_Speed_Inc_15_to_45Hz,CWRU_12k + CWRU_48k + HUST_Gearbox + PU + UORED,Multi-Head DL (TABNET),0.625,0.5858129356631412,0.9160714285714286
UOEMD,Diagnosis,Load_Loaded_Speed_Inc_15_to_45Hz,CWRU_12k + CWRU_48k + HUST_Gearbox + PU + Mechanical_Gear,Multi-Head DL (TABNET),0.6875,0.6494444444444445,0.9471428571428572
UOEMD,Diagnosis,Load_Loaded_Speed_Inc_15_to_45Hz,CWRU_12k + CWRU_48k + HUST_Gearbox + PU + Electric_Motor,Multi-Head DL (TABNET),0.5625,0.5195039022438404,0.9205357142857142
UOEMD,Diagnosis,Load_Loaded_Speed_Inc_15_to_45Hz,CWRU_12k + CWRU_48k + HUST_Gearbox + UORED + Mechanical_Gear,Multi-Head DL (TABNET),0.7625,0.7598148317297934,0.9505357142857143
UOEMD,Diagnosis,Load_Loaded_Speed_Inc_15_to_45Hz,CWRU_12k + CWRU_48k + HUST_Gearbox + UORED + Electric_Motor,Multi-Head DL (TABNET),0.675,0.6606020613373556,0.9312499999999999
UOEMD,Diagnosis,Load_Loaded_Speed_Inc_15_to_45Hz,CWRU_12k + CWRU_48k + HUST_Gearbox + Mechanical_Gear + Electric_Motor,Multi-Head DL (TABNET),0.6375,0.6099490378902144,0.9292857142857143
UOEMD,Diagnosis,Load_Loaded_Speed_Inc_15_to_45Hz,CWRU_12k + CWRU_48k + HUST + PU + UORED,Multi-Head DL (TABNET),0.5375,0.49445311868380626,0.8951785714285714
UOEMD,Diagnosis,Load_Loaded_Speed_Inc_15_to_45Hz,CWRU_12k + CWRU_48k + HUST + PU + Mechanical_Gear,Multi-Head DL (TABNET),0.625,0.5885869565217392,0.9332142857142858
UOEMD,Diagnosis,Load_Loaded_Speed_Inc_15_to_45Hz,CWRU_12k + CWRU_48k + HUST + PU + Electric_Motor,Multi-Head DL (TABNET),0.575,0.5438178780284043,0.9133928571428571
UOEMD,Diagnosis,Load_Loaded_Speed_Inc_15_to_45Hz,CWRU_12k + CWRU_48k + HUST + UORED + Mechanical_Gear,Multi-Head DL (TABNET),0.5875,0.5696830791813292,0.9257142857142857
UOEMD,Diagnosis,Load_Loaded_Speed_Inc_15_to_45Hz,CWRU_12k + CWRU_48k + HUST + UORED + Electric_Motor,Multi-Head DL (TABNET),0.6625,0.6426408736191345,0.9457142857142857
UOEMD,Diagnosis,Load_Loaded_Speed_Inc_15_to_45Hz,CWRU_12k + CWRU_48k + HUST + Mechanical_Gear + Electric_Motor,Multi-Head DL (TABNET),0.6625,0.654992846420865,0.9276785714285714
UOEMD,Diagnosis,Load_Loaded_Speed_Inc_15_to_45Hz,CWRU_12k + CWRU_48k + PU + UORED + Mechanical_Gear,Multi-Head DL (TABNET),0.5875,0.5575502837394579,0.9183928571428571
UOEMD,Diagnosis,Load_Loaded_Speed_Inc_15_to_45Hz,CWRU_12k + CWRU_48k + PU + UORED + Electric_Motor,Multi-Head DL (TABNET),0.6375,0.5995654942939235,0.9344642857142857
UOEMD,Diagnosis,Load_Loaded_Speed_Inc_15_to_45Hz,CWRU_12k + CWRU_48k + PU + Mechanical_Gear + Electric_Motor,Multi-Head DL (TABNET),0.65,0.6205179615705931,0.9151785714285714
UOEMD,Diagnosis,Load_Loaded_Speed_Inc_15_to_45Hz,CWRU_12k + CWRU_48k + UORED + Mechanical_Gear + Electric_Motor,Multi-Head DL (TABNET),0.7375,0.7218257683074617,0.9351785714285714
UOEMD,Diagnosis,Load_Loaded_Speed_Inc_15_to_45Hz,CWRU_12k + HUST_Gearbox + HUST + PU + UORED,Multi-Head DL (TABNET),0.5625,0.5525030406899603,0.9035714285714286
UOEMD,Diagnosis,Load_Loaded_Speed_Inc_15_to_45Hz,CWRU_12k + HUST_Gearbox + HUST + PU + Mechanical_Gear,Multi-Head DL (TABNET),0.5874999999999999,0.554625534424296,0.9369642857142857
UOEMD,Diagnosis,Load_Loaded_Speed_Inc_15_to_45Hz,CWRU_12k + HUST_Gearbox + HUST + PU + Electric_Motor,Multi-Head DL (TABNET),0.6625000000000001,0.6339791472144414,0.9369642857142857
UOEMD,Diagnosis,Load_Loaded_Speed_Inc_15_to_45Hz,CWRU_12k + HUST_Gearbox + HUST + UORED + Mechanical_Gear,Multi-Head DL (TABNET),0.6499999999999999,0.6427344566353186,0.9101785714285714
UOEMD,Diagnosis,Load_Loaded_Speed_Inc_15_to_45Hz,CWRU_12k + HUST_Gearbox + HUST + UORED + Electric_Motor,Multi-Head DL (TABNET),0.6499999999999999,0.6506050665880387,0.9255357142857144
UOEMD,Diagnosis,Load_Loaded_Speed_Inc_15_to_45Hz,CWRU_12k + HUST_Gearbox + HUST + Mechanical_Gear + Electric_Motor,Multi-Head DL (TABNET),0.7,0.6663325804630152,0.9394642857142858
UOEMD,Diagnosis,Load_Loaded_Speed_Inc_15_to_45Hz,CWRU_12k + HUST_Gearbox + PU + UORED + Mechanical_Gear,Multi-Head DL (TABNET),0.675,0.636559696342305,0.9283928571428572
UOEMD,Diagnosis,Load_Loaded_Speed_Inc_15_to_45Hz,CWRU_12k + HUST_Gearbox + PU + UORED + Electric_Motor,Multi-Head DL (TABNET),0.6625000000000001,0.6192193223443223,0.9269642857142858
UOEMD,Diagnosis,Load_Loaded_Speed_Inc_15_to_45Hz,CWRU_12k + HUST_Gearbox + PU + Mechanical_Gear + Electric_Motor,Multi-Head DL (TABNET),0.575,0.5302322010559997,0.8969642857142858
UOEMD,Diagnosis,Load_Loaded_Speed_Inc_15_to_45Hz,CWRU_12k + HUST_Gearbox + UORED + Mechanical_Gear + Electric_Motor,Multi-Head DL (TABNET),0.7375,0.7291681521093286,0.9551785714285714
UOEMD,Diagnosis,Load_Loaded_Speed_Inc_15_to_45Hz,CWRU_12k + HUST + PU + UORED + Mechanical_Gear,Multi-Head DL (TABNET),0.6124999999999999,0.610225611983924,0.9214285714285715
UOEMD,Diagnosis,Load_Loaded_Speed_Inc_15_to_45Hz,CWRU_12k + HUST + PU + UORED + Electric_Motor,Multi-Head DL (TABNET),0.5625,0.5323772718509561,0.9071428571428571
UOEMD,Diagnosis,Load_Loaded_Speed_Inc_15_to_45Hz,CWRU_12k + HUST + PU + Mechanical_Gear + Electric_Motor,Multi-Head DL (TABNET),0.5875,0.55746336996337,0.8751785714285714
UOEMD,Diagnosis,Load_Loaded_Speed_Inc_15_to_45Hz,CWRU_12k + HUST + UORED + Mechanical_Gear + Electric_Motor,Multi-Head DL (TABNET),0.7,0.6653145195765333,0.9439285714285715
UOEMD,Diagnosis,Load_Loaded_Speed_Inc_15_to_45Hz,CWRU_12k + PU + UORED + Mechanical_Gear + Electric_Motor,Multi-Head DL (TABNET),0.5875,0.5714103543515308,0.9030357142857143
UOEMD,Diagnosis,Load_Loaded_Speed_Inc_15_to_45Hz,CWRU_48k + HUST_Gearbox + HUST + PU + UORED,Multi-Head DL (TABNET),0.475,0.46136331344131853,0.8880357142857143
UOEMD,Diagnosis,Load_Loaded_Speed_Inc_15_to_45Hz,CWRU_48k + HUST_Gearbox + HUST + PU + Mechanical_Gear,Multi-Head DL (TABNET),0.6375,0.6009217232043319,0.9116071428571428
UOEMD,Diagnosis,Load_Loaded_Speed_Inc_15_to_45Hz,CWRU_48k + HUST_Gearbox + HUST + PU + Electric_Motor,Multi-Head DL (TABNET),0.5625,0.5327784960137901,0.8941071428571428
UOEMD,Diagnosis,Load_Loaded_Speed_Inc_15_to_45Hz,CWRU_48k + HUST_Gearbox + HUST + UORED + Mechanical_Gear,Multi-Head DL (TABNET),0.6375,0.6143892809477549,0.9157142857142857
UOEMD,Diagnosis,Load_Loaded_Speed_Inc_15_to_45Hz,CWRU_48k + HUST_Gearbox + HUST + UORED + Electric_Motor,Multi-Head DL (TABNET),0.7250000000000001,0.7053421457769284,0.9358928571428571
UOEMD,Diagnosis,Load_Loaded_Speed_Inc_15_to_45Hz,CWRU_48k + HUST_Gearbox + HUST + Mechanical_Gear + Electric_Motor,Multi-Head DL (TABNET),0.6375,0.622303391053391,0.9473214285714286
UOEMD,Diagnosis,Load_Loaded_Speed_Inc_15_to_45Hz,CWRU_48k + HUST_Gearbox + PU + UORED + Mechanical_Gear,Multi-Head DL (TABNET),0.7375,0.7379357298474946,0.9335714285714285
UOEMD,Diagnosis,Load_Loaded_Speed_Inc_15_to_45Hz,CWRU_48k + HUST_Gearbox + PU + UORED + Electric_Motor,Multi-Head DL (TABNET),0.6375,0.6229616874353716,0.9158928571428571
UOEMD,Diagnosis,Load_Loaded_Speed_Inc_15_to_45Hz,CWRU_48k + HUST_Gearbox + PU + Mechanical_Gear + Electric_Motor,Multi-Head DL (TABNET),0.625,0.6098076072534276,0.905
UOEMD,Diagnosis,Load_Loaded_Speed_Inc_15_to_45Hz,CWRU_48k + HUST_Gearbox + UORED + Mechanical_Gear + Electric_Motor,Multi-Head DL (TABNET),0.7875,0.7725084841628959,0.9575
UOEMD,Diagnosis,Load_Loaded_Speed_Inc_15_to_45Hz,CWRU_48k + HUST + PU + UORED + Mechanical_Gear,Multi-Head DL (TABNET),0.6375,0.6081431499534948,0.8810714285714285
UOEMD,Diagnosis,Load_Loaded_Speed_Inc_15_to_45Hz,CWRU_48k + HUST + PU + UORED + Electric_Motor,Multi-Head DL (TABNET),0.6000000000000001,0.5555053499132446,0.9016071428571428
UOEMD,Diagnosis,Load_Loaded_Speed_Inc_15_to_45Hz,CWRU_48k + HUST + PU + Mechanical_Gear + Electric_Motor,Multi-Head DL (TABNET),0.65,0.62808229352347,0.9225
UOEMD,Diagnosis,Load_Loaded_Speed_Inc_15_to_45Hz,CWRU_48k + HUST + UORED + Mechanical_Gear + Electric_Motor,Multi-Head DL (TABNET),0.675,0.6652340878262941,0.9244642857142857
UOEMD,Diagnosis,Load_Loaded_Speed_Inc_15_to_45Hz,CWRU_48k + PU + UORED + Mechanical_Gear + Electric_Motor,Multi-Head DL (TABNET),0.725,0.7106415879442195,0.9407142857142857
UOEMD,Diagnosis,Load_Loaded_Speed_Inc_15_to_45Hz,HUST_Gearbox + HUST + PU + UORED + Mechanical_Gear,Multi-Head DL (TABNET),0.625,0.6118208412397217,0.9005357142857143
UOEMD,Diagnosis,Load_Loaded_Speed_Inc_15_to_45Hz,HUST_Gearbox + HUST + PU + UORED + Electric_Motor,Multi-Head DL (TABNET),0.6875,0.6857772774181443,0.9105357142857142
UOEMD,Diagnosis,Load_Loaded_Speed_Inc_15_to_45Hz,HUST_Gearbox + HUST + PU + Mechanical_Gear + Electric_Motor,Multi-Head DL (TABNET),0.6375,0.6237954390468621,0.91875
UOEMD,Diagnosis,Load_Loaded_Speed_Inc_15_to_45Hz,HUST_Gearbox + HUST + UORED + Mechanical_Gear + Electric_Motor,Multi-Head DL (TABNET),0.675,0.669919387932092,0.9333928571428571
UOEMD,Diagnosis,Load_Loaded_Speed_Inc_15_to_45Hz,HUST_Gearbox + PU + UORED + Mechanical_Gear + Electric_Motor,Multi-Head DL (TABNET),0.5625,0.5244655511872154,0.9285714285714286
UOEMD,Diagnosis,Load_Loaded_Speed_Inc_15_to_45Hz,HUST + PU + UORED + Mechanical_Gear + Electric_Motor,Multi-Head DL (TABNET),0.6125,0.6063672978432704,0.9230357142857142
UOEMD,Diagnosis,Load_Loaded_Speed_Inc_15_to_45Hz,CWRU_12k + CWRU_48k + HUST_Gearbox + HUST + PU + UORED,Multi-Head DL (TABNET),0.55,0.4922619047619048,0.8966071428571429
UOEMD,Diagnosis,Load_Loaded_Speed_Inc_15_to_45Hz,CWRU_12k + CWRU_48k + HUST_Gearbox + HUST + PU + Mechanical_Gear,Multi-Head DL (TABNET),0.575,0.55124439268461,0.9082142857142856
UOEMD,Diagnosis,Load_Loaded_Speed_Inc_15_to_45Hz,CWRU_12k + CWRU_48k + HUST_Gearbox + HUST + PU + Electric_Motor,Multi-Head DL (TABNET),0.6000000000000001,0.5771919758595776,0.91
UOEMD,Diagnosis,Load_Loaded_Speed_Inc_15_to_45Hz,CWRU_12k + CWRU_48k + HUST_Gearbox + HUST + UORED + Mechanical_Gear,Multi-Head DL (TABNET),0.5125,0.46980769230769226,0.9023214285714285
UOEMD,Diagnosis,Load_Loaded_Speed_Inc_15_to_45Hz,CWRU_12k + CWRU_48k + HUST_Gearbox + HUST + UORED + Electric_Motor,Multi-Head DL (TABNET),0.675,0.6479326923076922,0.9385714285714286
UOEMD,Diagnosis,Load_Loaded_Speed_Inc_15_to_45Hz,CWRU_12k + CWRU_48k + HUST_Gearbox + HUST + Mechanical_Gear + Electric_Motor,Multi-Head DL (TABNET),0.7,0.6746331738437001,0.9414285714285715
UOEMD,Diagnosis,Load_Loaded_Speed_Inc_15_to_45Hz,CWRU_12k + CWRU_48k + HUST_Gearbox + PU + UORED + Mechanical_Gear,Multi-Head DL (TABNET),0.625,0.5931884008392629,0.9026785714285714
UOEMD,Diagnosis,Load_Loaded_Speed_Inc_15_to_45Hz,CWRU_12k + CWRU_48k + HUST_Gearbox + PU + UORED + Electric_Motor,Multi-Head DL (TABNET),0.475,0.42778561528561526,0.8601785714285715
UOEMD,Diagnosis,Load_Loaded_Speed_Inc_15_to_45Hz,CWRU_12k + CWRU_48k + HUST_Gearbox + PU + Mechanical_Gear + Electric_Motor,Multi-Head DL (TABNET),0.5875,0.5755652985832014,0.9169642857142857
UOEMD,Diagnosis,Load_Loaded_Speed_Inc_15_to_45Hz,CWRU_12k + CWRU_48k + HUST_Gearbox + UORED + Mechanical_Gear + Electric_Motor,Multi-Head DL (TABNET),0.6875,0.66013986013986,0.9319642857142858
UOEMD,Diagnosis,Load_Loaded_Speed_Inc_15_to_45Hz,CWRU_12k + CWRU_48k + HUST + PU + UORED + Mechanical_Gear,Multi-Head DL (TABNET),0.65,0.6118039664378336,0.9358928571428571
UOEMD,Diagnosis,Load_Loaded_Speed_Inc_15_to_45Hz,CWRU_12k + CWRU_48k + HUST + PU + UORED + Electric_Motor,Multi-Head DL (TABNET),0.525,0.4962085128493797,0.926607142857143
UOEMD,Diagnosis,Load_Loaded_Speed_Inc_15_to_45Hz,CWRU_12k + CWRU_48k + HUST + PU + Mechanical_Gear + Electric_Motor,Multi-Head DL (TABNET),0.6875,0.6736646418098031,0.9355357142857142
UOEMD,Diagnosis,Load_Loaded_Speed_Inc_15_to_45Hz,CWRU_12k + CWRU_48k + HUST + UORED + Mechanical_Gear + Electric_Motor,Multi-Head DL (TABNET),0.6875,0.6923371154295952,0.9230357142857144
UOEMD,Diagnosis,Load_Loaded_Speed_Inc_15_to_45Hz,CWRU_12k + CWRU_48k + PU + UORED + Mechanical_Gear + Electric_Motor,Multi-Head DL (TABNET),0.65,0.6249451754385965,0.9199999999999999
UOEMD,Diagnosis,Load_Loaded_Speed_Inc_15_to_45Hz,CWRU_12k + HUST_Gearbox + HUST + PU + UORED + Mechanical_Gear,Multi-Head DL (TABNET),0.5375000000000001,0.5023504273504273,0.895892857142857
UOEMD,Diagnosis,Load_Loaded_Speed_Inc_15_to_45Hz,CWRU_12k + HUST_Gearbox + HUST + PU + UORED + Electric_Motor,Multi-Head DL (TABNET),0.6499999999999999,0.6216599012451903,0.91625
UOEMD,Diagnosis,Load_Loaded_Speed_Inc_15_to_45Hz,CWRU_12k + HUST_Gearbox + HUST + PU + Mechanical_Gear + Electric_Motor,Multi-Head DL (TABNET),0.6875,0.6839504020231575,0.915
UOEMD,Diagnosis,Load_Loaded_Speed_Inc_15_to_45Hz,CWRU_12k + HUST_Gearbox + HUST + UORED + Mechanical_Gear + Electric_Motor,Multi-Head DL (TABNET),0.625,0.6105680199430199,0.9183928571428572
UOEMD,Diagnosis,Load_Loaded_Speed_Inc_15_to_45Hz,CWRU_12k + HUST_Gearbox + PU + UORED + Mechanical_Gear + Electric_Motor,Multi-Head DL (TABNET),0.6,0.5827945402298851,0.8901785714285715
UOEMD,Diagnosis,Load_Loaded_Speed_Inc_15_to_45Hz,CWRU_12k + HUST + PU + UORED + Mechanical_Gear + Electric_Motor,Multi-Head DL (TABNET),0.6125,0.6019624497885367,0.9160714285714286
UOEMD,Diagnosis,Load_Loaded_Speed_Inc_15_to_45Hz,CWRU_48k + HUST_Gearbox + HUST + PU + UORED + Mechanical_Gear,Multi-Head DL (TABNET),0.6125,0.5966534473590925,0.89375
UOEMD,Diagnosis,Load_Loaded_Speed_Inc_15_to_45Hz,CWRU_48k + HUST_Gearbox + HUST + PU + UORED + Electric_Motor,Multi-Head DL (TABNET),0.4,0.36917768222116043,0.8716071428571428
UOEMD,Diagnosis,Load_Loaded_Speed_Inc_15_to_45Hz,CWRU_48k + HUST_Gearbox + HUST + PU + Mechanical_Gear + Electric_Motor,Multi-Head DL (TABNET),0.5249999999999999,0.5078818516318516,0.8748214285714286
UOEMD,Diagnosis,Load_Loaded_Speed_Inc_15_to_45Hz,CWRU_48k + HUST_Gearbox + HUST + UORED + Mechanical_Gear + Electric_Motor,Multi-Head DL (TABNET),0.5875,0.5429271708683473,0.9023214285714285
UOEMD,Diagnosis,Load_Loaded_Speed_Inc_15_to_45Hz,CWRU_48k + HUST_Gearbox + PU + UORED + Mechanical_Gear + Electric_Motor,Multi-Head DL (TABNET),0.6125,0.5674572247927512,0.9032142857142856
UOEMD,Diagnosis,Load_Loaded_Speed_Inc_15_to_45Hz,CWRU_48k + HUST + PU + UORED + Mechanical_Gear + Electric_Motor,Multi-Head DL (TABNET),0.5375,0.5013467772692601,0.8723214285714286
UOEMD,Diagnosis,Load_Loaded_Speed_Inc_15_to_45Hz,HUST_Gearbox + HUST + PU + UORED + Mechanical_Gear + Electric_Motor,Multi-Head DL (TABNET),0.6749999999999999,0.6612386581426829,0.9305357142857144
UOEMD,Diagnosis,Load_Loaded_Speed_Inc_15_to_45Hz,CWRU_12k + CWRU_48k + HUST_Gearbox + HUST + PU + UORED + Mechanical_Gear,Multi-Head DL (TABNET),0.6375,0.6342805543269939,0.9269642857142857
UOEMD,Diagnosis,Load_Loaded_Speed_Inc_15_to_45Hz,CWRU_12k + CWRU_48k + HUST_Gearbox + HUST + PU + UORED + Electric_Motor,Multi-Head DL (TABNET),0.6125,0.5521978021978021,0.9164285714285714
UOEMD,Diagnosis,Load_Loaded_Speed_Inc_15_to_45Hz,CWRU_12k + CWRU_48k + HUST_Gearbox + HUST + PU + Mechanical_Gear + Electric_Motor,Multi-Head DL (TABNET),0.5750000000000001,0.5334046443400479,0.9230357142857142
UOEMD,Diagnosis,Load_Loaded_Speed_Inc_15_to_45Hz,CWRU_12k + CWRU_48k + HUST_Gearbox + HUST + UORED + Mechanical_Gear + Electric_Motor,Multi-Head DL (TABNET),0.6125,0.577518682298094,0.9189285714285715
UOEMD,Diagnosis,Load_Loaded_Speed_Inc_15_to_45Hz,CWRU_12k + CWRU_48k + HUST_Gearbox + PU + UORED + Mechanical_Gear + Electric_Motor,Multi-Head DL (TABNET),0.6375,0.6051877534230475,0.9416071428571429
UOEMD,Diagnosis,Load_Loaded_Speed_Inc_15_to_45Hz,CWRU_12k + CWRU_48k + HUST + PU + UORED + Mechanical_Gear + Electric_Motor,Multi-Head DL (TABNET),0.6875,0.6765289436973041,0.926607142857143
UOEMD,Diagnosis,Load_Loaded_Speed_Inc_15_to_45Hz,CWRU_12k + HUST_Gearbox + HUST + PU + UORED + Mechanical_Gear + Electric_Motor,Multi-Head DL (TABNET),0.5875,0.5777314814814815,0.9017857142857143
UOEMD,Diagnosis,Load_Loaded_Speed_Inc_15_to_45Hz,CWRU_48k + HUST_Gearbox + HUST + PU + UORED + Mechanical_Gear + Electric_Motor,Multi-Head DL (TABNET),0.6000000000000001,0.5787346274415239,0.8980357142857143
UOEMD,Diagnosis,Load_Loaded_Speed_Inc_15_to_45Hz,CWRU_12k + CWRU_48k + HUST_Gearbox + HUST + PU + UORED + Mechanical_Gear + Electric_Motor,Multi-Head DL (TABNET),0.55,0.5313335561497327,0.8682142857142857
UOEMD,Diagnosis,Load_Loaded_Speed_Inc_30_to_60Hz,CWRU_12k,Multi-Head DL (TABNET),0.6499999999999999,0.6342499395833023,0.9417857142857142
UOEMD,Diagnosis,Load_Loaded_Speed_Inc_30_to_60Hz,CWRU_48k,Multi-Head DL (TABNET),0.65,0.6146155315272963,0.9416071428571429
UOEMD,Diagnosis,Load_Loaded_Speed_Inc_30_to_60Hz,HUST_Gearbox,Multi-Head DL (TABNET),0.7,0.6867951318458418,0.9362499999999999
UOEMD,Diagnosis,Load_Loaded_Speed_Inc_30_to_60Hz,HUST,Multi-Head DL (TABNET),0.7,0.6837062175297469,0.9264285714285714
UOEMD,Diagnosis,Load_Loaded_Speed_Inc_30_to_60Hz,PU,Multi-Head DL (TABNET),0.575,0.5472943722943723,0.8860714285714286
UOEMD,Diagnosis,Load_Loaded_Speed_Inc_30_to_60Hz,UORED,Multi-Head DL (TABNET),0.75,0.7459463877084014,0.95375
UOEMD,Diagnosis,Load_Loaded_Speed_Inc_30_to_60Hz,Mechanical_Gear,Multi-Head DL (TABNET),0.75,0.7351354551482429,0.9626785714285714
UOEMD,Diagnosis,Load_Loaded_Speed_Inc_30_to_60Hz,Electric_Motor,Multi-Head DL (TABNET),0.6625,0.6430730625583567,0.9310714285714285
UOEMD,Diagnosis,Load_Loaded_Speed_Inc_30_to_60Hz,CWRU_12k + CWRU_48k,Multi-Head DL (TABNET),0.6875,0.6929738562091503,0.9253571428571428
UOEMD,Diagnosis,Load_Loaded_Speed_Inc_30_to_60Hz,CWRU_12k + HUST_Gearbox,Multi-Head DL (TABNET),0.6375,0.6024567537725433,0.9273214285714285
UOEMD,Diagnosis,Load_Loaded_Speed_Inc_30_to_60Hz,CWRU_12k + HUST,Multi-Head DL (TABNET),0.6,0.598959544292025,0.8925000000000001
UOEMD,Diagnosis,Load_Loaded_Speed_Inc_30_to_60Hz,CWRU_12k + PU,Multi-Head DL (TABNET),0.5,0.45622394846532777,0.8512500000000001
UOEMD,Diagnosis,Load_Loaded_Speed_Inc_30_to_60Hz,CWRU_12k + UORED,Multi-Head DL (TABNET),0.6125,0.5988366756029799,0.9073214285714286
UOEMD,Diagnosis,Load_Loaded_Speed_Inc_30_to_60Hz,CWRU_12k + Mechanical_Gear,Multi-Head DL (TABNET),0.65,0.6351923076923076,0.9082142857142856
UOEMD,Diagnosis,Load_Loaded_Speed_Inc_30_to_60Hz,CWRU_12k + Electric_Motor,Multi-Head DL (TABNET),0.6,0.5912698412698413,0.9078571428571428
UOEMD,Diagnosis,Load_Loaded_Speed_Inc_30_to_60Hz,CWRU_48k + HUST_Gearbox,Multi-Head DL (TABNET),0.6375000000000001,0.614985820630982,0.8778571428571429
UOEMD,Diagnosis,Load_Loaded_Speed_Inc_30_to_60Hz,CWRU_48k + HUST,Multi-Head DL (TABNET),0.625,0.5835514096943125,0.9114285714285715
UOEMD,Diagnosis,Load_Loaded_Speed_Inc_30_to_60Hz,CWRU_48k + PU,Multi-Head DL (TABNET),0.5875,0.5458577370342076,0.8942857142857144
UOEMD,Diagnosis,Load_Loaded_Speed_Inc_30_to_60Hz,CWRU_48k + UORED,Multi-Head DL (TABNET),0.6875,0.6785298430222528,0.93875
UOEMD,Diagnosis,Load_Loaded_Speed_Inc_30_to_60Hz,CWRU_48k + Mechanical_Gear,Multi-Head DL (TABNET),0.7125,0.7184719215969215,0.9332142857142858
UOEMD,Diagnosis,Load_Loaded_Speed_Inc_30_to_60Hz,CWRU_48k + Electric_Motor,Multi-Head DL (TABNET),0.675,0.6736223799864773,0.9351785714285714
UOEMD,Diagnosis,Load_Loaded_Speed_Inc_30_to_60Hz,HUST_Gearbox + HUST,Multi-Head DL (TABNET),0.6375,0.6043470418470418,0.9125
UOEMD,Diagnosis,Load_Loaded_Speed_Inc_30_to_60Hz,HUST_Gearbox + PU,Multi-Head DL (TABNET),0.48750000000000004,0.4578383930143083,0.8430357142857143
UOEMD,Diagnosis,Load_Loaded_Speed_Inc_30_to_60Hz,HUST_Gearbox + UORED,Multi-Head DL (TABNET),0.675,0.6658408551572167,0.9355357142857144
UOEMD,Diagnosis,Load_Loaded_Speed_Inc_30_to_60Hz,HUST_Gearbox + Mechanical_Gear,Multi-Head DL (TABNET),0.6125,0.5829326923076923,0.8708928571428571
UOEMD,Diagnosis,Load_Loaded_Speed_Inc_30_to_60Hz,HUST_Gearbox + Electric_Motor,Multi-Head DL (TABNET),0.65,0.629127537698762,0.9364285714285715
UOEMD,Diagnosis,Load_Loaded_Speed_Inc_30_to_60Hz,HUST + PU,Multi-Head DL (TABNET),0.5375,0.5239183331288595,0.8673214285714286
UOEMD,Diagnosis,Load_Loaded_Speed_Inc_30_to_60Hz,HUST + UORED,Multi-Head DL (TABNET),0.6625,0.6424352028260696,0.9278571428571429
UOEMD,Diagnosis,Load_Loaded_Speed_Inc_30_to_60Hz,HUST + Mechanical_Gear,Multi-Head DL (TABNET),0.7,0.6843657976010917,0.93375
UOEMD,Diagnosis,Load_Loaded_Speed_Inc_30_to_60Hz,HUST + Electric_Motor,Multi-Head DL (TABNET),0.6125,0.5721100293468715,0.9148214285714287
UOEMD,Diagnosis,Load_Loaded_Speed_Inc_30_to_60Hz,PU + UORED,Multi-Head DL (TABNET),0.5249999999999999,0.4790331775756005,0.8864285714285713
UOEMD,Diagnosis,Load_Loaded_Speed_Inc_30_to_60Hz,PU + Mechanical_Gear,Multi-Head DL (TABNET),0.625,0.6043033559577677,0.8958928571428572
UOEMD,Diagnosis,Load_Loaded_Speed_Inc_30_to_60Hz,PU + Electric_Motor,Multi-Head DL (TABNET),0.525,0.5109950781932207,0.8744642857142857
UOEMD,Diagnosis,Load_Loaded_Speed_Inc_30_to_60Hz,UORED + Mechanical_Gear,Multi-Head DL (TABNET),0.6499999999999999,0.6342687367888981,0.9358928571428572
UOEMD,Diagnosis,Load_Loaded_Speed_Inc_30_to_60Hz,UORED + Electric_Motor,Multi-Head DL (TABNET),0.6875,0.6841364897285949,0.9303571428571429
UOEMD,Diagnosis,Load_Loaded_Speed_Inc_30_to_60Hz,Mechanical_Gear + Electric_Motor,Multi-Head DL (TABNET),0.6625,0.6548707860337117,0.9182142857142856
UOEMD,Diagnosis,Load_Loaded_Speed_Inc_30_to_60Hz,CWRU_12k + CWRU_48k + HUST_Gearbox,Multi-Head DL (TABNET),0.55,0.5469275811010903,0.8623214285714285
UOEMD,Diagnosis,Load_Loaded_Speed_Inc_30_to_60Hz,CWRU_12k + CWRU_48k + HUST,Multi-Head DL (TABNET),0.575,0.5540555935292777,0.9169642857142857
UOEMD,Diagnosis,Load_Loaded_Speed_Inc_30_to_60Hz,CWRU_12k + CWRU_48k + PU,Multi-Head DL (TABNET),0.5375,0.4922893944347033,0.8696428571428572
UOEMD,Diagnosis,Load_Loaded_Speed_Inc_30_to_60Hz,CWRU_12k + CWRU_48k + UORED,Multi-Head DL (TABNET),0.6375,0.6174084249084248,0.9208928571428572
UOEMD,Diagnosis,Load_Loaded_Speed_Inc_30_to_60Hz,CWRU_12k + CWRU_48k + Mechanical_Gear,Multi-Head DL (TABNET),0.6625,0.6568075428369545,0.9192857142857143
UOEMD,Diagnosis,Load_Loaded_Speed_Inc_30_to_60Hz,CWRU_12k + CWRU_48k + Electric_Motor,Multi-Head DL (TABNET),0.6625,0.6567792029092339,0.89625
UOEMD,Diagnosis,Load_Loaded_Speed_Inc_30_to_60Hz,CWRU_12k + HUST_Gearbox + HUST,Multi-Head DL (TABNET),0.5,0.45009097183010227,0.8725
UOEMD,Diagnosis,Load_Loaded_Speed_Inc_30_to_60Hz,CWRU_12k + HUST_Gearbox + PU,Multi-Head DL (TABNET),0.525,0.4982581210778885,0.7955357142857142
UOEMD,Diagnosis,Load_Loaded_Speed_Inc_30_to_60Hz,CWRU_12k + HUST_Gearbox + UORED,Multi-Head DL (TABNET),0.575,0.5096455627705627,0.8817857142857143
UOEMD,Diagnosis,Load_Loaded_Speed_Inc_30_to_60Hz,CWRU_12k + HUST_Gearbox + Mechanical_Gear,Multi-Head DL (TABNET),0.6875,0.6909795168067226,0.90875
UOEMD,Diagnosis,Load_Loaded_Speed_Inc_30_to_60Hz,CWRU_12k + HUST_Gearbox + Electric_Motor,Multi-Head DL (TABNET),0.575,0.5632246150822002,0.8960714285714286
UOEMD,Diagnosis,Load_Loaded_Speed_Inc_30_to_60Hz,CWRU_12k + HUST + PU,Multi-Head DL (TABNET),0.42500000000000004,0.42026854294656146,0.7975
UOEMD,Diagnosis,Load_Loaded_Speed_Inc_30_to_60Hz,CWRU_12k + HUST + UORED,Multi-Head DL (TABNET),0.625,0.6280923344947735,0.9171428571428571
UOEMD,Diagnosis,Load_Loaded_Speed_Inc_30_to_60Hz,CWRU_12k + HUST + Mechanical_Gear,Multi-Head DL (TABNET),0.6375,0.5938337700671666,0.9105357142857142
UOEMD,Diagnosis,Load_Loaded_Speed_Inc_30_to_60Hz,CWRU_12k + HUST + Electric_Motor,Multi-Head DL (TABNET),0.5874999999999999,0.5582042226779069,0.905
UOEMD,Diagnosis,Load_Loaded_Speed_Inc_30_to_60Hz,CWRU_12k + PU + UORED,Multi-Head DL (TABNET),0.5,0.46622541407867496,0.8894642857142857
UOEMD,Diagnosis,Load_Loaded_Speed_Inc_30_to_60Hz,CWRU_12k + PU + Mechanical_Gear,Multi-Head DL (TABNET),0.48749999999999993,0.4548724182949011,0.7832142857142856
UOEMD,Diagnosis,Load_Loaded_Speed_Inc_30_to_60Hz,CWRU_12k + PU + Electric_Motor,Multi-Head DL (TABNET),0.55,0.5445274707793216,0.8930357142857144
UOEMD,Diagnosis,Load_Loaded_Speed_Inc_30_to_60Hz,CWRU_12k + UORED + Mechanical_Gear,Multi-Head DL (TABNET),0.6125,0.5978399122807018,0.9335714285714285
UOEMD,Diagnosis,Load_Loaded_Speed_Inc_30_to_60Hz,CWRU_12k + UORED + Electric_Motor,Multi-Head DL (TABNET),0.5874999999999999,0.5534976708074535,0.9010714285714285
UOEMD,Diagnosis,Load_Loaded_Speed_Inc_30_to_60Hz,CWRU_12k + Mechanical_Gear + Electric_Motor,Multi-Head DL (TABNET),0.6375,0.6228324007735773,0.9137500000000001
UOEMD,Diagnosis,Load_Loaded_Speed_Inc_30_to_60Hz,CWRU_48k + HUST_Gearbox + HUST,Multi-Head DL (TABNET),0.6125,0.5876625548364679,0.9075
UOEMD,Diagnosis,Load_Loaded_Speed_Inc_30_to_60Hz,CWRU_48k + HUST_Gearbox + PU,Multi-Head DL (TABNET),0.5750000000000001,0.5484408808712213,0.8866071428571429
UOEMD,Diagnosis,Load_Loaded_Speed_Inc_30_to_60Hz,CWRU_48k + HUST_Gearbox + UORED,Multi-Head DL (TABNET),0.6,0.5963480963480964,0.9001785714285714
UOEMD,Diagnosis,Load_Loaded_Speed_Inc_30_to_60Hz,CWRU_48k + HUST_Gearbox + Mechanical_Gear,Multi-Head DL (TABNET),0.6625000000000001,0.625152094282529,0.9289285714285714
UOEMD,Diagnosis,Load_Loaded_Speed_Inc_30_to_60Hz,CWRU_48k + HUST_Gearbox + Electric_Motor,Multi-Head DL (TABNET),0.7124999999999999,0.6980737807943691,0.9412499999999999
UOEMD,Diagnosis,Load_Loaded_Speed_Inc_30_to_60Hz,CWRU_48k + HUST + PU,Multi-Head DL (TABNET),0.4625,0.4343514328808446,0.8705357142857142
UOEMD,Diagnosis,Load_Loaded_Speed_Inc_30_to_60Hz,CWRU_48k + HUST + UORED,Multi-Head DL (TABNET),0.6125,0.5911732456140351,0.9064285714285714
UOEMD,Diagnosis,Load_Loaded_Speed_Inc_30_to_60Hz,CWRU_48k + HUST + Mechanical_Gear,Multi-Head DL (TABNET),0.5874999999999999,0.5588118229565598,0.8667857142857143
UOEMD,Diagnosis,Load_Loaded_Speed_Inc_30_to_60Hz,CWRU_48k + HUST + Electric_Motor,Multi-Head DL (TABNET),0.5875,0.5541713721061547,0.9005357142857142
UOEMD,Diagnosis,Load_Loaded_Speed_Inc_30_to_60Hz,CWRU_48k + PU + UORED,Multi-Head DL (TABNET),0.4624999999999999,0.4562523147726514,0.8382142857142857
UOEMD,Diagnosis,Load_Loaded_Speed_Inc_30_to_60Hz,CWRU_48k + PU + Mechanical_Gear,Multi-Head DL (TABNET),0.575,0.5577501993620414,0.9112499999999999
UOEMD,Diagnosis,Load_Loaded_Speed_Inc_30_to_60Hz,CWRU_48k + PU + Electric_Motor,Multi-Head DL (TABNET),0.5,0.4439102564102564,0.79625
UOEMD,Diagnosis,Load_Loaded_Speed_Inc_30_to_60Hz,CWRU_48k + UORED + Mechanical_Gear,Multi-Head DL (TABNET),0.625,0.592037641351389,0.9105357142857142
UOEMD,Diagnosis,Load_Loaded_Speed_Inc_30_to_60Hz,CWRU_48k + UORED + Electric_Motor,Multi-Head DL (TABNET),0.6375,0.604563492063492,0.9096428571428572
UOEMD,Diagnosis,Load_Loaded_Speed_Inc_30_to_60Hz,CWRU_48k + Mechanical_Gear + Electric_Motor,Multi-Head DL (TABNET),0.675,0.6837900377542321,0.9067857142857143
UOEMD,Diagnosis,Load_Loaded_Speed_Inc_30_to_60Hz,HUST_Gearbox + HUST + PU,Multi-Head DL (TABNET),0.48750000000000004,0.4377416062198671,0.855
UOEMD,Diagnosis,Load_Loaded_Speed_Inc_30_to_60Hz,HUST_Gearbox + HUST + UORED,Multi-Head DL (TABNET),0.6375,0.588173076923077,0.9098214285714286
UOEMD,Diagnosis,Load_Loaded_Speed_Inc_30_to_60Hz,HUST_Gearbox + HUST + Mechanical_Gear,Multi-Head DL (TABNET),0.65,0.6207491180317268,0.8957142857142858
UOEMD,Diagnosis,Load_Loaded_Speed_Inc_30_to_60Hz,HUST_Gearbox + HUST + Electric_Motor,Multi-Head DL (TABNET),0.6625000000000001,0.6478514132925897,0.9244642857142857
UOEMD,Diagnosis,Load_Loaded_Speed_Inc_30_to_60Hz,HUST_Gearbox + PU + UORED,Multi-Head DL (TABNET),0.625,0.5876542810399992,0.8658928571428571
UOEMD,Diagnosis,Load_Loaded_Speed_Inc_30_to_60Hz,HUST_Gearbox + PU + Mechanical_Gear,Multi-Head DL (TABNET),0.5625,0.5236011054219258,0.8548214285714286
UOEMD,Diagnosis,Load_Loaded_Speed_Inc_30_to_60Hz,HUST_Gearbox + PU + Electric_Motor,Multi-Head DL (TABNET),0.575,0.5829831932773109,0.845
UOEMD,Diagnosis,Load_Loaded_Speed_Inc_30_to_60Hz,HUST_Gearbox + UORED + Mechanical_Gear,Multi-Head DL (TABNET),0.6375,0.6387067198916954,0.9003571428571429
UOEMD,Diagnosis,Load_Loaded_Speed_Inc_30_to_60Hz,HUST_Gearbox + UORED + Electric_Motor,Multi-Head DL (TABNET),0.675,0.6597829254079255,0.9244642857142857
UOEMD,Diagnosis,Load_Loaded_Speed_Inc_30_to_60Hz,HUST_Gearbox + Mechanical_Gear + Electric_Motor,Multi-Head DL (TABNET),0.6499999999999999,0.622209653092006,0.9341071428571429
UOEMD,Diagnosis,Load_Loaded_Speed_Inc_30_to_60Hz,HUST + PU + UORED,Multi-Head DL (TABNET),0.6000000000000001,0.576890142021721,0.8948214285714285
UOEMD,Diagnosis,Load_Loaded_Speed_Inc_30_to_60Hz,HUST + PU + Mechanical_Gear,Multi-Head DL (TABNET),0.55,0.5516339869281046,0.8651785714285715
UOEMD,Diagnosis,Load_Loaded_Speed_Inc_30_to_60Hz,HUST + PU + Electric_Motor,Multi-Head DL (TABNET),0.55,0.5296299288946348,0.8833928571428571
UOEMD,Diagnosis,Load_Loaded_Speed_Inc_30_to_60Hz,HUST + UORED + Mechanical_Gear,Multi-Head DL (TABNET),0.6375000000000001,0.6296110139860139,0.8851785714285714
UOEMD,Diagnosis,Load_Loaded_Speed_Inc_30_to_60Hz,HUST + UORED + Electric_Motor,Multi-Head DL (TABNET),0.625,0.5788865546218487,0.9139285714285714
UOEMD,Diagnosis,Load_Loaded_Speed_Inc_30_to_60Hz,HUST + Mechanical_Gear + Electric_Motor,Multi-Head DL (TABNET),0.6499999999999999,0.6289814964447318,0.907142857142857
UOEMD,Diagnosis,Load_Loaded_Speed_Inc_30_to_60Hz,PU + UORED + Mechanical_Gear,Multi-Head DL (TABNET),0.5499999999999999,0.5263385979868683,0.8601785714285715
UOEMD,Diagnosis,Load_Loaded_Speed_Inc_30_to_60Hz,PU + UORED + Electric_Motor,Multi-Head DL (TABNET),0.575,0.5184931617837698,0.8428571428571429
UOEMD,Diagnosis,Load_Loaded_Speed_Inc_30_to_60Hz,PU + Mechanical_Gear + Electric_Motor,Multi-Head DL (TABNET),0.65,0.6345885323826501,0.9016071428571428
UOEMD,Diagnosis,Load_Loaded_Speed_Inc_30_to_60Hz,UORED + Mechanical_Gear + Electric_Motor,Multi-Head DL (TABNET),0.675,0.6676487154001386,0.9337500000000001
UOEMD,Diagnosis,Load_Loaded_Speed_Inc_30_to_60Hz,CWRU_12k + CWRU_48k + HUST_Gearbox + HUST,Multi-Head DL (TABNET),0.5875,0.5468009768009767,0.9007142857142857
UOEMD,Diagnosis,Load_Loaded_Speed_Inc_30_to_60Hz,CWRU_12k + CWRU_48k + HUST_Gearbox + PU,Multi-Head DL (TABNET),0.5125,0.4861111111111111,0.855
UOEMD,Diagnosis,Load_Loaded_Speed_Inc_30_to_60Hz,CWRU_12k + CWRU_48k + HUST_Gearbox + UORED,Multi-Head DL (TABNET),0.6499999999999999,0.6377731680009914,0.9207142857142857
UOEMD,Diagnosis,Load_Loaded_Speed_Inc_30_to_60Hz,CWRU_12k + CWRU_48k + HUST_Gearbox + Mechanical_Gear,Multi-Head DL (TABNET),0.5875,0.544897935713875,0.8714285714285714
UOEMD,Diagnosis,Load_Loaded_Speed_Inc_30_to_60Hz,CWRU_12k + CWRU_48k + HUST_Gearbox + Electric_Motor,Multi-Head DL (TABNET),0.6375,0.5912889194139195,0.916607142857143
UOEMD,Diagnosis,Load_Loaded_Speed_Inc_30_to_60Hz,CWRU_12k + CWRU_48k + HUST + PU,Multi-Head DL (TABNET),0.5625,0.5360346266166041,0.8058928571428571
UOEMD,Diagnosis,Load_Loaded_Speed_Inc_30_to_60Hz,CWRU_12k + CWRU_48k + HUST + UORED,Multi-Head DL (TABNET),0.55,0.48803157626687044,0.8923214285714285
UOEMD,Diagnosis,Load_Loaded_Speed_Inc_30_to_60Hz,CWRU_12k + CWRU_48k + HUST + Mechanical_Gear,Multi-Head DL (TABNET),0.575,0.5615079365079365,0.9151785714285714
UOEMD,Diagnosis,Load_Loaded_Speed_Inc_30_to_60Hz,CWRU_12k + CWRU_48k + HUST + Electric_Motor,Multi-Head DL (TABNET),0.525,0.5009325024568927,0.8898214285714285
UOEMD,Diagnosis,Load_Loaded_Speed_Inc_30_to_60Hz,CWRU_12k + CWRU_48k + PU + UORED,Multi-Head DL (TABNET),0.5,0.47111415416368974,0.8726785714285715
UOEMD,Diagnosis,Load_Loaded_Speed_Inc_30_to_60Hz,CWRU_12k + CWRU_48k + PU + Mechanical_Gear,Multi-Head DL (TABNET),0.45000000000000007,0.42199155011655015,0.8783928571428571
UOEMD,Diagnosis,Load_Loaded_Speed_Inc_30_to_60Hz,CWRU_12k + CWRU_48k + PU + Electric_Motor,Multi-Head DL (TABNET),0.5750000000000001,0.5283889313301078,0.8816071428571428
UOEMD,Diagnosis,Load_Loaded_Speed_Inc_30_to_60Hz,CWRU_12k + CWRU_48k + UORED + Mechanical_Gear,Multi-Head DL (TABNET),0.575,0.5202893919805684,0.8892857142857142
UOEMD,Diagnosis,Load_Loaded_Speed_Inc_30_to_60Hz,CWRU_12k + CWRU_48k + UORED + Electric_Motor,Multi-Head DL (TABNET),0.6875,0.6823651960784314,0.91125
UOEMD,Diagnosis,Load_Loaded_Speed_Inc_30_to_60Hz,CWRU_12k + CWRU_48k + Mechanical_Gear + Electric_Motor,Multi-Head DL (TABNET),0.6625000000000001,0.6537614728067682,0.9133928571428571
UOEMD,Diagnosis,Load_Loaded_Speed_Inc_30_to_60Hz,CWRU_12k + HUST_Gearbox + HUST + PU,Multi-Head DL (TABNET),0.575,0.5239852253010148,0.87375
UOEMD,Diagnosis,Load_Loaded_Speed_Inc_30_to_60Hz,CWRU_12k + HUST_Gearbox + HUST + UORED,Multi-Head DL (TABNET),0.6000000000000001,0.5551634355982182,0.90625
UOEMD,Diagnosis,Load_Loaded_Speed_Inc_30_to_60Hz,CWRU_12k + HUST_Gearbox + HUST + Mechanical_Gear,Multi-Head DL (TABNET),0.6125,0.575281954887218,0.8955357142857143
UOEMD,Diagnosis,Load_Loaded_Speed_Inc_30_to_60Hz,CWRU_12k + HUST_Gearbox + HUST + Electric_Motor,Multi-Head DL (TABNET),0.6375,0.6011405892448513,0.9003571428571429
UOEMD,Diagnosis,Load_Loaded_Speed_Inc_30_to_60Hz,CWRU_12k + HUST_Gearbox + PU + UORED,Multi-Head DL (TABNET),0.5875,0.5638066202090593,0.8448214285714286
UOEMD,Diagnosis,Load_Loaded_Speed_Inc_30_to_60Hz,CWRU_12k + HUST_Gearbox + PU + Mechanical_Gear,Multi-Head DL (TABNET),0.4875,0.43932839232075227,0.8383928571428572
UOEMD,Diagnosis,Load_Loaded_Speed_Inc_30_to_60Hz,CWRU_12k + HUST_Gearbox + PU + Electric_Motor,Multi-Head DL (TABNET),0.4375,0.3886752136752136,0.8400000000000001
UOEMD,Diagnosis,Load_Loaded_Speed_Inc_30_to_60Hz,CWRU_12k + HUST_Gearbox + UORED + Mechanical_Gear,Multi-Head DL (TABNET),0.6000000000000001,0.5918369556140455,0.8841071428571428
UOEMD,Diagnosis,Load_Loaded_Speed_Inc_30_to_60Hz,CWRU_12k + HUST_Gearbox + UORED + Electric_Motor,Multi-Head DL (TABNET),0.5375,0.4906764678823933,0.8716071428571429
UOEMD,Diagnosis,Load_Loaded_Speed_Inc_30_to_60Hz,CWRU_12k + HUST_Gearbox + Mechanical_Gear + Electric_Motor,Multi-Head DL (TABNET),0.5375000000000001,0.5291666666666667,0.8839285714285714
UOEMD,Diagnosis,Load_Loaded_Speed_Inc_30_to_60Hz,CWRU_12k + HUST + PU + UORED,Multi-Head DL (TABNET),0.475,0.4572701807995926,0.8469642857142856
UOEMD,Diagnosis,Load_Loaded_Speed_Inc_30_to_60Hz,CWRU_12k + HUST + PU + Mechanical_Gear,Multi-Head DL (TABNET),0.5874999999999999,0.539498987854251,0.8991071428571429
UOEMD,Diagnosis,Load_Loaded_Speed_Inc_30_to_60Hz,CWRU_12k + HUST + PU + Electric_Motor,Multi-Head DL (TABNET),0.6000000000000001,0.5542020917678813,0.9196428571428572
UOEMD,Diagnosis,Load_Loaded_Speed_Inc_30_to_60Hz,CWRU_12k + HUST + UORED + Mechanical_Gear,Multi-Head DL (TABNET),0.525,0.49248400593214836,0.8691071428571429
UOEMD,Diagnosis,Load_Loaded_Speed_Inc_30_to_60Hz,CWRU_12k + HUST + UORED + Electric_Motor,Multi-Head DL (TABNET),0.5625,0.5218606393606393,0.8851785714285714
UOEMD,Diagnosis,Load_Loaded_Speed_Inc_30_to_60Hz,CWRU_12k + HUST + Mechanical_Gear + Electric_Motor,Multi-Head DL (TABNET),0.575,0.5350108225108225,0.8246428571428571
UOEMD,Diagnosis,Load_Loaded_Speed_Inc_30_to_60Hz,CWRU_12k + PU + UORED + Mechanical_Gear,Multi-Head DL (TABNET),0.46249999999999997,0.414993240886098,0.8587499999999999
UOEMD,Diagnosis,Load_Loaded_Speed_Inc_30_to_60Hz,CWRU_12k + PU + UORED + Electric_Motor,Multi-Head DL (TABNET),0.55,0.5241569588507593,0.8751785714285715
UOEMD,Diagnosis,Load_Loaded_Speed_Inc_30_to_60Hz,CWRU_12k + PU + Mechanical_Gear + Electric_Motor,Multi-Head DL (TABNET),0.3875,0.3448572261072261,0.8217857142857143
UOEMD,Diagnosis,Load_Loaded_Speed_Inc_30_to_60Hz,CWRU_12k + UORED + Mechanical_Gear + Electric_Motor,Multi-Head DL (TABNET),0.6000000000000001,0.6102608522845097,0.8867857142857143
UOEMD,Diagnosis,Load_Loaded_Speed_Inc_30_to_60Hz,CWRU_48k + HUST_Gearbox + HUST + PU,Multi-Head DL (TABNET),0.5125,0.492305701544832,0.8155357142857143
UOEMD,Diagnosis,Load_Loaded_Speed_Inc_30_to_60Hz,CWRU_48k + HUST_Gearbox + HUST + UORED,Multi-Head DL (TABNET),0.6499999999999999,0.637969653110907,0.9082142857142858
UOEMD,Diagnosis,Load_Loaded_Speed_Inc_30_to_60Hz,CWRU_48k + HUST_Gearbox + HUST + Mechanical_Gear,Multi-Head DL (TABNET),0.6125,0.6002100840336135,0.9142857142857143
UOEMD,Diagnosis,Load_Loaded_Speed_Inc_30_to_60Hz,CWRU_48k + HUST_Gearbox + HUST + Electric_Motor,Multi-Head DL (TABNET),0.5375000000000001,0.5331447963800905,0.8492857142857142
UOEMD,Diagnosis,Load_Loaded_Speed_Inc_30_to_60Hz,CWRU_48k + HUST_Gearbox + PU + UORED,Multi-Head DL (TABNET),0.55,0.5351344927002821,0.8630357142857142
UOEMD,Diagnosis,Load_Loaded_Speed_Inc_30_to_60Hz,CWRU_48k + HUST_Gearbox + PU + Mechanical_Gear,Multi-Head DL (TABNET),0.5,0.48994481395797185,0.88125
UOEMD,Diagnosis,Load_Loaded_Speed_Inc_30_to_60Hz,CWRU_48k + HUST_Gearbox + PU + Electric_Motor,Multi-Head DL (TABNET),0.525,0.47955779054916986,0.8551785714285713
UOEMD,Diagnosis,Load_Loaded_Speed_Inc_30_to_60Hz,CWRU_48k + HUST_Gearbox + UORED + Mechanical_Gear,Multi-Head DL (TABNET),0.5875,0.5788775607036523,0.9201785714285715
UOEMD,Diagnosis,Load_Loaded_Speed_Inc_30_to_60Hz,CWRU_48k + HUST_Gearbox + UORED + Electric_Motor,Multi-Head DL (TABNET),0.5,0.4561827956989247,0.8694642857142857
UOEMD,Diagnosis,Load_Loaded_Speed_Inc_30_to_60Hz,CWRU_48k + HUST_Gearbox + Mechanical_Gear + Electric_Motor,Multi-Head DL (TABNET),0.575,0.5615575396825396,0.8891071428571429
UOEMD,Diagnosis,Load_Loaded_Speed_Inc_30_to_60Hz,CWRU_48k + HUST + PU + UORED,Multi-Head DL (TABNET),0.525,0.46753801753801755,0.8514285714285714
UOEMD,Diagnosis,Load_Loaded_Speed_Inc_30_to_60Hz,CWRU_48k + HUST + PU + Mechanical_Gear,Multi-Head DL (TABNET),0.5750000000000001,0.529063409708571,0.8871428571428572
UOEMD,Diagnosis,Load_Loaded_Speed_Inc_30_to_60Hz,CWRU_48k + HUST + PU + Electric_Motor,Multi-Head DL (TABNET),0.5375,0.509941105866403,0.8510714285714286
UOEMD,Diagnosis,Load_Loaded_Speed_Inc_30_to_60Hz,CWRU_48k + HUST + UORED + Mechanical_Gear,Multi-Head DL (TABNET),0.5875,0.5712272408963586,0.9101785714285715
UOEMD,Diagnosis,Load_Loaded_Speed_Inc_30_to_60Hz,CWRU_48k + HUST + UORED + Electric_Motor,Multi-Head DL (TABNET),0.5375000000000001,0.5004960317460317,0.8958928571428572
UOEMD,Diagnosis,Load_Loaded_Speed_Inc_30_to_60Hz,CWRU_48k + HUST + Mechanical_Gear + Electric_Motor,Multi-Head DL (TABNET),0.6375,0.6022496498599439,0.9114285714285715
UOEMD,Diagnosis,Load_Loaded_Speed_Inc_30_to_60Hz,CWRU_48k + PU + UORED + Mechanical_Gear,Multi-Head DL (TABNET),0.5875,0.5563530037214247,0.8673214285714286
UOEMD,Diagnosis,Load_Loaded_Speed_Inc_30_to_60Hz,CWRU_48k + PU + UORED + Electric_Motor,Multi-Head DL (TABNET),0.4875,0.4344551282051282,0.8733928571428571
UOEMD,Diagnosis,Load_Loaded_Speed_Inc_30_to_60Hz,CWRU_48k + PU + Mechanical_Gear + Electric_Motor,Multi-Head DL (TABNET),0.6375,0.5838467405973127,0.8994642857142857
UOEMD,Diagnosis,Load_Loaded_Speed_Inc_30_to_60Hz,CWRU_48k + UORED + Mechanical_Gear + Electric_Motor,Multi-Head DL (TABNET),0.6375,0.6065896521778875,0.9251785714285714
UOEMD,Diagnosis,Load_Loaded_Speed_Inc_30_to_60Hz,HUST_Gearbox + HUST + PU + UORED,Multi-Head DL (TABNET),0.5375000000000001,0.514895411605938,0.8667857142857143
UOEMD,Diagnosis,Load_Loaded_Speed_Inc_30_to_60Hz,HUST_Gearbox + HUST + PU + Mechanical_Gear,Multi-Head DL (TABNET),0.5625,0.5427330953646743,0.855
UOEMD,Diagnosis,Load_Loaded_Speed_Inc_30_to_60Hz,HUST_Gearbox + HUST + PU + Electric_Motor,Multi-Head DL (TABNET),0.44999999999999996,0.4128118968844775,0.8557142857142856
UOEMD,Diagnosis,Load_Loaded_Speed_Inc_30_to_60Hz,HUST_Gearbox + HUST + UORED + Mechanical_Gear,Multi-Head DL (TABNET),0.6625,0.6367427684563234,0.9141071428571429
UOEMD,Diagnosis,Load_Loaded_Speed_Inc_30_to_60Hz,HUST_Gearbox + HUST + UORED + Electric_Motor,Multi-Head DL (TABNET),0.5625,0.5146042363433667,0.89375
UOEMD,Diagnosis,Load_Loaded_Speed_Inc_30_to_60Hz,HUST_Gearbox + HUST + Mechanical_Gear + Electric_Motor,Multi-Head DL (TABNET),0.5625,0.5456055116381203,0.8921428571428571
UOEMD,Diagnosis,Load_Loaded_Speed_Inc_30_to_60Hz,HUST_Gearbox + PU + UORED + Mechanical_Gear,Multi-Head DL (TABNET),0.525,0.4876596204721204,0.854107142857143
UOEMD,Diagnosis,Load_Loaded_Speed_Inc_30_to_60Hz,HUST_Gearbox + PU + UORED + Electric_Motor,Multi-Head DL (TABNET),0.49999999999999994,0.47049138804457946,0.8351785714285714
UOEMD,Diagnosis,Load_Loaded_Speed_Inc_30_to_60Hz,HUST_Gearbox + PU + Mechanical_Gear + Electric_Motor,Multi-Head DL (TABNET),0.6375,0.6030701754385965,0.8996428571428572
UOEMD,Diagnosis,Load_Loaded_Speed_Inc_30_to_60Hz,HUST_Gearbox + UORED + Mechanical_Gear + Electric_Motor,Multi-Head DL (TABNET),0.5625,0.5334556582234601,0.8169642857142858
UOEMD,Diagnosis,Load_Loaded_Speed_Inc_30_to_60Hz,HUST + PU + UORED + Mechanical_Gear,Multi-Head DL (TABNET),0.575,0.5859812675070029,0.8626785714285714
UOEMD,Diagnosis,Load_Loaded_Speed_Inc_30_to_60Hz,HUST + PU + UORED + Electric_Motor,Multi-Head DL (TABNET),0.5625,0.544020641882484,0.8767857142857143
UOEMD,Diagnosis,Load_Loaded_Speed_Inc_30_to_60Hz,HUST + PU + Mechanical_Gear + Electric_Motor,Multi-Head DL (TABNET),0.47500000000000003,0.4538990288990289,0.8678571428571429
UOEMD,Diagnosis,Load_Loaded_Speed_Inc_30_to_60Hz,HUST + UORED + Mechanical_Gear + Electric_Motor,Multi-Head DL (TABNET),0.55,0.5024926054337819,0.8748214285714285
UOEMD,Diagnosis,Load_Loaded_Speed_Inc_30_to_60Hz,PU + UORED + Mechanical_Gear + Electric_Motor,Multi-Head DL (TABNET),0.5875,0.581497921749345,0.8780357142857143
UOEMD,Diagnosis,Load_Loaded_Speed_Inc_30_to_60Hz,CWRU_12k + CWRU_48k + HUST_Gearbox + HUST + PU,Multi-Head DL (TABNET),0.5625,0.542362370022553,0.8898214285714285
UOEMD,Diagnosis,Load_Loaded_Speed_Inc_30_to_60Hz,CWRU_12k + CWRU_48k + HUST_Gearbox + HUST + UORED,Multi-Head DL (TABNET),0.5375,0.49856612685560053,0.8655357142857143
UOEMD,Diagnosis,Load_Loaded_Speed_Inc_30_to_60Hz,CWRU_12k + CWRU_48k + HUST_Gearbox + HUST + Mechanical_Gear,Multi-Head DL (TABNET),0.525,0.48121553884711776,0.8492857142857143
UOEMD,Diagnosis,Load_Loaded_Speed_Inc_30_to_60Hz,CWRU_12k + CWRU_48k + HUST_Gearbox + HUST + Electric_Motor,Multi-Head DL (TABNET),0.55,0.5064767898005884,0.8453571428571428
UOEMD,Diagnosis,Load_Loaded_Speed_Inc_30_to_60Hz,CWRU_12k + CWRU_48k + HUST_Gearbox + PU + UORED,Multi-Head DL (TABNET),0.5125,0.48265290201789063,0.8501785714285715
UOEMD,Diagnosis,Load_Loaded_Speed_Inc_30_to_60Hz,CWRU_12k + CWRU_48k + HUST_Gearbox + PU + Mechanical_Gear,Multi-Head DL (TABNET),0.5,0.4496541996541996,0.84375
UOEMD,Diagnosis,Load_Loaded_Speed_Inc_30_to_60Hz,CWRU_12k + CWRU_48k + HUST_Gearbox + PU + Electric_Motor,Multi-Head DL (TABNET),0.4625,0.43608925796425796,0.8275
UOEMD,Diagnosis,Load_Loaded_Speed_Inc_30_to_60Hz,CWRU_12k + CWRU_48k + HUST_Gearbox + UORED + Mechanical_Gear,Multi-Head DL (TABNET),0.5625,0.5298349629013245,0.875
UOEMD,Diagnosis,Load_Loaded_Speed_Inc_30_to_60Hz,CWRU_12k + CWRU_48k + HUST_Gearbox + UORED + Electric_Motor,Multi-Head DL (TABNET),0.5625,0.4908895502645502,0.8496428571428571
UOEMD,Diagnosis,Load_Loaded_Speed_Inc_30_to_60Hz,CWRU_12k + CWRU_48k + HUST_Gearbox + Mechanical_Gear + Electric_Motor,Multi-Head DL (TABNET),0.5375,0.5199813258636788,0.8796428571428572
UOEMD,Diagnosis,Load_Loaded_Speed_Inc_30_to_60Hz,CWRU_12k + CWRU_48k + HUST + PU + UORED,Multi-Head DL (TABNET),0.5125,0.47691197691197695,0.8607142857142858
UOEMD,Diagnosis,Load_Loaded_Speed_Inc_30_to_60Hz,CWRU_12k + CWRU_48k + HUST + PU + Mechanical_Gear,Multi-Head DL (TABNET),0.55,0.5385240307937675,0.8705357142857143
UOEMD,Diagnosis,Load_Loaded_Speed_Inc_30_to_60Hz,CWRU_12k + CWRU_48k + HUST + PU + Electric_Motor,Multi-Head DL (TABNET),0.5625,0.553215215147844,0.8717857142857143
UOEMD,Diagnosis,Load_Loaded_Speed_Inc_30_to_60Hz,CWRU_12k + CWRU_48k + HUST + UORED + Mechanical_Gear,Multi-Head DL (TABNET),0.5,0.4445946883017821,0.8833928571428571
UOEMD,Diagnosis,Load_Loaded_Speed_Inc_30_to_60Hz,CWRU_12k + CWRU_48k + HUST + UORED + Electric_Motor,Multi-Head DL (TABNET),0.5875,0.5445238095238095,0.9082142857142856
UOEMD,Diagnosis,Load_Loaded_Speed_Inc_30_to_60Hz,CWRU_12k + CWRU_48k + HUST + Mechanical_Gear + Electric_Motor,Multi-Head DL (TABNET),0.6875,0.6777047378091021,0.93375
UOEMD,Diagnosis,Load_Loaded_Speed_Inc_30_to_60Hz,CWRU_12k + CWRU_48k + PU + UORED + Mechanical_Gear,Multi-Head DL (TABNET),0.48750000000000004,0.46057618851736504,0.8730357142857144
UOEMD,Diagnosis,Load_Loaded_Speed_Inc_30_to_60Hz,CWRU_12k + CWRU_48k + PU + UORED + Electric_Motor,Multi-Head DL (TABNET),0.525,0.4956212944664032,0.8608928571428571
UOEMD,Diagnosis,Load_Loaded_Speed_Inc_30_to_60Hz,CWRU_12k + CWRU_48k + PU + Mechanical_Gear + Electric_Motor,Multi-Head DL (TABNET),0.48750000000000004,0.4565419676642586,0.8310714285714287
UOEMD,Diagnosis,Load_Loaded_Speed_Inc_30_to_60Hz,CWRU_12k + CWRU_48k + UORED + Mechanical_Gear + Electric_Motor,Multi-Head DL (TABNET),0.575,0.5584748382111465,0.9039285714285714
UOEMD,Diagnosis,Load_Loaded_Speed_Inc_30_to_60Hz,CWRU_12k + HUST_Gearbox + HUST + PU + UORED,Multi-Head DL (TABNET),0.4625,0.4103819640504423,0.8271428571428572
UOEMD,Diagnosis,Load_Loaded_Speed_Inc_30_to_60Hz,CWRU_12k + HUST_Gearbox + HUST + PU + Mechanical_Gear,Multi-Head DL (TABNET),0.6,0.5744767379329947,0.874642857142857
UOEMD,Diagnosis,Load_Loaded_Speed_Inc_30_to_60Hz,CWRU_12k + HUST_Gearbox + HUST + PU + Electric_Motor,Multi-Head DL (TABNET),0.5,0.4525644740654883,0.8608928571428571
UOEMD,Diagnosis,Load_Loaded_Speed_Inc_30_to_60Hz,CWRU_12k + HUST_Gearbox + HUST + UORED + Mechanical_Gear,Multi-Head DL (TABNET),0.575,0.544345238095238,0.8998214285714285
UOEMD,Diagnosis,Load_Loaded_Speed_Inc_30_to_60Hz,CWRU_12k + HUST_Gearbox + HUST + UORED + Electric_Motor,Multi-Head DL (TABNET),0.55,0.4849421941951653,0.9092857142857143
UOEMD,Diagnosis,Load_Loaded_Speed_Inc_30_to_60Hz,CWRU_12k + HUST_Gearbox + HUST + Mechanical_Gear + Electric_Motor,Multi-Head DL (TABNET),0.6,0.5802426739926739,0.9103571428571429
UOEMD,Diagnosis,Load_Loaded_Speed_Inc_30_to_60Hz,CWRU_12k + HUST_Gearbox + PU + UORED + Mechanical_Gear,Multi-Head DL (TABNET),0.5375000000000001,0.50946485313493,0.86875
UOEMD,Diagnosis,Load_Loaded_Speed_Inc_30_to_60Hz,CWRU_12k + HUST_Gearbox + PU + UORED + Electric_Motor,Multi-Head DL (TABNET),0.55,0.5379948212706833,0.8944642857142857
UOEMD,Diagnosis,Load_Loaded_Speed_Inc_30_to_60Hz,CWRU_12k + HUST_Gearbox + PU + Mechanical_Gear + Electric_Motor,Multi-Head DL (TABNET),0.5125,0.47062499999999996,0.84875
UOEMD,Diagnosis,Load_Loaded_Speed_Inc_30_to_60Hz,CWRU_12k + HUST_Gearbox + UORED + Mechanical_Gear + Electric_Motor,Multi-Head DL (TABNET),0.55,0.4651761422272258,0.9146428571428572
UOEMD,Diagnosis,Load_Loaded_Speed_Inc_30_to_60Hz,CWRU_12k + HUST + PU + UORED + Mechanical_Gear,Multi-Head DL (TABNET),0.5375000000000001,0.5195393787499051,0.8878571428571429
UOEMD,Diagnosis,Load_Loaded_Speed_Inc_30_to_60Hz,CWRU_12k + HUST + PU + UORED + Electric_Motor,Multi-Head DL (TABNET),0.5249999999999999,0.49577158400687815,0.8721428571428571
UOEMD,Diagnosis,Load_Loaded_Speed_Inc_30_to_60Hz,CWRU_12k + HUST + PU + Mechanical_Gear + Electric_Motor,Multi-Head DL (TABNET),0.55,0.5082604895104895,0.9017857142857142
UOEMD,Diagnosis,Load_Loaded_Speed_Inc_30_to_60Hz,CWRU_12k + HUST + UORED + Mechanical_Gear + Electric_Motor,Multi-Head DL (TABNET),0.6625,0.623538961038961,0.8983928571428572
UOEMD,Diagnosis,Load_Loaded_Speed_Inc_30_to_60Hz,CWRU_12k + PU + UORED + Mechanical_Gear + Electric_Motor,Multi-Head DL (TABNET),0.5,0.47426980913823014,0.8458928571428571
UOEMD,Diagnosis,Load_Loaded_Speed_Inc_30_to_60Hz,CWRU_48k + HUST_Gearbox + HUST + PU + UORED,Multi-Head DL (TABNET),0.525,0.4731198400412796,0.8455357142857143
UOEMD,Diagnosis,Load_Loaded_Speed_Inc_30_to_60Hz,CWRU_48k + HUST_Gearbox + HUST + PU + Mechanical_Gear,Multi-Head DL (TABNET),0.55,0.509491144018583,0.8685714285714285
UOEMD,Diagnosis,Load_Loaded_Speed_Inc_30_to_60Hz,CWRU_48k + HUST_Gearbox + HUST + PU + Electric_Motor,Multi-Head DL (TABNET),0.5,0.5021182481311792,0.8553571428571429
UOEMD,Diagnosis,Load_Loaded_Speed_Inc_30_to_60Hz,CWRU_48k + HUST_Gearbox + HUST + UORED + Mechanical_Gear,Multi-Head DL (TABNET),0.525,0.48406862745098045,0.8846428571428572
UOEMD,Diagnosis,Load_Loaded_Speed_Inc_30_to_60Hz,CWRU_48k + HUST_Gearbox + HUST + UORED + Electric_Motor,Multi-Head DL (TABNET),0.625,0.5902626811594203,0.9167857142857143
UOEMD,Diagnosis,Load_Loaded_Speed_Inc_30_to_60Hz,CWRU_48k + HUST_Gearbox + HUST + Mechanical_Gear + Electric_Motor,Multi-Head DL (TABNET),0.525,0.48139880952380953,0.8146428571428572
UOEMD,Diagnosis,Load_Loaded_Speed_Inc_30_to_60Hz,CWRU_48k + HUST_Gearbox + PU + UORED + Mechanical_Gear,Multi-Head DL (TABNET),0.5125,0.4597865902213728,0.8560714285714286
UOEMD,Diagnosis,Load_Loaded_Speed_Inc_30_to_60Hz,CWRU_48k + HUST_Gearbox + PU + UORED + Electric_Motor,Multi-Head DL (TABNET),0.5375,0.5169630482130483,0.8975
UOEMD,Diagnosis,Load_Loaded_Speed_Inc_30_to_60Hz,CWRU_48k + HUST_Gearbox + PU + Mechanical_Gear + Electric_Motor,Multi-Head DL (TABNET),0.575,0.5583678276183996,0.8944642857142857
UOEMD,Diagnosis,Load_Loaded_Speed_Inc_30_to_60Hz,CWRU_48k + HUST_Gearbox + UORED + Mechanical_Gear + Electric_Motor,Multi-Head DL (TABNET),0.575,0.5410663002574767,0.9116071428571428
UOEMD,Diagnosis,Load_Loaded_Speed_Inc_30_to_60Hz,CWRU_48k + HUST + PU + UORED + Mechanical_Gear,Multi-Head DL (TABNET),0.5375,0.5232785359801488,0.8516071428571428
UOEMD,Diagnosis,Load_Loaded_Speed_Inc_30_to_60Hz,CWRU_48k + HUST + PU + UORED + Electric_Motor,Multi-Head DL (TABNET),0.46249999999999997,0.4386683209263854,0.8282142857142857
UOEMD,Diagnosis,Load_Loaded_Speed_Inc_30_to_60Hz,CWRU_48k + HUST + PU + Mechanical_Gear + Electric_Motor,Multi-Head DL (TABNET),0.5375,0.5009292431706225,0.8821428571428571
UOEMD,Diagnosis,Load_Loaded_Speed_Inc_30_to_60Hz,CWRU_48k + HUST + UORED + Mechanical_Gear + Electric_Motor,Multi-Head DL (TABNET),0.575,0.5707397382029735,0.8823214285714286
UOEMD,Diagnosis,Load_Loaded_Speed_Inc_30_to_60Hz,CWRU_48k + PU + UORED + Mechanical_Gear + Electric_Motor,Multi-Head DL (TABNET),0.5375,0.5271024114774114,0.8221428571428572
UOEMD,Diagnosis,Load_Loaded_Speed_Inc_30_to_60Hz,HUST_Gearbox + HUST + PU + UORED + Mechanical_Gear,Multi-Head DL (TABNET),0.55,0.4952818479694747,0.8733928571428571
UOEMD,Diagnosis,Load_Loaded_Speed_Inc_30_to_60Hz,HUST_Gearbox + HUST + PU + UORED + Electric_Motor,Multi-Head DL (TABNET),0.55,0.5527814100468562,0.8623214285714287
UOEMD,Diagnosis,Load_Loaded_Speed_Inc_30_to_60Hz,HUST_Gearbox + HUST + PU + Mechanical_Gear + Electric_Motor,Multi-Head DL (TABNET),0.5,0.45930960801650456,0.8623214285714287
UOEMD,Diagnosis,Load_Loaded_Speed_Inc_30_to_60Hz,HUST_Gearbox + HUST + UORED + Mechanical_Gear + Electric_Motor,Multi-Head DL (TABNET),0.55,0.5215538847117794,0.8675
UOEMD,Diagnosis,Load_Loaded_Speed_Inc_30_to_60Hz,HUST_Gearbox + PU + UORED + Mechanical_Gear + Electric_Motor,Multi-Head DL (TABNET),0.5375000000000001,0.5096305122839649,0.8748214285714286
UOEMD,Diagnosis,Load_Loaded_Speed_Inc_30_to_60Hz,HUST + PU + UORED + Mechanical_Gear + Electric_Motor,Multi-Head DL (TABNET),0.55,0.5555513209781664,0.8648214285714286
UOEMD,Diagnosis,Load_Loaded_Speed_Inc_30_to_60Hz,CWRU_12k + CWRU_48k + HUST_Gearbox + HUST + PU + UORED,Multi-Head DL (TABNET),0.5875,0.5727871665371665,0.8646428571428572
UOEMD,Diagnosis,Load_Loaded_Speed_Inc_30_to_60Hz,CWRU_12k + CWRU_48k + HUST_Gearbox + HUST + PU + Mechanical_Gear,Multi-Head DL (TABNET),0.5874999999999999,0.5333380387728214,0.8935714285714286
UOEMD,Diagnosis,Load_Loaded_Speed_Inc_30_to_60Hz,CWRU_12k + CWRU_48k + HUST_Gearbox + HUST + PU + Electric_Motor,Multi-Head DL (TABNET),0.575,0.547191027926322,0.8941071428571429
UOEMD,Diagnosis,Load_Loaded_Speed_Inc_30_to_60Hz,CWRU_12k + CWRU_48k + HUST_Gearbox + HUST + UORED + Mechanical_Gear,Multi-Head DL (TABNET),0.5874999999999999,0.5708468614718615,0.8855357142857143
UOEMD,Diagnosis,Load_Loaded_Speed_Inc_30_to_60Hz,CWRU_12k + CWRU_48k + HUST_Gearbox + HUST + UORED + Electric_Motor,Multi-Head DL (TABNET),0.6499999999999999,0.6380675266174225,0.8816071428571428
UOEMD,Diagnosis,Load_Loaded_Speed_Inc_30_to_60Hz,CWRU_12k + CWRU_48k + HUST_Gearbox + HUST + Mechanical_Gear + Electric_Motor,Multi-Head DL (TABNET),0.5375000000000001,0.507805735930736,0.8708928571428571
UOEMD,Diagnosis,Load_Loaded_Speed_Inc_30_to_60Hz,CWRU_12k + CWRU_48k + HUST_Gearbox + PU + UORED + Mechanical_Gear,Multi-Head DL (TABNET),0.4625,0.45007018444518443,0.8578571428571429
UOEMD,Diagnosis,Load_Loaded_Speed_Inc_30_to_60Hz,CWRU_12k + CWRU_48k + HUST_Gearbox + PU + UORED + Electric_Motor,Multi-Head DL (TABNET),0.47500000000000003,0.4510797827903091,0.8657142857142857
UOEMD,Diagnosis,Load_Loaded_Speed_Inc_30_to_60Hz,CWRU_12k + CWRU_48k + HUST_Gearbox + PU + Mechanical_Gear + Electric_Motor,Multi-Head DL (TABNET),0.45,0.4334415584415584,0.8426785714285714
UOEMD,Diagnosis,Load_Loaded_Speed_Inc_30_to_60Hz,CWRU_12k + CWRU_48k + HUST_Gearbox + UORED + Mechanical_Gear + Electric_Motor,Multi-Head DL (TABNET),0.5750000000000001,0.5514066496163683,0.8855357142857143
UOEMD,Diagnosis,Load_Loaded_Speed_Inc_30_to_60Hz,CWRU_12k + CWRU_48k + HUST + PU + UORED + Mechanical_Gear,Multi-Head DL (TABNET),0.575,0.5281502917372483,0.8510714285714286
UOEMD,Diagnosis,Load_Loaded_Speed_Inc_30_to_60Hz,CWRU_12k + CWRU_48k + HUST + PU + UORED + Electric_Motor,Multi-Head DL (TABNET),0.5375,0.5027406803722593,0.8667857142857143
UOEMD,Diagnosis,Load_Loaded_Speed_Inc_30_to_60Hz,CWRU_12k + CWRU_48k + HUST + PU + Mechanical_Gear + Electric_Motor,Multi-Head DL (TABNET),0.5,0.4823870748498895,0.8748214285714285
UOEMD,Diagnosis,Load_Loaded_Speed_Inc_30_to_60Hz,CWRU_12k + CWRU_48k + HUST + UORED + Mechanical_Gear + Electric_Motor,Multi-Head DL (TABNET),0.5750000000000001,0.5647222222222222,0.88875
UOEMD,Diagnosis,Load_Loaded_Speed_Inc_30_to_60Hz,CWRU_12k + CWRU_48k + PU + UORED + Mechanical_Gear + Electric_Motor,Multi-Head DL (TABNET),0.5375000000000001,0.5232870667522465,0.8598214285714285
UOEMD,Diagnosis,Load_Loaded_Speed_Inc_30_to_60Hz,CWRU_12k + HUST_Gearbox + HUST + PU + UORED + Mechanical_Gear,Multi-Head DL (TABNET),0.45,0.4049892945684021,0.85625
UOEMD,Diagnosis,Load_Loaded_Speed_Inc_30_to_60Hz,CWRU_12k + HUST_Gearbox + HUST + PU + UORED + Electric_Motor,Multi-Head DL (TABNET),0.525,0.48906565656565654,0.8657142857142857
UOEMD,Diagnosis,Load_Loaded_Speed_Inc_30_to_60Hz,CWRU_12k + HUST_Gearbox + HUST + PU + Mechanical_Gear + Electric_Motor,Multi-Head DL (TABNET),0.5249999999999999,0.4882849993144111,0.8555357142857143
UOEMD,Diagnosis,Load_Loaded_Speed_Inc_30_to_60Hz,CWRU_12k + HUST_Gearbox + HUST + UORED + Mechanical_Gear + Electric_Motor,Multi-Head DL (TABNET),0.5375,0.4946078431372549,0.8778571428571429
UOEMD,Diagnosis,Load_Loaded_Speed_Inc_30_to_60Hz,CWRU_12k + HUST_Gearbox + PU + UORED + Mechanical_Gear + Electric_Motor,Multi-Head DL (TABNET),0.6,0.5878278723770209,0.8764285714285716
UOEMD,Diagnosis,Load_Loaded_Speed_Inc_30_to_60Hz,CWRU_12k + HUST + PU + UORED + Mechanical_Gear + Electric_Motor,Multi-Head DL (TABNET),0.5375000000000001,0.5145520050125314,0.8525
UOEMD,Diagnosis,Load_Loaded_Speed_Inc_30_to_60Hz,CWRU_48k + HUST_Gearbox + HUST + PU + UORED + Mechanical_Gear,Multi-Head DL (TABNET),0.5375000000000001,0.49885912698412693,0.8989285714285714
UOEMD,Diagnosis,Load_Loaded_Speed_Inc_30_to_60Hz,CWRU_48k + HUST_Gearbox + HUST + PU + UORED + Electric_Motor,Multi-Head DL (TABNET),0.5625,0.5006944444444444,0.8776785714285714
UOEMD,Diagnosis,Load_Loaded_Speed_Inc_30_to_60Hz,CWRU_48k + HUST_Gearbox + HUST + PU + Mechanical_Gear + Electric_Motor,Multi-Head DL (TABNET),0.525,0.4875437675070028,0.8494642857142857
UOEMD,Diagnosis,Load_Loaded_Speed_Inc_30_to_60Hz,CWRU_48k + HUST_Gearbox + HUST + UORED + Mechanical_Gear + Electric_Motor,Multi-Head DL (TABNET),0.5,0.46081484919549215,0.8671428571428572
UOEMD,Diagnosis,Load_Loaded_Speed_Inc_30_to_60Hz,CWRU_48k + HUST_Gearbox + PU + UORED + Mechanical_Gear + Electric_Motor,Multi-Head DL (TABNET),0.6,0.5627257799671593,0.8867857142857143
UOEMD,Diagnosis,Load_Loaded_Speed_Inc_30_to_60Hz,CWRU_48k + HUST + PU + UORED + Mechanical_Gear + Electric_Motor,Multi-Head DL (TABNET),0.575,0.49808374113652254,0.8855357142857143
UOEMD,Diagnosis,Load_Loaded_Speed_Inc_30_to_60Hz,HUST_Gearbox + HUST + PU + UORED + Mechanical_Gear + Electric_Motor,Multi-Head DL (TABNET),0.425,0.34698996655518394,0.7867857142857142
UOEMD,Diagnosis,Load_Loaded_Speed_Inc_30_to_60Hz,CWRU_12k + CWRU_48k + HUST_Gearbox + HUST + PU + UORED + Mechanical_Gear,Multi-Head DL (TABNET),0.525,0.4785389243109831,0.86625
UOEMD,Diagnosis,Load_Loaded_Speed_Inc_30_to_60Hz,CWRU_12k + CWRU_48k + HUST_Gearbox + HUST + PU + UORED + Electric_Motor,Multi-Head DL (TABNET),0.6625,0.6576388888888889,0.9060714285714286
UOEMD,Diagnosis,Load_Loaded_Speed_Inc_30_to_60Hz,CWRU_12k + CWRU_48k + HUST_Gearbox + HUST + PU + Mechanical_Gear + Electric_Motor,Multi-Head DL (TABNET),0.525,0.49942067736185386,0.8966071428571428
UOEMD,Diagnosis,Load_Loaded_Speed_Inc_30_to_60Hz,CWRU_12k + CWRU_48k + HUST_Gearbox + HUST + UORED + Mechanical_Gear + Electric_Motor,Multi-Head DL (TABNET),0.6125,0.5494362866413683,0.8773214285714286
UOEMD,Diagnosis,Load_Loaded_Speed_Inc_30_to_60Hz,CWRU_12k + CWRU_48k + HUST_Gearbox + PU + UORED + Mechanical_Gear + Electric_Motor,Multi-Head DL (TABNET),0.5875,0.5616680194805195,0.8576785714285714
UOEMD,Diagnosis,Load_Loaded_Speed_Inc_30_to_60Hz,CWRU_12k + CWRU_48k + HUST + PU + UORED + Mechanical_Gear + Electric_Motor,Multi-Head DL (TABNET),0.5625,0.5352177975533239,0.8510714285714286
UOEMD,Diagnosis,Load_Loaded_Speed_Inc_30_to_60Hz,CWRU_12k + HUST_Gearbox + HUST + PU + UORED + Mechanical_Gear + Electric_Motor,Multi-Head DL (TABNET),0.45,0.44620098039215683,0.8110714285714287
UOEMD,Diagnosis,Load_Loaded_Speed_Inc_30_to_60Hz,CWRU_48k + HUST_Gearbox + HUST + PU + UORED + Mechanical_Gear + Electric_Motor,Multi-Head DL (TABNET),0.42500000000000004,0.40290032679738563,0.8351785714285714
UOEMD,Diagnosis,Load_Loaded_Speed_Inc_30_to_60Hz,CWRU_12k + CWRU_48k + HUST_Gearbox + HUST + PU + UORED + Mechanical_Gear + Electric_Motor,Multi-Head DL (TABNET),0.525,0.47258529636578417,0.8603571428571428
UOEMD,Diagnosis,Load_No_Load_Speed_15Hz,CWRU_12k,Multi-Head DL (TABNET),0.44999999999999996,0.3968253968253968,0.8678571428571429
UOEMD,Diagnosis,Load_No_Load_Speed_15Hz,CWRU_48k,Multi-Head DL (TABNET),0.6125,0.524861270265682,0.94625
UOEMD,Diagnosis,Load_No_Load_Speed_15Hz,HUST_Gearbox,Multi-Head DL (TABNET),0.4,0.33379120879120877,0.8844642857142857
UOEMD,Diagnosis,Load_No_Load_Speed_15Hz,HUST,Multi-Head DL (TABNET),0.5,0.42401960784313725,0.8930357142857143
UOEMD,Diagnosis,Load_No_Load_Speed_15Hz,PU,Multi-Head DL (TABNET),0.375,0.27724358974358976,0.88375
UOEMD,Diagnosis,Load_No_Load_Speed_15Hz,UORED,Multi-Head DL (TABNET),0.625,0.5416666666666666,0.9757142857142858
UOEMD,Diagnosis,Load_No_Load_Speed_15Hz,Mechanical_Gear,Multi-Head DL (TABNET),0.7375,0.7417435221783049,0.9608928571428572
UOEMD,Diagnosis,Load_No_Load_Speed_15Hz,Electric_Motor,Multi-Head DL (TABNET),0.75,0.7083333333333333,0.9728571428571429
UOEMD,Diagnosis,Load_No_Load_Speed_15Hz,CWRU_12k + CWRU_48k,Multi-Head DL (TABNET),0.425,0.3267407253599114,0.8926785714285714
UOEMD,Diagnosis,Load_No_Load_Speed_15Hz,CWRU_12k + HUST_Gearbox,Multi-Head DL (TABNET),0.3875,0.260067590712752,0.8816071428571428
UOEMD,Diagnosis,Load_No_Load_Speed_15Hz,CWRU_12k + HUST,Multi-Head DL (TABNET),0.5,0.3848443223443223,0.8633928571428571
UOEMD,Diagnosis,Load_No_Load_Speed_15Hz,CWRU_12k + PU,Multi-Head DL (TABNET),0.375,0.26346153846153847,0.7339285714285715
UOEMD,Diagnosis,Load_No_Load_Speed_15Hz,CWRU_12k + UORED,Multi-Head DL (TABNET),0.5875,0.5297619047619048,0.9530357142857143
UOEMD,Diagnosis,Load_No_Load_Speed_15Hz,CWRU_12k + Mechanical_Gear,Multi-Head DL (TABNET),0.55,0.5016476578976579,0.8832142857142857
UOEMD,Diagnosis,Load_No_Load_Speed_15Hz,CWRU_12k + Electric_Motor,Multi-Head DL (TABNET),0.525,0.46875,0.9394642857142858
UOEMD,Diagnosis,Load_No_Load_Speed_15Hz,CWRU_48k + HUST_Gearbox,Multi-Head DL (TABNET),0.7375,0.6628654970760234,0.9339285714285714
UOEMD,Diagnosis,Load_No_Load_Speed_15Hz,CWRU_48k + HUST,Multi-Head DL (TABNET),0.6625,0.6120307631177196,0.975
UOEMD,Diagnosis,Load_No_Load_Speed_15Hz,CWRU_48k + PU,Multi-Head DL (TABNET),0.525,0.4009103641456583,0.8771428571428571
UOEMD,Diagnosis,Load_No_Load_Speed_15Hz,CWRU_48k + UORED,Multi-Head DL (TABNET),0.45,0.3849674303683738,0.8278571428571428
UOEMD,Diagnosis,Load_No_Load_Speed_15Hz,CWRU_48k + Mechanical_Gear,Multi-Head DL (TABNET),0.4625,0.3543924466338259,0.9480357142857143
UOEMD,Diagnosis,Load_No_Load_Speed_15Hz,CWRU_48k + Electric_Motor,Multi-Head DL (TABNET),0.5625,0.49709359971783906,0.9507142857142856
UOEMD,Diagnosis,Load_No_Load_Speed_15Hz,HUST_Gearbox + HUST,Multi-Head DL (TABNET),0.55,0.512232102692629,0.8625
UOEMD,Diagnosis,Load_No_Load_Speed_15Hz,HUST_Gearbox + PU,Multi-Head DL (TABNET),0.5375,0.4600065504670767,0.8796428571428572
UOEMD,Diagnosis,Load_No_Load_Speed_15Hz,HUST_Gearbox + UORED,Multi-Head DL (TABNET),0.6625,0.598579782790309,0.92875
UOEMD,Diagnosis,Load_No_Load_Speed_15Hz,HUST_Gearbox + Mechanical_Gear,Multi-Head DL (TABNET),0.6000000000000001,0.5372023809523809,0.8916071428571428
UOEMD,Diagnosis,Load_No_Load_Speed_15Hz,HUST_Gearbox + Electric_Motor,Multi-Head DL (TABNET),0.5625,0.45960167283696696,0.9421428571428572
UOEMD,Diagnosis,Load_No_Load_Speed_15Hz,HUST + PU,Multi-Head DL (TABNET),0.4625,0.3857937405731523,0.9058928571428572
UOEMD,Diagnosis,Load_No_Load_Speed_15Hz,HUST + UORED,Multi-Head DL (TABNET),0.5125,0.44402356902356904,0.9473214285714286
UOEMD,Diagnosis,Load_No_Load_Speed_15Hz,HUST + Mechanical_Gear,Multi-Head DL (TABNET),0.5625,0.47752272094377357,0.9126785714285715
UOEMD,Diagnosis,Load_No_Load_Speed_15Hz,HUST + Electric_Motor,Multi-Head DL (TABNET),0.725,0.6691919191919192,0.89
UOEMD,Diagnosis,Load_No_Load_Speed_15Hz,PU + UORED,Multi-Head DL (TABNET),0.3125,0.2531676982964777,0.9010714285714285
UOEMD,Diagnosis,Load_No_Load_Speed_15Hz,PU + Mechanical_Gear,Multi-Head DL (TABNET),0.5,0.4416937229437229,0.8751785714285715
UOEMD,Diagnosis,Load_No_Load_Speed_15Hz,PU + Electric_Motor,Multi-Head DL (TABNET),0.375,0.28873319662793345,0.9380357142857143
UOEMD,Diagnosis,Load_No_Load_Speed_15Hz,UORED + Mechanical_Gear,Multi-Head DL (TABNET),0.525,0.4485199485199485,0.9601785714285714
UOEMD,Diagnosis,Load_No_Load_Speed_15Hz,UORED + Electric_Motor,Multi-Head DL (TABNET),0.75,0.6700962293067556,0.9582142857142857
UOEMD,Diagnosis,Load_No_Load_Speed_15Hz,Mechanical_Gear + Electric_Motor,Multi-Head DL (TABNET),0.6625,0.5666486315043191,0.9689285714285715
UOEMD,Diagnosis,Load_No_Load_Speed_15Hz,CWRU_12k + CWRU_48k + HUST_Gearbox,Multi-Head DL (TABNET),0.35,0.2484526967285588,0.7792857142857144
UOEMD,Diagnosis,Load_No_Load_Speed_15Hz,CWRU_12k + CWRU_48k + HUST,Multi-Head DL (TABNET),0.25,0.10416666666666666,0.8096428571428572
UOEMD,Diagnosis,Load_No_Load_Speed_15Hz,CWRU_12k + CWRU_48k + PU,Multi-Head DL (TABNET),0.375,0.25219298245614036,0.8735714285714287
UOEMD,Diagnosis,Load_No_Load_Speed_15Hz,CWRU_12k + CWRU_48k + UORED,Multi-Head DL (TABNET),0.4375,0.326036866359447,0.8619642857142857
UOEMD,Diagnosis,Load_No_Load_Speed_15Hz,CWRU_12k + CWRU_48k + Mechanical_Gear,Multi-Head DL (TABNET),0.375,0.28758296033338476,0.9491071428571429
UOEMD,Diagnosis,Load_No_Load_Speed_15Hz,CWRU_12k + CWRU_48k + Electric_Motor,Multi-Head DL (TABNET),0.375,0.30408653846153844,0.6844642857142857
UOEMD,Diagnosis,Load_No_Load_Speed_15Hz,CWRU_12k + HUST_Gearbox + HUST,Multi-Head DL (TABNET),0.375,0.23214285714285715,0.8360714285714286
UOEMD,Diagnosis,Load_No_Load_Speed_15Hz,CWRU_12k + HUST_Gearbox + PU,Multi-Head DL (TABNET),0.375,0.27115384615384613,0.8392857142857143
UOEMD,Diagnosis,Load_No_Load_Speed_15Hz,CWRU_12k + HUST_Gearbox + UORED,Multi-Head DL (TABNET),0.3625,0.35212842712842707,0.8778571428571429
UOEMD,Diagnosis,Load_No_Load_Speed_15Hz,CWRU_12k + HUST_Gearbox + Mechanical_Gear,Multi-Head DL (TABNET),0.4625,0.3926237161531279,0.9328571428571428
UOEMD,Diagnosis,Load_No_Load_Speed_15Hz,CWRU_12k + HUST_Gearbox + Electric_Motor,Multi-Head DL (TABNET),0.4125,0.3152680652680653,0.9226785714285715
UOEMD,Diagnosis,Load_No_Load_Speed_15Hz,CWRU_12k + HUST + PU,Multi-Head DL (TABNET),0.35,0.26503496503496504,0.8389285714285715
UOEMD,Diagnosis,Load_No_Load_Speed_15Hz,CWRU_12k + HUST + UORED,Multi-Head DL (TABNET),0.375,0.24621212121212122,0.8525
UOEMD,Diagnosis,Load_No_Load_Speed_15Hz,CWRU_12k + HUST + Mechanical_Gear,Multi-Head DL (TABNET),0.425,0.3436796536796537,0.8953571428571429
UOEMD,Diagnosis,Load_No_Load_Speed_15Hz,CWRU_12k + HUST + Electric_Motor,Multi-Head DL (TABNET),0.6,0.5158970658970659,0.864107142857143
UOEMD,Diagnosis,Load_No_Load_Speed_15Hz,CWRU_12k + PU + UORED,Multi-Head DL (TABNET),0.25,0.17336829836829837,0.7841071428571429
UOEMD,Diagnosis,Load_No_Load_Speed_15Hz,CWRU_12k + PU + Mechanical_Gear,Multi-Head DL (TABNET),0.5,0.37792207792207794,0.9292857142857143
UOEMD,Diagnosis,Load_No_Load_Speed_15Hz,CWRU_12k + PU + Electric_Motor,Multi-Head DL (TABNET),0.3625,0.3077618660958146,0.8046428571428572
UOEMD,Diagnosis,Load_No_Load_Speed_15Hz,CWRU_12k + UORED + Mechanical_Gear,Multi-Head DL (TABNET),0.25,0.17006802721088435,0.8373214285714285
UOEMD,Diagnosis,Load_No_Load_Speed_15Hz,CWRU_12k + UORED + Electric_Motor,Multi-Head DL (TABNET),0.45,0.3678571428571428,0.8701785714285715
UOEMD,Diagnosis,Load_No_Load_Speed_15Hz,CWRU_12k + Mechanical_Gear + Electric_Motor,Multi-Head DL (TABNET),0.375,0.3446460803271949,0.9026785714285714
UOEMD,Diagnosis,Load_No_Load_Speed_15Hz,CWRU_48k + HUST_Gearbox + HUST,Multi-Head DL (TABNET),0.725,0.6457000398660724,0.9794642857142857
UOEMD,Diagnosis,Load_No_Load_Speed_15Hz,CWRU_48k + HUST_Gearbox + PU,Multi-Head DL (TABNET),0.4,0.28645833333333337,0.8339285714285715
UOEMD,Diagnosis,Load_No_Load_Speed_15Hz,CWRU_48k + HUST_Gearbox + UORED,Multi-Head DL (TABNET),0.475,0.41541353383458646,0.9141071428571428
UOEMD,Diagnosis,Load_No_Load_Speed_15Hz,CWRU_48k + HUST_Gearbox + Mechanical_Gear,Multi-Head DL (TABNET),0.525,0.4849587912087912,0.9401785714285715
UOEMD,Diagnosis,Load_No_Load_Speed_15Hz,CWRU_48k + HUST_Gearbox + Electric_Motor,Multi-Head DL (TABNET),0.44999999999999996,0.38630796695312825,0.9305357142857142
UOEMD,Diagnosis,Load_No_Load_Speed_15Hz,CWRU_48k + HUST + PU,Multi-Head DL (TABNET),0.375,0.22509578544061304,0.8891071428571429
UOEMD,Diagnosis,Load_No_Load_Speed_15Hz,CWRU_48k + HUST + UORED,Multi-Head DL (TABNET),0.5875,0.553030303030303,0.8419642857142857
UOEMD,Diagnosis,Load_No_Load_Speed_15Hz,CWRU_48k + HUST + Mechanical_Gear,Multi-Head DL (TABNET),0.4375,0.3566185024896459,0.8789285714285714
UOEMD,Diagnosis,Load_No_Load_Speed_15Hz,CWRU_48k + HUST + Electric_Motor,Multi-Head DL (TABNET),0.525,0.45205512572533846,0.9176785714285713
UOEMD,Diagnosis,Load_No_Load_Speed_15Hz,CWRU_48k + PU + UORED,Multi-Head DL (TABNET),0.275,0.22023809523809523,0.7919642857142858
UOEMD,Diagnosis,Load_No_Load_Speed_15Hz,CWRU_48k + PU + Mechanical_Gear,Multi-Head DL (TABNET),0.25,0.12365591397849462,0.7682142857142857
UOEMD,Diagnosis,Load_No_Load_Speed_15Hz,CWRU_48k + PU + Electric_Motor,Multi-Head DL (TABNET),0.4,0.2956157317859445,0.9060714285714286
UOEMD,Diagnosis,Load_No_Load_Speed_15Hz,CWRU_48k + UORED + Mechanical_Gear,Multi-Head DL (TABNET),0.7125,0.6311531122386386,0.9876785714285714
UOEMD,Diagnosis,Load_No_Load_Speed_15Hz,CWRU_48k + UORED + Electric_Motor,Multi-Head DL (TABNET),0.4625,0.3986776105791154,0.9339285714285714
UOEMD,Diagnosis,Load_No_Load_Speed_15Hz,CWRU_48k + Mechanical_Gear + Electric_Motor,Multi-Head DL (TABNET),0.5375,0.4943738859180036,0.92375
UOEMD,Diagnosis,Load_No_Load_Speed_15Hz,HUST_Gearbox + HUST + PU,Multi-Head DL (TABNET),0.3125,0.21326808877911502,0.8946428571428572
UOEMD,Diagnosis,Load_No_Load_Speed_15Hz,HUST_Gearbox + HUST + UORED,Multi-Head DL (TABNET),0.5875,0.5221832764936213,0.9614285714285715
UOEMD,Diagnosis,Load_No_Load_Speed_15Hz,HUST_Gearbox + HUST + Mechanical_Gear,Multi-Head DL (TABNET),0.6125,0.544016290726817,0.8851785714285715
UOEMD,Diagnosis,Load_No_Load_Speed_15Hz,HUST_Gearbox + HUST + Electric_Motor,Multi-Head DL (TABNET),0.5625,0.5071195144724556,0.9307142857142857
UOEMD,Diagnosis,Load_No_Load_Speed_15Hz,HUST_Gearbox + PU + UORED,Multi-Head DL (TABNET),0.375,0.22820114667940755,0.8573214285714286
UOEMD,Diagnosis,Load_No_Load_Speed_15Hz,HUST_Gearbox + PU + Mechanical_Gear,Multi-Head DL (TABNET),0.475,0.3544362544362545,0.8667857142857143
UOEMD,Diagnosis,Load_No_Load_Speed_15Hz,HUST_Gearbox + PU + Electric_Motor,Multi-Head DL (TABNET),0.30000000000000004,0.24200137044064934,0.9025000000000001
UOEMD,Diagnosis,Load_No_Load_Speed_15Hz,HUST_Gearbox + UORED + Mechanical_Gear,Multi-Head DL (TABNET),0.6,0.5442612942612942,0.895
UOEMD,Diagnosis,Load_No_Load_Speed_15Hz,HUST_Gearbox + UORED + Electric_Motor,Multi-Head DL (TABNET),0.6125,0.5421311322747214,0.9492857142857143
UOEMD,Diagnosis,Load_No_Load_Speed_15Hz,HUST_Gearbox + Mechanical_Gear + Electric_Motor,Multi-Head DL (TABNET),0.625,0.561216352569736,0.9619642857142857
UOEMD,Diagnosis,Load_No_Load_Speed_15Hz,HUST + PU + UORED,Multi-Head DL (TABNET),0.4,0.2876921928646067,0.8619642857142857
UOEMD,Diagnosis,Load_No_Load_Speed_15Hz,HUST + PU + Mechanical_Gear,Multi-Head DL (TABNET),0.4,0.3523552219105758,0.9037499999999999
UOEMD,Diagnosis,Load_No_Load_Speed_15Hz,HUST + PU + Electric_Motor,Multi-Head DL (TABNET),0.5,0.33351872450871334,0.9010714285714286
UOEMD,Diagnosis,Load_No_Load_Speed_15Hz,HUST + UORED + Mechanical_Gear,Multi-Head DL (TABNET),0.65,0.593279340721796,0.94125
UOEMD,Diagnosis,Load_No_Load_Speed_15Hz,HUST + UORED + Electric_Motor,Multi-Head DL (TABNET),0.6375,0.559185606060606,0.8994642857142857
UOEMD,Diagnosis,Load_No_Load_Speed_15Hz,HUST + Mechanical_Gear + Electric_Motor,Multi-Head DL (TABNET),0.4875,0.37080200501253135,0.8910714285714285
UOEMD,Diagnosis,Load_No_Load_Speed_15Hz,PU + UORED + Mechanical_Gear,Multi-Head DL (TABNET),0.3875,0.2607493857493858,0.8164285714285715
UOEMD,Diagnosis,Load_No_Load_Speed_15Hz,PU + UORED + Electric_Motor,Multi-Head DL (TABNET),0.5,0.38006756756756754,0.8660714285714286
UOEMD,Diagnosis,Load_No_Load_Speed_15Hz,PU + Mechanical_Gear + Electric_Motor,Multi-Head DL (TABNET),0.375,0.2689144736842105,0.8978571428571428
UOEMD,Diagnosis,Load_No_Load_Speed_15Hz,UORED + Mechanical_Gear + Electric_Motor,Multi-Head DL (TABNET),0.6375,0.5982592699697963,0.9732142857142857
UOEMD,Diagnosis,Load_No_Load_Speed_15Hz,CWRU_12k + CWRU_48k + HUST_Gearbox + HUST,Multi-Head DL (TABNET),0.4875,0.4313688688688689,0.8823214285714285
UOEMD,Diagnosis,Load_No_Load_Speed_15Hz,CWRU_12k + CWRU_48k + HUST_Gearbox + PU,Multi-Head DL (TABNET),0.3125,0.23148148148148145,0.7805357142857143
UOEMD,Diagnosis,Load_No_Load_Speed_15Hz,CWRU_12k + CWRU_48k + HUST_Gearbox + UORED,Multi-Head DL (TABNET),0.48750000000000004,0.38975705329153604,0.8583928571428572
UOEMD,Diagnosis,Load_No_Load_Speed_15Hz,CWRU_12k + CWRU_48k + HUST_Gearbox + Mechanical_Gear,Multi-Head DL (TABNET),0.4875,0.3918164977661545,0.9401785714285714
UOEMD,Diagnosis,Load_No_Load_Speed_15Hz,CWRU_12k + CWRU_48k + HUST_Gearbox + Electric_Motor,Multi-Head DL (TABNET),0.625,0.5364345799128407,0.9028571428571428
UOEMD,Diagnosis,Load_No_Load_Speed_15Hz,CWRU_12k + CWRU_48k + HUST + PU,Multi-Head DL (TABNET),0.4375,0.31146366592614055,0.9332142857142858
UOEMD,Diagnosis,Load_No_Load_Speed_15Hz,CWRU_12k + CWRU_48k + HUST + UORED,Multi-Head DL (TABNET),0.5,0.40530303030303033,0.9144642857142857
UOEMD,Diagnosis,Load_No_Load_Speed_15Hz,CWRU_12k + CWRU_48k + HUST + Mechanical_Gear,Multi-Head DL (TABNET),0.28750000000000003,0.18878205128205128,0.8923214285714285
UOEMD,Diagnosis,Load_No_Load_Speed_15Hz,CWRU_12k + CWRU_48k + HUST + Electric_Motor,Multi-Head DL (TABNET),0.675,0.5985119047619047,0.9133928571428571
UOEMD,Diagnosis,Load_No_Load_Speed_15Hz,CWRU_12k + CWRU_48k + PU + UORED,Multi-Head DL (TABNET),0.25,0.1074561403508772,0.76875
UOEMD,Diagnosis,Load_No_Load_Speed_15Hz,CWRU_12k + CWRU_48k + PU + Mechanical_Gear,Multi-Head DL (TABNET),0.475,0.396092796092796,0.8480357142857142
UOEMD,Diagnosis,Load_No_Load_Speed_15Hz,CWRU_12k + CWRU_48k + PU + Electric_Motor,Multi-Head DL (TABNET),0.375,0.2448607427055703,0.8148214285714286
UOEMD,Diagnosis,Load_No_Load_Speed_15Hz,CWRU_12k + CWRU_48k + UORED + Mechanical_Gear,Multi-Head DL (TABNET),0.625,0.5208333333333333,0.8439285714285715
UOEMD,Diagnosis,Load_No_Load_Speed_15Hz,CWRU_12k + CWRU_48k + UORED + Electric_Motor,Multi-Head DL (TABNET),0.5375000000000001,0.46365914786967416,0.9410714285714286
UOEMD,Diagnosis,Load_No_Load_Speed_15Hz,CWRU_12k + CWRU_48k + Mechanical_Gear + Electric_Motor,Multi-Head DL (TABNET),0.2875,0.2216708023159636,0.8635714285714285
UOEMD,Diagnosis,Load_No_Load_Speed_15Hz,CWRU_12k + HUST_Gearbox + HUST + PU,Multi-Head DL (TABNET),0.375,0.23256802721088435,0.79625
UOEMD,Diagnosis,Load_No_Load_Speed_15Hz,CWRU_12k + HUST_Gearbox + HUST + UORED,Multi-Head DL (TABNET),0.5875,0.48795192457534675,0.92125
UOEMD,Diagnosis,Load_No_Load_Speed_15Hz,CWRU_12k + HUST_Gearbox + HUST + Mechanical_Gear,Multi-Head DL (TABNET),0.4,0.27408008658008653,0.7903571428571429
UOEMD,Diagnosis,Load_No_Load_Speed_15Hz,CWRU_12k + HUST_Gearbox + HUST + Electric_Motor,Multi-Head DL (TABNET),0.3375,0.23530617823947514,0.77625
UOEMD,Diagnosis,Load_No_Load_Speed_15Hz,CWRU_12k + HUST_Gearbox + PU + UORED,Multi-Head DL (TABNET),0.25,0.14583333333333331,0.9010714285714286
UOEMD,Diagnosis,Load_No_Load_Speed_15Hz,CWRU_12k + HUST_Gearbox + PU + Mechanical_Gear,Multi-Head DL (TABNET),0.125,0.041666666666666664,0.77
UOEMD,Diagnosis,Load_No_Load_Speed_15Hz,CWRU_12k + HUST_Gearbox + PU + Electric_Motor,Multi-Head DL (TABNET),0.3,0.29147727272727275,0.7226785714285714
UOEMD,Diagnosis,Load_No_Load_Speed_15Hz,CWRU_12k + HUST_Gearbox + UORED + Mechanical_Gear,Multi-Head DL (TABNET),0.4875,0.4155908639523337,0.8580357142857142
UOEMD,Diagnosis,Load_No_Load_Speed_15Hz,CWRU_12k + HUST_Gearbox + UORED + Electric_Motor,Multi-Head DL (TABNET),0.4375,0.3673581274615109,0.8460714285714286
UOEMD,Diagnosis,Load_No_Load_Speed_15Hz,CWRU_12k + HUST_Gearbox + Mechanical_Gear + Electric_Motor,Multi-Head DL (TABNET),0.625,0.5368871415356151,0.8975
UOEMD,Diagnosis,Load_No_Load_Speed_15Hz,CWRU_12k + HUST + PU + UORED,Multi-Head DL (TABNET),0.375,0.34894957983193275,0.8775
UOEMD,Diagnosis,Load_No_Load_Speed_15Hz,CWRU_12k + HUST + PU + Mechanical_Gear,Multi-Head DL (TABNET),0.45,0.3603583916083916,0.8598214285714285
UOEMD,Diagnosis,Load_No_Load_Speed_15Hz,CWRU_12k + HUST + PU + Electric_Motor,Multi-Head DL (TABNET),0.25,0.13333333333333333,0.7089285714285714
UOEMD,Diagnosis,Load_No_Load_Speed_15Hz,CWRU_12k + HUST + UORED + Mechanical_Gear,Multi-Head DL (TABNET),0.475,0.39212320246803006,0.86375
UOEMD,Diagnosis,Load_No_Load_Speed_15Hz,CWRU_12k + HUST + UORED + Electric_Motor,Multi-Head DL (TABNET),0.5,0.41666666666666663,0.8689285714285714
UOEMD,Diagnosis,Load_No_Load_Speed_15Hz,CWRU_12k + HUST + Mechanical_Gear + Electric_Motor,Multi-Head DL (TABNET),0.4,0.342809364548495,0.8562500000000001
UOEMD,Diagnosis,Load_No_Load_Speed_15Hz,CWRU_12k + PU + UORED + Mechanical_Gear,Multi-Head DL (TABNET),0.3625,0.25736531986531985,0.8639285714285714
UOEMD,Diagnosis,Load_No_Load_Speed_15Hz,CWRU_12k + PU + UORED + Electric_Motor,Multi-Head DL (TABNET),0.475,0.380420054200542,0.8857142857142857
UOEMD,Diagnosis,Load_No_Load_Speed_15Hz,CWRU_12k + PU + Mechanical_Gear + Electric_Motor,Multi-Head DL (TABNET),0.25,0.15878378378378377,0.8785714285714286
UOEMD,Diagnosis,Load_No_Load_Speed_15Hz,CWRU_12k + UORED + Mechanical_Gear + Electric_Motor,Multi-Head DL (TABNET),0.425,0.3660714285714286,0.8326785714285714
UOEMD,Diagnosis,Load_No_Load_Speed_15Hz,CWRU_48k + HUST_Gearbox + HUST + PU,Multi-Head DL (TABNET),0.3625,0.25629984051036686,0.7305357142857143
UOEMD,Diagnosis,Load_No_Load_Speed_15Hz,CWRU_48k + HUST_Gearbox + HUST + UORED,Multi-Head DL (TABNET),0.55,0.4766849188187861,0.8671428571428572
UOEMD,Diagnosis,Load_No_Load_Speed_15Hz,CWRU_48k + HUST_Gearbox + HUST + Mechanical_Gear,Multi-Head DL (TABNET),0.6,0.6015046296296296,0.9467857142857143
UOEMD,Diagnosis,Load_No_Load_Speed_15Hz,CWRU_48k + HUST_Gearbox + HUST + Electric_Motor,Multi-Head DL (TABNET),0.5,0.3852265043948614,0.8566071428571429
UOEMD,Diagnosis,Load_No_Load_Speed_15Hz,CWRU_48k + HUST_Gearbox + PU + UORED,Multi-Head DL (TABNET),0.375,0.21123693379790942,0.8610714285714286
UOEMD,Diagnosis,Load_No_Load_Speed_15Hz,CWRU_48k + HUST_Gearbox + PU + Mechanical_Gear,Multi-Head DL (TABNET),0.5125,0.3832584082584083,0.7705357142857143
UOEMD,Diagnosis,Load_No_Load_Speed_15Hz,CWRU_48k + HUST_Gearbox + PU + Electric_Motor,Multi-Head DL (TABNET),0.3625,0.2281144781144781,0.8862500000000001
UOEMD,Diagnosis,Load_No_Load_Speed_15Hz,CWRU_48k + HUST_Gearbox + UORED + Mechanical_Gear,Multi-Head DL (TABNET),0.5625,0.4611430236430237,0.9303571428571429
UOEMD,Diagnosis,Load_No_Load_Speed_15Hz,CWRU_48k + HUST_Gearbox + UORED + Electric_Motor,Multi-Head DL (TABNET),0.575,0.49491341991341986,0.9189285714285714
UOEMD,Diagnosis,Load_No_Load_Speed_15Hz,CWRU_48k + HUST_Gearbox + Mechanical_Gear + Electric_Motor,Multi-Head DL (TABNET),0.4625,0.38890236343547036,0.8196428571428571
UOEMD,Diagnosis,Load_No_Load_Speed_15Hz,CWRU_48k + HUST + PU + UORED,Multi-Head DL (TABNET),0.375,0.2544642857142857,0.8857142857142857
UOEMD,Diagnosis,Load_No_Load_Speed_15Hz,CWRU_48k + HUST + PU + Mechanical_Gear,Multi-Head DL (TABNET),0.3625,0.24930555555555556,0.9075
UOEMD,Diagnosis,Load_No_Load_Speed_15Hz,CWRU_48k + HUST + PU + Electric_Motor,Multi-Head DL (TABNET),0.3375,0.26728826728826727,0.8451785714285714
UOEMD,Diagnosis,Load_No_Load_Speed_15Hz,CWRU_48k + HUST + UORED + Mechanical_Gear,Multi-Head DL (TABNET),0.4875,0.37483130904183537,0.8548214285714286
UOEMD,Diagnosis,Load_No_Load_Speed_15Hz,CWRU_48k + HUST + UORED + Electric_Motor,Multi-Head DL (TABNET),0.25,0.21164021164021163,0.7523214285714286
UOEMD,Diagnosis,Load_No_Load_Speed_15Hz,CWRU_48k + HUST + Mechanical_Gear + Electric_Motor,Multi-Head DL (TABNET),0.4125,0.30016429648782594,0.8896428571428572
UOEMD,Diagnosis,Load_No_Load_Speed_15Hz,CWRU_48k + PU + UORED + Mechanical_Gear,Multi-Head DL (TABNET),0.17500000000000002,0.126283912774596,0.8885714285714286
UOEMD,Diagnosis,Load_No_Load_Speed_15Hz,CWRU_48k + PU + UORED + Electric_Motor,Multi-Head DL (TABNET),0.2875,0.20494186046511628,0.7917857142857143
UOEMD,Diagnosis,Load_No_Load_Speed_15Hz,CWRU_48k + PU + Mechanical_Gear + Electric_Motor,Multi-Head DL (TABNET),0.375,0.2864583333333333,0.8421428571428571
UOEMD,Diagnosis,Load_No_Load_Speed_15Hz,CWRU_48k + UORED + Mechanical_Gear + Electric_Motor,Multi-Head DL (TABNET),0.5125,0.45625,0.8473214285714286
UOEMD,Diagnosis,Load_No_Load_Speed_15Hz,HUST_Gearbox + HUST + PU + UORED,Multi-Head DL (TABNET),0.4375,0.3527432712215321,0.9092857142857143
UOEMD,Diagnosis,Load_No_Load_Speed_15Hz,HUST_Gearbox + HUST + PU + Mechanical_Gear,Multi-Head DL (TABNET),0.4,0.2611607142857143,0.9221428571428572
UOEMD,Diagnosis,Load_No_Load_Speed_15Hz,HUST_Gearbox + HUST + PU + Electric_Motor,Multi-Head DL (TABNET),0.25,0.16363636363636364,0.8566071428571429
UOEMD,Diagnosis,Load_No_Load_Speed_15Hz,HUST_Gearbox + HUST + UORED + Mechanical_Gear,Multi-Head DL (TABNET),0.8125,0.8108230134158927,0.9898214285714286
UOEMD,Diagnosis,Load_No_Load_Speed_15Hz,HUST_Gearbox + HUST + UORED + Electric_Motor,Multi-Head DL (TABNET),0.4875,0.38737276237276236,0.9010714285714285
UOEMD,Diagnosis,Load_No_Load_Speed_15Hz,HUST_Gearbox + HUST + Mechanical_Gear + Electric_Motor,Multi-Head DL (TABNET),0.45,0.3842708217708218,0.9873214285714286
UOEMD,Diagnosis,Load_No_Load_Speed_15Hz,HUST_Gearbox + PU + UORED + Mechanical_Gear,Multi-Head DL (TABNET),0.4125,0.2776193105140473,0.9494642857142858
UOEMD,Diagnosis,Load_No_Load_Speed_15Hz,HUST_Gearbox + PU + UORED + Electric_Motor,Multi-Head DL (TABNET),0.375,0.280812324929972,0.7541071428571429
UOEMD,Diagnosis,Load_No_Load_Speed_15Hz,HUST_Gearbox + PU + Mechanical_Gear + Electric_Motor,Multi-Head DL (TABNET),0.3875,0.2734334874165383,0.8833928571428572
UOEMD,Diagnosis,Load_No_Load_Speed_15Hz,HUST_Gearbox + UORED + Mechanical_Gear + Electric_Motor,Multi-Head DL (TABNET),0.44999999999999996,0.3854247291021672,0.8651785714285715
UOEMD,Diagnosis,Load_No_Load_Speed_15Hz,HUST + PU + UORED + Mechanical_Gear,Multi-Head DL (TABNET),0.25,0.16188714153561518,0.8292857142857144
UOEMD,Diagnosis,Load_No_Load_Speed_15Hz,HUST + PU + UORED + Electric_Motor,Multi-Head DL (TABNET),0.375,0.2206959706959707,0.9389285714285714
UOEMD,Diagnosis,Load_No_Load_Speed_15Hz,HUST + PU + Mechanical_Gear + Electric_Motor,Multi-Head DL (TABNET),0.375,0.24879227053140096,0.8332142857142857
UOEMD,Diagnosis,Load_No_Load_Speed_15Hz,HUST + UORED + Mechanical_Gear + Electric_Motor,Multi-Head DL (TABNET),0.3,0.3013392857142857,0.81375
UOEMD,Diagnosis,Load_No_Load_Speed_15Hz,PU + UORED + Mechanical_Gear + Electric_Motor,Multi-Head DL (TABNET),0.5125,0.37251990423345926,0.9610714285714286
UOEMD,Diagnosis,Load_No_Load_Speed_15Hz,CWRU_12k + CWRU_48k + HUST_Gearbox + HUST + PU,Multi-Head DL (TABNET),0.3125,0.2282694959203303,0.8242857142857143
UOEMD,Diagnosis,Load_No_Load_Speed_15Hz,CWRU_12k + CWRU_48k + HUST_Gearbox + HUST + UORED,Multi-Head DL (TABNET),0.5625,0.4362068965517241,0.9096428571428572
UOEMD,Diagnosis,Load_No_Load_Speed_15Hz,CWRU_12k + CWRU_48k + HUST_Gearbox + HUST + Mechanical_Gear,Multi-Head DL (TABNET),0.2625,0.17005674505674506,0.8398214285714285
UOEMD,Diagnosis,Load_No_Load_Speed_15Hz,CWRU_12k + CWRU_48k + HUST_Gearbox + HUST + Electric_Motor,Multi-Head DL (TABNET),0.475,0.3866127833519138,0.8980357142857143
UOEMD,Diagnosis,Load_No_Load_Speed_15Hz,CWRU_12k + CWRU_48k + HUST_Gearbox + PU + UORED,Multi-Head DL (TABNET),0.325,0.23106060606060605,0.8580357142857142
UOEMD,Diagnosis,Load_No_Load_Speed_15Hz,CWRU_12k + CWRU_48k + HUST_Gearbox + PU + Mechanical_Gear,Multi-Head DL (TABNET),0.625,0.49692118226600984,0.9167857142857143
UOEMD,Diagnosis,Load_No_Load_Speed_15Hz,CWRU_12k + CWRU_48k + HUST_Gearbox + PU + Electric_Motor,Multi-Head DL (TABNET),0.425,0.32957393483709274,0.7625
UOEMD,Diagnosis,Load_No_Load_Speed_15Hz,CWRU_12k + CWRU_48k + HUST_Gearbox + UORED + Mechanical_Gear,Multi-Head DL (TABNET),0.4875,0.4041353383458647,0.7928571428571429
UOEMD,Diagnosis,Load_No_Load_Speed_15Hz,CWRU_12k + CWRU_48k + HUST_Gearbox + UORED + Electric_Motor,Multi-Head DL (TABNET),0.5875,0.5150997150997152,0.9637500000000001
UOEMD,Diagnosis,Load_No_Load_Speed_15Hz,CWRU_12k + CWRU_48k + HUST_Gearbox + Mechanical_Gear + Electric_Motor,Multi-Head DL (TABNET),0.4875,0.41243061979648477,0.9276785714285714
UOEMD,Diagnosis,Load_No_Load_Speed_15Hz,CWRU_12k + CWRU_48k + HUST + PU + UORED,Multi-Head DL (TABNET),0.25,0.1875,0.7719642857142857
UOEMD,Diagnosis,Load_No_Load_Speed_15Hz,CWRU_12k + CWRU_48k + HUST + PU + Mechanical_Gear,Multi-Head DL (TABNET),0.3375,0.23932628280454366,0.7860714285714285
UOEMD,Diagnosis,Load_No_Load_Speed_15Hz,CWRU_12k + CWRU_48k + HUST + PU + Electric_Motor,Multi-Head DL (TABNET),0.375,0.22981475888452635,0.8678571428571429
UOEMD,Diagnosis,Load_No_Load_Speed_15Hz,CWRU_12k + CWRU_48k + HUST + UORED + Mechanical_Gear,Multi-Head DL (TABNET),0.5125,0.4314449917898194,0.8616071428571428
UOEMD,Diagnosis,Load_No_Load_Speed_15Hz,CWRU_12k + CWRU_48k + HUST + UORED + Electric_Motor,Multi-Head DL (TABNET),0.4875,0.396492240702767,0.8771428571428572
UOEMD,Diagnosis,Load_No_Load_Speed_15Hz,CWRU_12k + CWRU_48k + HUST + Mechanical_Gear + Electric_Motor,Multi-Head DL (TABNET),0.5125,0.4453787878787878,0.8416071428571428
UOEMD,Diagnosis,Load_No_Load_Speed_15Hz,CWRU_12k + CWRU_48k + PU + UORED + Mechanical_Gear,Multi-Head DL (TABNET),0.2875,0.22723253757736517,0.8685714285714285
UOEMD,Diagnosis,Load_No_Load_Speed_15Hz,CWRU_12k + CWRU_48k + PU + UORED + Electric_Motor,Multi-Head DL (TABNET),0.46249999999999997,0.33163722478238605,0.80125
UOEMD,Diagnosis,Load_No_Load_Speed_15Hz,CWRU_12k + CWRU_48k + PU + Mechanical_Gear + Electric_Motor,Multi-Head DL (TABNET),0.5375,0.4256691225441226,0.9216071428571428
UOEMD,Diagnosis,Load_No_Load_Speed_15Hz,CWRU_12k + CWRU_48k + UORED + Mechanical_Gear + Electric_Motor,Multi-Head DL (TABNET),0.5125,0.47381320949432404,0.9171428571428571
UOEMD,Diagnosis,Load_No_Load_Speed_15Hz,CWRU_12k + HUST_Gearbox + HUST + PU + UORED,Multi-Head DL (TABNET),0.4875,0.46082875457875455,0.8819642857142858
UOEMD,Diagnosis,Load_No_Load_Speed_15Hz,CWRU_12k + HUST_Gearbox + HUST + PU + Mechanical_Gear,Multi-Head DL (TABNET),0.4125,0.345177179058758,0.87875
UOEMD,Diagnosis,Load_No_Load_Speed_15Hz,CWRU_12k + HUST_Gearbox + HUST + PU + Electric_Motor,Multi-Head DL (TABNET),0.3,0.2223600952049228,0.7951785714285714
UOEMD,Diagnosis,Load_No_Load_Speed_15Hz,CWRU_12k + HUST_Gearbox + HUST + UORED + Mechanical_Gear,Multi-Head DL (TABNET),0.4875,0.40601412311739876,0.8514285714285714
UOEMD,Diagnosis,Load_No_Load_Speed_15Hz,CWRU_12k + HUST_Gearbox + HUST + UORED + Electric_Motor,Multi-Head DL (TABNET),0.6125,0.5075355678803954,0.8226785714285715
UOEMD,Diagnosis,Load_No_Load_Speed_15Hz,CWRU_12k + HUST_Gearbox + HUST + Mechanical_Gear + Electric_Motor,Multi-Head DL (TABNET),0.3875,0.24102124354140483,0.8960714285714286
UOEMD,Diagnosis,Load_No_Load_Speed_15Hz,CWRU_12k + HUST_Gearbox + PU + UORED + Mechanical_Gear,Multi-Head DL (TABNET),0.4,0.3092887499455836,0.8846428571428571
UOEMD,Diagnosis,Load_No_Load_Speed_15Hz,CWRU_12k + HUST_Gearbox + PU + UORED + Electric_Motor,Multi-Head DL (TABNET),0.25,0.10912698412698413,0.7985714285714285
UOEMD,Diagnosis,Load_No_Load_Speed_15Hz,CWRU_12k + HUST_Gearbox + PU + Mechanical_Gear + Electric_Motor,Multi-Head DL (TABNET),0.25,0.14583333333333331,0.8541071428571428
UOEMD,Diagnosis,Load_No_Load_Speed_15Hz,CWRU_12k + HUST_Gearbox + UORED + Mechanical_Gear + Electric_Motor,Multi-Head DL (TABNET),0.5,0.43941967379467384,0.9526785714285715
UOEMD,Diagnosis,Load_No_Load_Speed_15Hz,CWRU_12k + HUST + PU + UORED + Mechanical_Gear,Multi-Head DL (TABNET),0.45,0.34721436207004963,0.8541071428571428
UOEMD,Diagnosis,Load_No_Load_Speed_15Hz,CWRU_12k + HUST + PU + UORED + Electric_Motor,Multi-Head DL (TABNET),0.48750000000000004,0.37086518957715714,0.8991071428571429
UOEMD,Diagnosis,Load_No_Load_Speed_15Hz,CWRU_12k + HUST + PU + Mechanical_Gear + Electric_Motor,Multi-Head DL (TABNET),0.2875,0.15642857142857142,0.8360714285714286
UOEMD,Diagnosis,Load_No_Load_Speed_15Hz,CWRU_12k + HUST + UORED + Mechanical_Gear + Electric_Motor,Multi-Head DL (TABNET),0.5249999999999999,0.4699730094466936,0.8805357142857142
UOEMD,Diagnosis,Load_No_Load_Speed_15Hz,CWRU_12k + PU + UORED + Mechanical_Gear + Electric_Motor,Multi-Head DL (TABNET),0.325,0.24150815217391303,0.8223214285714286
UOEMD,Diagnosis,Load_No_Load_Speed_15Hz,CWRU_48k + HUST_Gearbox + HUST + PU + UORED,Multi-Head DL (TABNET),0.2875,0.20244003308519437,0.8619642857142857
UOEMD,Diagnosis,Load_No_Load_Speed_15Hz,CWRU_48k + HUST_Gearbox + HUST + PU + Mechanical_Gear,Multi-Head DL (TABNET),0.375,0.24475383373688459,0.8457142857142856
UOEMD,Diagnosis,Load_No_Load_Speed_15Hz,CWRU_48k + HUST_Gearbox + HUST + PU + Electric_Motor,Multi-Head DL (TABNET),0.3625,0.2287424996153649,0.8264285714285715
UOEMD,Diagnosis,Load_No_Load_Speed_15Hz,CWRU_48k + HUST_Gearbox + HUST + UORED + Mechanical_Gear,Multi-Head DL (TABNET),0.775,0.7062289562289562,0.9896428571428572
UOEMD,Diagnosis,Load_No_Load_Speed_15Hz,CWRU_48k + HUST_Gearbox + HUST + UORED + Electric_Motor,Multi-Head DL (TABNET),0.4875,0.3407998251748252,0.8908928571428572
UOEMD,Diagnosis,Load_No_Load_Speed_15Hz,CWRU_48k + HUST_Gearbox + HUST + Mechanical_Gear + Electric_Motor,Multi-Head DL (TABNET),0.5125,0.4318680223285486,0.8733928571428572
UOEMD,Diagnosis,Load_No_Load_Speed_15Hz,CWRU_48k + HUST_Gearbox + PU + UORED + Mechanical_Gear,Multi-Head DL (TABNET),0.3875,0.2621328224776501,0.7546428571428572
UOEMD,Diagnosis,Load_No_Load_Speed_15Hz,CWRU_48k + HUST_Gearbox + PU + UORED + Electric_Motor,Multi-Head DL (TABNET),0.2875,0.2777777777777778,0.8196428571428572
UOEMD,Diagnosis,Load_No_Load_Speed_15Hz,CWRU_48k + HUST_Gearbox + PU + Mechanical_Gear + Electric_Motor,Multi-Head DL (TABNET),0.6375,0.5256008359456635,0.9873214285714286
UOEMD,Diagnosis,Load_No_Load_Speed_15Hz,CWRU_48k + HUST_Gearbox + UORED + Mechanical_Gear + Electric_Motor,Multi-Head DL (TABNET),0.575,0.4880589430894309,0.9798214285714286
UOEMD,Diagnosis,Load_No_Load_Speed_15Hz,CWRU_48k + HUST + PU + UORED + Mechanical_Gear,Multi-Head DL (TABNET),0.3125,0.2540849673202614,0.7669642857142858
UOEMD,Diagnosis,Load_No_Load_Speed_15Hz,CWRU_48k + HUST + PU + UORED + Electric_Motor,Multi-Head DL (TABNET),0.25,0.10989010989010989,0.8342857142857143
UOEMD,Diagnosis,Load_No_Load_Speed_15Hz,CWRU_48k + HUST + PU + Mechanical_Gear + Electric_Motor,Multi-Head DL (TABNET),0.5,0.41666666666666663,0.8060714285714285
UOEMD,Diagnosis,Load_No_Load_Speed_15Hz,CWRU_48k + HUST + UORED + Mechanical_Gear + Electric_Motor,Multi-Head DL (TABNET),0.47500000000000003,0.3896382691007438,0.8655357142857143
UOEMD,Diagnosis,Load_No_Load_Speed_15Hz,CWRU_48k + PU + UORED + Mechanical_Gear + Electric_Motor,Multi-Head DL (TABNET),0.35,0.31019225872167044,0.8730357142857142
UOEMD,Diagnosis,Load_No_Load_Speed_15Hz,HUST_Gearbox + HUST + PU + UORED + Mechanical_Gear,Multi-Head DL (TABNET),0.25,0.2123015873015873,0.8848214285714285
UOEMD,Diagnosis,Load_No_Load_Speed_15Hz,HUST_Gearbox + HUST + PU + UORED + Electric_Motor,Multi-Head DL (TABNET),0.3625,0.2580465783151205,0.8596428571428572
UOEMD,Diagnosis,Load_No_Load_Speed_15Hz,HUST_Gearbox + HUST + PU + Mechanical_Gear + Electric_Motor,Multi-Head DL (TABNET),0.5,0.4212884361441237,0.8260714285714286
UOEMD,Diagnosis,Load_No_Load_Speed_15Hz,HUST_Gearbox + HUST + UORED + Mechanical_Gear + Electric_Motor,Multi-Head DL (TABNET),0.5625,0.51210407239819,0.9435714285714285
UOEMD,Diagnosis,Load_No_Load_Speed_15Hz,HUST_Gearbox + PU + UORED + Mechanical_Gear + Electric_Motor,Multi-Head DL (TABNET),0.28750000000000003,0.21615160753880266,0.8444642857142858
UOEMD,Diagnosis,Load_No_Load_Speed_15Hz,HUST + PU + UORED + Mechanical_Gear + Electric_Motor,Multi-Head DL (TABNET),0.5,0.37841468875951634,0.8925
UOEMD,Diagnosis,Load_No_Load_Speed_15Hz,CWRU_12k + CWRU_48k + HUST_Gearbox + HUST + PU + UORED,Multi-Head DL (TABNET),0.525,0.40669515669515666,0.8575
UOEMD,Diagnosis,Load_No_Load_Speed_15Hz,CWRU_12k + CWRU_48k + HUST_Gearbox + HUST + PU + Mechanical_Gear,Multi-Head DL (TABNET),0.275,0.16369047619047616,0.8176785714285715
UOEMD,Diagnosis,Load_No_Load_Speed_15Hz,CWRU_12k + CWRU_48k + HUST_Gearbox + HUST + PU + Electric_Motor,Multi-Head DL (TABNET),0.2875,0.20383986928104575,0.72875
UOEMD,Diagnosis,Load_No_Load_Speed_15Hz,CWRU_12k + CWRU_48k + HUST_Gearbox + HUST + UORED + Mechanical_Gear,Multi-Head DL (TABNET),0.4125,0.3449701619778346,0.82125
UOEMD,Diagnosis,Load_No_Load_Speed_15Hz,CWRU_12k + CWRU_48k + HUST_Gearbox + HUST + UORED + Electric_Motor,Multi-Head DL (TABNET),0.625,0.5416666666666666,0.8803571428571428
UOEMD,Diagnosis,Load_No_Load_Speed_15Hz,CWRU_12k + CWRU_48k + HUST_Gearbox + HUST + Mechanical_Gear + Electric_Motor,Multi-Head DL (TABNET),0.5375,0.45824314574314573,0.9230357142857143
UOEMD,Diagnosis,Load_No_Load_Speed_15Hz,CWRU_12k + CWRU_48k + HUST_Gearbox + PU + UORED + Mechanical_Gear,Multi-Head DL (TABNET),0.375,0.24549918166939444,0.8701785714285714
UOEMD,Diagnosis,Load_No_Load_Speed_15Hz,CWRU_12k + CWRU_48k + HUST_Gearbox + PU + UORED + Electric_Motor,Multi-Head DL (TABNET),0.2875,0.2163362952836637,0.8105357142857144
UOEMD,Diagnosis,Load_No_Load_Speed_15Hz,CWRU_12k + CWRU_48k + HUST_Gearbox + PU + Mechanical_Gear + Electric_Motor,Multi-Head DL (TABNET),0.375,0.2708333333333333,0.8135714285714286
UOEMD,Diagnosis,Load_No_Load_Speed_15Hz,CWRU_12k + CWRU_48k + HUST_Gearbox + UORED + Mechanical_Gear + Electric_Motor,Multi-Head DL (TABNET),0.375,0.2776292335115864,0.8478571428571429
UOEMD,Diagnosis,Load_No_Load_Speed_15Hz,CWRU_12k + CWRU_48k + HUST + PU + UORED + Mechanical_Gear,Multi-Head DL (TABNET),0.25,0.1392857142857143,0.865
UOEMD,Diagnosis,Load_No_Load_Speed_15Hz,CWRU_12k + CWRU_48k + HUST + PU + UORED + Electric_Motor,Multi-Head DL (TABNET),0.4625,0.35541979949874686,0.7366071428571429
UOEMD,Diagnosis,Load_No_Load_Speed_15Hz,CWRU_12k + CWRU_48k + HUST + PU + Mechanical_Gear + Electric_Motor,Multi-Head DL (TABNET),0.35,0.2363365800865801,0.7757142857142857
UOEMD,Diagnosis,Load_No_Load_Speed_15Hz,CWRU_12k + CWRU_48k + HUST + UORED + Mechanical_Gear + Electric_Motor,Multi-Head DL (TABNET),0.525,0.42271934243917003,0.9223214285714285
UOEMD,Diagnosis,Load_No_Load_Speed_15Hz,CWRU_12k + CWRU_48k + PU + UORED + Mechanical_Gear + Electric_Motor,Multi-Head DL (TABNET),0.5,0.375,0.8241071428571428
UOEMD,Diagnosis,Load_No_Load_Speed_15Hz,CWRU_12k + HUST_Gearbox + HUST + PU + UORED + Mechanical_Gear,Multi-Head DL (TABNET),0.4625,0.40175865800865795,0.9169642857142857
UOEMD,Diagnosis,Load_No_Load_Speed_15Hz,CWRU_12k + HUST_Gearbox + HUST + PU + UORED + Electric_Motor,Multi-Head DL (TABNET),0.5125,0.4928571428571428,0.8601785714285715
UOEMD,Diagnosis,Load_No_Load_Speed_15Hz,CWRU_12k + HUST_Gearbox + HUST + PU + Mechanical_Gear + Electric_Motor,Multi-Head DL (TABNET),0.275,0.23495138138601634,0.7655357142857143
UOEMD,Diagnosis,Load_No_Load_Speed_15Hz,CWRU_12k + HUST_Gearbox + HUST + UORED + Mechanical_Gear + Electric_Motor,Multi-Head DL (TABNET),0.45,0.35046028998996526,0.8751785714285714
UOEMD,Diagnosis,Load_No_Load_Speed_15Hz,CWRU_12k + HUST_Gearbox + PU + UORED + Mechanical_Gear + Electric_Motor,Multi-Head DL (TABNET),0.325,0.22486772486772486,0.916607142857143
UOEMD,Diagnosis,Load_No_Load_Speed_15Hz,CWRU_12k + HUST + PU + UORED + Mechanical_Gear + Electric_Motor,Multi-Head DL (TABNET),0.3,0.19642857142857142,0.8312499999999999
UOEMD,Diagnosis,Load_No_Load_Speed_15Hz,CWRU_48k + HUST_Gearbox + HUST + PU + UORED + Mechanical_Gear,Multi-Head DL (TABNET),0.2875,0.19172906964906755,0.8910714285714285
UOEMD,Diagnosis,Load_No_Load_Speed_15Hz,CWRU_48k + HUST_Gearbox + HUST + PU + UORED + Electric_Motor,Multi-Head DL (TABNET),0.5,0.35165847665847666,0.8523214285714287
UOEMD,Diagnosis,Load_No_Load_Speed_15Hz,CWRU_48k + HUST_Gearbox + HUST + PU + Mechanical_Gear + Electric_Motor,Multi-Head DL (TABNET),0.375,0.2583333333333333,0.8926785714285714
UOEMD,Diagnosis,Load_No_Load_Speed_15Hz,CWRU_48k + HUST_Gearbox + HUST + UORED + Mechanical_Gear + Electric_Motor,Multi-Head DL (TABNET),0.5125,0.48348072414286336,0.8771428571428572
UOEMD,Diagnosis,Load_No_Load_Speed_15Hz,CWRU_48k + HUST_Gearbox + PU + UORED + Mechanical_Gear + Electric_Motor,Multi-Head DL (TABNET),0.4875,0.3274410774410774,0.8982142857142857
UOEMD,Diagnosis,Load_No_Load_Speed_15Hz,CWRU_48k + HUST + PU + UORED + Mechanical_Gear + Electric_Motor,Multi-Head DL (TABNET),0.2375,0.17955018501387604,0.8003571428571428
UOEMD,Diagnosis,Load_No_Load_Speed_15Hz,HUST_Gearbox + HUST + PU + UORED + Mechanical_Gear + Electric_Motor,Multi-Head DL (TABNET),0.3,0.20572916666666666,0.7385714285714287
UOEMD,Diagnosis,Load_No_Load_Speed_15Hz,CWRU_12k + CWRU_48k + HUST_Gearbox + HUST + PU + UORED + Mechanical_Gear,Multi-Head DL (TABNET),0.475,0.37222222222222223,0.8166071428571429
UOEMD,Diagnosis,Load_No_Load_Speed_15Hz,CWRU_12k + CWRU_48k + HUST_Gearbox + HUST + PU + UORED + Electric_Motor,Multi-Head DL (TABNET),0.375,0.3448028123192597,0.8405357142857143
UOEMD,Diagnosis,Load_No_Load_Speed_15Hz,CWRU_12k + CWRU_48k + HUST_Gearbox + HUST + PU + Mechanical_Gear + Electric_Motor,Multi-Head DL (TABNET),0.4,0.2757087365408205,0.8894642857142857
UOEMD,Diagnosis,Load_No_Load_Speed_15Hz,CWRU_12k + CWRU_48k + HUST_Gearbox + HUST + UORED + Mechanical_Gear + Electric_Motor,Multi-Head DL (TABNET),0.575,0.49987974987974987,0.8273214285714285
UOEMD,Diagnosis,Load_No_Load_Speed_15Hz,CWRU_12k + CWRU_48k + HUST_Gearbox + PU + UORED + Mechanical_Gear + Electric_Motor,Multi-Head DL (TABNET),0.4375,0.33512464546947307,0.8930357142857144
UOEMD,Diagnosis,Load_No_Load_Speed_15Hz,CWRU_12k + CWRU_48k + HUST + PU + UORED + Mechanical_Gear + Electric_Motor,Multi-Head DL (TABNET),0.6,0.5258699633699634,0.8132142857142857
UOEMD,Diagnosis,Load_No_Load_Speed_15Hz,CWRU_12k + HUST_Gearbox + HUST + PU + UORED + Mechanical_Gear + Electric_Motor,Multi-Head DL (TABNET),0.3875,0.2343500797448166,0.8360714285714286
UOEMD,Diagnosis,Load_No_Load_Speed_15Hz,CWRU_48k + HUST_Gearbox + HUST + PU + UORED + Mechanical_Gear + Electric_Motor,Multi-Head DL (TABNET),0.45,0.3393895348837209,0.7776785714285714
UOEMD,Diagnosis,Load_No_Load_Speed_15Hz,CWRU_12k + CWRU_48k + HUST_Gearbox + HUST + PU + UORED + Mechanical_Gear + Electric_Motor,Multi-Head DL (TABNET),0.44999999999999996,0.33542471042471045,0.8025
UOEMD,Diagnosis,Load_No_Load_Speed_30Hz,CWRU_12k,Multi-Head DL (TABNET),0.6625,0.6040372670807453,0.9473214285714286
UOEMD,Diagnosis,Load_No_Load_Speed_30Hz,CWRU_48k,Multi-Head DL (TABNET),0.6125,0.612058993637941,0.9158928571428571
UOEMD,Diagnosis,Load_No_Load_Speed_30Hz,HUST_Gearbox,Multi-Head DL (TABNET),0.7625,0.7159776857602944,0.9523214285714285
UOEMD,Diagnosis,Load_No_Load_Speed_30Hz,HUST,Multi-Head DL (TABNET),0.65,0.6275063012867891,0.9367857142857143
UOEMD,Diagnosis,Load_No_Load_Speed_30Hz,PU,Multi-Head DL (TABNET),0.525,0.44847560975609757,0.9544642857142858
UOEMD,Diagnosis,Load_No_Load_Speed_30Hz,UORED,Multi-Head DL (TABNET),0.6125,0.5833333333333333,0.9148214285714286
UOEMD,Diagnosis,Load_No_Load_Speed_30Hz,Mechanical_Gear,Multi-Head DL (TABNET),0.8125,0.7627299331103679,0.9505357142857143
UOEMD,Diagnosis,Load_No_Load_Speed_30Hz,Electric_Motor,Multi-Head DL (TABNET),0.7875,0.7414437012263099,0.9441071428571429
UOEMD,Diagnosis,Load_No_Load_Speed_30Hz,CWRU_12k + CWRU_48k,Multi-Head DL (TABNET),0.6,0.5694444444444444,0.8789285714285715
UOEMD,Diagnosis,Load_No_Load_Speed_30Hz,CWRU_12k + HUST_Gearbox,Multi-Head DL (TABNET),0.525,0.45833333333333337,0.8980357142857143
UOEMD,Diagnosis,Load_No_Load_Speed_30Hz,CWRU_12k + HUST,Multi-Head DL (TABNET),0.6,0.5426587301587301,0.9026785714285714
UOEMD,Diagnosis,Load_No_Load_Speed_30Hz,CWRU_12k + PU,Multi-Head DL (TABNET),0.5,0.41770833333333335,0.8766071428571429
UOEMD,Diagnosis,Load_No_Load_Speed_30Hz,CWRU_12k + UORED,Multi-Head DL (TABNET),0.6125,0.5429467485919098,0.9348214285714286
UOEMD,Diagnosis,Load_No_Load_Speed_30Hz,CWRU_12k + Mechanical_Gear,Multi-Head DL (TABNET),0.7375,0.6718229686979686,0.9516071428571429
UOEMD,Diagnosis,Load_No_Load_Speed_30Hz,CWRU_12k + Electric_Motor,Multi-Head DL (TABNET),0.7375,0.7090017825311943,0.9464285714285714
UOEMD,Diagnosis,Load_No_Load_Speed_30Hz,CWRU_48k + HUST_Gearbox,Multi-Head DL (TABNET),0.6375,0.5438608820589705,0.9401785714285714
UOEMD,Diagnosis,Load_No_Load_Speed_30Hz,CWRU_48k + HUST,Multi-Head DL (TABNET),0.6375,0.5520206537648398,0.8857142857142858
UOEMD,Diagnosis,Load_No_Load_Speed_30Hz,CWRU_48k + PU,Multi-Head DL (TABNET),0.4875,0.4182769726247987,0.9005357142857143
UOEMD,Diagnosis,Load_No_Load_Speed_30Hz,CWRU_48k + UORED,Multi-Head DL (TABNET),0.6875,0.6862149859943978,0.9255357142857144
UOEMD,Diagnosis,Load_No_Load_Speed_30Hz,CWRU_48k + Mechanical_Gear,Multi-Head DL (TABNET),0.7,0.6477272727272727,0.90875
UOEMD,Diagnosis,Load_No_Load_Speed_30Hz,CWRU_48k + Electric_Motor,Multi-Head DL (TABNET),0.5875,0.5539772727272727,0.9448214285714286
UOEMD,Diagnosis,Load_No_Load_Speed_30Hz,HUST_Gearbox + HUST,Multi-Head DL (TABNET),0.6625,0.6201923076923077,0.9267857142857142
UOEMD,Diagnosis,Load_No_Load_Speed_30Hz,HUST_Gearbox + PU,Multi-Head DL (TABNET),0.5125,0.423036733381561,0.9546428571428571
UOEMD,Diagnosis,Load_No_Load_Speed_30Hz,HUST_Gearbox + UORED,Multi-Head DL (TABNET),0.6875,0.6005434782608696,0.9528571428571428
UOEMD,Diagnosis,Load_No_Load_Speed_30Hz,HUST_Gearbox + Mechanical_Gear,Multi-Head DL (TABNET),0.65,0.5654579086974731,0.9458928571428572
UOEMD,Diagnosis,Load_No_Load_Speed_30Hz,HUST_Gearbox + Electric_Motor,Multi-Head DL (TABNET),0.55,0.5163643827436931,0.9237500000000001
UOEMD,Diagnosis,Load_No_Load_Speed_30Hz,HUST + PU,Multi-Head DL (TABNET),0.5875,0.4933862433862434,0.9348214285714286
UOEMD,Diagnosis,Load_No_Load_Speed_30Hz,HUST + UORED,Multi-Head DL (TABNET),0.625,0.5418351870576339,0.9460714285714286
UOEMD,Diagnosis,Load_No_Load_Speed_30Hz,HUST + Mechanical_Gear,Multi-Head DL (TABNET),0.625,0.5390785201640464,0.9353571428571428
UOEMD,Diagnosis,Load_No_Load_Speed_30Hz,HUST + Electric_Motor,Multi-Head DL (TABNET),0.625,0.5446712619300106,0.9441071428571428
UOEMD,Diagnosis,Load_No_Load_Speed_30Hz,PU + UORED,Multi-Head DL (TABNET),0.4625,0.366198752228164,0.9248214285714286
UOEMD,Diagnosis,Load_No_Load_Speed_30Hz,PU + Mechanical_Gear,Multi-Head DL (TABNET),0.5125,0.44874768089053807,0.9064285714285714
UOEMD,Diagnosis,Load_No_Load_Speed_30Hz,PU + Electric_Motor,Multi-Head DL (TABNET),0.625,0.5993799229093346,0.9258928571428572
UOEMD,Diagnosis,Load_No_Load_Speed_30Hz,UORED + Mechanical_Gear,Multi-Head DL (TABNET),0.6375,0.5739904924687533,0.9658928571428571
UOEMD,Diagnosis,Load_No_Load_Speed_30Hz,UORED + Electric_Motor,Multi-Head DL (TABNET),0.625,0.5625051759834369,0.9344642857142857
UOEMD,Diagnosis,Load_No_Load_Speed_30Hz,Mechanical_Gear + Electric_Motor,Multi-Head DL (TABNET),0.6375,0.6006216006216006,0.9391071428571429
UOEMD,Diagnosis,Load_No_Load_Speed_30Hz,CWRU_12k + CWRU_48k + HUST_Gearbox,Multi-Head DL (TABNET),0.6375,0.5666208791208791,0.9151785714285714
UOEMD,Diagnosis,Load_No_Load_Speed_30Hz,CWRU_12k + CWRU_48k + HUST,Multi-Head DL (TABNET),0.575,0.5713477698771816,0.89375
UOEMD,Diagnosis,Load_No_Load_Speed_30Hz,CWRU_12k + CWRU_48k + PU,Multi-Head DL (TABNET),0.5875,0.5934537684537684,0.9291071428571429
UOEMD,Diagnosis,Load_No_Load_Speed_30Hz,CWRU_12k + CWRU_48k + UORED,Multi-Head DL (TABNET),0.65,0.6488742236024845,0.9333928571428571
UOEMD,Diagnosis,Load_No_Load_Speed_30Hz,CWRU_12k + CWRU_48k + Mechanical_Gear,Multi-Head DL (TABNET),0.6,0.5225694444444444,0.9341071428571428
UOEMD,Diagnosis,Load_No_Load_Speed_30Hz,CWRU_12k + CWRU_48k + Electric_Motor,Multi-Head DL (TABNET),0.7,0.64494851994852,0.9446428571428571
UOEMD,Diagnosis,Load_No_Load_Speed_30Hz,CWRU_12k + HUST_Gearbox + HUST,Multi-Head DL (TABNET),0.6625,0.5809909388856758,0.895357142857143
UOEMD,Diagnosis,Load_No_Load_Speed_30Hz,CWRU_12k + HUST_Gearbox + PU,Multi-Head DL (TABNET),0.6,0.514021164021164,0.9360714285714287
UOEMD,Diagnosis,Load_No_Load_Speed_30Hz,CWRU_12k + HUST_Gearbox + UORED,Multi-Head DL (TABNET),0.6875,0.6243131868131868,0.9171428571428571
UOEMD,Diagnosis,Load_No_Load_Speed_30Hz,CWRU_12k + HUST_Gearbox + Mechanical_Gear,Multi-Head DL (TABNET),0.5625,0.5113247863247863,0.9375
UOEMD,Diagnosis,Load_No_Load_Speed_30Hz,CWRU_12k + HUST_Gearbox + Electric_Motor,Multi-Head DL (TABNET),0.6,0.5317982456140351,0.8873214285714286
UOEMD,Diagnosis,Load_No_Load_Speed_30Hz,CWRU_12k + HUST + PU,Multi-Head DL (TABNET),0.55,0.45032051282051283,0.9337500000000001
UOEMD,Diagnosis,Load_No_Load_Speed_30Hz,CWRU_12k + HUST + UORED,Multi-Head DL (TABNET),0.6625,0.5963203463203464,0.9228571428571428
UOEMD,Diagnosis,Load_No_Load_Speed_30Hz,CWRU_12k + HUST + Mechanical_Gear,Multi-Head DL (TABNET),0.6125,0.5575643654591023,0.9480357142857143
UOEMD,Diagnosis,Load_No_Load_Speed_30Hz,CWRU_12k + HUST + Electric_Motor,Multi-Head DL (TABNET),0.6625,0.6589995333529817,0.9425
UOEMD,Diagnosis,Load_No_Load_Speed_30Hz,CWRU_12k + PU + UORED,Multi-Head DL (TABNET),0.525,0.4673266045548654,0.9025000000000001
UOEMD,Diagnosis,Load_No_Load_Speed_30Hz,CWRU_12k + PU + Mechanical_Gear,Multi-Head DL (TABNET),0.625,0.5069444444444444,0.9273214285714286
UOEMD,Diagnosis,Load_No_Load_Speed_30Hz,CWRU_12k + PU + Electric_Motor,Multi-Head DL (TABNET),0.5,0.39476495726495725,0.9303571428571429
UOEMD,Diagnosis,Load_No_Load_Speed_30Hz,CWRU_12k + UORED + Mechanical_Gear,Multi-Head DL (TABNET),0.65,0.5625079063883618,0.9360714285714287
UOEMD,Diagnosis,Load_No_Load_Speed_30Hz,CWRU_12k + UORED + Electric_Motor,Multi-Head DL (TABNET),0.675,0.5961538461538463,0.9292857142857143
UOEMD,Diagnosis,Load_No_Load_Speed_30Hz,CWRU_12k + Mechanical_Gear + Electric_Motor,Multi-Head DL (TABNET),0.625,0.5836355919123322,0.9173214285714286
UOEMD,Diagnosis,Load_No_Load_Speed_30Hz,CWRU_48k + HUST_Gearbox + HUST,Multi-Head DL (TABNET),0.625,0.5208333333333333,0.9255357142857144
UOEMD,Diagnosis,Load_No_Load_Speed_30Hz,CWRU_48k + HUST_Gearbox + PU,Multi-Head DL (TABNET),0.6125,0.5291269507522661,0.9421428571428572
UOEMD,Diagnosis,Load_No_Load_Speed_30Hz,CWRU_48k + HUST_Gearbox + UORED,Multi-Head DL (TABNET),0.7000000000000001,0.6885964912280702,0.9428571428571428
UOEMD,Diagnosis,Load_No_Load_Speed_30Hz,CWRU_48k + HUST_Gearbox + Mechanical_Gear,Multi-Head DL (TABNET),0.6125,0.5496119733924612,0.9282142857142857
UOEMD,Diagnosis,Load_No_Load_Speed_30Hz,CWRU_48k + HUST_Gearbox + Electric_Motor,Multi-Head DL (TABNET),0.55,0.5088383838383839,0.9366071428571429
UOEMD,Diagnosis,Load_No_Load_Speed_30Hz,CWRU_48k + HUST + PU,Multi-Head DL (TABNET),0.6,0.5526315789473684,0.8839285714285714
UOEMD,Diagnosis,Load_No_Load_Speed_30Hz,CWRU_48k + HUST + UORED,Multi-Head DL (TABNET),0.6375,0.5908924258109041,0.9260714285714287
UOEMD,Diagnosis,Load_No_Load_Speed_30Hz,CWRU_48k + HUST + Mechanical_Gear,Multi-Head DL (TABNET),0.6125,0.5327893975991802,0.92625
UOEMD,Diagnosis,Load_No_Load_Speed_30Hz,CWRU_48k + HUST + Electric_Motor,Multi-Head DL (TABNET),0.625,0.5759185551290815,0.9444642857142858
UOEMD,Diagnosis,Load_No_Load_Speed_30Hz,CWRU_48k + PU + UORED,Multi-Head DL (TABNET),0.5,0.3929738562091504,0.8864285714285715
UOEMD,Diagnosis,Load_No_Load_Speed_30Hz,CWRU_48k + PU + Mechanical_Gear,Multi-Head DL (TABNET),0.6125,0.506078691423519,0.9360714285714287
UOEMD,Diagnosis,Load_No_Load_Speed_30Hz,CWRU_48k + PU + Electric_Motor,Multi-Head DL (TABNET),0.5,0.41666666666666663,0.9466071428571428
UOEMD,Diagnosis,Load_No_Load_Speed_30Hz,CWRU_48k + UORED + Mechanical_Gear,Multi-Head DL (TABNET),0.7125,0.6370320855614973,0.9651785714285714
UOEMD,Diagnosis,Load_No_Load_Speed_30Hz,CWRU_48k + UORED + Electric_Motor,Multi-Head DL (TABNET),0.65,0.5638528138528138,0.95
UOEMD,Diagnosis,Load_No_Load_Speed_30Hz,CWRU_48k + Mechanical_Gear + Electric_Motor,Multi-Head DL (TABNET),0.6375,0.5921717171717171,0.9423214285714285
UOEMD,Diagnosis,Load_No_Load_Speed_30Hz,HUST_Gearbox + HUST + PU,Multi-Head DL (TABNET),0.5125,0.41871248719074805,0.9333928571428571
UOEMD,Diagnosis,Load_No_Load_Speed_30Hz,HUST_Gearbox + HUST + UORED,Multi-Head DL (TABNET),0.6,0.5109649122807017,0.9041071428571428
UOEMD,Diagnosis,Load_No_Load_Speed_30Hz,HUST_Gearbox + HUST + Mechanical_Gear,Multi-Head DL (TABNET),0.675,0.6368248954619431,0.9603571428571429
UOEMD,Diagnosis,Load_No_Load_Speed_30Hz,HUST_Gearbox + HUST + Electric_Motor,Multi-Head DL (TABNET),0.65,0.6302472037766155,0.9351785714285714
UOEMD,Diagnosis,Load_No_Load_Speed_30Hz,HUST_Gearbox + PU + UORED,Multi-Head DL (TABNET),0.4,0.3271825396825397,0.8953571428571429
UOEMD,Diagnosis,Load_No_Load_Speed_30Hz,HUST_Gearbox + PU + Mechanical_Gear,Multi-Head DL (TABNET),0.5,0.3958333333333333,0.9060714285714285
UOEMD,Diagnosis,Load_No_Load_Speed_30Hz,HUST_Gearbox + PU + Electric_Motor,Multi-Head DL (TABNET),0.625,0.5208333333333333,0.9708928571428571
UOEMD,Diagnosis,Load_No_Load_Speed_30Hz,HUST_Gearbox + UORED + Mechanical_Gear,Multi-Head DL (TABNET),0.6375,0.5740705373058315,0.9444642857142858
UOEMD,Diagnosis,Load_No_Load_Speed_30Hz,HUST_Gearbox + UORED + Electric_Motor,Multi-Head DL (TABNET),0.625,0.6007034632034631,0.9130357142857143
UOEMD,Diagnosis,Load_No_Load_Speed_30Hz,HUST_Gearbox + Mechanical_Gear + Electric_Motor,Multi-Head DL (TABNET),0.625,0.5783199643493762,0.9478571428571428
UOEMD,Diagnosis,Load_No_Load_Speed_30Hz,HUST + PU + UORED,Multi-Head DL (TABNET),0.55,0.4873949579831933,0.9325
UOEMD,Diagnosis,Load_No_Load_Speed_30Hz,HUST + PU + Mechanical_Gear,Multi-Head DL (TABNET),0.6,0.5185185185185185,0.8876785714285714
UOEMD,Diagnosis,Load_No_Load_Speed_30Hz,HUST + PU + Electric_Motor,Multi-Head DL (TABNET),0.6375,0.5279720279720279,0.9496428571428572
UOEMD,Diagnosis,Load_No_Load_Speed_30Hz,HUST + UORED + Mechanical_Gear,Multi-Head DL (TABNET),0.75,0.6828149920255183,0.9541071428571428
UOEMD,Diagnosis,Load_No_Load_Speed_30Hz,HUST + UORED + Electric_Motor,Multi-Head DL (TABNET),0.6875,0.6413324420677362,0.9517857142857142
UOEMD,Diagnosis,Load_No_Load_Speed_30Hz,HUST + Mechanical_Gear + Electric_Motor,Multi-Head DL (TABNET),0.6375,0.5451631701631701,0.9566071428571429
UOEMD,Diagnosis,Load_No_Load_Speed_30Hz,PU + UORED + Mechanical_Gear,Multi-Head DL (TABNET),0.7,0.6289700544464609,0.875
UOEMD,Diagnosis,Load_No_Load_Speed_30Hz,PU + UORED + Electric_Motor,Multi-Head DL (TABNET),0.5125,0.42752849002849,0.9442857142857143
UOEMD,Diagnosis,Load_No_Load_Speed_30Hz,PU + Mechanical_Gear + Electric_Motor,Multi-Head DL (TABNET),0.5375,0.45312418978480684,0.9226785714285713
UOEMD,Diagnosis,Load_No_Load_Speed_30Hz,UORED + Mechanical_Gear + Electric_Motor,Multi-Head DL (TABNET),0.6875,0.6122159090909091,0.9751785714285715
UOEMD,Diagnosis,Load_No_Load_Speed_30Hz,CWRU_12k + CWRU_48k + HUST_Gearbox + HUST,Multi-Head DL (TABNET),0.65,0.5892857142857143,0.9008928571428572
UOEMD,Diagnosis,Load_No_Load_Speed_30Hz,CWRU_12k + CWRU_48k + HUST_Gearbox + PU,Multi-Head DL (TABNET),0.48750000000000004,0.4576923076923077,0.8853571428571428
UOEMD,Diagnosis,Load_No_Load_Speed_30Hz,CWRU_12k + CWRU_48k + HUST_Gearbox + UORED,Multi-Head DL (TABNET),0.5,0.41025641025641024,0.9051785714285715
UOEMD,Diagnosis,Load_No_Load_Speed_30Hz,CWRU_12k + CWRU_48k + HUST_Gearbox + Mechanical_Gear,Multi-Head DL (TABNET),0.5375,0.48690254293702573,0.8691071428571429
UOEMD,Diagnosis,Load_No_Load_Speed_30Hz,CWRU_12k + CWRU_48k + HUST_Gearbox + Electric_Motor,Multi-Head DL (TABNET),0.625,0.581689956902181,0.8707142857142858
UOEMD,Diagnosis,Load_No_Load_Speed_30Hz,CWRU_12k + CWRU_48k + HUST + PU,Multi-Head DL (TABNET),0.5375,0.4379719793322735,0.9291071428571429
UOEMD,Diagnosis,Load_No_Load_Speed_30Hz,CWRU_12k + CWRU_48k + HUST + UORED,Multi-Head DL (TABNET),0.625,0.5221825063078217,0.9214285714285714
UOEMD,Diagnosis,Load_No_Load_Speed_30Hz,CWRU_12k + CWRU_48k + HUST + Mechanical_Gear,Multi-Head DL (TABNET),0.525,0.4332788671023965,0.9185714285714286
UOEMD,Diagnosis,Load_No_Load_Speed_30Hz,CWRU_12k + CWRU_48k + HUST + Electric_Motor,Multi-Head DL (TABNET),0.5875,0.5552738336713996,0.8910714285714285
UOEMD,Diagnosis,Load_No_Load_Speed_30Hz,CWRU_12k + CWRU_48k + PU + UORED,Multi-Head DL (TABNET),0.75,0.6875,0.9269642857142857
UOEMD,Diagnosis,Load_No_Load_Speed_30Hz,CWRU_12k + CWRU_48k + PU + Mechanical_Gear,Multi-Head DL (TABNET),0.5125,0.457312091503268,0.9001785714285715
UOEMD,Diagnosis,Load_No_Load_Speed_30Hz,CWRU_12k + CWRU_48k + PU + Electric_Motor,Multi-Head DL (TABNET),0.625,0.55,0.88375
UOEMD,Diagnosis,Load_No_Load_Speed_30Hz,CWRU_12k + CWRU_48k + UORED + Mechanical_Gear,Multi-Head DL (TABNET),0.6000000000000001,0.5374649859943977,0.9391071428571429
UOEMD,Diagnosis,Load_No_Load_Speed_30Hz,CWRU_12k + CWRU_48k + UORED + Electric_Motor,Multi-Head DL (TABNET),0.575,0.5490708478513356,0.9351785714285714
UOEMD,Diagnosis,Load_No_Load_Speed_30Hz,CWRU_12k + CWRU_48k + Mechanical_Gear + Electric_Motor,Multi-Head DL (TABNET),0.6125,0.5448402948402948,0.9467857142857143
UOEMD,Diagnosis,Load_No_Load_Speed_30Hz,CWRU_12k + HUST_Gearbox + HUST + PU,Multi-Head DL (TABNET),0.375,0.24007314524555903,0.9205357142857142
UOEMD,Diagnosis,Load_No_Load_Speed_30Hz,CWRU_12k + HUST_Gearbox + HUST + UORED,Multi-Head DL (TABNET),0.725,0.688695652173913,0.95
UOEMD,Diagnosis,Load_No_Load_Speed_30Hz,CWRU_12k + HUST_Gearbox + HUST + Mechanical_Gear,Multi-Head DL (TABNET),0.625,0.5414614121510672,0.8832142857142857
UOEMD,Diagnosis,Load_No_Load_Speed_30Hz,CWRU_12k + HUST_Gearbox + HUST + Electric_Motor,Multi-Head DL (TABNET),0.6125,0.5568751424014582,0.9158928571428571
UOEMD,Diagnosis,Load_No_Load_Speed_30Hz,CWRU_12k + HUST_Gearbox + PU + UORED,Multi-Head DL (TABNET),0.4375,0.3757062146892655,0.8969642857142857
UOEMD,Diagnosis,Load_No_Load_Speed_30Hz,CWRU_12k + HUST_Gearbox + PU + Mechanical_Gear,Multi-Head DL (TABNET),0.5125,0.48167335115864524,0.9121428571428571
UOEMD,Diagnosis,Load_No_Load_Speed_30Hz,CWRU_12k + HUST_Gearbox + PU + Electric_Motor,Multi-Head DL (TABNET),0.6125,0.5434210526315789,0.9478571428571428
UOEMD,Diagnosis,Load_No_Load_Speed_30Hz,CWRU_12k + HUST_Gearbox + UORED + Mechanical_Gear,Multi-Head DL (TABNET),0.675,0.6168831168831168,0.92375
UOEMD,Diagnosis,Load_No_Load_Speed_30Hz,CWRU_12k + HUST_Gearbox + UORED + Electric_Motor,Multi-Head DL (TABNET),0.65,0.568712072535161,0.9316071428571429
UOEMD,Diagnosis,Load_No_Load_Speed_30Hz,CWRU_12k + HUST_Gearbox + Mechanical_Gear + Electric_Motor,Multi-Head DL (TABNET),0.625,0.5411220043572985,0.9257142857142857
UOEMD,Diagnosis,Load_No_Load_Speed_30Hz,CWRU_12k + HUST + PU + UORED,Multi-Head DL (TABNET),0.6125,0.5479667979667979,0.9746428571428571
UOEMD,Diagnosis,Load_No_Load_Speed_30Hz,CWRU_12k + HUST + PU + Mechanical_Gear,Multi-Head DL (TABNET),0.65,0.6206140350877193,0.9601785714285715
UOEMD,Diagnosis,Load_No_Load_Speed_30Hz,CWRU_12k + HUST + PU + Electric_Motor,Multi-Head DL (TABNET),0.5,0.42300724637681164,0.9242857142857143
UOEMD,Diagnosis,Load_No_Load_Speed_30Hz,CWRU_12k + HUST + UORED + Mechanical_Gear,Multi-Head DL (TABNET),0.6,0.5054112554112554,0.9223214285714286
UOEMD,Diagnosis,Load_No_Load_Speed_30Hz,CWRU_12k + HUST + UORED + Electric_Motor,Multi-Head DL (TABNET),0.625,0.5503205128205129,0.9210714285714285
UOEMD,Diagnosis,Load_No_Load_Speed_30Hz,CWRU_12k + HUST + Mechanical_Gear + Electric_Motor,Multi-Head DL (TABNET),0.65,0.5620129870129871,0.9492857142857143
UOEMD,Diagnosis,Load_No_Load_Speed_30Hz,CWRU_12k + PU + UORED + Mechanical_Gear,Multi-Head DL (TABNET),0.3875,0.3220862470862471,0.8951785714285715
UOEMD,Diagnosis,Load_No_Load_Speed_30Hz,CWRU_12k + PU + UORED + Electric_Motor,Multi-Head DL (TABNET),0.625,0.5068532818532818,0.9433928571428571
UOEMD,Diagnosis,Load_No_Load_Speed_30Hz,CWRU_12k + PU + Mechanical_Gear + Electric_Motor,Multi-Head DL (TABNET),0.5,0.34775641025641024,0.9346428571428571
UOEMD,Diagnosis,Load_No_Load_Speed_30Hz,CWRU_12k + UORED + Mechanical_Gear + Electric_Motor,Multi-Head DL (TABNET),0.6875,0.61816534914361,0.9271428571428572
UOEMD,Diagnosis,Load_No_Load_Speed_30Hz,CWRU_48k + HUST_Gearbox + HUST + PU,Multi-Head DL (TABNET),0.5375,0.4608954451345756,0.9230357142857143
UOEMD,Diagnosis,Load_No_Load_Speed_30Hz,CWRU_48k + HUST_Gearbox + HUST + UORED,Multi-Head DL (TABNET),0.7,0.6174825174825176,0.9441071428571429
UOEMD,Diagnosis,Load_No_Load_Speed_30Hz,CWRU_48k + HUST_Gearbox + HUST + Mechanical_Gear,Multi-Head DL (TABNET),0.6000000000000001,0.5329861111111112,0.9430357142857143
UOEMD,Diagnosis,Load_No_Load_Speed_30Hz,CWRU_48k + HUST_Gearbox + HUST + Electric_Motor,Multi-Head DL (TABNET),0.5,0.44480519480519476,0.9280357142857143
UOEMD,Diagnosis,Load_No_Load_Speed_30Hz,CWRU_48k + HUST_Gearbox + PU + UORED,Multi-Head DL (TABNET),0.625,0.5521978021978022,0.9585714285714285
UOEMD,Diagnosis,Load_No_Load_Speed_30Hz,CWRU_48k + HUST_Gearbox + PU + Mechanical_Gear,Multi-Head DL (TABNET),0.625,0.5237068965517242,0.9014285714285715
UOEMD,Diagnosis,Load_No_Load_Speed_30Hz,CWRU_48k + HUST_Gearbox + PU + Electric_Motor,Multi-Head DL (TABNET),0.4,0.359375,0.9155357142857143
UOEMD,Diagnosis,Load_No_Load_Speed_30Hz,CWRU_48k + HUST_Gearbox + UORED + Mechanical_Gear,Multi-Head DL (TABNET),0.65,0.5948581560283688,0.9448214285714286
UOEMD,Diagnosis,Load_No_Load_Speed_30Hz,CWRU_48k + HUST_Gearbox + UORED + Electric_Motor,Multi-Head DL (TABNET),0.6499999999999999,0.6323494259363824,0.9303571428571429
UOEMD,Diagnosis,Load_No_Load_Speed_30Hz,CWRU_48k + HUST_Gearbox + Mechanical_Gear + Electric_Motor,Multi-Head DL (TABNET),0.6125,0.610688025210084,0.9183928571428572
UOEMD,Diagnosis,Load_No_Load_Speed_30Hz,CWRU_48k + HUST + PU + UORED,Multi-Head DL (TABNET),0.575,0.47016016016016016,0.9310714285714285
UOEMD,Diagnosis,Load_No_Load_Speed_30Hz,CWRU_48k + HUST + PU + Mechanical_Gear,Multi-Head DL (TABNET),0.5125,0.40545576735092864,0.8898214285714285
UOEMD,Diagnosis,Load_No_Load_Speed_30Hz,CWRU_48k + HUST + PU + Electric_Motor,Multi-Head DL (TABNET),0.375,0.30319148936170215,0.8678571428571429
UOEMD,Diagnosis,Load_No_Load_Speed_30Hz,CWRU_48k + HUST + UORED + Mechanical_Gear,Multi-Head DL (TABNET),0.7125,0.6976652298850574,0.9369642857142857
UOEMD,Diagnosis,Load_No_Load_Speed_30Hz,CWRU_48k + HUST + UORED + Electric_Motor,Multi-Head DL (TABNET),0.725,0.7123015873015872,0.9548214285714286
UOEMD,Diagnosis,Load_No_Load_Speed_30Hz,CWRU_48k + HUST + Mechanical_Gear + Electric_Motor,Multi-Head DL (TABNET),0.65,0.6166722645170921,0.9314285714285714
UOEMD,Diagnosis,Load_No_Load_Speed_30Hz,CWRU_48k + PU + UORED + Mechanical_Gear,Multi-Head DL (TABNET),0.5,0.4135878489326765,0.9278571428571429
UOEMD,Diagnosis,Load_No_Load_Speed_30Hz,CWRU_48k + PU + UORED + Electric_Motor,Multi-Head DL (TABNET),0.625,0.5189144736842105,0.9598214285714286
UOEMD,Diagnosis,Load_No_Load_Speed_30Hz,CWRU_48k + PU + Mechanical_Gear + Electric_Motor,Multi-Head DL (TABNET),0.625,0.5402462121212122,0.9416071428571429
UOEMD,Diagnosis,Load_No_Load_Speed_30Hz,CWRU_48k + UORED + Mechanical_Gear + Electric_Motor,Multi-Head DL (TABNET),0.6375,0.5612961225766104,0.9141071428571429
UOEMD,Diagnosis,Load_No_Load_Speed_30Hz,HUST_Gearbox + HUST + PU + UORED,Multi-Head DL (TABNET),0.5375000000000001,0.4479949874686716,0.9314285714285715
UOEMD,Diagnosis,Load_No_Load_Speed_30Hz,HUST_Gearbox + HUST + PU + Mechanical_Gear,Multi-Head DL (TABNET),0.675,0.6107628004179728,0.9067857142857143
UOEMD,Diagnosis,Load_No_Load_Speed_30Hz,HUST_Gearbox + HUST + PU + Electric_Motor,Multi-Head DL (TABNET),0.525,0.44463869463869465,0.9025000000000001
UOEMD,Diagnosis,Load_No_Load_Speed_30Hz,HUST_Gearbox + HUST + UORED + Mechanical_Gear,Multi-Head DL (TABNET),0.5625,0.5531609195402298,0.9301785714285715
UOEMD,Diagnosis,Load_No_Load_Speed_30Hz,HUST_Gearbox + HUST + UORED + Electric_Motor,Multi-Head DL (TABNET),0.7,0.6505447755447755,0.9553571428571428
UOEMD,Diagnosis,Load_No_Load_Speed_30Hz,HUST_Gearbox + HUST + Mechanical_Gear + Electric_Motor,Multi-Head DL (TABNET),0.7375,0.680921052631579,0.9669642857142857
UOEMD,Diagnosis,Load_No_Load_Speed_30Hz,HUST_Gearbox + PU + UORED + Mechanical_Gear,Multi-Head DL (TABNET),0.425,0.3593073593073593,0.9612499999999999
UOEMD,Diagnosis,Load_No_Load_Speed_30Hz,HUST_Gearbox + PU + UORED + Electric_Motor,Multi-Head DL (TABNET),0.625,0.5334415584415584,0.9155357142857143
UOEMD,Diagnosis,Load_No_Load_Speed_30Hz,HUST_Gearbox + PU + Mechanical_Gear + Electric_Motor,Multi-Head DL (TABNET),0.625,0.5030165912518854,0.9442857142857143
UOEMD,Diagnosis,Load_No_Load_Speed_30Hz,HUST_Gearbox + UORED + Mechanical_Gear + Electric_Motor,Multi-Head DL (TABNET),0.6875,0.6371503496503497,0.9444642857142858
UOEMD,Diagnosis,Load_No_Load_Speed_30Hz,HUST + PU + UORED + Mechanical_Gear,Multi-Head DL (TABNET),0.525,0.4454365079365079,0.9310714285714285
UOEMD,Diagnosis,Load_No_Load_Speed_30Hz,HUST + PU + UORED + Electric_Motor,Multi-Head DL (TABNET),0.6125,0.5075355678803954,0.9375
UOEMD,Diagnosis,Load_No_Load_Speed_30Hz,HUST + PU + Mechanical_Gear + Electric_Motor,Multi-Head DL (TABNET),0.475,0.40403469079939663,0.8491071428571428
UOEMD,Diagnosis,Load_No_Load_Speed_30Hz,HUST + UORED + Mechanical_Gear + Electric_Motor,Multi-Head DL (TABNET),0.6125,0.5266025641025641,0.9360714285714286
UOEMD,Diagnosis,Load_No_Load_Speed_30Hz,PU + UORED + Mechanical_Gear + Electric_Motor,Multi-Head DL (TABNET),0.5125,0.42765151515151517,0.9626785714285715
UOEMD,Diagnosis,Load_No_Load_Speed_30Hz,CWRU_12k + CWRU_48k + HUST_Gearbox + HUST + PU,Multi-Head DL (TABNET),0.39999999999999997,0.35331335331335334,0.875
UOEMD,Diagnosis,Load_No_Load_Speed_30Hz,CWRU_12k + CWRU_48k + HUST_Gearbox + HUST + UORED,Multi-Head DL (TABNET),0.525,0.4267676767676768,0.9017857142857142
UOEMD,Diagnosis,Load_No_Load_Speed_30Hz,CWRU_12k + CWRU_48k + HUST_Gearbox + HUST + Mechanical_Gear,Multi-Head DL (TABNET),0.5125,0.45666666666666667,0.8869642857142856
UOEMD,Diagnosis,Load_No_Load_Speed_30Hz,CWRU_12k + CWRU_48k + HUST_Gearbox + HUST + Electric_Motor,Multi-Head DL (TABNET),0.6,0.49893162393162394,0.9278571428571428
UOEMD,Diagnosis,Load_No_Load_Speed_30Hz,CWRU_12k + CWRU_48k + HUST_Gearbox + PU + UORED,Multi-Head DL (TABNET),0.6,0.5004581042811926,0.87875
UOEMD,Diagnosis,Load_No_Load_Speed_30Hz,CWRU_12k + CWRU_48k + HUST_Gearbox + PU + Mechanical_Gear,Multi-Head DL (TABNET),0.625,0.5373977873977873,0.9257142857142857
UOEMD,Diagnosis,Load_No_Load_Speed_30Hz,CWRU_12k + CWRU_48k + HUST_Gearbox + PU + Electric_Motor,Multi-Head DL (TABNET),0.5375,0.4320812289562289,0.9555357142857144
UOEMD,Diagnosis,Load_No_Load_Speed_30Hz,CWRU_12k + CWRU_48k + HUST_Gearbox + UORED + Mechanical_Gear,Multi-Head DL (TABNET),0.625,0.5368741175192788,0.9276785714285714
UOEMD,Diagnosis,Load_No_Load_Speed_30Hz,CWRU_12k + CWRU_48k + HUST_Gearbox + UORED + Electric_Motor,Multi-Head DL (TABNET),0.5625,0.5192119376901986,0.9008928571428572
UOEMD,Diagnosis,Load_No_Load_Speed_30Hz,CWRU_12k + CWRU_48k + HUST_Gearbox + Mechanical_Gear + Electric_Motor,Multi-Head DL (TABNET),0.6125,0.5618951612903226,0.8976785714285714
UOEMD,Diagnosis,Load_No_Load_Speed_30Hz,CWRU_12k + CWRU_48k + HUST + PU + UORED,Multi-Head DL (TABNET),0.425,0.31671608270607154,0.9164285714285714
UOEMD,Diagnosis,Load_No_Load_Speed_30Hz,CWRU_12k + CWRU_48k + HUST + PU + Mechanical_Gear,Multi-Head DL (TABNET),0.5125,0.4856986250464511,0.9108928571428572
UOEMD,Diagnosis,Load_No_Load_Speed_30Hz,CWRU_12k + CWRU_48k + HUST + PU + Electric_Motor,Multi-Head DL (TABNET),0.575,0.4772727272727273,0.9321428571428572
UOEMD,Diagnosis,Load_No_Load_Speed_30Hz,CWRU_12k + CWRU_48k + HUST + UORED + Mechanical_Gear,Multi-Head DL (TABNET),0.7375,0.7116402116402116,0.9553571428571428
UOEMD,Diagnosis,Load_No_Load_Speed_30Hz,CWRU_12k + CWRU_48k + HUST + UORED + Electric_Motor,Multi-Head DL (TABNET),0.6125,0.5445574162679425,0.8941071428571429
UOEMD,Diagnosis,Load_No_Load_Speed_30Hz,CWRU_12k + CWRU_48k + HUST + Mechanical_Gear + Electric_Motor,Multi-Head DL (TABNET),0.65,0.5684523809523809,0.9301785714285715
UOEMD,Diagnosis,Load_No_Load_Speed_30Hz,CWRU_12k + CWRU_48k + PU + UORED + Mechanical_Gear,Multi-Head DL (TABNET),0.5125,0.4302232854864434,0.9246428571428571
UOEMD,Diagnosis,Load_No_Load_Speed_30Hz,CWRU_12k + CWRU_48k + PU + UORED + Electric_Motor,Multi-Head DL (TABNET),0.6000000000000001,0.5304950537527264,0.8766071428571429
UOEMD,Diagnosis,Load_No_Load_Speed_30Hz,CWRU_12k + CWRU_48k + PU + Mechanical_Gear + Electric_Motor,Multi-Head DL (TABNET),0.525,0.45211182495665253,0.9033928571428571
UOEMD,Diagnosis,Load_No_Load_Speed_30Hz,CWRU_12k + CWRU_48k + UORED + Mechanical_Gear + Electric_Motor,Multi-Head DL (TABNET),0.575,0.5012626262626263,0.9416071428571429
UOEMD,Diagnosis,Load_No_Load_Speed_30Hz,CWRU_12k + HUST_Gearbox + HUST + PU + UORED,Multi-Head DL (TABNET),0.425,0.34523809523809523,0.8925000000000001
UOEMD,Diagnosis,Load_No_Load_Speed_30Hz,CWRU_12k + HUST_Gearbox + HUST + PU + Mechanical_Gear,Multi-Head DL (TABNET),0.6125,0.5193325193325193,0.9117857142857143
UOEMD,Diagnosis,Load_No_Load_Speed_30Hz,CWRU_12k + HUST_Gearbox + HUST + PU + Electric_Motor,Multi-Head DL (TABNET),0.6875,0.6114438071674915,0.9242857142857143
UOEMD,Diagnosis,Load_No_Load_Speed_30Hz,CWRU_12k + HUST_Gearbox + HUST + UORED + Mechanical_Gear,Multi-Head DL (TABNET),0.625,0.5016835016835017,0.9019642857142858
UOEMD,Diagnosis,Load_No_Load_Speed_30Hz,CWRU_12k + HUST_Gearbox + HUST + UORED + Electric_Motor,Multi-Head DL (TABNET),0.6375,0.5355974979562143,0.9498214285714286
UOEMD,Diagnosis,Load_No_Load_Speed_30Hz,CWRU_12k + HUST_Gearbox + HUST + Mechanical_Gear + Electric_Motor,Multi-Head DL (TABNET),0.6,0.5300269831519832,0.9333928571428571
UOEMD,Diagnosis,Load_No_Load_Speed_30Hz,CWRU_12k + HUST_Gearbox + PU + UORED + Mechanical_Gear,Multi-Head DL (TABNET),0.6375,0.6211980048936571,0.9675
UOEMD,Diagnosis,Load_No_Load_Speed_30Hz,CWRU_12k + HUST_Gearbox + PU + UORED + Electric_Motor,Multi-Head DL (TABNET),0.6125,0.5434210526315789,0.9080357142857143
UOEMD,Diagnosis,Load_No_Load_Speed_30Hz,CWRU_12k + HUST_Gearbox + PU + Mechanical_Gear + Electric_Motor,Multi-Head DL (TABNET),0.5,0.4546783625730994,0.9123214285714286
UOEMD,Diagnosis,Load_No_Load_Speed_30Hz,CWRU_12k + HUST_Gearbox + UORED + Mechanical_Gear + Electric_Motor,Multi-Head DL (TABNET),0.625,0.553030303030303,0.9307142857142858
UOEMD,Diagnosis,Load_No_Load_Speed_30Hz,CWRU_12k + HUST + PU + UORED + Mechanical_Gear,Multi-Head DL (TABNET),0.5875,0.47939134424384444,0.9046428571428571
UOEMD,Diagnosis,Load_No_Load_Speed_30Hz,CWRU_12k + HUST + PU + UORED + Electric_Motor,Multi-Head DL (TABNET),0.575,0.500891265597148,0.8608928571428571
UOEMD,Diagnosis,Load_No_Load_Speed_30Hz,CWRU_12k + HUST + PU + Mechanical_Gear + Electric_Motor,Multi-Head DL (TABNET),0.575,0.4943772401433692,0.9512499999999999
UOEMD,Diagnosis,Load_No_Load_Speed_30Hz,CWRU_12k + HUST + UORED + Mechanical_Gear + Electric_Motor,Multi-Head DL (TABNET),0.6375,0.545113401091662,0.9203571428571429
UOEMD,Diagnosis,Load_No_Load_Speed_30Hz,CWRU_12k + PU + UORED + Mechanical_Gear + Electric_Motor,Multi-Head DL (TABNET),0.575,0.5125234681686295,0.9219642857142857
UOEMD,Diagnosis,Load_No_Load_Speed_30Hz,CWRU_48k + HUST_Gearbox + HUST + PU + UORED,Multi-Head DL (TABNET),0.475,0.3734543712991989,0.9375
UOEMD,Diagnosis,Load_No_Load_Speed_30Hz,CWRU_48k + HUST_Gearbox + HUST + PU + Mechanical_Gear,Multi-Head DL (TABNET),0.6375,0.5737373737373737,0.9539285714285715
UOEMD,Diagnosis,Load_No_Load_Speed_30Hz,CWRU_48k + HUST_Gearbox + HUST + PU + Electric_Motor,Multi-Head DL (TABNET),0.7125,0.6559929494712103,0.9066071428571428
UOEMD,Diagnosis,Load_No_Load_Speed_30Hz,CWRU_48k + HUST_Gearbox + HUST + UORED + Mechanical_Gear,Multi-Head DL (TABNET),0.6625,0.6128306878306877,0.9467857142857143
UOEMD,Diagnosis,Load_No_Load_Speed_30Hz,CWRU_48k + HUST_Gearbox + HUST + UORED + Electric_Motor,Multi-Head DL (TABNET),0.65,0.5912786400591279,0.9798214285714286
UOEMD,Diagnosis,Load_No_Load_Speed_30Hz,CWRU_48k + HUST_Gearbox + HUST + Mechanical_Gear + Electric_Motor,Multi-Head DL (TABNET),0.6125,0.5534848484848485,0.9282142857142857
UOEMD,Diagnosis,Load_No_Load_Speed_30Hz,CWRU_48k + HUST_Gearbox + PU + UORED + Mechanical_Gear,Multi-Head DL (TABNET),0.4875,0.39848484848484844,0.8573214285714286
UOEMD,Diagnosis,Load_No_Load_Speed_30Hz,CWRU_48k + HUST_Gearbox + PU + UORED + Electric_Motor,Multi-Head DL (TABNET),0.6625,0.5808501683501683,0.9608928571428571
UOEMD,Diagnosis,Load_No_Load_Speed_30Hz,CWRU_48k + HUST_Gearbox + PU + Mechanical_Gear + Electric_Motor,Multi-Head DL (TABNET),0.5,0.41016016016016016,0.8669642857142859
UOEMD,Diagnosis,Load_No_Load_Speed_30Hz,CWRU_48k + HUST_Gearbox + UORED + Mechanical_Gear + Electric_Motor,Multi-Head DL (TABNET),0.6,0.5524509803921569,0.9501785714285714
UOEMD,Diagnosis,Load_No_Load_Speed_30Hz,CWRU_48k + HUST + PU + UORED + Mechanical_Gear,Multi-Head DL (TABNET),0.575,0.5087181337181337,0.9233928571428571
UOEMD,Diagnosis,Load_No_Load_Speed_30Hz,CWRU_48k + HUST + PU + UORED + Electric_Motor,Multi-Head DL (TABNET),0.5,0.4554664847347774,0.9210714285714285
UOEMD,Diagnosis,Load_No_Load_Speed_30Hz,CWRU_48k + HUST + PU + Mechanical_Gear + Electric_Motor,Multi-Head DL (TABNET),0.625,0.5334636627740076,0.9444642857142858
UOEMD,Diagnosis,Load_No_Load_Speed_30Hz,CWRU_48k + HUST + UORED + Mechanical_Gear + Electric_Motor,Multi-Head DL (TABNET),0.6375,0.5464341692789969,0.9448214285714286
UOEMD,Diagnosis,Load_No_Load_Speed_30Hz,CWRU_48k + PU + UORED + Mechanical_Gear + Electric_Motor,Multi-Head DL (TABNET),0.725,0.6491322595281306,0.9585714285714286
UOEMD,Diagnosis,Load_No_Load_Speed_30Hz,HUST_Gearbox + HUST + PU + UORED + Mechanical_Gear,Multi-Head DL (TABNET),0.55,0.4695253933058811,0.9137500000000001
UOEMD,Diagnosis,Load_No_Load_Speed_30Hz,HUST_Gearbox + HUST + PU + UORED + Electric_Motor,Multi-Head DL (TABNET),0.575,0.5397608604845447,0.8916071428571428
UOEMD,Diagnosis,Load_No_Load_Speed_30Hz,HUST_Gearbox + HUST + PU + Mechanical_Gear + Electric_Motor,Multi-Head DL (TABNET),0.55,0.48003246753246753,0.9583928571428572
UOEMD,Diagnosis,Load_No_Load_Speed_30Hz,HUST_Gearbox + HUST + UORED + Mechanical_Gear + Electric_Motor,Multi-Head DL (TABNET),0.6375,0.5759187620889749,0.9299999999999999
UOEMD,Diagnosis,Load_No_Load_Speed_30Hz,HUST_Gearbox + PU + UORED + Mechanical_Gear + Electric_Motor,Multi-Head DL (TABNET),0.6375,0.5688582251082251,0.9348214285714286
UOEMD,Diagnosis,Load_No_Load_Speed_30Hz,HUST + PU + UORED + Mechanical_Gear + Electric_Motor,Multi-Head DL (TABNET),0.55,0.46407004830917875,0.90375
UOEMD,Diagnosis,Load_No_Load_Speed_30Hz,CWRU_12k + CWRU_48k + HUST_Gearbox + HUST + PU + UORED,Multi-Head DL (TABNET),0.45,0.47119047619047616,0.8608928571428571
UOEMD,Diagnosis,Load_No_Load_Speed_30Hz,CWRU_12k + CWRU_48k + HUST_Gearbox + HUST + PU + Mechanical_Gear,Multi-Head DL (TABNET),0.5,0.39569256756756754,0.9242857142857144
UOEMD,Diagnosis,Load_No_Load_Speed_30Hz,CWRU_12k + CWRU_48k + HUST_Gearbox + HUST + PU + Electric_Motor,Multi-Head DL (TABNET),0.525,0.42613636363636365,0.95375
UOEMD,Diagnosis,Load_No_Load_Speed_30Hz,CWRU_12k + CWRU_48k + HUST_Gearbox + HUST + UORED + Mechanical_Gear,Multi-Head DL (TABNET),0.6,0.5496527777777778,0.9341071428571428
UOEMD,Diagnosis,Load_No_Load_Speed_30Hz,CWRU_12k + CWRU_48k + HUST_Gearbox + HUST + UORED + Electric_Motor,Multi-Head DL (TABNET),0.4375,0.38885281385281384,0.8753571428571428
UOEMD,Diagnosis,Load_No_Load_Speed_30Hz,CWRU_12k + CWRU_48k + HUST_Gearbox + HUST + Mechanical_Gear + Electric_Motor,Multi-Head DL (TABNET),0.6499999999999999,0.6092948717948719,0.9385714285714286
UOEMD,Diagnosis,Load_No_Load_Speed_30Hz,CWRU_12k + CWRU_48k + HUST_Gearbox + PU + UORED + Mechanical_Gear,Multi-Head DL (TABNET),0.4625,0.4181089743589743,0.8976785714285713
UOEMD,Diagnosis,Load_No_Load_Speed_30Hz,CWRU_12k + CWRU_48k + HUST_Gearbox + PU + UORED + Electric_Motor,Multi-Head DL (TABNET),0.5,0.3833333333333333,0.8241071428571429
UOEMD,Diagnosis,Load_No_Load_Speed_30Hz,CWRU_12k + CWRU_48k + HUST_Gearbox + PU + Mechanical_Gear + Electric_Motor,Multi-Head DL (TABNET),0.5,0.3943089430894309,0.8782142857142857
UOEMD,Diagnosis,Load_No_Load_Speed_30Hz,CWRU_12k + CWRU_48k + HUST_Gearbox + UORED + Mechanical_Gear + Electric_Motor,Multi-Head DL (TABNET),0.625,0.5445402298850575,0.9460714285714287
UOEMD,Diagnosis,Load_No_Load_Speed_30Hz,CWRU_12k + CWRU_48k + HUST + PU + UORED + Mechanical_Gear,Multi-Head DL (TABNET),0.5,0.37676508344030807,0.9446428571428571
UOEMD,Diagnosis,Load_No_Load_Speed_30Hz,CWRU_12k + CWRU_48k + HUST + PU + UORED + Electric_Motor,Multi-Head DL (TABNET),0.5125,0.4048748531670733,0.8846428571428572
UOEMD,Diagnosis,Load_No_Load_Speed_30Hz,CWRU_12k + CWRU_48k + HUST + PU + Mechanical_Gear + Electric_Motor,Multi-Head DL (TABNET),0.6125,0.5115683865683865,0.9444642857142858
UOEMD,Diagnosis,Load_No_Load_Speed_30Hz,CWRU_12k + CWRU_48k + HUST + UORED + Mechanical_Gear + Electric_Motor,Multi-Head DL (TABNET),0.5125,0.45287356321839084,0.9400000000000001
UOEMD,Diagnosis,Load_No_Load_Speed_30Hz,CWRU_12k + CWRU_48k + PU + UORED + Mechanical_Gear + Electric_Motor,Multi-Head DL (TABNET),0.5125,0.46915584415584416,0.8998214285714285
UOEMD,Diagnosis,Load_No_Load_Speed_30Hz,CWRU_12k + HUST_Gearbox + HUST + PU + UORED + Mechanical_Gear,Multi-Head DL (TABNET),0.47500000000000003,0.4074933687002652,0.9126785714285715
UOEMD,Diagnosis,Load_No_Load_Speed_30Hz,CWRU_12k + HUST_Gearbox + HUST + PU + UORED + Electric_Motor,Multi-Head DL (TABNET),0.5875,0.5202991452991452,0.9173214285714286
UOEMD,Diagnosis,Load_No_Load_Speed_30Hz,CWRU_12k + HUST_Gearbox + HUST + PU + Mechanical_Gear + Electric_Motor,Multi-Head DL (TABNET),0.625,0.49198717948717946,0.9507142857142858
UOEMD,Diagnosis,Load_No_Load_Speed_30Hz,CWRU_12k + HUST_Gearbox + HUST + UORED + Mechanical_Gear + Electric_Motor,Multi-Head DL (TABNET),0.7124999999999999,0.6619288772821381,0.9857142857142858
UOEMD,Diagnosis,Load_No_Load_Speed_30Hz,CWRU_12k + HUST_Gearbox + PU + UORED + Mechanical_Gear + Electric_Motor,Multi-Head DL (TABNET),0.55,0.42778945348754194,0.9446428571428571
UOEMD,Diagnosis,Load_No_Load_Speed_30Hz,CWRU_12k + HUST + PU + UORED + Mechanical_Gear + Electric_Motor,Multi-Head DL (TABNET),0.5375,0.4660146414480858,0.9005357142857143
UOEMD,Diagnosis,Load_No_Load_Speed_30Hz,CWRU_48k + HUST_Gearbox + HUST + PU + UORED + Mechanical_Gear,Multi-Head DL (TABNET),0.5875,0.5095394736842105,0.8925000000000001
UOEMD,Diagnosis,Load_No_Load_Speed_30Hz,CWRU_48k + HUST_Gearbox + HUST + PU + UORED + Electric_Motor,Multi-Head DL (TABNET),0.5375,0.43859970674486803,0.8967857142857143
UOEMD,Diagnosis,Load_No_Load_Speed_30Hz,CWRU_48k + HUST_Gearbox + HUST + PU + Mechanical_Gear + Electric_Motor,Multi-Head DL (TABNET),0.6125,0.570081355426183,0.8871428571428571
UOEMD,Diagnosis,Load_No_Load_Speed_30Hz,CWRU_48k + HUST_Gearbox + HUST + UORED + Mechanical_Gear + Electric_Motor,Multi-Head DL (TABNET),0.5125,0.45870288248337027,0.9133928571428571
UOEMD,Diagnosis,Load_No_Load_Speed_30Hz,CWRU_48k + HUST_Gearbox + PU + UORED + Mechanical_Gear + Electric_Motor,Multi-Head DL (TABNET),0.5,0.40673981191222575,0.9148214285714287
UOEMD,Diagnosis,Load_No_Load_Speed_30Hz,CWRU_48k + HUST + PU + UORED + Mechanical_Gear + Electric_Motor,Multi-Head DL (TABNET),0.6125,0.5353636425834701,0.9224999999999999
UOEMD,Diagnosis,Load_No_Load_Speed_30Hz,HUST_Gearbox + HUST + PU + UORED + Mechanical_Gear + Electric_Motor,Multi-Head DL (TABNET),0.3875,0.29293766578249336,0.9410714285714286
UOEMD,Diagnosis,Load_No_Load_Speed_30Hz,CWRU_12k + CWRU_48k + HUST_Gearbox + HUST + PU + UORED + Mechanical_Gear,Multi-Head DL (TABNET),0.5875,0.5236842105263158,0.8894642857142856
UOEMD,Diagnosis,Load_No_Load_Speed_30Hz,CWRU_12k + CWRU_48k + HUST_Gearbox + HUST + PU + UORED + Electric_Motor,Multi-Head DL (TABNET),0.55,0.4503340862036514,0.8469642857142857
UOEMD,Diagnosis,Load_No_Load_Speed_30Hz,CWRU_12k + CWRU_48k + HUST_Gearbox + HUST + PU + Mechanical_Gear + Electric_Motor,Multi-Head DL (TABNET),0.5375000000000001,0.5019886363636363,0.8875
UOEMD,Diagnosis,Load_No_Load_Speed_30Hz,CWRU_12k + CWRU_48k + HUST_Gearbox + HUST + UORED + Mechanical_Gear + Electric_Motor,Multi-Head DL (TABNET),0.525,0.4372913992297818,0.91
UOEMD,Diagnosis,Load_No_Load_Speed_30Hz,CWRU_12k + CWRU_48k + HUST_Gearbox + PU + UORED + Mechanical_Gear + Electric_Motor,Multi-Head DL (TABNET),0.6375,0.541456228956229,0.9432142857142857
UOEMD,Diagnosis,Load_No_Load_Speed_30Hz,CWRU_12k + CWRU_48k + HUST + PU + UORED + Mechanical_Gear + Electric_Motor,Multi-Head DL (TABNET),0.6625000000000001,0.5882902298850574,0.8616071428571429
UOEMD,Diagnosis,Load_No_Load_Speed_30Hz,CWRU_12k + HUST_Gearbox + HUST + PU + UORED + Mechanical_Gear + Electric_Motor,Multi-Head DL (TABNET),0.5,0.39314516129032256,0.9273214285714285
UOEMD,Diagnosis,Load_No_Load_Speed_30Hz,CWRU_48k + HUST_Gearbox + HUST + PU + UORED + Mechanical_Gear + Electric_Motor,Multi-Head DL (TABNET),0.5875,0.5132669055082848,0.9296428571428571
UOEMD,Diagnosis,Load_No_Load_Speed_30Hz,CWRU_12k + CWRU_48k + HUST_Gearbox + HUST + PU + UORED + Mechanical_Gear + Electric_Motor,Multi-Head DL (TABNET),0.725,0.6638500388500388,0.95125
UOEMD,Diagnosis,Load_No_Load_Speed_45Hz,CWRU_12k,Multi-Head DL (TABNET),0.4875,0.42353643966547194,0.9101785714285715
UOEMD,Diagnosis,Load_No_Load_Speed_45Hz,CWRU_48k,Multi-Head DL (TABNET),0.6375,0.5272843376291653,0.9519642857142858
UOEMD,Diagnosis,Load_No_Load_Speed_45Hz,HUST_Gearbox,Multi-Head DL (TABNET),0.675,0.5842490842490843,0.9539285714285715
UOEMD,Diagnosis,Load_No_Load_Speed_45Hz,HUST,Multi-Head DL (TABNET),0.7,0.6354166666666667,0.9442857142857143
UOEMD,Diagnosis,Load_No_Load_Speed_45Hz,PU,Multi-Head DL (TABNET),0.625,0.5208333333333333,0.9108928571428572
UOEMD,Diagnosis,Load_No_Load_Speed_45Hz,UORED,Multi-Head DL (TABNET),0.55,0.5277777777777778,0.9175
UOEMD,Diagnosis,Load_No_Load_Speed_45Hz,Mechanical_Gear,Multi-Head DL (TABNET),0.7125,0.6283034953111679,0.99125
UOEMD,Diagnosis,Load_No_Load_Speed_45Hz,Electric_Motor,Multi-Head DL (TABNET),0.4875,0.4185050331976869,0.9457142857142857
UOEMD,Diagnosis,Load_No_Load_Speed_45Hz,CWRU_12k + CWRU_48k,Multi-Head DL (TABNET),0.55,0.5228238866396762,0.9151785714285714
UOEMD,Diagnosis,Load_No_Load_Speed_45Hz,CWRU_12k + HUST_Gearbox,Multi-Head DL (TABNET),0.7,0.6316137566137565,0.9716071428571429
UOEMD,Diagnosis,Load_No_Load_Speed_45Hz,CWRU_12k + HUST,Multi-Head DL (TABNET),0.6,0.5163594470046082,0.9235714285714286
UOEMD,Diagnosis,Load_No_Load_Speed_45Hz,CWRU_12k + PU,Multi-Head DL (TABNET),0.425,0.39722222222222225,0.8578571428571429
UOEMD,Diagnosis,Load_No_Load_Speed_45Hz,CWRU_12k + UORED,Multi-Head DL (TABNET),0.6625,0.597943722943723,0.9225000000000001
UOEMD,Diagnosis,Load_No_Load_Speed_45Hz,CWRU_12k + Mechanical_Gear,Multi-Head DL (TABNET),0.55,0.4662698412698413,0.9123214285714285
UOEMD,Diagnosis,Load_No_Load_Speed_45Hz,CWRU_12k + Electric_Motor,Multi-Head DL (TABNET),0.4125,0.4326923076923077,0.89125
UOEMD,Diagnosis,Load_No_Load_Speed_45Hz,CWRU_48k + HUST_Gearbox,Multi-Head DL (TABNET),0.5875,0.5518518518518518,0.9567857142857144
UOEMD,Diagnosis,Load_No_Load_Speed_45Hz,CWRU_48k + HUST,Multi-Head DL (TABNET),0.6375,0.5806451612903225,0.9282142857142857
UOEMD,Diagnosis,Load_No_Load_Speed_45Hz,CWRU_48k + PU,Multi-Head DL (TABNET),0.525,0.4699730094466936,0.8851785714285714
UOEMD,Diagnosis,Load_No_Load_Speed_45Hz,CWRU_48k + UORED,Multi-Head DL (TABNET),0.6875,0.6102405658857272,0.9719642857142857
UOEMD,Diagnosis,Load_No_Load_Speed_45Hz,CWRU_48k + Mechanical_Gear,Multi-Head DL (TABNET),0.575,0.5678004282352108,0.9405357142857143
UOEMD,Diagnosis,Load_No_Load_Speed_45Hz,CWRU_48k + Electric_Motor,Multi-Head DL (TABNET),0.675,0.5976917911700521,0.9908928571428571
UOEMD,Diagnosis,Load_No_Load_Speed_45Hz,HUST_Gearbox + HUST,Multi-Head DL (TABNET),0.7,0.6145833333333333,0.9894642857142857
UOEMD,Diagnosis,Load_No_Load_Speed_45Hz,HUST_Gearbox + PU,Multi-Head DL (TABNET),0.5,0.43315018315018317,0.9148214285714286
UOEMD,Diagnosis,Load_No_Load_Speed_45Hz,HUST_Gearbox + UORED,Multi-Head DL (TABNET),0.675,0.6291964062362544,0.9707142857142858
UOEMD,Diagnosis,Load_No_Load_Speed_45Hz,HUST_Gearbox + Mechanical_Gear,Multi-Head DL (TABNET),0.7375,0.6913647755753018,0.9851785714285715
UOEMD,Diagnosis,Load_No_Load_Speed_45Hz,HUST_Gearbox + Electric_Motor,Multi-Head DL (TABNET),0.6125,0.5490896358543418,0.8891071428571429
UOEMD,Diagnosis,Load_No_Load_Speed_45Hz,HUST + PU,Multi-Head DL (TABNET),0.575,0.5174010217113665,0.8401785714285714
UOEMD,Diagnosis,Load_No_Load_Speed_45Hz,HUST + UORED,Multi-Head DL (TABNET),0.625,0.5045570649018924,0.9248214285714287
UOEMD,Diagnosis,Load_No_Load_Speed_45Hz,HUST + Mechanical_Gear,Multi-Head DL (TABNET),0.5875,0.5873015873015872,0.9360714285714286
UOEMD,Diagnosis,Load_No_Load_Speed_45Hz,HUST + Electric_Motor,Multi-Head DL (TABNET),0.6,0.5235449735449735,0.9464285714285714
UOEMD,Diagnosis,Load_No_Load_Speed_45Hz,PU + UORED,Multi-Head DL (TABNET),0.6000000000000001,0.5389093137254901,0.8932142857142857
UOEMD,Diagnosis,Load_No_Load_Speed_45Hz,PU + Mechanical_Gear,Multi-Head DL (TABNET),0.65,0.5892857142857142,0.9512499999999999
UOEMD,Diagnosis,Load_No_Load_Speed_45Hz,PU + Electric_Motor,Multi-Head DL (TABNET),0.575,0.48978348649401277,0.8644642857142857
UOEMD,Diagnosis,Load_No_Load_Speed_45Hz,UORED + Mechanical_Gear,Multi-Head DL (TABNET),0.675,0.6352591036414565,0.9666071428571429
UOEMD,Diagnosis,Load_No_Load_Speed_45Hz,UORED + Electric_Motor,Multi-Head DL (TABNET),0.7875000000000001,0.7410335011065896,0.9914285714285715
UOEMD,Diagnosis,Load_No_Load_Speed_45Hz,Mechanical_Gear + Electric_Motor,Multi-Head DL (TABNET),0.7125,0.6498525983820101,0.9453571428571428
UOEMD,Diagnosis,Load_No_Load_Speed_45Hz,CWRU_12k + CWRU_48k + HUST_Gearbox,Multi-Head DL (TABNET),0.6125,0.5234683794466404,0.9312499999999999
UOEMD,Diagnosis,Load_No_Load_Speed_45Hz,CWRU_12k + CWRU_48k + HUST,Multi-Head DL (TABNET),0.3875,0.3839285714285714,0.8060714285714285
UOEMD,Diagnosis,Load_No_Load_Speed_45Hz,CWRU_12k + CWRU_48k + PU,Multi-Head DL (TABNET),0.525,0.40313488726020263,0.9155357142857142
UOEMD,Diagnosis,Load_No_Load_Speed_45Hz,CWRU_12k + CWRU_48k + UORED,Multi-Head DL (TABNET),0.6,0.5325396825396825,0.9648214285714285
UOEMD,Diagnosis,Load_No_Load_Speed_45Hz,CWRU_12k + CWRU_48k + Mechanical_Gear,Multi-Head DL (TABNET),0.6625,0.5955128205128205,0.9223214285714285
UOEMD,Diagnosis,Load_No_Load_Speed_45Hz,CWRU_12k + CWRU_48k + Electric_Motor,Multi-Head DL (TABNET),0.575,0.5243647912885663,0.9158928571428572
UOEMD,Diagnosis,Load_No_Load_Speed_45Hz,CWRU_12k + HUST_Gearbox + HUST,Multi-Head DL (TABNET),0.5625,0.4845238095238095,0.937142857142857
UOEMD,Diagnosis,Load_No_Load_Speed_45Hz,CWRU_12k + HUST_Gearbox + PU,Multi-Head DL (TABNET),0.6125,0.5127299957210099,0.9196428571428572
UOEMD,Diagnosis,Load_No_Load_Speed_45Hz,CWRU_12k + HUST_Gearbox + UORED,Multi-Head DL (TABNET),0.5,0.4375,0.9110714285714285
UOEMD,Diagnosis,Load_No_Load_Speed_45Hz,CWRU_12k + HUST_Gearbox + Mechanical_Gear,Multi-Head DL (TABNET),0.375,0.36904761904761907,0.8876785714285714
UOEMD,Diagnosis,Load_No_Load_Speed_45Hz,CWRU_12k + HUST_Gearbox + Electric_Motor,Multi-Head DL (TABNET),0.7124999999999999,0.6303578548644337,0.9850000000000001
UOEMD,Diagnosis,Load_No_Load_Speed_45Hz,CWRU_12k + HUST + PU,Multi-Head DL (TABNET),0.5875,0.5092592592592593,0.9026785714285714
UOEMD,Diagnosis,Load_No_Load_Speed_45Hz,CWRU_12k + HUST + UORED,Multi-Head DL (TABNET),0.5625,0.49135944700460826,0.8998214285714285
UOEMD,Diagnosis,Load_No_Load_Speed_45Hz,CWRU_12k + HUST + Mechanical_Gear,Multi-Head DL (TABNET),0.7875000000000001,0.75972004528039,0.9642857142857143
UOEMD,Diagnosis,Load_No_Load_Speed_45Hz,CWRU_12k + HUST + Electric_Motor,Multi-Head DL (TABNET),0.65,0.5954685099846391,0.8994642857142857
UOEMD,Diagnosis,Load_No_Load_Speed_45Hz,CWRU_12k + PU + UORED,Multi-Head DL (TABNET),0.6125,0.5175438596491228,0.89375
UOEMD,Diagnosis,Load_No_Load_Speed_45Hz,CWRU_12k + PU + Mechanical_Gear,Multi-Head DL (TABNET),0.5375000000000001,0.5128770201365482,0.8723214285714286
UOEMD,Diagnosis,Load_No_Load_Speed_45Hz,CWRU_12k + PU + Electric_Motor,Multi-Head DL (TABNET),0.5,0.41666666666666663,0.8853571428571428
UOEMD,Diagnosis,Load_No_Load_Speed_45Hz,CWRU_12k + UORED + Mechanical_Gear,Multi-Head DL (TABNET),0.625,0.5991255476549595,0.9141071428571429
UOEMD,Diagnosis,Load_No_Load_Speed_45Hz,CWRU_12k + UORED + Electric_Motor,Multi-Head DL (TABNET),0.7625,0.7464932712215321,0.9628571428571429
UOEMD,Diagnosis,Load_No_Load_Speed_45Hz,CWRU_12k + Mechanical_Gear + Electric_Motor,Multi-Head DL (TABNET),0.4625,0.4335863377609108,0.9146428571428571
UOEMD,Diagnosis,Load_No_Load_Speed_45Hz,CWRU_48k + HUST_Gearbox + HUST,Multi-Head DL (TABNET),0.5375,0.4810606060606061,0.9433928571428571
UOEMD,Diagnosis,Load_No_Load_Speed_45Hz,CWRU_48k + HUST_Gearbox + PU,Multi-Head DL (TABNET),0.5,0.4285714285714286,0.8712500000000001
UOEMD,Diagnosis,Load_No_Load_Speed_45Hz,CWRU_48k + HUST_Gearbox + UORED,Multi-Head DL (TABNET),0.5875,0.5546966649907826,0.9421428571428572
UOEMD,Diagnosis,Load_No_Load_Speed_45Hz,CWRU_48k + HUST_Gearbox + Mechanical_Gear,Multi-Head DL (TABNET),0.5,0.425,0.89625
UOEMD,Diagnosis,Load_No_Load_Speed_45Hz,CWRU_48k + HUST_Gearbox + Electric_Motor,Multi-Head DL (TABNET),0.4875,0.4118663594470046,0.92
UOEMD,Diagnosis,Load_No_Load_Speed_45Hz,CWRU_48k + HUST + PU,Multi-Head DL (TABNET),0.5875,0.5621601767112603,0.9471428571428572
UOEMD,Diagnosis,Load_No_Load_Speed_45Hz,CWRU_48k + HUST + UORED,Multi-Head DL (TABNET),0.675,0.6361022079772081,0.9605357142857143
UOEMD,Diagnosis,Load_No_Load_Speed_45Hz,CWRU_48k + HUST + Mechanical_Gear,Multi-Head DL (TABNET),0.5874999999999999,0.49500962000962,0.9364285714285714
UOEMD,Diagnosis,Load_No_Load_Speed_45Hz,CWRU_48k + HUST + Electric_Motor,Multi-Head DL (TABNET),0.5625,0.5082744107744108,0.91875
UOEMD,Diagnosis,Load_No_Load_Speed_45Hz,CWRU_48k + PU + UORED,Multi-Head DL (TABNET),0.6125,0.5499686716791979,0.8032142857142857
UOEMD,Diagnosis,Load_No_Load_Speed_45Hz,CWRU_48k + PU + Mechanical_Gear,Multi-Head DL (TABNET),0.3375,0.24264705882352938,0.8267857142857142
UOEMD,Diagnosis,Load_No_Load_Speed_45Hz,CWRU_48k + PU + Electric_Motor,Multi-Head DL (TABNET),0.525,0.49135944700460826,0.8925000000000001
UOEMD,Diagnosis,Load_No_Load_Speed_45Hz,CWRU_48k + UORED + Mechanical_Gear,Multi-Head DL (TABNET),0.5875,0.5648938923395445,0.9208928571428571
UOEMD,Diagnosis,Load_No_Load_Speed_45Hz,CWRU_48k + UORED + Electric_Motor,Multi-Head DL (TABNET),0.75,0.663978494623656,0.9714285714285714
UOEMD,Diagnosis,Load_No_Load_Speed_45Hz,CWRU_48k + Mechanical_Gear + Electric_Motor,Multi-Head DL (TABNET),0.5,0.4732302011713776,0.9237500000000001
UOEMD,Diagnosis,Load_No_Load_Speed_45Hz,HUST_Gearbox + HUST + PU,Multi-Head DL (TABNET),0.5,0.4583333333333333,0.8051785714285715
UOEMD,Diagnosis,Load_No_Load_Speed_45Hz,HUST_Gearbox + HUST + UORED,Multi-Head DL (TABNET),0.6625,0.5877849002849003,0.9619642857142857
UOEMD,Diagnosis,Load_No_Load_Speed_45Hz,HUST_Gearbox + HUST + Mechanical_Gear,Multi-Head DL (TABNET),0.625,0.5208333333333333,0.9510714285714286
UOEMD,Diagnosis,Load_No_Load_Speed_45Hz,HUST_Gearbox + HUST + Electric_Motor,Multi-Head DL (TABNET),0.625,0.5208333333333333,0.9573214285714285
UOEMD,Diagnosis,Load_No_Load_Speed_45Hz,HUST_Gearbox + PU + UORED,Multi-Head DL (TABNET),0.5,0.44256756756756754,0.8741071428571429
UOEMD,Diagnosis,Load_No_Load_Speed_45Hz,HUST_Gearbox + PU + Mechanical_Gear,Multi-Head DL (TABNET),0.625,0.5057471264367817,0.9278571428571429
UOEMD,Diagnosis,Load_No_Load_Speed_45Hz,HUST_Gearbox + PU + Electric_Motor,Multi-Head DL (TABNET),0.525,0.4721468885772425,0.9225
UOEMD,Diagnosis,Load_No_Load_Speed_45Hz,HUST_Gearbox + UORED + Mechanical_Gear,Multi-Head DL (TABNET),0.6625,0.5762068965517242,0.9671428571428571
UOEMD,Diagnosis,Load_No_Load_Speed_45Hz,HUST_Gearbox + UORED + Electric_Motor,Multi-Head DL (TABNET),0.5875,0.5795454545454546,0.9205357142857143
UOEMD,Diagnosis,Load_No_Load_Speed_45Hz,HUST_Gearbox + Mechanical_Gear + Electric_Motor,Multi-Head DL (TABNET),0.725,0.6734666654743381,0.9926785714285714
UOEMD,Diagnosis,Load_No_Load_Speed_45Hz,HUST + PU + UORED,Multi-Head DL (TABNET),0.3375,0.3366368286445013,0.8796428571428572
UOEMD,Diagnosis,Load_No_Load_Speed_45Hz,HUST + PU + Mechanical_Gear,Multi-Head DL (TABNET),0.625,0.5416666666666666,0.9117857142857142
UOEMD,Diagnosis,Load_No_Load_Speed_45Hz,HUST + PU + Electric_Motor,Multi-Head DL (TABNET),0.42500000000000004,0.4235209235209236,0.8303571428571428
UOEMD,Diagnosis,Load_No_Load_Speed_45Hz,HUST + UORED + Mechanical_Gear,Multi-Head DL (TABNET),0.825,0.7922794117647058,0.9773214285714287
UOEMD,Diagnosis,Load_No_Load_Speed_45Hz,HUST + UORED + Electric_Motor,Multi-Head DL (TABNET),0.5125,0.4634009009009009,0.8955357142857143
UOEMD,Diagnosis,Load_No_Load_Speed_45Hz,HUST + Mechanical_Gear + Electric_Motor,Multi-Head DL (TABNET),0.525,0.4700956937799043,0.9028571428571429
UOEMD,Diagnosis,Load_No_Load_Speed_45Hz,PU + UORED + Mechanical_Gear,Multi-Head DL (TABNET),0.42500000000000004,0.4037851982898422,0.8576785714285715
UOEMD,Diagnosis,Load_No_Load_Speed_45Hz,PU + UORED + Electric_Motor,Multi-Head DL (TABNET),0.6125,0.5055172840524709,0.9342857142857143
UOEMD,Diagnosis,Load_No_Load_Speed_45Hz,PU + Mechanical_Gear + Electric_Motor,Multi-Head DL (TABNET),0.3875,0.390625,0.8480357142857142
UOEMD,Diagnosis,Load_No_Load_Speed_45Hz,UORED + Mechanical_Gear + Electric_Motor,Multi-Head DL (TABNET),0.7375,0.6602731104736257,0.9526785714285715
UOEMD,Diagnosis,Load_No_Load_Speed_45Hz,CWRU_12k + CWRU_48k + HUST_Gearbox + HUST,Multi-Head DL (TABNET),0.5125,0.4533923649035211,0.9242857142857144
UOEMD,Diagnosis,Load_No_Load_Speed_45Hz,CWRU_12k + CWRU_48k + HUST_Gearbox + PU,Multi-Head DL (TABNET),0.6375,0.5858974358974359,0.9332142857142858
UOEMD,Diagnosis,Load_No_Load_Speed_45Hz,CWRU_12k + CWRU_48k + HUST_Gearbox + UORED,Multi-Head DL (TABNET),0.8,0.791497975708502,0.9432142857142858
UOEMD,Diagnosis,Load_No_Load_Speed_45Hz,CWRU_12k + CWRU_48k + HUST_Gearbox + Mechanical_Gear,Multi-Head DL (TABNET),0.65,0.5911363636363637,0.94625
UOEMD,Diagnosis,Load_No_Load_Speed_45Hz,CWRU_12k + CWRU_48k + HUST_Gearbox + Electric_Motor,Multi-Head DL (TABNET),0.4875,0.4525862068965517,0.905
UOEMD,Diagnosis,Load_No_Load_Speed_45Hz,CWRU_12k + CWRU_48k + HUST + PU,Multi-Head DL (TABNET),0.625,0.5663503163503163,0.9228571428571429
UOEMD,Diagnosis,Load_No_Load_Speed_45Hz,CWRU_12k + CWRU_48k + HUST + UORED,Multi-Head DL (TABNET),0.725,0.6825509635292244,0.9667857142857144
UOEMD,Diagnosis,Load_No_Load_Speed_45Hz,CWRU_12k + CWRU_48k + HUST + Mechanical_Gear,Multi-Head DL (TABNET),0.4,0.4035714285714286,0.8646428571428572
UOEMD,Diagnosis,Load_No_Load_Speed_45Hz,CWRU_12k + CWRU_48k + HUST + Electric_Motor,Multi-Head DL (TABNET),0.5,0.41968325791855204,0.8678571428571429
UOEMD,Diagnosis,Load_No_Load_Speed_45Hz,CWRU_12k + CWRU_48k + PU + UORED,Multi-Head DL (TABNET),0.5,0.4583333333333333,0.8646428571428573
UOEMD,Diagnosis,Load_No_Load_Speed_45Hz,CWRU_12k + CWRU_48k + PU + Mechanical_Gear,Multi-Head DL (TABNET),0.5,0.41666666666666663,0.7844642857142857
UOEMD,Diagnosis,Load_No_Load_Speed_45Hz,CWRU_12k + CWRU_48k + PU + Electric_Motor,Multi-Head DL (TABNET),0.625,0.5340909090909091,0.8898214285714285
UOEMD,Diagnosis,Load_No_Load_Speed_45Hz,CWRU_12k + CWRU_48k + UORED + Mechanical_Gear,Multi-Head DL (TABNET),0.5874999999999999,0.5647594364699627,0.9008928571428572
UOEMD,Diagnosis,Load_No_Load_Speed_45Hz,CWRU_12k + CWRU_48k + UORED + Electric_Motor,Multi-Head DL (TABNET),0.55,0.48563218390804597,0.9003571428571429
UOEMD,Diagnosis,Load_No_Load_Speed_45Hz,CWRU_12k + CWRU_48k + Mechanical_Gear + Electric_Motor,Multi-Head DL (TABNET),0.625,0.5735580870279147,0.9635714285714285
UOEMD,Diagnosis,Load_No_Load_Speed_45Hz,CWRU_12k + HUST_Gearbox + HUST + PU,Multi-Head DL (TABNET),0.7,0.6316628773525326,0.9682142857142857
UOEMD,Diagnosis,Load_No_Load_Speed_45Hz,CWRU_12k + HUST_Gearbox + HUST + UORED,Multi-Head DL (TABNET),0.525,0.4885270979020979,0.9219642857142857
UOEMD,Diagnosis,Load_No_Load_Speed_45Hz,CWRU_12k + HUST_Gearbox + HUST + Mechanical_Gear,Multi-Head DL (TABNET),0.45,0.3944099378881987,0.8989285714285714
UOEMD,Diagnosis,Load_No_Load_Speed_45Hz,CWRU_12k + HUST_Gearbox + HUST + Electric_Motor,Multi-Head DL (TABNET),0.725,0.6736111111111112,0.9403571428571429
UOEMD,Diagnosis,Load_No_Load_Speed_45Hz,CWRU_12k + HUST_Gearbox + PU + UORED,Multi-Head DL (TABNET),0.575,0.4621663059163059,0.8983928571428572
UOEMD,Diagnosis,Load_No_Load_Speed_45Hz,CWRU_12k + HUST_Gearbox + PU + Mechanical_Gear,Multi-Head DL (TABNET),0.35,0.3611111111111111,0.8178571428571428
UOEMD,Diagnosis,Load_No_Load_Speed_45Hz,CWRU_12k + HUST_Gearbox + PU + Electric_Motor,Multi-Head DL (TABNET),0.4,0.3672014260249554,0.9048214285714287
UOEMD,Diagnosis,Load_No_Load_Speed_45Hz,CWRU_12k + HUST_Gearbox + UORED + Mechanical_Gear,Multi-Head DL (TABNET),0.6625,0.5884576612903225,0.9533928571428572
UOEMD,Diagnosis,Load_No_Load_Speed_45Hz,CWRU_12k + HUST_Gearbox + UORED + Electric_Motor,Multi-Head DL (TABNET),0.7,0.6218885281385281,0.9198214285714286
UOEMD,Diagnosis,Load_No_Load_Speed_45Hz,CWRU_12k + HUST_Gearbox + Mechanical_Gear + Electric_Motor,Multi-Head DL (TABNET),0.6000000000000001,0.5102155727155727,0.9405357142857143
UOEMD,Diagnosis,Load_No_Load_Speed_45Hz,CWRU_12k + HUST + PU + UORED,Multi-Head DL (TABNET),0.6,0.5123873873873874,0.8285714285714285
UOEMD,Diagnosis,Load_No_Load_Speed_45Hz,CWRU_12k + HUST + PU + Mechanical_Gear,Multi-Head DL (TABNET),0.6625,0.6041666666666667,0.92875
UOEMD,Diagnosis,Load_No_Load_Speed_45Hz,CWRU_12k + HUST + PU + Electric_Motor,Multi-Head DL (TABNET),0.625,0.5208333333333333,0.9212499999999999
UOEMD,Diagnosis,Load_No_Load_Speed_45Hz,CWRU_12k + HUST + UORED + Mechanical_Gear,Multi-Head DL (TABNET),0.5125,0.45725108225108224,0.9073214285714286
UOEMD,Diagnosis,Load_No_Load_Speed_45Hz,CWRU_12k + HUST + UORED + Electric_Motor,Multi-Head DL (TABNET),0.5625,0.4938811188811189,0.9633928571428572
UOEMD,Diagnosis,Load_No_Load_Speed_45Hz,CWRU_12k + HUST + Mechanical_Gear + Electric_Motor,Multi-Head DL (TABNET),0.5875,0.47627314814814814,0.9591071428571429
UOEMD,Diagnosis,Load_No_Load_Speed_45Hz,CWRU_12k + PU + UORED + Mechanical_Gear,Multi-Head DL (TABNET),0.6375,0.5555082848186297,0.93875
UOEMD,Diagnosis,Load_No_Load_Speed_45Hz,CWRU_12k + PU + UORED + Electric_Motor,Multi-Head DL (TABNET),0.5125,0.4671717171717172,0.9321428571428572
UOEMD,Diagnosis,Load_No_Load_Speed_45Hz,CWRU_12k + PU + Mechanical_Gear + Electric_Motor,Multi-Head DL (TABNET),0.4,0.3682659932659933,0.7914285714285714
UOEMD,Diagnosis,Load_No_Load_Speed_45Hz,CWRU_12k + UORED + Mechanical_Gear + Electric_Motor,Multi-Head DL (TABNET),0.625,0.5208333333333333,0.9289285714285714
UOEMD,Diagnosis,Load_No_Load_Speed_45Hz,CWRU_48k + HUST_Gearbox + HUST + PU,Multi-Head DL (TABNET),0.575,0.5449096880131363,0.9203571428571429
UOEMD,Diagnosis,Load_No_Load_Speed_45Hz,CWRU_48k + HUST_Gearbox + HUST + UORED,Multi-Head DL (TABNET),0.4875,0.3988742236024845,0.8589285714285715
UOEMD,Diagnosis,Load_No_Load_Speed_45Hz,CWRU_48k + HUST_Gearbox + HUST + Mechanical_Gear,Multi-Head DL (TABNET),0.475,0.4051724137931034,0.8791071428571429
UOEMD,Diagnosis,Load_No_Load_Speed_45Hz,CWRU_48k + HUST_Gearbox + HUST + Electric_Motor,Multi-Head DL (TABNET),0.7124999999999999,0.7006669317524581,0.8955357142857143
UOEMD,Diagnosis,Load_No_Load_Speed_45Hz,CWRU_48k + HUST_Gearbox + PU + UORED,Multi-Head DL (TABNET),0.625,0.5208333333333333,0.8683928571428572
UOEMD,Diagnosis,Load_No_Load_Speed_45Hz,CWRU_48k + HUST_Gearbox + PU + Mechanical_Gear,Multi-Head DL (TABNET),0.38749999999999996,0.39872408293460926,0.8866071428571429
UOEMD,Diagnosis,Load_No_Load_Speed_45Hz,CWRU_48k + HUST_Gearbox + PU + Electric_Motor,Multi-Head DL (TABNET),0.7125,0.6361177699920093,0.9225
UOEMD,Diagnosis,Load_No_Load_Speed_45Hz,CWRU_48k + HUST_Gearbox + UORED + Mechanical_Gear,Multi-Head DL (TABNET),0.5375000000000001,0.4772893772893773,0.9089285714285715
UOEMD,Diagnosis,Load_No_Load_Speed_45Hz,CWRU_48k + HUST_Gearbox + UORED + Electric_Motor,Multi-Head DL (TABNET),0.6125,0.5742583302365911,0.9580357142857143
UOEMD,Diagnosis,Load_No_Load_Speed_45Hz,CWRU_48k + HUST_Gearbox + Mechanical_Gear + Electric_Motor,Multi-Head DL (TABNET),0.3875,0.38109756097560976,0.9019642857142858
UOEMD,Diagnosis,Load_No_Load_Speed_45Hz,CWRU_48k + HUST + PU + UORED,Multi-Head DL (TABNET),0.525,0.5160383095165704,0.8928571428571428
UOEMD,Diagnosis,Load_No_Load_Speed_45Hz,CWRU_48k + HUST + PU + Mechanical_Gear,Multi-Head DL (TABNET),0.625,0.5833333333333333,0.8933928571428572
UOEMD,Diagnosis,Load_No_Load_Speed_45Hz,CWRU_48k + HUST + PU + Electric_Motor,Multi-Head DL (TABNET),0.575,0.5235507246376812,0.8521428571428571
UOEMD,Diagnosis,Load_No_Load_Speed_45Hz,CWRU_48k + HUST + UORED + Mechanical_Gear,Multi-Head DL (TABNET),0.725,0.6414141414141414,0.9980357142857144
UOEMD,Diagnosis,Load_No_Load_Speed_45Hz,CWRU_48k + HUST + UORED + Electric_Motor,Multi-Head DL (TABNET),0.75,0.6666666666666666,0.98875
UOEMD,Diagnosis,Load_No_Load_Speed_45Hz,CWRU_48k + HUST + Mechanical_Gear + Electric_Motor,Multi-Head DL (TABNET),0.5125,0.40934065934065933,0.9241071428571428
UOEMD,Diagnosis,Load_No_Load_Speed_45Hz,CWRU_48k + PU + UORED + Mechanical_Gear,Multi-Head DL (TABNET),0.6,0.563131071826724,0.9451785714285714
UOEMD,Diagnosis,Load_No_Load_Speed_45Hz,CWRU_48k + PU + UORED + Electric_Motor,Multi-Head DL (TABNET),0.3375,0.3529411764705882,0.8275
UOEMD,Diagnosis,Load_No_Load_Speed_45Hz,CWRU_48k + PU + Mechanical_Gear + Electric_Motor,Multi-Head DL (TABNET),0.46249999999999997,0.47435897435897434,0.8730357142857144
UOEMD,Diagnosis,Load_No_Load_Speed_45Hz,CWRU_48k + UORED + Mechanical_Gear + Electric_Motor,Multi-Head DL (TABNET),0.625,0.5416666666666666,0.9578571428571429
UOEMD,Diagnosis,Load_No_Load_Speed_45Hz,HUST_Gearbox + HUST + PU + UORED,Multi-Head DL (TABNET),0.475,0.4027777777777778,0.7839285714285715
UOEMD,Diagnosis,Load_No_Load_Speed_45Hz,HUST_Gearbox + HUST + PU + Mechanical_Gear,Multi-Head DL (TABNET),0.5,0.46520146520146516,0.9176785714285715
UOEMD,Diagnosis,Load_No_Load_Speed_45Hz,HUST_Gearbox + HUST + PU + Electric_Motor,Multi-Head DL (TABNET),0.5,0.41666666666666663,0.8944642857142857
UOEMD,Diagnosis,Load_No_Load_Speed_45Hz,HUST_Gearbox + HUST + UORED + Mechanical_Gear,Multi-Head DL (TABNET),0.625,0.5208333333333333,0.9148214285714286
UOEMD,Diagnosis,Load_No_Load_Speed_45Hz,HUST_Gearbox + HUST + UORED + Electric_Motor,Multi-Head DL (TABNET),0.5875,0.5472972972972974,0.9228571428571428
UOEMD,Diagnosis,Load_No_Load_Speed_45Hz,HUST_Gearbox + HUST + Mechanical_Gear + Electric_Motor,Multi-Head DL (TABNET),0.6125,0.5299671592775042,0.8907142857142858
UOEMD,Diagnosis,Load_No_Load_Speed_45Hz,HUST_Gearbox + PU + UORED + Mechanical_Gear,Multi-Head DL (TABNET),0.6125,0.5366810844315089,0.8419642857142857
UOEMD,Diagnosis,Load_No_Load_Speed_45Hz,HUST_Gearbox + PU + UORED + Electric_Motor,Multi-Head DL (TABNET),0.6125,0.5142543859649122,0.8976785714285714
UOEMD,Diagnosis,Load_No_Load_Speed_45Hz,HUST_Gearbox + PU + Mechanical_Gear + Electric_Motor,Multi-Head DL (TABNET),0.6,0.49558080808080807,0.8242857142857143
UOEMD,Diagnosis,Load_No_Load_Speed_45Hz,HUST_Gearbox + UORED + Mechanical_Gear + Electric_Motor,Multi-Head DL (TABNET),0.475,0.4392857142857143,0.905
UOEMD,Diagnosis,Load_No_Load_Speed_45Hz,HUST + PU + UORED + Mechanical_Gear,Multi-Head DL (TABNET),0.65,0.5806451612903225,0.8707142857142858
UOEMD,Diagnosis,Load_No_Load_Speed_45Hz,HUST + PU + UORED + Electric_Motor,Multi-Head DL (TABNET),0.5,0.4212962962962963,0.8782142857142857
UOEMD,Diagnosis,Load_No_Load_Speed_45Hz,HUST + PU + Mechanical_Gear + Electric_Motor,Multi-Head DL (TABNET),0.475,0.4452380952380952,0.8505357142857143
UOEMD,Diagnosis,Load_No_Load_Speed_45Hz,HUST + UORED + Mechanical_Gear + Electric_Motor,Multi-Head DL (TABNET),0.4,0.35357142857142854,0.9264285714285714
UOEMD,Diagnosis,Load_No_Load_Speed_45Hz,PU + UORED + Mechanical_Gear + Electric_Motor,Multi-Head DL (TABNET),0.525,0.4886350165955429,0.8667857142857143
UOEMD,Diagnosis,Load_No_Load_Speed_45Hz,CWRU_12k + CWRU_48k + HUST_Gearbox + HUST + PU,Multi-Head DL (TABNET),0.6375,0.5444959629742239,0.97125
UOEMD,Diagnosis,Load_No_Load_Speed_45Hz,CWRU_12k + CWRU_48k + HUST_Gearbox + HUST + UORED,Multi-Head DL (TABNET),0.475,0.4063660925363053,0.9323214285714285
UOEMD,Diagnosis,Load_No_Load_Speed_45Hz,CWRU_12k + CWRU_48k + HUST_Gearbox + HUST + Mechanical_Gear,Multi-Head DL (TABNET),0.6125,0.49580511083743845,0.9089285714285715
UOEMD,Diagnosis,Load_No_Load_Speed_45Hz,CWRU_12k + CWRU_48k + HUST_Gearbox + HUST + Electric_Motor,Multi-Head DL (TABNET),0.5625,0.4930818204343207,0.8726785714285714
UOEMD,Diagnosis,Load_No_Load_Speed_45Hz,CWRU_12k + CWRU_48k + HUST_Gearbox + PU + UORED,Multi-Head DL (TABNET),0.525,0.49106696651674164,0.9064285714285715
UOEMD,Diagnosis,Load_No_Load_Speed_45Hz,CWRU_12k + CWRU_48k + HUST_Gearbox + PU + Mechanical_Gear,Multi-Head DL (TABNET),0.4875,0.4525862068965517,0.89125
UOEMD,Diagnosis,Load_No_Load_Speed_45Hz,CWRU_12k + CWRU_48k + HUST_Gearbox + PU + Electric_Motor,Multi-Head DL (TABNET),0.5875,0.5494644723093,0.88625
UOEMD,Diagnosis,Load_No_Load_Speed_45Hz,CWRU_12k + CWRU_48k + HUST_Gearbox + UORED + Mechanical_Gear,Multi-Head DL (TABNET),0.625,0.5095965530748139,0.9505357142857143
UOEMD,Diagnosis,Load_No_Load_Speed_45Hz,CWRU_12k + CWRU_48k + HUST_Gearbox + UORED + Electric_Motor,Multi-Head DL (TABNET),0.6,0.5041125541125541,0.9305357142857142
UOEMD,Diagnosis,Load_No_Load_Speed_45Hz,CWRU_12k + CWRU_48k + HUST_Gearbox + Mechanical_Gear + Electric_Motor,Multi-Head DL (TABNET),0.6875,0.6292311237864776,0.9548214285714286
UOEMD,Diagnosis,Load_No_Load_Speed_45Hz,CWRU_12k + CWRU_48k + HUST + PU + UORED,Multi-Head DL (TABNET),0.5125,0.4779485257371314,0.8469642857142857
UOEMD,Diagnosis,Load_No_Load_Speed_45Hz,CWRU_12k + CWRU_48k + HUST + PU + Mechanical_Gear,Multi-Head DL (TABNET),0.6375,0.6123459873459873,0.9367857142857143
UOEMD,Diagnosis,Load_No_Load_Speed_45Hz,CWRU_12k + CWRU_48k + HUST + PU + Electric_Motor,Multi-Head DL (TABNET),0.5375,0.486244019138756,0.8539285714285714
UOEMD,Diagnosis,Load_No_Load_Speed_45Hz,CWRU_12k + CWRU_48k + HUST + UORED + Mechanical_Gear,Multi-Head DL (TABNET),0.625,0.578125,0.9591071428571428
UOEMD,Diagnosis,Load_No_Load_Speed_45Hz,CWRU_12k + CWRU_48k + HUST + UORED + Electric_Motor,Multi-Head DL (TABNET),0.3875,0.31985294117647056,0.8223214285714286
UOEMD,Diagnosis,Load_No_Load_Speed_45Hz,CWRU_12k + CWRU_48k + HUST + Mechanical_Gear + Electric_Motor,Multi-Head DL (TABNET),0.5875,0.49186281706333224,0.9358928571428572
UOEMD,Diagnosis,Load_No_Load_Speed_45Hz,CWRU_12k + CWRU_48k + PU + UORED + Mechanical_Gear,Multi-Head DL (TABNET),0.4375,0.40406976744186046,0.8442857142857143
UOEMD,Diagnosis,Load_No_Load_Speed_45Hz,CWRU_12k + CWRU_48k + PU + UORED + Electric_Motor,Multi-Head DL (TABNET),0.65,0.5962765304870569,0.9530357142857142
UOEMD,Diagnosis,Load_No_Load_Speed_45Hz,CWRU_12k + CWRU_48k + PU + Mechanical_Gear + Electric_Motor,Multi-Head DL (TABNET),0.55,0.4921299964403413,0.9226785714285715
UOEMD,Diagnosis,Load_No_Load_Speed_45Hz,CWRU_12k + CWRU_48k + UORED + Mechanical_Gear + Electric_Motor,Multi-Head DL (TABNET),0.5,0.5,0.8755357142857143
UOEMD,Diagnosis,Load_No_Load_Speed_45Hz,CWRU_12k + HUST_Gearbox + HUST + PU + UORED,Multi-Head DL (TABNET),0.55,0.47101449275362317,0.8382142857142857
UOEMD,Diagnosis,Load_No_Load_Speed_45Hz,CWRU_12k + HUST_Gearbox + HUST + PU + Mechanical_Gear,Multi-Head DL (TABNET),0.625,0.5208333333333333,0.9416071428571429
UOEMD,Diagnosis,Load_No_Load_Speed_45Hz,CWRU_12k + HUST_Gearbox + HUST + PU + Electric_Motor,Multi-Head DL (TABNET),0.6,0.5109649122807017,0.82125
UOEMD,Diagnosis,Load_No_Load_Speed_45Hz,CWRU_12k + HUST_Gearbox + HUST + UORED + Mechanical_Gear,Multi-Head DL (TABNET),0.7,0.6354166666666667,0.9346428571428571
UOEMD,Diagnosis,Load_No_Load_Speed_45Hz,CWRU_12k + HUST_Gearbox + HUST + UORED + Electric_Motor,Multi-Head DL (TABNET),0.625,0.5224358974358974,0.8657142857142857
UOEMD,Diagnosis,Load_No_Load_Speed_45Hz,CWRU_12k + HUST_Gearbox + HUST + Mechanical_Gear + Electric_Motor,Multi-Head DL (TABNET),0.6375,0.5463344882582633,0.9335714285714285
UOEMD,Diagnosis,Load_No_Load_Speed_45Hz,CWRU_12k + HUST_Gearbox + PU + UORED + Mechanical_Gear,Multi-Head DL (TABNET),0.575,0.4918336771785048,0.9303571428571429
UOEMD,Diagnosis,Load_No_Load_Speed_45Hz,CWRU_12k + HUST_Gearbox + PU + UORED + Electric_Motor,Multi-Head DL (TABNET),0.6125,0.5142543859649122,0.9491071428571429
UOEMD,Diagnosis,Load_No_Load_Speed_45Hz,CWRU_12k + HUST_Gearbox + PU + Mechanical_Gear + Electric_Motor,Multi-Head DL (TABNET),0.55,0.49107142857142855,0.8639285714285714
UOEMD,Diagnosis,Load_No_Load_Speed_45Hz,CWRU_12k + HUST_Gearbox + UORED + Mechanical_Gear + Electric_Motor,Multi-Head DL (TABNET),0.6125,0.5608225108225108,0.9623214285714285
UOEMD,Diagnosis,Load_No_Load_Speed_45Hz,CWRU_12k + HUST + PU + UORED + Mechanical_Gear,Multi-Head DL (TABNET),0.3625,0.362468671679198,0.8841071428571429
UOEMD,Diagnosis,Load_No_Load_Speed_45Hz,CWRU_12k + HUST + PU + UORED + Electric_Motor,Multi-Head DL (TABNET),0.6,0.5873822881186135,0.9176785714285713
UOEMD,Diagnosis,Load_No_Load_Speed_45Hz,CWRU_12k + HUST + PU + Mechanical_Gear + Electric_Motor,Multi-Head DL (TABNET),0.425,0.3559782608695652,0.9394642857142858
UOEMD,Diagnosis,Load_No_Load_Speed_45Hz,CWRU_12k + HUST + UORED + Mechanical_Gear + Electric_Motor,Multi-Head DL (TABNET),0.625,0.5224358974358974,0.89625
UOEMD,Diagnosis,Load_No_Load_Speed_45Hz,CWRU_12k + PU + UORED + Mechanical_Gear + Electric_Motor,Multi-Head DL (TABNET),0.5125,0.46904761904761905,0.8628571428571428
UOEMD,Diagnosis,Load_No_Load_Speed_45Hz,CWRU_48k + HUST_Gearbox + HUST + PU + UORED,Multi-Head DL (TABNET),0.5,0.4260204081632653,0.9071428571428571
UOEMD,Diagnosis,Load_No_Load_Speed_45Hz,CWRU_48k + HUST_Gearbox + HUST + PU + Mechanical_Gear,Multi-Head DL (TABNET),0.7375,0.6573995472552348,0.95125
UOEMD,Diagnosis,Load_No_Load_Speed_45Hz,CWRU_48k + HUST_Gearbox + HUST + PU + Electric_Motor,Multi-Head DL (TABNET),0.4375,0.4169407894736842,0.83375
UOEMD,Diagnosis,Load_No_Load_Speed_45Hz,CWRU_48k + HUST_Gearbox + HUST + UORED + Mechanical_Gear,Multi-Head DL (TABNET),0.75,0.6762632197414806,0.9708928571428572
UOEMD,Diagnosis,Load_No_Load_Speed_45Hz,CWRU_48k + HUST_Gearbox + HUST + UORED + Electric_Motor,Multi-Head DL (TABNET),0.65,0.5793572984749455,0.9455357142857144
UOEMD,Diagnosis,Load_No_Load_Speed_45Hz,CWRU_48k + HUST_Gearbox + HUST + Mechanical_Gear + Electric_Motor,Multi-Head DL (TABNET),0.625,0.5069444444444444,0.9007142857142858
UOEMD,Diagnosis,Load_No_Load_Speed_45Hz,CWRU_48k + HUST_Gearbox + PU + UORED + Mechanical_Gear,Multi-Head DL (TABNET),0.7000000000000001,0.6513914747818432,0.9480357142857143
UOEMD,Diagnosis,Load_No_Load_Speed_45Hz,CWRU_48k + HUST_Gearbox + PU + UORED + Electric_Motor,Multi-Head DL (TABNET),0.4875,0.4292203723594701,0.8882142857142856
UOEMD,Diagnosis,Load_No_Load_Speed_45Hz,CWRU_48k + HUST_Gearbox + PU + Mechanical_Gear + Electric_Motor,Multi-Head DL (TABNET),0.5,0.4375,0.8475
UOEMD,Diagnosis,Load_No_Load_Speed_45Hz,CWRU_48k + HUST_Gearbox + UORED + Mechanical_Gear + Electric_Motor,Multi-Head DL (TABNET),0.5875,0.5161354346136955,0.9403571428571429
UOEMD,Diagnosis,Load_No_Load_Speed_45Hz,CWRU_48k + HUST + PU + UORED + Mechanical_Gear,Multi-Head DL (TABNET),0.6125,0.516025641025641,0.9085714285714286
UOEMD,Diagnosis,Load_No_Load_Speed_45Hz,CWRU_48k + HUST + PU + UORED + Electric_Motor,Multi-Head DL (TABNET),0.5,0.43543956043956045,0.8376785714285715
UOEMD,Diagnosis,Load_No_Load_Speed_45Hz,CWRU_48k + HUST + PU + Mechanical_Gear + Electric_Motor,Multi-Head DL (TABNET),0.525,0.46091269841269844,0.88125
UOEMD,Diagnosis,Load_No_Load_Speed_45Hz,CWRU_48k + HUST + UORED + Mechanical_Gear + Electric_Motor,Multi-Head DL (TABNET),0.6,0.49096880131362886,0.9728571428571429
UOEMD,Diagnosis,Load_No_Load_Speed_45Hz,CWRU_48k + PU + UORED + Mechanical_Gear + Electric_Motor,Multi-Head DL (TABNET),0.5,0.425,0.8316071428571429
UOEMD,Diagnosis,Load_No_Load_Speed_45Hz,HUST_Gearbox + HUST + PU + UORED + Mechanical_Gear,Multi-Head DL (TABNET),0.5625,0.49935897435897436,0.91875
UOEMD,Diagnosis,Load_No_Load_Speed_45Hz,HUST_Gearbox + HUST + PU + UORED + Electric_Motor,Multi-Head DL (TABNET),0.625,0.5225694444444444,0.9051785714285714
UOEMD,Diagnosis,Load_No_Load_Speed_45Hz,HUST_Gearbox + HUST + PU + Mechanical_Gear + Electric_Motor,Multi-Head DL (TABNET),0.47500000000000003,0.4532828282828283,0.8425
UOEMD,Diagnosis,Load_No_Load_Speed_45Hz,HUST_Gearbox + HUST + UORED + Mechanical_Gear + Electric_Motor,Multi-Head DL (TABNET),0.625,0.5127591706539074,0.9267857142857143
UOEMD,Diagnosis,Load_No_Load_Speed_45Hz,HUST_Gearbox + PU + UORED + Mechanical_Gear + Electric_Motor,Multi-Head DL (TABNET),0.625,0.5208333333333333,0.9439285714285715
UOEMD,Diagnosis,Load_No_Load_Speed_45Hz,HUST + PU + UORED + Mechanical_Gear + Electric_Motor,Multi-Head DL (TABNET),0.5125,0.4489435295886909,0.864642857142857
UOEMD,Diagnosis,Load_No_Load_Speed_45Hz,CWRU_12k + CWRU_48k + HUST_Gearbox + HUST + PU + UORED,Multi-Head DL (TABNET),0.4125,0.405,0.89875
UOEMD,Diagnosis,Load_No_Load_Speed_45Hz,CWRU_12k + CWRU_48k + HUST_Gearbox + HUST + PU + Mechanical_Gear,Multi-Head DL (TABNET),0.625,0.527073732718894,0.9075
UOEMD,Diagnosis,Load_No_Load_Speed_45Hz,CWRU_12k + CWRU_48k + HUST_Gearbox + HUST + PU + Electric_Motor,Multi-Head DL (TABNET),0.5,0.4391025641025641,0.9146428571428571
UOEMD,Diagnosis,Load_No_Load_Speed_45Hz,CWRU_12k + CWRU_48k + HUST_Gearbox + HUST + UORED + Mechanical_Gear,Multi-Head DL (TABNET),0.825,0.8020073903924898,0.9519642857142857
UOEMD,Diagnosis,Load_No_Load_Speed_45Hz,CWRU_12k + CWRU_48k + HUST_Gearbox + HUST + UORED + Electric_Motor,Multi-Head DL (TABNET),0.5125,0.43648178087302575,0.8808928571428571
UOEMD,Diagnosis,Load_No_Load_Speed_45Hz,CWRU_12k + CWRU_48k + HUST_Gearbox + HUST + Mechanical_Gear + Electric_Motor,Multi-Head DL (TABNET),0.4625,0.4779411764705882,0.8703571428571428
UOEMD,Diagnosis,Load_No_Load_Speed_45Hz,CWRU_12k + CWRU_48k + HUST_Gearbox + PU + UORED + Mechanical_Gear,Multi-Head DL (TABNET),0.7749999999999999,0.78125,0.96
UOEMD,Diagnosis,Load_No_Load_Speed_45Hz,CWRU_12k + CWRU_48k + HUST_Gearbox + PU + UORED + Electric_Motor,Multi-Head DL (TABNET),0.525,0.4472222222222222,0.9241071428571428
UOEMD,Diagnosis,Load_No_Load_Speed_45Hz,CWRU_12k + CWRU_48k + HUST_Gearbox + PU + Mechanical_Gear + Electric_Motor,Multi-Head DL (TABNET),0.625,0.5279720279720279,0.9082142857142858
UOEMD,Diagnosis,Load_No_Load_Speed_45Hz,CWRU_12k + CWRU_48k + HUST_Gearbox + UORED + Mechanical_Gear + Electric_Motor,Multi-Head DL (TABNET),0.6375,0.5364981128711106,0.9742857142857142
UOEMD,Diagnosis,Load_No_Load_Speed_45Hz,CWRU_12k + CWRU_48k + HUST + PU + UORED + Mechanical_Gear,Multi-Head DL (TABNET),0.4125,0.35650266971777267,0.8633928571428572
UOEMD,Diagnosis,Load_No_Load_Speed_45Hz,CWRU_12k + CWRU_48k + HUST + PU + UORED + Electric_Motor,Multi-Head DL (TABNET),0.525,0.4729959878516754,0.916607142857143
UOEMD,Diagnosis,Load_No_Load_Speed_45Hz,CWRU_12k + CWRU_48k + HUST + PU + Mechanical_Gear + Electric_Motor,Multi-Head DL (TABNET),0.5125,0.4401001540832049,0.87875
UOEMD,Diagnosis,Load_No_Load_Speed_45Hz,CWRU_12k + CWRU_48k + HUST + UORED + Mechanical_Gear + Electric_Motor,Multi-Head DL (TABNET),0.7,0.6550372142477405,0.9439285714285715
UOEMD,Diagnosis,Load_No_Load_Speed_45Hz,CWRU_12k + CWRU_48k + PU + UORED + Mechanical_Gear + Electric_Motor,Multi-Head DL (TABNET),0.5,0.425,0.8046428571428571
UOEMD,Diagnosis,Load_No_Load_Speed_45Hz,CWRU_12k + HUST_Gearbox + HUST + PU + UORED + Mechanical_Gear,Multi-Head DL (TABNET),0.4375,0.43324972129319955,0.8805357142857143
UOEMD,Diagnosis,Load_No_Load_Speed_45Hz,CWRU_12k + HUST_Gearbox + HUST + PU + UORED + Electric_Motor,Multi-Head DL (TABNET),0.5875,0.5866368286445013,0.9085714285714286
UOEMD,Diagnosis,Load_No_Load_Speed_45Hz,CWRU_12k + HUST_Gearbox + HUST + PU + Mechanical_Gear + Electric_Motor,Multi-Head DL (TABNET),0.525,0.5011502185415229,0.9023214285714285
UOEMD,Diagnosis,Load_No_Load_Speed_45Hz,CWRU_12k + HUST_Gearbox + HUST + UORED + Mechanical_Gear + Electric_Motor,Multi-Head DL (TABNET),0.55,0.47101449275362317,0.9801785714285715
UOEMD,Diagnosis,Load_No_Load_Speed_45Hz,CWRU_12k + HUST_Gearbox + PU + UORED + Mechanical_Gear + Electric_Motor,Multi-Head DL (TABNET),0.525,0.47748447204968947,0.8969642857142857
UOEMD,Diagnosis,Load_No_Load_Speed_45Hz,CWRU_12k + HUST + PU + UORED + Mechanical_Gear + Electric_Motor,Multi-Head DL (TABNET),0.5,0.39814814814814814,0.9567857142857144
UOEMD,Diagnosis,Load_No_Load_Speed_45Hz,CWRU_48k + HUST_Gearbox + HUST + PU + UORED + Mechanical_Gear,Multi-Head DL (TABNET),0.475,0.4091880341880342,0.8808928571428571
UOEMD,Diagnosis,Load_No_Load_Speed_45Hz,CWRU_48k + HUST_Gearbox + HUST + PU + UORED + Electric_Motor,Multi-Head DL (TABNET),0.6875,0.632703081232493,0.8846428571428571
UOEMD,Diagnosis,Load_No_Load_Speed_45Hz,CWRU_48k + HUST_Gearbox + HUST + PU + Mechanical_Gear + Electric_Motor,Multi-Head DL (TABNET),0.3875,0.2940879741727199,0.8003571428571429
UOEMD,Diagnosis,Load_No_Load_Speed_45Hz,CWRU_48k + HUST_Gearbox + HUST + UORED + Mechanical_Gear + Electric_Motor,Multi-Head DL (TABNET),0.625,0.5128205128205128,0.9351785714285714
UOEMD,Diagnosis,Load_No_Load_Speed_45Hz,CWRU_48k + HUST_Gearbox + PU + UORED + Mechanical_Gear + Electric_Motor,Multi-Head DL (TABNET),0.625,0.5208333333333333,0.9205357142857143
UOEMD,Diagnosis,Load_No_Load_Speed_45Hz,CWRU_48k + HUST + PU + UORED + Mechanical_Gear + Electric_Motor,Multi-Head DL (TABNET),0.4125,0.4326923076923077,0.8605357142857143
UOEMD,Diagnosis,Load_No_Load_Speed_45Hz,HUST_Gearbox + HUST + PU + UORED + Mechanical_Gear + Electric_Motor,Multi-Head DL (TABNET),0.6125,0.5463541666666667,0.88
UOEMD,Diagnosis,Load_No_Load_Speed_45Hz,CWRU_12k + CWRU_48k + HUST_Gearbox + HUST + PU + UORED + Mechanical_Gear,Multi-Head DL (TABNET),0.4625,0.49057192807192807,0.8748214285714285
UOEMD,Diagnosis,Load_No_Load_Speed_45Hz,CWRU_12k + CWRU_48k + HUST_Gearbox + HUST + PU + UORED + Electric_Motor,Multi-Head DL (TABNET),0.5875,0.49708110516934045,0.8960714285714286
UOEMD,Diagnosis,Load_No_Load_Speed_45Hz,CWRU_12k + CWRU_48k + HUST_Gearbox + HUST + PU + Mechanical_Gear + Electric_Motor,Multi-Head DL (TABNET),0.5,0.44471153846153844,0.8530357142857143
UOEMD,Diagnosis,Load_No_Load_Speed_45Hz,CWRU_12k + CWRU_48k + HUST_Gearbox + HUST + UORED + Mechanical_Gear + Electric_Motor,Multi-Head DL (TABNET),0.625,0.549501287001287,0.9303571428571429
UOEMD,Diagnosis,Load_No_Load_Speed_45Hz,CWRU_12k + CWRU_48k + HUST_Gearbox + PU + UORED + Mechanical_Gear + Electric_Motor,Multi-Head DL (TABNET),0.625,0.5527753496503497,0.8971428571428572
UOEMD,Diagnosis,Load_No_Load_Speed_45Hz,CWRU_12k + CWRU_48k + HUST + PU + UORED + Mechanical_Gear + Electric_Motor,Multi-Head DL (TABNET),0.5375,0.4970862470862471,0.87875
UOEMD,Diagnosis,Load_No_Load_Speed_45Hz,CWRU_12k + HUST_Gearbox + HUST + PU + UORED + Mechanical_Gear + Electric_Motor,Multi-Head DL (TABNET),0.5375,0.5187590187590188,0.9192857142857143
UOEMD,Diagnosis,Load_No_Load_Speed_45Hz,CWRU_48k + HUST_Gearbox + HUST + PU + UORED + Mechanical_Gear + Electric_Motor,Multi-Head DL (TABNET),0.55,0.5315126050420168,0.9069642857142858
UOEMD,Diagnosis,Load_No_Load_Speed_45Hz,CWRU_12k + CWRU_48k + HUST_Gearbox + HUST + PU + UORED + Mechanical_Gear + Electric_Motor,Multi-Head DL (TABNET),0.48750000000000004,0.473982098982099,0.8894642857142858
UOEMD,Diagnosis,Load_No_Load_Speed_60Hz,CWRU_12k,Multi-Head DL (TABNET),0.5625,0.5301536874117518,0.9317857142857142
UOEMD,Diagnosis,Load_No_Load_Speed_60Hz,CWRU_48k,Multi-Head DL (TABNET),0.6625000000000001,0.5983210730493339,0.9660714285714286
UOEMD,Diagnosis,Load_No_Load_Speed_60Hz,HUST_Gearbox,Multi-Head DL (TABNET),0.5625,0.48333333333333334,0.906607142857143
UOEMD,Diagnosis,Load_No_Load_Speed_60Hz,HUST,Multi-Head DL (TABNET),0.7125,0.6318438003220612,0.9757142857142856
UOEMD,Diagnosis,Load_No_Load_Speed_60Hz,PU,Multi-Head DL (TABNET),0.55,0.5107256778309409,0.86
UOEMD,Diagnosis,Load_No_Load_Speed_60Hz,UORED,Multi-Head DL (TABNET),0.75,0.7033569500674763,0.9282142857142858
UOEMD,Diagnosis,Load_No_Load_Speed_60Hz,Mechanical_Gear,Multi-Head DL (TABNET),0.7375,0.6958020050125313,0.9783928571428571
UOEMD,Diagnosis,Load_No_Load_Speed_60Hz,Electric_Motor,Multi-Head DL (TABNET),0.675,0.6259157509157509,0.97375
UOEMD,Diagnosis,Load_No_Load_Speed_60Hz,CWRU_12k + CWRU_48k,Multi-Head DL (TABNET),0.675,0.6355904839787898,0.9664285714285714
UOEMD,Diagnosis,Load_No_Load_Speed_60Hz,CWRU_12k + HUST_Gearbox,Multi-Head DL (TABNET),0.7625,0.7219828805885682,0.9810714285714286
UOEMD,Diagnosis,Load_No_Load_Speed_60Hz,CWRU_12k + HUST,Multi-Head DL (TABNET),0.5,0.5,0.8919642857142858
UOEMD,Diagnosis,Load_No_Load_Speed_60Hz,CWRU_12k + PU,Multi-Head DL (TABNET),0.6625,0.5893874643874644,0.9337500000000001
UOEMD,Diagnosis,Load_No_Load_Speed_60Hz,CWRU_12k + UORED,Multi-Head DL (TABNET),0.5875,0.530053050397878,0.9598214285714286
UOEMD,Diagnosis,Load_No_Load_Speed_60Hz,CWRU_12k + Mechanical_Gear,Multi-Head DL (TABNET),0.7250000000000001,0.6914460539460539,0.97375
UOEMD,Diagnosis,Load_No_Load_Speed_60Hz,CWRU_12k + Electric_Motor,Multi-Head DL (TABNET),0.6625,0.5795783926218709,0.8985714285714286
UOEMD,Diagnosis,Load_No_Load_Speed_60Hz,CWRU_48k + HUST_Gearbox,Multi-Head DL (TABNET),0.7875,0.7554179566563468,0.9794642857142857
UOEMD,Diagnosis,Load_No_Load_Speed_60Hz,CWRU_48k + HUST,Multi-Head DL (TABNET),0.7375,0.6794628479411089,0.985
UOEMD,Diagnosis,Load_No_Load_Speed_60Hz,CWRU_48k + PU,Multi-Head DL (TABNET),0.6375,0.5571603641456583,0.9889285714285714
UOEMD,Diagnosis,Load_No_Load_Speed_60Hz,CWRU_48k + UORED,Multi-Head DL (TABNET),0.8,0.761527514231499,0.9803571428571429
UOEMD,Diagnosis,Load_No_Load_Speed_60Hz,CWRU_48k + Mechanical_Gear,Multi-Head DL (TABNET),0.65,0.6041666666666666,0.8769642857142858
UOEMD,Diagnosis,Load_No_Load_Speed_60Hz,CWRU_48k + Electric_Motor,Multi-Head DL (TABNET),0.7375,0.6958020050125313,0.927142857142857
UOEMD,Diagnosis,Load_No_Load_Speed_60Hz,HUST_Gearbox + HUST,Multi-Head DL (TABNET),0.7,0.6434985632183907,0.9658928571428571
UOEMD,Diagnosis,Load_No_Load_Speed_60Hz,HUST_Gearbox + PU,Multi-Head DL (TABNET),0.9875,0.9874686716791979,0.9975
UOEMD,Diagnosis,Load_No_Load_Speed_60Hz,HUST_Gearbox + UORED,Multi-Head DL (TABNET),0.6375,0.5757609836557205,0.9632142857142858
UOEMD,Diagnosis,Load_No_Load_Speed_60Hz,HUST_Gearbox + Mechanical_Gear,Multi-Head DL (TABNET),0.5875,0.5135869565217391,0.9355357142857144
UOEMD,Diagnosis,Load_No_Load_Speed_60Hz,HUST_Gearbox + Electric_Motor,Multi-Head DL (TABNET),0.5625,0.526034151034151,0.9310714285714285
UOEMD,Diagnosis,Load_No_Load_Speed_60Hz,HUST + PU,Multi-Head DL (TABNET),0.7375,0.6748821102269378,0.90875
UOEMD,Diagnosis,Load_No_Load_Speed_60Hz,HUST + UORED,Multi-Head DL (TABNET),0.675,0.650686534560774,0.9280357142857143
UOEMD,Diagnosis,Load_No_Load_Speed_60Hz,HUST + Mechanical_Gear,Multi-Head DL (TABNET),0.725,0.6457313681868743,0.9819642857142858
UOEMD,Diagnosis,Load_No_Load_Speed_60Hz,HUST + Electric_Motor,Multi-Head DL (TABNET),0.75,0.6674107142857143,0.9146428571428571
UOEMD,Diagnosis,Load_No_Load_Speed_60Hz,PU + UORED,Multi-Head DL (TABNET),0.75,0.7083333333333333,0.9417857142857142
UOEMD,Diagnosis,Load_No_Load_Speed_60Hz,PU + Mechanical_Gear,Multi-Head DL (TABNET),0.625,0.5527753496503496,0.9494642857142856
UOEMD,Diagnosis,Load_No_Load_Speed_60Hz,PU + Electric_Motor,Multi-Head DL (TABNET),0.575,0.5022626545192468,0.9312499999999999
UOEMD,Diagnosis,Load_No_Load_Speed_60Hz,UORED + Mechanical_Gear,Multi-Head DL (TABNET),0.775,0.7282967032967034,0.9526785714285715
UOEMD,Diagnosis,Load_No_Load_Speed_60Hz,UORED + Electric_Motor,Multi-Head DL (TABNET),0.575,0.5300751879699248,0.9028571428571428
UOEMD,Diagnosis,Load_No_Load_Speed_60Hz,Mechanical_Gear + Electric_Motor,Multi-Head DL (TABNET),0.625,0.5291745730550285,0.9289285714285715
UOEMD,Diagnosis,Load_No_Load_Speed_60Hz,CWRU_12k + CWRU_48k + HUST_Gearbox,Multi-Head DL (TABNET),0.75,0.6666666666666666,0.9798214285714286
UOEMD,Diagnosis,Load_No_Load_Speed_60Hz,CWRU_12k + CWRU_48k + HUST,Multi-Head DL (TABNET),0.625,0.5416666666666666,0.9583928571428572
UOEMD,Diagnosis,Load_No_Load_Speed_60Hz,CWRU_12k + CWRU_48k + PU,Multi-Head DL (TABNET),0.65,0.5867725074114527,0.9632142857142858
UOEMD,Diagnosis,Load_No_Load_Speed_60Hz,CWRU_12k + CWRU_48k + UORED,Multi-Head DL (TABNET),0.85,0.8080808080808081,0.9917857142857143
UOEMD,Diagnosis,Load_No_Load_Speed_60Hz,CWRU_12k + CWRU_48k + Mechanical_Gear,Multi-Head DL (TABNET),0.6,0.5382996632996633,0.9385714285714286
UOEMD,Diagnosis,Load_No_Load_Speed_60Hz,CWRU_12k + CWRU_48k + Electric_Motor,Multi-Head DL (TABNET),0.875,0.8619217289294016,0.9992857142857143
UOEMD,Diagnosis,Load_No_Load_Speed_60Hz,CWRU_12k + HUST_Gearbox + HUST,Multi-Head DL (TABNET),0.7625,0.7235449735449736,0.9542857142857143
UOEMD,Diagnosis,Load_No_Load_Speed_60Hz,CWRU_12k + HUST_Gearbox + PU,Multi-Head DL (TABNET),0.625,0.5464285714285714,0.9241071428571429
UOEMD,Diagnosis,Load_No_Load_Speed_60Hz,CWRU_12k + HUST_Gearbox + UORED,Multi-Head DL (TABNET),0.75,0.7083333333333333,0.9776785714285714
UOEMD,Diagnosis,Load_No_Load_Speed_60Hz,CWRU_12k + HUST_Gearbox + Mechanical_Gear,Multi-Head DL (TABNET),0.7,0.6607789855072463,0.9639285714285715
UOEMD,Diagnosis,Load_No_Load_Speed_60Hz,CWRU_12k + HUST_Gearbox + Electric_Motor,Multi-Head DL (TABNET),0.6125,0.544016290726817,0.9442857142857144
UOEMD,Diagnosis,Load_No_Load_Speed_60Hz,CWRU_12k + HUST + PU,Multi-Head DL (TABNET),0.725,0.6574446362677246,0.9496428571428572
UOEMD,Diagnosis,Load_No_Load_Speed_60Hz,CWRU_12k + HUST + UORED,Multi-Head DL (TABNET),0.55,0.4742063492063492,0.9696428571428571
UOEMD,Diagnosis,Load_No_Load_Speed_60Hz,CWRU_12k + HUST + Mechanical_Gear,Multi-Head DL (TABNET),0.7625,0.6926581483033096,0.9994642857142857
UOEMD,Diagnosis,Load_No_Load_Speed_60Hz,CWRU_12k + HUST + Electric_Motor,Multi-Head DL (TABNET),0.5125,0.4618298368298368,0.9171428571428573
UOEMD,Diagnosis,Load_No_Load_Speed_60Hz,CWRU_12k + PU + UORED,Multi-Head DL (TABNET),0.6125,0.5716338259441708,0.9505357142857144
UOEMD,Diagnosis,Load_No_Load_Speed_60Hz,CWRU_12k + PU + Mechanical_Gear,Multi-Head DL (TABNET),0.775,0.722485092040446,0.9425000000000001
UOEMD,Diagnosis,Load_No_Load_Speed_60Hz,CWRU_12k + PU + Electric_Motor,Multi-Head DL (TABNET),0.425,0.35416666666666663,0.8241071428571428
UOEMD,Diagnosis,Load_No_Load_Speed_60Hz,CWRU_12k + UORED + Mechanical_Gear,Multi-Head DL (TABNET),0.7250000000000001,0.7010905760905761,0.9635714285714285
UOEMD,Diagnosis,Load_No_Load_Speed_60Hz,CWRU_12k + UORED + Electric_Motor,Multi-Head DL (TABNET),0.675,0.6252280605728882,0.9744642857142858
UOEMD,Diagnosis,Load_No_Load_Speed_60Hz,CWRU_12k + Mechanical_Gear + Electric_Motor,Multi-Head DL (TABNET),0.6125,0.5629385964912281,0.9583928571428572
UOEMD,Diagnosis,Load_No_Load_Speed_60Hz,CWRU_48k + HUST_Gearbox + HUST,Multi-Head DL (TABNET),0.6375,0.5613114955220218,0.9335714285714285
UOEMD,Diagnosis,Load_No_Load_Speed_60Hz,CWRU_48k + HUST_Gearbox + PU,Multi-Head DL (TABNET),0.5875,0.5311118479221928,0.8901785714285715
UOEMD,Diagnosis,Load_No_Load_Speed_60Hz,CWRU_48k + HUST_Gearbox + UORED,Multi-Head DL (TABNET),0.6125,0.5332313681868743,0.9396428571428571
UOEMD,Diagnosis,Load_No_Load_Speed_60Hz,CWRU_48k + HUST_Gearbox + Mechanical_Gear,Multi-Head DL (TABNET),0.65,0.6254612825166364,0.9664285714285714
UOEMD,Diagnosis,Load_No_Load_Speed_60Hz,CWRU_48k + HUST_Gearbox + Electric_Motor,Multi-Head DL (TABNET),0.8125,0.8042929292929293,0.9739285714285715
UOEMD,Diagnosis,Load_No_Load_Speed_60Hz,CWRU_48k + HUST + PU,Multi-Head DL (TABNET),0.6,0.5621882809382809,0.9594642857142857
UOEMD,Diagnosis,Load_No_Load_Speed_60Hz,CWRU_48k + HUST + UORED,Multi-Head DL (TABNET),0.7124999999999999,0.6856183818446902,0.9633928571428572
UOEMD,Diagnosis,Load_No_Load_Speed_60Hz,CWRU_48k + HUST + Mechanical_Gear,Multi-Head DL (TABNET),0.8125,0.7797619047619048,0.9873214285714286
UOEMD,Diagnosis,Load_No_Load_Speed_60Hz,CWRU_48k + HUST + Electric_Motor,Multi-Head DL (TABNET),0.75,0.6900862068965516,0.9641071428571428
UOEMD,Diagnosis,Load_No_Load_Speed_60Hz,CWRU_48k + PU + UORED,Multi-Head DL (TABNET),0.46249999999999997,0.4444755680049798,0.9108928571428572
UOEMD,Diagnosis,Load_No_Load_Speed_60Hz,CWRU_48k + PU + Mechanical_Gear,Multi-Head DL (TABNET),0.5,0.43257575757575756,0.8310714285714286
UOEMD,Diagnosis,Load_No_Load_Speed_60Hz,CWRU_48k + PU + Electric_Motor,Multi-Head DL (TABNET),0.65,0.5847727980080921,0.9564285714285714
UOEMD,Diagnosis,Load_No_Load_Speed_60Hz,CWRU_48k + UORED + Mechanical_Gear,Multi-Head DL (TABNET),0.7625,0.7442944986048434,0.9839285714285714
UOEMD,Diagnosis,Load_No_Load_Speed_60Hz,CWRU_48k + UORED + Electric_Motor,Multi-Head DL (TABNET),0.65,0.6495970695970696,0.9414285714285715
UOEMD,Diagnosis,Load_No_Load_Speed_60Hz,CWRU_48k + Mechanical_Gear + Electric_Motor,Multi-Head DL (TABNET),0.625,0.5708472561920838,0.9508928571428571
UOEMD,Diagnosis,Load_No_Load_Speed_60Hz,HUST_Gearbox + HUST + PU,Multi-Head DL (TABNET),0.625,0.5208333333333333,0.9755357142857143
UOEMD,Diagnosis,Load_No_Load_Speed_60Hz,HUST_Gearbox + HUST + UORED,Multi-Head DL (TABNET),0.7250000000000001,0.6688804554079696,0.96125
UOEMD,Diagnosis,Load_No_Load_Speed_60Hz,HUST_Gearbox + HUST + Mechanical_Gear,Multi-Head DL (TABNET),0.7375,0.7053975436328377,0.9653571428571428
UOEMD,Diagnosis,Load_No_Load_Speed_60Hz,HUST_Gearbox + HUST + Electric_Motor,Multi-Head DL (TABNET),0.6375,0.6041666666666667,0.9491071428571428
UOEMD,Diagnosis,Load_No_Load_Speed_60Hz,HUST_Gearbox + PU + UORED,Multi-Head DL (TABNET),0.6625,0.6151960784313726,0.9348214285714285
UOEMD,Diagnosis,Load_No_Load_Speed_60Hz,HUST_Gearbox + PU + Mechanical_Gear,Multi-Head DL (TABNET),0.7,0.6437728937728937,0.97375
UOEMD,Diagnosis,Load_No_Load_Speed_60Hz,HUST_Gearbox + PU + Electric_Motor,Multi-Head DL (TABNET),0.6,0.4909688013136289,0.9083928571428571
UOEMD,Diagnosis,Load_No_Load_Speed_60Hz,HUST_Gearbox + UORED + Mechanical_Gear,Multi-Head DL (TABNET),0.8625,0.8208020050125313,0.9883928571428571
UOEMD,Diagnosis,Load_No_Load_Speed_60Hz,HUST_Gearbox + UORED + Electric_Motor,Multi-Head DL (TABNET),0.675,0.6201106083459025,0.8860714285714286
UOEMD,Diagnosis,Load_No_Load_Speed_60Hz,HUST_Gearbox + Mechanical_Gear + Electric_Motor,Multi-Head DL (TABNET),0.7375,0.6619696969696969,0.9646428571428571
UOEMD,Diagnosis,Load_No_Load_Speed_60Hz,HUST + PU + UORED,Multi-Head DL (TABNET),0.5875,0.5223809523809524,0.92625
UOEMD,Diagnosis,Load_No_Load_Speed_60Hz,HUST + PU + Mechanical_Gear,Multi-Head DL (TABNET),0.7125,0.6758984549932826,0.9235714285714286
UOEMD,Diagnosis,Load_No_Load_Speed_60Hz,HUST + PU + Electric_Motor,Multi-Head DL (TABNET),0.575,0.4951923076923077,0.8026785714285715
UOEMD,Diagnosis,Load_No_Load_Speed_60Hz,HUST + UORED + Mechanical_Gear,Multi-Head DL (TABNET),0.6375,0.5468050468050468,0.9733928571428572
UOEMD,Diagnosis,Load_No_Load_Speed_60Hz,HUST + UORED + Electric_Motor,Multi-Head DL (TABNET),0.75,0.6666666666666666,0.9689285714285714
UOEMD,Diagnosis,Load_No_Load_Speed_60Hz,HUST + Mechanical_Gear + Electric_Motor,Multi-Head DL (TABNET),0.7875000000000001,0.7661627588098177,0.9796428571428571
UOEMD,Diagnosis,Load_No_Load_Speed_60Hz,PU + UORED + Mechanical_Gear,Multi-Head DL (TABNET),0.6875,0.6209463051568314,0.9467857142857143
UOEMD,Diagnosis,Load_No_Load_Speed_60Hz,PU + UORED + Electric_Motor,Multi-Head DL (TABNET),0.6375,0.6225066909054183,0.9516071428571429
UOEMD,Diagnosis,Load_No_Load_Speed_60Hz,PU + Mechanical_Gear + Electric_Motor,Multi-Head DL (TABNET),0.5875,0.5543478260869565,0.9453571428571429
UOEMD,Diagnosis,Load_No_Load_Speed_60Hz,UORED + Mechanical_Gear + Electric_Motor,Multi-Head DL (TABNET),0.65,0.596349409328949,0.9019642857142858
UOEMD,Diagnosis,Load_No_Load_Speed_60Hz,CWRU_12k + CWRU_48k + HUST_Gearbox + HUST,Multi-Head DL (TABNET),0.6375,0.5967934866491742,0.8846428571428572
UOEMD,Diagnosis,Load_No_Load_Speed_60Hz,CWRU_12k + CWRU_48k + HUST_Gearbox + PU,Multi-Head DL (TABNET),0.75,0.6990914786967418,0.9071428571428571
UOEMD,Diagnosis,Load_No_Load_Speed_60Hz,CWRU_12k + CWRU_48k + HUST_Gearbox + UORED,Multi-Head DL (TABNET),0.6125,0.5091338259441708,0.9785714285714285
UOEMD,Diagnosis,Load_No_Load_Speed_60Hz,CWRU_12k + CWRU_48k + HUST_Gearbox + Mechanical_Gear,Multi-Head DL (TABNET),0.5375,0.45859320859320857,0.969107142857143
UOEMD,Diagnosis,Load_No_Load_Speed_60Hz,CWRU_12k + CWRU_48k + HUST_Gearbox + Electric_Motor,Multi-Head DL (TABNET),0.55,0.4672619047619047,0.8403571428571429
UOEMD,Diagnosis,Load_No_Load_Speed_60Hz,CWRU_12k + CWRU_48k + HUST + PU,Multi-Head DL (TABNET),0.575,0.53125,0.9282142857142857
UOEMD,Diagnosis,Load_No_Load_Speed_60Hz,CWRU_12k + CWRU_48k + HUST + UORED,Multi-Head DL (TABNET),0.7125,0.6998106060606061,0.9516071428571429
UOEMD,Diagnosis,Load_No_Load_Speed_60Hz,CWRU_12k + CWRU_48k + HUST + Mechanical_Gear,Multi-Head DL (TABNET),0.95,0.9492615227909346,0.99
UOEMD,Diagnosis,Load_No_Load_Speed_60Hz,CWRU_12k + CWRU_48k + HUST + Electric_Motor,Multi-Head DL (TABNET),0.8125,0.7824779387279387,0.9944642857142858
UOEMD,Diagnosis,Load_No_Load_Speed_60Hz,CWRU_12k + CWRU_48k + PU + UORED,Multi-Head DL (TABNET),0.6375,0.5942361111111111,0.9201785714285715
UOEMD,Diagnosis,Load_No_Load_Speed_60Hz,CWRU_12k + CWRU_48k + PU + Mechanical_Gear,Multi-Head DL (TABNET),0.6125,0.5369943676395289,0.9696428571428571
UOEMD,Diagnosis,Load_No_Load_Speed_60Hz,CWRU_12k + CWRU_48k + PU + Electric_Motor,Multi-Head DL (TABNET),0.6875,0.6240705128205128,0.9348214285714286
UOEMD,Diagnosis,Load_No_Load_Speed_60Hz,CWRU_12k + CWRU_48k + UORED + Mechanical_Gear,Multi-Head DL (TABNET),0.7,0.6756661639014581,0.9396428571428571
UOEMD,Diagnosis,Load_No_Load_Speed_60Hz,CWRU_12k + CWRU_48k + UORED + Electric_Motor,Multi-Head DL (TABNET),0.8625,0.8423266045548654,0.9823214285714286
UOEMD,Diagnosis,Load_No_Load_Speed_60Hz,CWRU_12k + CWRU_48k + Mechanical_Gear + Electric_Motor,Multi-Head DL (TABNET),0.4375,0.3531914893617021,0.9285714285714286
UOEMD,Diagnosis,Load_No_Load_Speed_60Hz,CWRU_12k + HUST_Gearbox + HUST + PU,Multi-Head DL (TABNET),0.5,0.47260542661000327,0.9423214285714285
UOEMD,Diagnosis,Load_No_Load_Speed_60Hz,CWRU_12k + HUST_Gearbox + HUST + UORED,Multi-Head DL (TABNET),0.825,0.7793560606060606,0.9621428571428572
UOEMD,Diagnosis,Load_No_Load_Speed_60Hz,CWRU_12k + HUST_Gearbox + HUST + Mechanical_Gear,Multi-Head DL (TABNET),0.725,0.6692612942612943,0.9442857142857143
UOEMD,Diagnosis,Load_No_Load_Speed_60Hz,CWRU_12k + HUST_Gearbox + HUST + Electric_Motor,Multi-Head DL (TABNET),0.725,0.6495535714285714,0.9496428571428572
UOEMD,Diagnosis,Load_No_Load_Speed_60Hz,CWRU_12k + HUST_Gearbox + PU + UORED,Multi-Head DL (TABNET),0.6,0.5580808080808081,0.9344642857142857
UOEMD,Diagnosis,Load_No_Load_Speed_60Hz,CWRU_12k + HUST_Gearbox + PU + Mechanical_Gear,Multi-Head DL (TABNET),0.41250000000000003,0.3531037414965986,0.9216071428571428
UOEMD,Diagnosis,Load_No_Load_Speed_60Hz,CWRU_12k + HUST_Gearbox + PU + Electric_Motor,Multi-Head DL (TABNET),0.65,0.6036682615629984,0.9330357142857143
UOEMD,Diagnosis,Load_No_Load_Speed_60Hz,CWRU_12k + HUST_Gearbox + UORED + Mechanical_Gear,Multi-Head DL (TABNET),0.7124999999999999,0.6778711484593838,0.9753571428571428
UOEMD,Diagnosis,Load_No_Load_Speed_60Hz,CWRU_12k + HUST_Gearbox + UORED + Electric_Motor,Multi-Head DL (TABNET),0.5875,0.49344155844155835,0.9267857142857143
UOEMD,Diagnosis,Load_No_Load_Speed_60Hz,CWRU_12k + HUST_Gearbox + Mechanical_Gear + Electric_Motor,Multi-Head DL (TABNET),0.85,0.8080808080808081,0.9844642857142858
UOEMD,Diagnosis,Load_No_Load_Speed_60Hz,CWRU_12k + HUST + PU + UORED,Multi-Head DL (TABNET),0.8125,0.7893318965517242,0.9757142857142858
UOEMD,Diagnosis,Load_No_Load_Speed_60Hz,CWRU_12k + HUST + PU + Mechanical_Gear,Multi-Head DL (TABNET),0.8125,0.7666666666666666,0.9826785714285715
UOEMD,Diagnosis,Load_No_Load_Speed_60Hz,CWRU_12k + HUST + PU + Electric_Motor,Multi-Head DL (TABNET),0.8625,0.8657472558401351,0.9730357142857142
UOEMD,Diagnosis,Load_No_Load_Speed_60Hz,CWRU_12k + HUST + UORED + Mechanical_Gear,Multi-Head DL (TABNET),0.55,0.4956597222222222,0.94625
UOEMD,Diagnosis,Load_No_Load_Speed_60Hz,CWRU_12k + HUST + UORED + Electric_Motor,Multi-Head DL (TABNET),0.875,0.8333333333333333,0.9791071428571428
UOEMD,Diagnosis,Load_No_Load_Speed_60Hz,CWRU_12k + HUST + Mechanical_Gear + Electric_Motor,Multi-Head DL (TABNET),0.75,0.6666666666666666,0.9237500000000001
UOEMD,Diagnosis,Load_No_Load_Speed_60Hz,CWRU_12k + PU + UORED + Mechanical_Gear,Multi-Head DL (TABNET),0.6625,0.6214285714285714,0.9291071428571429
UOEMD,Diagnosis,Load_No_Load_Speed_60Hz,CWRU_12k + PU + UORED + Electric_Motor,Multi-Head DL (TABNET),0.7375,0.6577529491833031,0.9717857142857143
UOEMD,Diagnosis,Load_No_Load_Speed_60Hz,CWRU_12k + PU + Mechanical_Gear + Electric_Motor,Multi-Head DL (TABNET),0.75,0.6875,0.8817857142857143
UOEMD,Diagnosis,Load_No_Load_Speed_60Hz,CWRU_12k + UORED + Mechanical_Gear + Electric_Motor,Multi-Head DL (TABNET),0.7749999999999999,0.7270392862498125,0.9396428571428572
UOEMD,Diagnosis,Load_No_Load_Speed_60Hz,CWRU_48k + HUST_Gearbox + HUST + PU,Multi-Head DL (TABNET),0.6625,0.5982061416844026,0.8467857142857143
UOEMD,Diagnosis,Load_No_Load_Speed_60Hz,CWRU_48k + HUST_Gearbox + HUST + UORED,Multi-Head DL (TABNET),0.85,0.8080808080808081,0.9614285714285715
UOEMD,Diagnosis,Load_No_Load_Speed_60Hz,CWRU_48k + HUST_Gearbox + HUST + Mechanical_Gear,Multi-Head DL (TABNET),0.5875,0.5587548416495784,0.9489285714285715
UOEMD,Diagnosis,Load_No_Load_Speed_60Hz,CWRU_48k + HUST_Gearbox + HUST + Electric_Motor,Multi-Head DL (TABNET),0.85,0.8037037037037037,0.9960714285714286
UOEMD,Diagnosis,Load_No_Load_Speed_60Hz,CWRU_48k + HUST_Gearbox + PU + UORED,Multi-Head DL (TABNET),0.45,0.412262642936985,0.9282142857142857
UOEMD,Diagnosis,Load_No_Load_Speed_60Hz,CWRU_48k + HUST_Gearbox + PU + Mechanical_Gear,Multi-Head DL (TABNET),0.725,0.7086530428635691,0.9883928571428572
UOEMD,Diagnosis,Load_No_Load_Speed_60Hz,CWRU_48k + HUST_Gearbox + PU + Electric_Motor,Multi-Head DL (TABNET),0.7124999999999999,0.6410087719298245,0.9846428571428572
UOEMD,Diagnosis,Load_No_Load_Speed_60Hz,CWRU_48k + HUST_Gearbox + UORED + Mechanical_Gear,Multi-Head DL (TABNET),0.7875000000000001,0.7571307369101486,0.9783928571428572
UOEMD,Diagnosis,Load_No_Load_Speed_60Hz,CWRU_48k + HUST_Gearbox + UORED + Electric_Motor,Multi-Head DL (TABNET),0.725,0.6791666666666667,0.9567857142857144
UOEMD,Diagnosis,Load_No_Load_Speed_60Hz,CWRU_48k + HUST_Gearbox + Mechanical_Gear + Electric_Motor,Multi-Head DL (TABNET),0.7375,0.7017543859649122,0.9501785714285714
UOEMD,Diagnosis,Load_No_Load_Speed_60Hz,CWRU_48k + HUST + PU + UORED,Multi-Head DL (TABNET),0.65,0.6074561403508771,0.9567857142857144
UOEMD,Diagnosis,Load_No_Load_Speed_60Hz,CWRU_48k + HUST + PU + Mechanical_Gear,Multi-Head DL (TABNET),0.4625,0.35795454545454547,0.8658928571428572
UOEMD,Diagnosis,Load_No_Load_Speed_60Hz,CWRU_48k + HUST + PU + Electric_Motor,Multi-Head DL (TABNET),0.55,0.4551282051282051,0.9023214285714285
UOEMD,Diagnosis,Load_No_Load_Speed_60Hz,CWRU_48k + HUST + UORED + Mechanical_Gear,Multi-Head DL (TABNET),0.75,0.6666666666666666,0.9451785714285714
UOEMD,Diagnosis,Load_No_Load_Speed_60Hz,CWRU_48k + HUST + UORED + Electric_Motor,Multi-Head DL (TABNET),0.625,0.5625,0.9557142857142857
UOEMD,Diagnosis,Load_No_Load_Speed_60Hz,CWRU_48k + HUST + Mechanical_Gear + Electric_Motor,Multi-Head DL (TABNET),0.7375,0.682664786487875,0.98375
UOEMD,Diagnosis,Load_No_Load_Speed_60Hz,CWRU_48k + PU + UORED + Mechanical_Gear,Multi-Head DL (TABNET),0.5375,0.4688538205980066,0.905892857142857
UOEMD,Diagnosis,Load_No_Load_Speed_60Hz,CWRU_48k + PU + UORED + Electric_Motor,Multi-Head DL (TABNET),0.7375,0.6793966623876765,0.9755357142857144
UOEMD,Diagnosis,Load_No_Load_Speed_60Hz,CWRU_48k + PU + Mechanical_Gear + Electric_Motor,Multi-Head DL (TABNET),0.5375,0.4822198275862069,0.9450000000000001
UOEMD,Diagnosis,Load_No_Load_Speed_60Hz,CWRU_48k + UORED + Mechanical_Gear + Electric_Motor,Multi-Head DL (TABNET),0.85,0.8142361111111112,0.9557142857142857
UOEMD,Diagnosis,Load_No_Load_Speed_60Hz,HUST_Gearbox + HUST + PU + UORED,Multi-Head DL (TABNET),0.5125,0.4160100165534948,0.9614285714285715
UOEMD,Diagnosis,Load_No_Load_Speed_60Hz,HUST_Gearbox + HUST + PU + Mechanical_Gear,Multi-Head DL (TABNET),0.7375,0.654967159277504,0.9710714285714286
UOEMD,Diagnosis,Load_No_Load_Speed_60Hz,HUST_Gearbox + HUST + PU + Electric_Motor,Multi-Head DL (TABNET),0.75,0.6666666666666666,0.9771428571428572
UOEMD,Diagnosis,Load_No_Load_Speed_60Hz,HUST_Gearbox + HUST + UORED + Mechanical_Gear,Multi-Head DL (TABNET),0.7,0.6256127450980392,0.9908928571428571
UOEMD,Diagnosis,Load_No_Load_Speed_60Hz,HUST_Gearbox + HUST + UORED + Electric_Motor,Multi-Head DL (TABNET),0.75,0.6875,0.9294642857142856
UOEMD,Diagnosis,Load_No_Load_Speed_60Hz,HUST_Gearbox + HUST + Mechanical_Gear + Electric_Motor,Multi-Head DL (TABNET),0.625,0.5416666666666666,0.8914285714285715
UOEMD,Diagnosis,Load_No_Load_Speed_60Hz,HUST_Gearbox + PU + UORED + Mechanical_Gear,Multi-Head DL (TABNET),0.5875,0.5580357142857143,0.8960714285714286
UOEMD,Diagnosis,Load_No_Load_Speed_60Hz,HUST_Gearbox + PU + UORED + Electric_Motor,Multi-Head DL (TABNET),0.5874999999999999,0.5105912605912606,0.9775
UOEMD,Diagnosis,Load_No_Load_Speed_60Hz,HUST_Gearbox + PU + Mechanical_Gear + Electric_Motor,Multi-Head DL (TABNET),0.5875,0.5056818181818181,0.9423214285714285
UOEMD,Diagnosis,Load_No_Load_Speed_60Hz,HUST_Gearbox + UORED + Mechanical_Gear + Electric_Motor,Multi-Head DL (TABNET),0.725,0.641820652173913,0.9530357142857143
UOEMD,Diagnosis,Load_No_Load_Speed_60Hz,HUST + PU + UORED + Mechanical_Gear,Multi-Head DL (TABNET),0.6,0.5801282051282051,0.9642857142857142
UOEMD,Diagnosis,Load_No_Load_Speed_60Hz,HUST + PU + UORED + Electric_Motor,Multi-Head DL (TABNET),0.6375,0.5980038480038481,0.9435714285714286
UOEMD,Diagnosis,Load_No_Load_Speed_60Hz,HUST + PU + Mechanical_Gear + Electric_Motor,Multi-Head DL (TABNET),0.7125,0.6573670137911624,0.9066071428571428
UOEMD,Diagnosis,Load_No_Load_Speed_60Hz,HUST + UORED + Mechanical_Gear + Electric_Motor,Multi-Head DL (TABNET),0.625,0.5225694444444444,0.8076785714285715
UOEMD,Diagnosis,Load_No_Load_Speed_60Hz,PU + UORED + Mechanical_Gear + Electric_Motor,Multi-Head DL (TABNET),0.65,0.5969696969696969,0.9628571428571429
UOEMD,Diagnosis,Load_No_Load_Speed_60Hz,CWRU_12k + CWRU_48k + HUST_Gearbox + HUST + PU,Multi-Head DL (TABNET),0.6,0.536587989427746,0.9625
UOEMD,Diagnosis,Load_No_Load_Speed_60Hz,CWRU_12k + CWRU_48k + HUST_Gearbox + HUST + UORED,Multi-Head DL (TABNET),0.4875,0.4407755499860763,0.9289285714285714
UOEMD,Diagnosis,Load_No_Load_Speed_60Hz,CWRU_12k + CWRU_48k + HUST_Gearbox + HUST + Mechanical_Gear,Multi-Head DL (TABNET),0.5375,0.4951923076923077,0.8367857142857144
UOEMD,Diagnosis,Load_No_Load_Speed_60Hz,CWRU_12k + CWRU_48k + HUST_Gearbox + HUST + Electric_Motor,Multi-Head DL (TABNET),0.7749999999999999,0.7325875171800469,0.9958928571428571
UOEMD,Diagnosis,Load_No_Load_Speed_60Hz,CWRU_12k + CWRU_48k + HUST_Gearbox + PU + UORED,Multi-Head DL (TABNET),0.6625000000000001,0.6203007518796992,0.9133928571428571
UOEMD,Diagnosis,Load_No_Load_Speed_60Hz,CWRU_12k + CWRU_48k + HUST_Gearbox + PU + Mechanical_Gear,Multi-Head DL (TABNET),0.725,0.680001990346818,0.9630357142857142
UOEMD,Diagnosis,Load_No_Load_Speed_60Hz,CWRU_12k + CWRU_48k + HUST_Gearbox + PU + Electric_Motor,Multi-Head DL (TABNET),0.6000000000000001,0.5264673257776706,0.9233928571428571
UOEMD,Diagnosis,Load_No_Load_Speed_60Hz,CWRU_12k + CWRU_48k + HUST_Gearbox + UORED + Mechanical_Gear,Multi-Head DL (TABNET),0.6875,0.6298494983277592,0.9403571428571429
UOEMD,Diagnosis,Load_No_Load_Speed_60Hz,CWRU_12k + CWRU_48k + HUST_Gearbox + UORED + Electric_Motor,Multi-Head DL (TABNET),0.6875,0.6125,0.9703571428571429
UOEMD,Diagnosis,Load_No_Load_Speed_60Hz,CWRU_12k + CWRU_48k + HUST_Gearbox + Mechanical_Gear + Electric_Motor,Multi-Head DL (TABNET),0.8625,0.8096767363071711,0.9869642857142857
UOEMD,Diagnosis,Load_No_Load_Speed_60Hz,CWRU_12k + CWRU_48k + HUST + PU + UORED,Multi-Head DL (TABNET),0.775,0.7142857142857143,0.9539285714285715
UOEMD,Diagnosis,Load_No_Load_Speed_60Hz,CWRU_12k + CWRU_48k + HUST + PU + Mechanical_Gear,Multi-Head DL (TABNET),0.8125,0.7666666666666666,0.9585714285714286
UOEMD,Diagnosis,Load_No_Load_Speed_60Hz,CWRU_12k + CWRU_48k + HUST + PU + Electric_Motor,Multi-Head DL (TABNET),0.7375,0.6555082848186297,0.9225
UOEMD,Diagnosis,Load_No_Load_Speed_60Hz,CWRU_12k + CWRU_48k + HUST + UORED + Mechanical_Gear,Multi-Head DL (TABNET),0.75,0.6666666666666666,0.9775
UOEMD,Diagnosis,Load_No_Load_Speed_60Hz,CWRU_12k + CWRU_48k + HUST + UORED + Electric_Motor,Multi-Head DL (TABNET),0.675,0.6313455063455063,0.9821428571428572
UOEMD,Diagnosis,Load_No_Load_Speed_60Hz,CWRU_12k + CWRU_48k + HUST + Mechanical_Gear + Electric_Motor,Multi-Head DL (TABNET),0.75,0.6674107142857143,0.9996428571428572
UOEMD,Diagnosis,Load_No_Load_Speed_60Hz,CWRU_12k + CWRU_48k + PU + UORED + Mechanical_Gear,Multi-Head DL (TABNET),0.5,0.4634216589861751,0.86875
UOEMD,Diagnosis,Load_No_Load_Speed_60Hz,CWRU_12k + CWRU_48k + PU + UORED + Electric_Motor,Multi-Head DL (TABNET),0.7,0.6554415793546229,0.9685714285714286
UOEMD,Diagnosis,Load_No_Load_Speed_60Hz,CWRU_12k + CWRU_48k + PU + Mechanical_Gear + Electric_Motor,Multi-Head DL (TABNET),0.65,0.6021114302364303,0.9137500000000001
UOEMD,Diagnosis,Load_No_Load_Speed_60Hz,CWRU_12k + CWRU_48k + UORED + Mechanical_Gear + Electric_Motor,Multi-Head DL (TABNET),0.65,0.5843424593424593,0.9610714285714286
UOEMD,Diagnosis,Load_No_Load_Speed_60Hz,CWRU_12k + HUST_Gearbox + HUST + PU + UORED,Multi-Head DL (TABNET),0.825,0.7958977904531443,0.9767857142857144
UOEMD,Diagnosis,Load_No_Load_Speed_60Hz,CWRU_12k + HUST_Gearbox + HUST + PU + Mechanical_Gear,Multi-Head DL (TABNET),0.875,0.8302545155993433,0.9642857142857143
UOEMD,Diagnosis,Load_No_Load_Speed_60Hz,CWRU_12k + HUST_Gearbox + HUST + PU + Electric_Motor,Multi-Head DL (TABNET),0.75,0.6666666666666666,0.9733928571428572
UOEMD,Diagnosis,Load_No_Load_Speed_60Hz,CWRU_12k + HUST_Gearbox + HUST + UORED + Mechanical_Gear,Multi-Head DL (TABNET),0.625,0.5416666666666666,0.9635714285714285
UOEMD,Diagnosis,Load_No_Load_Speed_60Hz,CWRU_12k + HUST_Gearbox + HUST + UORED + Electric_Motor,Multi-Head DL (TABNET),0.7125,0.65625,0.94
UOEMD,Diagnosis,Load_No_Load_Speed_60Hz,CWRU_12k + HUST_Gearbox + HUST + Mechanical_Gear + Electric_Motor,Multi-Head DL (TABNET),0.675,0.6190476190476191,0.9433928571428571
UOEMD,Diagnosis,Load_No_Load_Speed_60Hz,CWRU_12k + HUST_Gearbox + PU + UORED + Mechanical_Gear,Multi-Head DL (TABNET),0.5125,0.45535714285714285,0.8958928571428572
UOEMD,Diagnosis,Load_No_Load_Speed_60Hz,CWRU_12k + HUST_Gearbox + PU + UORED + Electric_Motor,Multi-Head DL (TABNET),0.625,0.5797619047619047,0.9396428571428572
UOEMD,Diagnosis,Load_No_Load_Speed_60Hz,CWRU_12k + HUST_Gearbox + PU + Mechanical_Gear + Electric_Motor,Multi-Head DL (TABNET),0.675,0.61201773372826,0.9819642857142856
UOEMD,Diagnosis,Load_No_Load_Speed_60Hz,CWRU_12k + HUST_Gearbox + UORED + Mechanical_Gear + Electric_Motor,Multi-Head DL (TABNET),0.75,0.6635878489326765,0.9530357142857142
UOEMD,Diagnosis,Load_No_Load_Speed_60Hz,CWRU_12k + HUST + PU + UORED + Mechanical_Gear,Multi-Head DL (TABNET),0.6625,0.6454298625351256,0.9344642857142857
UOEMD,Diagnosis,Load_No_Load_Speed_60Hz,CWRU_12k + HUST + PU + UORED + Electric_Motor,Multi-Head DL (TABNET),0.75,0.7287565626381416,0.9739285714285715
UOEMD,Diagnosis,Load_No_Load_Speed_60Hz,CWRU_12k + HUST + PU + Mechanical_Gear + Electric_Motor,Multi-Head DL (TABNET),0.7000000000000001,0.6754370652927528,0.9725
UOEMD,Diagnosis,Load_No_Load_Speed_60Hz,CWRU_12k + HUST + UORED + Mechanical_Gear + Electric_Motor,Multi-Head DL (TABNET),0.7375,0.674968671679198,0.9857142857142857
UOEMD,Diagnosis,Load_No_Load_Speed_60Hz,CWRU_12k + PU + UORED + Mechanical_Gear + Electric_Motor,Multi-Head DL (TABNET),0.8125,0.7771825396825396,0.9898214285714285
UOEMD,Diagnosis,Load_No_Load_Speed_60Hz,CWRU_48k + HUST_Gearbox + HUST + PU + UORED,Multi-Head DL (TABNET),0.6125,0.5864427239427239,0.8903571428571428
UOEMD,Diagnosis,Load_No_Load_Speed_60Hz,CWRU_48k + HUST_Gearbox + HUST + PU + Mechanical_Gear,Multi-Head DL (TABNET),0.5875,0.5730893915390483,0.9532142857142858
UOEMD,Diagnosis,Load_No_Load_Speed_60Hz,CWRU_48k + HUST_Gearbox + HUST + PU + Electric_Motor,Multi-Head DL (TABNET),0.5,0.40851449275362317,0.9721428571428572
UOEMD,Diagnosis,Load_No_Load_Speed_60Hz,CWRU_48k + HUST_Gearbox + HUST + UORED + Mechanical_Gear,Multi-Head DL (TABNET),0.7375,0.674331689197418,0.9825
UOEMD,Diagnosis,Load_No_Load_Speed_60Hz,CWRU_48k + HUST_Gearbox + HUST + UORED + Electric_Motor,Multi-Head DL (TABNET),0.9125,0.9115460526315788,0.9810714285714286
UOEMD,Diagnosis,Load_No_Load_Speed_60Hz,CWRU_48k + HUST_Gearbox + HUST + Mechanical_Gear + Electric_Motor,Multi-Head DL (TABNET),0.625,0.5833333333333333,0.9621428571428572
UOEMD,Diagnosis,Load_No_Load_Speed_60Hz,CWRU_48k + HUST_Gearbox + PU + UORED + Mechanical_Gear,Multi-Head DL (TABNET),0.7375,0.6865773115773115,0.9991071428571429
UOEMD,Diagnosis,Load_No_Load_Speed_60Hz,CWRU_48k + HUST_Gearbox + PU + UORED + Electric_Motor,Multi-Head DL (TABNET),0.6375,0.5564449917898193,0.9398214285714286
UOEMD,Diagnosis,Load_No_Load_Speed_60Hz,CWRU_48k + HUST_Gearbox + PU + Mechanical_Gear + Electric_Motor,Multi-Head DL (TABNET),0.6125,0.5737007168458781,0.9503571428571429
UOEMD,Diagnosis,Load_No_Load_Speed_60Hz,CWRU_48k + HUST_Gearbox + UORED + Mechanical_Gear + Electric_Motor,Multi-Head DL (TABNET),0.7125,0.6670929241261723,0.9653571428571428
UOEMD,Diagnosis,Load_No_Load_Speed_60Hz,CWRU_48k + HUST + PU + UORED + Mechanical_Gear,Multi-Head DL (TABNET),0.825,0.8072916666666667,0.98125
UOEMD,Diagnosis,Load_No_Load_Speed_60Hz,CWRU_48k + HUST + PU + UORED + Electric_Motor,Multi-Head DL (TABNET),0.5,0.4512061403508772,0.9466071428571429
UOEMD,Diagnosis,Load_No_Load_Speed_60Hz,CWRU_48k + HUST + PU + Mechanical_Gear + Electric_Motor,Multi-Head DL (TABNET),0.675,0.6078869047619048,0.9410714285714286
UOEMD,Diagnosis,Load_No_Load_Speed_60Hz,CWRU_48k + HUST + UORED + Mechanical_Gear + Electric_Motor,Multi-Head DL (TABNET),0.625,0.5794413919413919,0.9371428571428573
UOEMD,Diagnosis,Load_No_Load_Speed_60Hz,CWRU_48k + PU + UORED + Mechanical_Gear + Electric_Motor,Multi-Head DL (TABNET),0.725,0.6437605872388481,0.9753571428571428
UOEMD,Diagnosis,Load_No_Load_Speed_60Hz,HUST_Gearbox + HUST + PU + UORED + Mechanical_Gear,Multi-Head DL (TABNET),0.875,0.8619217289294016,0.9994642857142857
UOEMD,Diagnosis,Load_No_Load_Speed_60Hz,HUST_Gearbox + HUST + PU + UORED + Electric_Motor,Multi-Head DL (TABNET),0.6375,0.5975705329153604,0.8883928571428572
UOEMD,Diagnosis,Load_No_Load_Speed_60Hz,HUST_Gearbox + HUST + PU + Mechanical_Gear + Electric_Motor,Multi-Head DL (TABNET),0.8125,0.8015086362912449,0.99625
UOEMD,Diagnosis,Load_No_Load_Speed_60Hz,HUST_Gearbox + HUST + UORED + Mechanical_Gear + Electric_Motor,Multi-Head DL (TABNET),0.6375,0.5528198653198653,0.9551785714285714
UOEMD,Diagnosis,Load_No_Load_Speed_60Hz,HUST_Gearbox + PU + UORED + Mechanical_Gear + Electric_Motor,Multi-Head DL (TABNET),0.7625,0.6893939393939394,0.9871428571428571
UOEMD,Diagnosis,Load_No_Load_Speed_60Hz,HUST + PU + UORED + Mechanical_Gear + Electric_Motor,Multi-Head DL (TABNET),0.6875,0.6564161220043573,0.9503571428571429
UOEMD,Diagnosis,Load_No_Load_Speed_60Hz,CWRU_12k + CWRU_48k + HUST_Gearbox + HUST + PU + UORED,Multi-Head DL (TABNET),0.42500000000000004,0.3801834130781499,0.8512500000000001
UOEMD,Diagnosis,Load_No_Load_Speed_60Hz,CWRU_12k + CWRU_48k + HUST_Gearbox + HUST + PU + Mechanical_Gear,Multi-Head DL (TABNET),0.5875,0.5117867131597109,0.8975
UOEMD,Diagnosis,Load_No_Load_Speed_60Hz,CWRU_12k + CWRU_48k + HUST_Gearbox + HUST + PU + Electric_Motor,Multi-Head DL (TABNET),0.6375000000000001,0.57967277820219,0.9421428571428572
UOEMD,Diagnosis,Load_No_Load_Speed_60Hz,CWRU_12k + CWRU_48k + HUST_Gearbox + HUST + UORED + Mechanical_Gear,Multi-Head DL (TABNET),0.7375,0.6573995472552348,0.9578571428571429
UOEMD,Diagnosis,Load_No_Load_Speed_60Hz,CWRU_12k + CWRU_48k + HUST_Gearbox + HUST + UORED + Electric_Motor,Multi-Head DL (TABNET),0.625,0.5227272727272727,0.9816071428571429
UOEMD,Diagnosis,Load_No_Load_Speed_60Hz,CWRU_12k + CWRU_48k + HUST_Gearbox + HUST + Mechanical_Gear + Electric_Motor,Multi-Head DL (TABNET),0.5,0.4375,0.9310714285714285
UOEMD,Diagnosis,Load_No_Load_Speed_60Hz,CWRU_12k + CWRU_48k + HUST_Gearbox + PU + UORED + Mechanical_Gear,Multi-Head DL (TABNET),0.6125,0.5442342342342342,0.9666071428571429
UOEMD,Diagnosis,Load_No_Load_Speed_60Hz,CWRU_12k + CWRU_48k + HUST_Gearbox + PU + UORED + Electric_Motor,Multi-Head DL (TABNET),0.625,0.5849168375484165,0.8501785714285715
UOEMD,Diagnosis,Load_No_Load_Speed_60Hz,CWRU_12k + CWRU_48k + HUST_Gearbox + PU + Mechanical_Gear + Electric_Motor,Multi-Head DL (TABNET),0.625,0.5616551955294349,0.9448214285714286
UOEMD,Diagnosis,Load_No_Load_Speed_60Hz,CWRU_12k + CWRU_48k + HUST_Gearbox + UORED + Mechanical_Gear + Electric_Motor,Multi-Head DL (TABNET),0.6,0.5583778966131907,0.88375
UOEMD,Diagnosis,Load_No_Load_Speed_60Hz,CWRU_12k + CWRU_48k + HUST + PU + UORED + Mechanical_Gear,Multi-Head DL (TABNET),0.7,0.6484101043883652,0.96625
UOEMD,Diagnosis,Load_No_Load_Speed_60Hz,CWRU_12k + CWRU_48k + HUST + PU + UORED + Electric_Motor,Multi-Head DL (TABNET),0.5625,0.5232928835870012,0.9121428571428571
UOEMD,Diagnosis,Load_No_Load_Speed_60Hz,CWRU_12k + CWRU_48k + HUST + PU + Mechanical_Gear + Electric_Motor,Multi-Head DL (TABNET),0.6125,0.5452545155993431,0.9557142857142857
UOEMD,Diagnosis,Load_No_Load_Speed_60Hz,CWRU_12k + CWRU_48k + HUST + UORED + Mechanical_Gear + Electric_Motor,Multi-Head DL (TABNET),0.675,0.6134087177190626,0.9523214285714285
UOEMD,Diagnosis,Load_No_Load_Speed_60Hz,CWRU_12k + CWRU_48k + PU + UORED + Mechanical_Gear + Electric_Motor,Multi-Head DL (TABNET),0.6625,0.5760905760905761,0.9828571428571429
UOEMD,Diagnosis,Load_No_Load_Speed_60Hz,CWRU_12k + HUST_Gearbox + HUST + PU + UORED + Mechanical_Gear,Multi-Head DL (TABNET),0.5,0.3958333333333333,0.9217857142857144
UOEMD,Diagnosis,Load_No_Load_Speed_60Hz,CWRU_12k + HUST_Gearbox + HUST + PU + UORED + Electric_Motor,Multi-Head DL (TABNET),0.5,0.42797717710059924,0.8919642857142858
UOEMD,Diagnosis,Load_No_Load_Speed_60Hz,CWRU_12k + HUST_Gearbox + HUST + PU + Mechanical_Gear + Electric_Motor,Multi-Head DL (TABNET),0.625,0.5416666666666666,0.9539285714285715
UOEMD,Diagnosis,Load_No_Load_Speed_60Hz,CWRU_12k + HUST_Gearbox + HUST + UORED + Mechanical_Gear + Electric_Motor,Multi-Head DL (TABNET),0.325,0.2676442050174302,0.86375
UOEMD,Diagnosis,Load_No_Load_Speed_60Hz,CWRU_12k + HUST_Gearbox + PU + UORED + Mechanical_Gear + Electric_Motor,Multi-Head DL (TABNET),0.6375,0.5739319054536446,0.9760714285714286
UOEMD,Diagnosis,Load_No_Load_Speed_60Hz,CWRU_12k + HUST + PU + UORED + Mechanical_Gear + Electric_Motor,Multi-Head DL (TABNET),0.7,0.6256127450980392,0.9432142857142857
UOEMD,Diagnosis,Load_No_Load_Speed_60Hz,CWRU_48k + HUST_Gearbox + HUST + PU + UORED + Mechanical_Gear,Multi-Head DL (TABNET),0.6375,0.5383600065995711,0.9707142857142858
UOEMD,Diagnosis,Load_No_Load_Speed_60Hz,CWRU_48k + HUST_Gearbox + HUST + PU + UORED + Electric_Motor,Multi-Head DL (TABNET),0.6125,0.5272789872344934,0.9744642857142857
UOEMD,Diagnosis,Load_No_Load_Speed_60Hz,CWRU_48k + HUST_Gearbox + HUST + PU + Mechanical_Gear + Electric_Motor,Multi-Head DL (TABNET),0.75,0.6666666666666666,0.9914285714285714
UOEMD,Diagnosis,Load_No_Load_Speed_60Hz,CWRU_48k + HUST_Gearbox + HUST + UORED + Mechanical_Gear + Electric_Motor,Multi-Head DL (TABNET),0.7875,0.7318783068783068,0.99
UOEMD,Diagnosis,Load_No_Load_Speed_60Hz,CWRU_48k + HUST_Gearbox + PU + UORED + Mechanical_Gear + Electric_Motor,Multi-Head DL (TABNET),0.5875,0.5085690637324115,0.9557142857142857
UOEMD,Diagnosis,Load_No_Load_Speed_60Hz,CWRU_48k + HUST + PU + UORED + Mechanical_Gear + Electric_Motor,Multi-Head DL (TABNET),0.425,0.35264227642276424,0.85
UOEMD,Diagnosis,Load_No_Load_Speed_60Hz,HUST_Gearbox + HUST + PU + UORED + Mechanical_Gear + Electric_Motor,Multi-Head DL (TABNET),0.775,0.7332427536231885,0.9741071428571428
UOEMD,Diagnosis,Load_No_Load_Speed_60Hz,CWRU_12k + CWRU_48k + HUST_Gearbox + HUST + PU + UORED + Mechanical_Gear,Multi-Head DL (TABNET),0.4375,0.3416666666666667,0.9176785714285715
UOEMD,Diagnosis,Load_No_Load_Speed_60Hz,CWRU_12k + CWRU_48k + HUST_Gearbox + HUST + PU + UORED + Electric_Motor,Multi-Head DL (TABNET),0.5875,0.5072091886608016,0.9330357142857143
UOEMD,Diagnosis,Load_No_Load_Speed_60Hz,CWRU_12k + CWRU_48k + HUST_Gearbox + HUST + PU + Mechanical_Gear + Electric_Motor,Multi-Head DL (TABNET),0.675,0.6585213032581454,0.9346428571428571
UOEMD,Diagnosis,Load_No_Load_Speed_60Hz,CWRU_12k + CWRU_48k + HUST_Gearbox + HUST + UORED + Mechanical_Gear + Electric_Motor,Multi-Head DL (TABNET),0.725,0.677128427128427,0.9667857142857144
UOEMD,Diagnosis,Load_No_Load_Speed_60Hz,CWRU_12k + CWRU_48k + HUST_Gearbox + PU + UORED + Mechanical_Gear + Electric_Motor,Multi-Head DL (TABNET),0.625,0.5484330484330484,0.9648214285714286
UOEMD,Diagnosis,Load_No_Load_Speed_60Hz,CWRU_12k + CWRU_48k + HUST + PU + UORED + Mechanical_Gear + Electric_Motor,Multi-Head DL (TABNET),0.7625,0.7199248120300752,0.9948214285714285
UOEMD,Diagnosis,Load_No_Load_Speed_60Hz,CWRU_12k + HUST_Gearbox + HUST + PU + UORED + Mechanical_Gear + Electric_Motor,Multi-Head DL (TABNET),0.4625,0.4205182072829131,0.8498214285714285
UOEMD,Diagnosis,Load_No_Load_Speed_60Hz,CWRU_48k + HUST_Gearbox + HUST + PU + UORED + Mechanical_Gear + Electric_Motor,Multi-Head DL (TABNET),0.7,0.6396314598713979,0.9248214285714286
UOEMD,Diagnosis,Load_No_Load_Speed_60Hz,CWRU_12k + CWRU_48k + HUST_Gearbox + HUST + PU + UORED + Mechanical_Gear + Electric_Motor,Multi-Head DL (TABNET),0.8125,0.784699233228645,0.9839285714285715
UOEMD,Diagnosis,Load_No_Load_Speed_Dec_45_to_15Hz,CWRU_12k,Multi-Head DL (TABNET),0.75,0.7487938875709774,0.9526785714285714
UOEMD,Diagnosis,Load_No_Load_Speed_Dec_45_to_15Hz,CWRU_48k,Multi-Head DL (TABNET),0.8500000000000001,0.8449579831932773,0.9591071428571429
UOEMD,Diagnosis,Load_No_Load_Speed_Dec_45_to_15Hz,HUST_Gearbox,Multi-Head DL (TABNET),0.8,0.800438596491228,0.97125
UOEMD,Diagnosis,Load_No_Load_Speed_Dec_45_to_15Hz,HUST,Multi-Head DL (TABNET),0.725,0.7295492604156286,0.9569642857142857
UOEMD,Diagnosis,Load_No_Load_Speed_Dec_45_to_15Hz,PU,Multi-Head DL (TABNET),0.675,0.6843519225872168,0.9351785714285714
UOEMD,Diagnosis,Load_No_Load_Speed_Dec_45_to_15Hz,UORED,Multi-Head DL (TABNET),0.825,0.8264524535977625,0.9614285714285715
UOEMD,Diagnosis,Load_No_Load_Speed_Dec_45_to_15Hz,Mechanical_Gear,Multi-Head DL (TABNET),0.7999999999999999,0.7913217346435142,0.9732142857142857
UOEMD,Diagnosis,Load_No_Load_Speed_Dec_45_to_15Hz,Electric_Motor,Multi-Head DL (TABNET),0.7749999999999999,0.7797168109668109,0.9460714285714287
UOEMD,Diagnosis,Load_No_Load_Speed_Dec_45_to_15Hz,CWRU_12k + CWRU_48k,Multi-Head DL (TABNET),0.675,0.653679435160792,0.9446428571428571
UOEMD,Diagnosis,Load_No_Load_Speed_Dec_45_to_15Hz,CWRU_12k + HUST_Gearbox,Multi-Head DL (TABNET),0.6749999999999999,0.6760888490164807,0.9269642857142857
UOEMD,Diagnosis,Load_No_Load_Speed_Dec_45_to_15Hz,CWRU_12k + HUST,Multi-Head DL (TABNET),0.7375,0.7236164769631588,0.9491071428571429
UOEMD,Diagnosis,Load_No_Load_Speed_Dec_45_to_15Hz,CWRU_12k + PU,Multi-Head DL (TABNET),0.6,0.5952008517797991,0.9042857142857144
UOEMD,Diagnosis,Load_No_Load_Speed_Dec_45_to_15Hz,CWRU_12k + UORED,Multi-Head DL (TABNET),0.8,0.7977005012531329,0.9708928571428571
UOEMD,Diagnosis,Load_No_Load_Speed_Dec_45_to_15Hz,CWRU_12k + Mechanical_Gear,Multi-Head DL (TABNET),0.6375,0.6246922763227111,0.9494642857142856
UOEMD,Diagnosis,Load_No_Load_Speed_Dec_45_to_15Hz,CWRU_12k + Electric_Motor,Multi-Head DL (TABNET),0.7000000000000001,0.6962939958592131,0.9376785714285715
UOEMD,Diagnosis,Load_No_Load_Speed_Dec_45_to_15Hz,CWRU_48k + HUST_Gearbox,Multi-Head DL (TABNET),0.725,0.7212649010346378,0.9635714285714286
UOEMD,Diagnosis,Load_No_Load_Speed_Dec_45_to_15Hz,CWRU_48k + HUST,Multi-Head DL (TABNET),0.6875,0.6818941141536422,0.9346428571428571
UOEMD,Diagnosis,Load_No_Load_Speed_Dec_45_to_15Hz,CWRU_48k + PU,Multi-Head DL (TABNET),0.6625,0.6614964434657529,0.9533928571428572
UOEMD,Diagnosis,Load_No_Load_Speed_Dec_45_to_15Hz,CWRU_48k + UORED,Multi-Head DL (TABNET),0.8,0.804180501338598,0.9685714285714286
UOEMD,Diagnosis,Load_No_Load_Speed_Dec_45_to_15Hz,CWRU_48k + Mechanical_Gear,Multi-Head DL (TABNET),0.6875,0.703785403050109,0.9441071428571428
UOEMD,Diagnosis,Load_No_Load_Speed_Dec_45_to_15Hz,CWRU_48k + Electric_Motor,Multi-Head DL (TABNET),0.7749999999999999,0.775265950201591,0.9576785714285715
UOEMD,Diagnosis,Load_No_Load_Speed_Dec_45_to_15Hz,HUST_Gearbox + HUST,Multi-Head DL (TABNET),0.75,0.727445652173913,0.9503571428571429
UOEMD,Diagnosis,Load_No_Load_Speed_Dec_45_to_15Hz,HUST_Gearbox + PU,Multi-Head DL (TABNET),0.725,0.6953888771039406,0.9198214285714286
UOEMD,Diagnosis,Load_No_Load_Speed_Dec_45_to_15Hz,HUST_Gearbox + UORED,Multi-Head DL (TABNET),0.7625,0.7689418158567776,0.9630357142857143
UOEMD,Diagnosis,Load_No_Load_Speed_Dec_45_to_15Hz,HUST_Gearbox + Mechanical_Gear,Multi-Head DL (TABNET),0.65,0.6531845238095237,0.9298214285714286
UOEMD,Diagnosis,Load_No_Load_Speed_Dec_45_to_15Hz,HUST_Gearbox + Electric_Motor,Multi-Head DL (TABNET),0.6625,0.6686715331452173,0.9521428571428572
UOEMD,Diagnosis,Load_No_Load_Speed_Dec_45_to_15Hz,HUST + PU,Multi-Head DL (TABNET),0.525,0.4845120614035088,0.895
UOEMD,Diagnosis,Load_No_Load_Speed_Dec_45_to_15Hz,HUST + UORED,Multi-Head DL (TABNET),0.7250000000000001,0.7239075537988582,0.9485714285714286
UOEMD,Diagnosis,Load_No_Load_Speed_Dec_45_to_15Hz,HUST + Mechanical_Gear,Multi-Head DL (TABNET),0.7875000000000001,0.7864819004524887,0.9591071428571428
UOEMD,Diagnosis,Load_No_Load_Speed_Dec_45_to_15Hz,HUST + Electric_Motor,Multi-Head DL (TABNET),0.7250000000000001,0.7149092135934241,0.9455357142857144
UOEMD,Diagnosis,Load_No_Load_Speed_Dec_45_to_15Hz,PU + UORED,Multi-Head DL (TABNET),0.55,0.552963458110517,0.8875
UOEMD,Diagnosis,Load_No_Load_Speed_Dec_45_to_15Hz,PU + Mechanical_Gear,Multi-Head DL (TABNET),0.525,0.54489160881744,0.9016071428571428
UOEMD,Diagnosis,Load_No_Load_Speed_Dec_45_to_15Hz,PU + Electric_Motor,Multi-Head DL (TABNET),0.725,0.7086496219549758,0.9603571428571428
UOEMD,Diagnosis,Load_No_Load_Speed_Dec_45_to_15Hz,UORED + Mechanical_Gear,Multi-Head DL (TABNET),0.775,0.7822857869310959,0.9605357142857143
UOEMD,Diagnosis,Load_No_Load_Speed_Dec_45_to_15Hz,UORED + Electric_Motor,Multi-Head DL (TABNET),0.8875,0.8825216450216451,0.9739285714285715
UOEMD,Diagnosis,Load_No_Load_Speed_Dec_45_to_15Hz,Mechanical_Gear + Electric_Motor,Multi-Head DL (TABNET),0.7124999999999999,0.7181781363483082,0.9494642857142856
UOEMD,Diagnosis,Load_No_Load_Speed_Dec_45_to_15Hz,CWRU_12k + CWRU_48k + HUST_Gearbox,Multi-Head DL (TABNET),0.625,0.6053371029821224,0.9314285714285715
UOEMD,Diagnosis,Load_No_Load_Speed_Dec_45_to_15Hz,CWRU_12k + CWRU_48k + HUST,Multi-Head DL (TABNET),0.6625,0.6608550053243147,0.935
UOEMD,Diagnosis,Load_No_Load_Speed_Dec_45_to_15Hz,CWRU_12k + CWRU_48k + PU,Multi-Head DL (TABNET),0.6,0.5590176287906468,0.9175
UOEMD,Diagnosis,Load_No_Load_Speed_Dec_45_to_15Hz,CWRU_12k + CWRU_48k + UORED,Multi-Head DL (TABNET),0.65,0.6613471673254282,0.9255357142857144
UOEMD,Diagnosis,Load_No_Load_Speed_Dec_45_to_15Hz,CWRU_12k + CWRU_48k + Mechanical_Gear,Multi-Head DL (TABNET),0.5625,0.5326070750880998,0.9207142857142857
UOEMD,Diagnosis,Load_No_Load_Speed_Dec_45_to_15Hz,CWRU_12k + CWRU_48k + Electric_Motor,Multi-Head DL (TABNET),0.675,0.6640968449090716,0.9237500000000001
UOEMD,Diagnosis,Load_No_Load_Speed_Dec_45_to_15Hz,CWRU_12k + HUST_Gearbox + HUST,Multi-Head DL (TABNET),0.6375,0.619340034965035,0.9323214285714286
UOEMD,Diagnosis,Load_No_Load_Speed_Dec_45_to_15Hz,CWRU_12k + HUST_Gearbox + PU,Multi-Head DL (TABNET),0.5874999999999999,0.5681089743589743,0.9060714285714285
UOEMD,Diagnosis,Load_No_Load_Speed_Dec_45_to_15Hz,CWRU_12k + HUST_Gearbox + UORED,Multi-Head DL (TABNET),0.675,0.6574408709106985,0.93875
UOEMD,Diagnosis,Load_No_Load_Speed_Dec_45_to_15Hz,CWRU_12k + HUST_Gearbox + Mechanical_Gear,Multi-Head DL (TABNET),0.6,0.5750628923898375,0.9244642857142857
UOEMD,Diagnosis,Load_No_Load_Speed_Dec_45_to_15Hz,CWRU_12k + HUST_Gearbox + Electric_Motor,Multi-Head DL (TABNET),0.65,0.6423076923076922,0.9280357142857143
UOEMD,Diagnosis,Load_No_Load_Speed_Dec_45_to_15Hz,CWRU_12k + HUST + PU,Multi-Head DL (TABNET),0.625,0.6252518315018314,0.9141071428571428
UOEMD,Diagnosis,Load_No_Load_Speed_Dec_45_to_15Hz,CWRU_12k + HUST + UORED,Multi-Head DL (TABNET),0.6625,0.6544792765284251,0.9185714285714286
UOEMD,Diagnosis,Load_No_Load_Speed_Dec_45_to_15Hz,CWRU_12k + HUST + Mechanical_Gear,Multi-Head DL (TABNET),0.6875,0.6763658466819222,0.926607142857143
UOEMD,Diagnosis,Load_No_Load_Speed_Dec_45_to_15Hz,CWRU_12k + HUST + Electric_Motor,Multi-Head DL (TABNET),0.6875,0.6772138680033416,0.9501785714285714
UOEMD,Diagnosis,Load_No_Load_Speed_Dec_45_to_15Hz,CWRU_12k + PU + UORED,Multi-Head DL (TABNET),0.6125,0.5834523518347048,0.9307142857142857
UOEMD,Diagnosis,Load_No_Load_Speed_Dec_45_to_15Hz,CWRU_12k + PU + Mechanical_Gear,Multi-Head DL (TABNET),0.5125000000000001,0.5071924603174602,0.8953571428571429
UOEMD,Diagnosis,Load_No_Load_Speed_Dec_45_to_15Hz,CWRU_12k + PU + Electric_Motor,Multi-Head DL (TABNET),0.7,0.7034030784030784,0.9467857142857143
UOEMD,Diagnosis,Load_No_Load_Speed_Dec_45_to_15Hz,CWRU_12k + UORED + Mechanical_Gear,Multi-Head DL (TABNET),0.6875,0.6833366560340244,0.9276785714285714
UOEMD,Diagnosis,Load_No_Load_Speed_Dec_45_to_15Hz,CWRU_12k + UORED + Electric_Motor,Multi-Head DL (TABNET),0.7124999999999999,0.6948687595140683,0.9307142857142857
UOEMD,Diagnosis,Load_No_Load_Speed_Dec_45_to_15Hz,CWRU_12k + Mechanical_Gear + Electric_Motor,Multi-Head DL (TABNET),0.7375,0.7344298245614035,0.9289285714285714
UOEMD,Diagnosis,Load_No_Load_Speed_Dec_45_to_15Hz,CWRU_48k + HUST_Gearbox + HUST,Multi-Head DL (TABNET),0.6875,0.6612728669180281,0.9419642857142857
UOEMD,Diagnosis,Load_No_Load_Speed_Dec_45_to_15Hz,CWRU_48k + HUST_Gearbox + PU,Multi-Head DL (TABNET),0.5625,0.5209363455527138,0.8848214285714285
UOEMD,Diagnosis,Load_No_Load_Speed_Dec_45_to_15Hz,CWRU_48k + HUST_Gearbox + UORED,Multi-Head DL (TABNET),0.7,0.703208671688441,0.9517857142857143
UOEMD,Diagnosis,Load_No_Load_Speed_Dec_45_to_15Hz,CWRU_48k + HUST_Gearbox + Mechanical_Gear,Multi-Head DL (TABNET),0.7125,0.7157396528405412,0.9467857142857143
UOEMD,Diagnosis,Load_No_Load_Speed_Dec_45_to_15Hz,CWRU_48k + HUST_Gearbox + Electric_Motor,Multi-Head DL (TABNET),0.7375,0.7380913122824888,0.9483928571428571
UOEMD,Diagnosis,Load_No_Load_Speed_Dec_45_to_15Hz,CWRU_48k + HUST + PU,Multi-Head DL (TABNET),0.625,0.6176687868823418,0.9405357142857143
UOEMD,Diagnosis,Load_No_Load_Speed_Dec_45_to_15Hz,CWRU_48k + HUST + UORED,Multi-Head DL (TABNET),0.6875,0.6846333162451583,0.9498214285714286
UOEMD,Diagnosis,Load_No_Load_Speed_Dec_45_to_15Hz,CWRU_48k + HUST + Mechanical_Gear,Multi-Head DL (TABNET),0.7625,0.7599651611736852,0.9607142857142857
UOEMD,Diagnosis,Load_No_Load_Speed_Dec_45_to_15Hz,CWRU_48k + HUST + Electric_Motor,Multi-Head DL (TABNET),0.7249999999999999,0.7110854375728517,0.9501785714285715
UOEMD,Diagnosis,Load_No_Load_Speed_Dec_45_to_15Hz,CWRU_48k + PU + UORED,Multi-Head DL (TABNET),0.7,0.6634170653907496,0.9446428571428571
UOEMD,Diagnosis,Load_No_Load_Speed_Dec_45_to_15Hz,CWRU_48k + PU + Mechanical_Gear,Multi-Head DL (TABNET),0.625,0.5720009743027645,0.9332142857142858
UOEMD,Diagnosis,Load_No_Load_Speed_Dec_45_to_15Hz,CWRU_48k + PU + Electric_Motor,Multi-Head DL (TABNET),0.675,0.6680487641013957,0.9260714285714287
UOEMD,Diagnosis,Load_No_Load_Speed_Dec_45_to_15Hz,CWRU_48k + UORED + Mechanical_Gear,Multi-Head DL (TABNET),0.75,0.7473370927318296,0.9594642857142857
UOEMD,Diagnosis,Load_No_Load_Speed_Dec_45_to_15Hz,CWRU_48k + UORED + Electric_Motor,Multi-Head DL (TABNET),0.75,0.7565712992082625,0.9483928571428571
UOEMD,Diagnosis,Load_No_Load_Speed_Dec_45_to_15Hz,CWRU_48k + Mechanical_Gear + Electric_Motor,Multi-Head DL (TABNET),0.75,0.753393665158371,0.9537500000000001
UOEMD,Diagnosis,Load_No_Load_Speed_Dec_45_to_15Hz,HUST_Gearbox + HUST + PU,Multi-Head DL (TABNET),0.575,0.5584182774280282,0.8785714285714286
UOEMD,Diagnosis,Load_No_Load_Speed_Dec_45_to_15Hz,HUST_Gearbox + HUST + UORED,Multi-Head DL (TABNET),0.7,0.6890484610736327,0.9523214285714285
UOEMD,Diagnosis,Load_No_Load_Speed_Dec_45_to_15Hz,HUST_Gearbox + HUST + Mechanical_Gear,Multi-Head DL (TABNET),0.75,0.7467396257442023,0.9457142857142857
UOEMD,Diagnosis,Load_No_Load_Speed_Dec_45_to_15Hz,HUST_Gearbox + HUST + Electric_Motor,Multi-Head DL (TABNET),0.7124999999999999,0.7022966569090712,0.9282142857142857
UOEMD,Diagnosis,Load_No_Load_Speed_Dec_45_to_15Hz,HUST_Gearbox + PU + UORED,Multi-Head DL (TABNET),0.8250000000000001,0.8215150432642693,0.9566071428571428
UOEMD,Diagnosis,Load_No_Load_Speed_Dec_45_to_15Hz,HUST_Gearbox + PU + Mechanical_Gear,Multi-Head DL (TABNET),0.5125,0.49174006140917903,0.9064285714285714
UOEMD,Diagnosis,Load_No_Load_Speed_Dec_45_to_15Hz,HUST_Gearbox + PU + Electric_Motor,Multi-Head DL (TABNET),0.7,0.6579648487444589,0.9646428571428571
UOEMD,Diagnosis,Load_No_Load_Speed_Dec_45_to_15Hz,HUST_Gearbox + UORED + Mechanical_Gear,Multi-Head DL (TABNET),0.75,0.7438909774436091,0.9578571428571429
UOEMD,Diagnosis,Load_No_Load_Speed_Dec_45_to_15Hz,HUST_Gearbox + UORED + Electric_Motor,Multi-Head DL (TABNET),0.825,0.8255772005772006,0.9533928571428572
UOEMD,Diagnosis,Load_No_Load_Speed_Dec_45_to_15Hz,HUST_Gearbox + Mechanical_Gear + Electric_Motor,Multi-Head DL (TABNET),0.6375,0.6242794831030125,0.9585714285714286
UOEMD,Diagnosis,Load_No_Load_Speed_Dec_45_to_15Hz,HUST + PU + UORED,Multi-Head DL (TABNET),0.5375000000000001,0.4990306794654621,0.9037499999999999
UOEMD,Diagnosis,Load_No_Load_Speed_Dec_45_to_15Hz,HUST + PU + Mechanical_Gear,Multi-Head DL (TABNET),0.55,0.5110840870773404,0.91
UOEMD,Diagnosis,Load_No_Load_Speed_Dec_45_to_15Hz,HUST + PU + Electric_Motor,Multi-Head DL (TABNET),0.6625,0.6591440063486209,0.9148214285714287
UOEMD,Diagnosis,Load_No_Load_Speed_Dec_45_to_15Hz,HUST + UORED + Mechanical_Gear,Multi-Head DL (TABNET),0.6375000000000001,0.6392697096000872,0.9219642857142857
UOEMD,Diagnosis,Load_No_Load_Speed_Dec_45_to_15Hz,HUST + UORED + Electric_Motor,Multi-Head DL (TABNET),0.7,0.7009834368530021,0.9528571428571428
UOEMD,Diagnosis,Load_No_Load_Speed_Dec_45_to_15Hz,HUST + Mechanical_Gear + Electric_Motor,Multi-Head DL (TABNET),0.8,0.7962861626864185,0.9541071428571428
UOEMD,Diagnosis,Load_No_Load_Speed_Dec_45_to_15Hz,PU + UORED + Mechanical_Gear,Multi-Head DL (TABNET),0.6749999999999999,0.6667134717134717,0.9275
UOEMD,Diagnosis,Load_No_Load_Speed_Dec_45_to_15Hz,PU + UORED + Electric_Motor,Multi-Head DL (TABNET),0.5249999999999999,0.5011940362269309,0.9223214285714285
UOEMD,Diagnosis,Load_No_Load_Speed_Dec_45_to_15Hz,PU + Mechanical_Gear + Electric_Motor,Multi-Head DL (TABNET),0.675,0.6755451785057048,0.9292857142857143
UOEMD,Diagnosis,Load_No_Load_Speed_Dec_45_to_15Hz,UORED + Mechanical_Gear + Electric_Motor,Multi-Head DL (TABNET),0.7875,0.7854865878464277,0.9603571428571429
UOEMD,Diagnosis,Load_No_Load_Speed_Dec_45_to_15Hz,CWRU_12k + CWRU_48k + HUST_Gearbox + HUST,Multi-Head DL (TABNET),0.675,0.6577776390276391,0.9426785714285715
UOEMD,Diagnosis,Load_No_Load_Speed_Dec_45_to_15Hz,CWRU_12k + CWRU_48k + HUST_Gearbox + PU,Multi-Head DL (TABNET),0.575,0.5747119023047815,0.8889285714285714
UOEMD,Diagnosis,Load_No_Load_Speed_Dec_45_to_15Hz,CWRU_12k + CWRU_48k + HUST_Gearbox + UORED,Multi-Head DL (TABNET),0.625,0.6099892296099726,0.917142857142857
UOEMD,Diagnosis,Load_No_Load_Speed_Dec_45_to_15Hz,CWRU_12k + CWRU_48k + HUST_Gearbox + Mechanical_Gear,Multi-Head DL (TABNET),0.6125,0.6113626870205817,0.9239285714285714
UOEMD,Diagnosis,Load_No_Load_Speed_Dec_45_to_15Hz,CWRU_12k + CWRU_48k + HUST_Gearbox + Electric_Motor,Multi-Head DL (TABNET),0.55,0.5189574314574315,0.9041071428571428
UOEMD,Diagnosis,Load_No_Load_Speed_Dec_45_to_15Hz,CWRU_12k + CWRU_48k + HUST + PU,Multi-Head DL (TABNET),0.7375,0.7292342276469161,0.9376785714285715
UOEMD,Diagnosis,Load_No_Load_Speed_Dec_45_to_15Hz,CWRU_12k + CWRU_48k + HUST + UORED,Multi-Head DL (TABNET),0.7125,0.7060583513708514,0.9407142857142857
UOEMD,Diagnosis,Load_No_Load_Speed_Dec_45_to_15Hz,CWRU_12k + CWRU_48k + HUST + Mechanical_Gear,Multi-Head DL (TABNET),0.675,0.6750367330673395,0.9380357142857143
UOEMD,Diagnosis,Load_No_Load_Speed_Dec_45_to_15Hz,CWRU_12k + CWRU_48k + HUST + Electric_Motor,Multi-Head DL (TABNET),0.725,0.7118448459752807,0.95
UOEMD,Diagnosis,Load_No_Load_Speed_Dec_45_to_15Hz,CWRU_12k + CWRU_48k + PU + UORED,Multi-Head DL (TABNET),0.6124999999999999,0.6069231974166185,0.8971428571428571
UOEMD,Diagnosis,Load_No_Load_Speed_Dec_45_to_15Hz,CWRU_12k + CWRU_48k + PU + Mechanical_Gear,Multi-Head DL (TABNET),0.5875,0.5429479146584409,0.9092857142857143
UOEMD,Diagnosis,Load_No_Load_Speed_Dec_45_to_15Hz,CWRU_12k + CWRU_48k + PU + Electric_Motor,Multi-Head DL (TABNET),0.6625,0.6632006437498428,0.905
UOEMD,Diagnosis,Load_No_Load_Speed_Dec_45_to_15Hz,CWRU_12k + CWRU_48k + UORED + Mechanical_Gear,Multi-Head DL (TABNET),0.7,0.7002055606931767,0.9357142857142857
UOEMD,Diagnosis,Load_No_Load_Speed_Dec_45_to_15Hz,CWRU_12k + CWRU_48k + UORED + Electric_Motor,Multi-Head DL (TABNET),0.7,0.6996280766017607,0.9405357142857143
UOEMD,Diagnosis,Load_No_Load_Speed_Dec_45_to_15Hz,CWRU_12k + CWRU_48k + Mechanical_Gear + Electric_Motor,Multi-Head DL (TABNET),0.65,0.6368549928332536,0.9198214285714286
UOEMD,Diagnosis,Load_No_Load_Speed_Dec_45_to_15Hz,CWRU_12k + HUST_Gearbox + HUST + PU,Multi-Head DL (TABNET),0.725,0.7107422402159245,0.9316071428571429
UOEMD,Diagnosis,Load_No_Load_Speed_Dec_45_to_15Hz,CWRU_12k + HUST_Gearbox + HUST + UORED,Multi-Head DL (TABNET),0.625,0.6222052457346575,0.9144642857142857
UOEMD,Diagnosis,Load_No_Load_Speed_Dec_45_to_15Hz,CWRU_12k + HUST_Gearbox + HUST + Mechanical_Gear,Multi-Head DL (TABNET),0.6000000000000001,0.5454638752052545,0.9314285714285714
UOEMD,Diagnosis,Load_No_Load_Speed_Dec_45_to_15Hz,CWRU_12k + HUST_Gearbox + HUST + Electric_Motor,Multi-Head DL (TABNET),0.5875,0.5831315420905204,0.8971428571428572
UOEMD,Diagnosis,Load_No_Load_Speed_Dec_45_to_15Hz,CWRU_12k + HUST_Gearbox + PU + UORED,Multi-Head DL (TABNET),0.5625,0.5240823412698412,0.905
UOEMD,Diagnosis,Load_No_Load_Speed_Dec_45_to_15Hz,CWRU_12k + HUST_Gearbox + PU + Mechanical_Gear,Multi-Head DL (TABNET),0.5375,0.499439499119806,0.9
UOEMD,Diagnosis,Load_No_Load_Speed_Dec_45_to_15Hz,CWRU_12k + HUST_Gearbox + PU + Electric_Motor,Multi-Head DL (TABNET),0.6499999999999999,0.625083500728662,0.9210714285714285
UOEMD,Diagnosis,Load_No_Load_Speed_Dec_45_to_15Hz,CWRU_12k + HUST_Gearbox + UORED + Mechanical_Gear,Multi-Head DL (TABNET),0.6875,0.6678174603174603,0.9439285714285715
UOEMD,Diagnosis,Load_No_Load_Speed_Dec_45_to_15Hz,CWRU_12k + HUST_Gearbox + UORED + Electric_Motor,Multi-Head DL (TABNET),0.6,0.581530479324597,0.9033928571428571
UOEMD,Diagnosis,Load_No_Load_Speed_Dec_45_to_15Hz,CWRU_12k + HUST_Gearbox + Mechanical_Gear + Electric_Motor,Multi-Head DL (TABNET),0.675,0.6744320142417969,0.9326785714285715
UOEMD,Diagnosis,Load_No_Load_Speed_Dec_45_to_15Hz,CWRU_12k + HUST + PU + UORED,Multi-Head DL (TABNET),0.5125,0.4671027896834349,0.8789285714285715
UOEMD,Diagnosis,Load_No_Load_Speed_Dec_45_to_15Hz,CWRU_12k + HUST + PU + Mechanical_Gear,Multi-Head DL (TABNET),0.575,0.5678219761980994,0.92375
UOEMD,Diagnosis,Load_No_Load_Speed_Dec_45_to_15Hz,CWRU_12k + HUST + PU + Electric_Motor,Multi-Head DL (TABNET),0.5125,0.47756410256410253,0.9169642857142857
UOEMD,Diagnosis,Load_No_Load_Speed_Dec_45_to_15Hz,CWRU_12k + HUST + UORED + Mechanical_Gear,Multi-Head DL (TABNET),0.675,0.6814238267770876,0.9376785714285714
UOEMD,Diagnosis,Load_No_Load_Speed_Dec_45_to_15Hz,CWRU_12k + HUST + UORED + Electric_Motor,Multi-Head DL (TABNET),0.725,0.7046595655806183,0.91875
UOEMD,Diagnosis,Load_No_Load_Speed_Dec_45_to_15Hz,CWRU_12k + HUST + Mechanical_Gear + Electric_Motor,Multi-Head DL (TABNET),0.5625,0.550929453589216,0.9351785714285714
UOEMD,Diagnosis,Load_No_Load_Speed_Dec_45_to_15Hz,CWRU_12k + PU + UORED + Mechanical_Gear,Multi-Head DL (TABNET),0.5249999999999999,0.5209412018075701,0.8916071428571428
UOEMD,Diagnosis,Load_No_Load_Speed_Dec_45_to_15Hz,CWRU_12k + PU + UORED + Electric_Motor,Multi-Head DL (TABNET),0.6125,0.5908929033929033,0.8751785714285714
UOEMD,Diagnosis,Load_No_Load_Speed_Dec_45_to_15Hz,CWRU_12k + PU + Mechanical_Gear + Electric_Motor,Multi-Head DL (TABNET),0.575,0.5233573063092514,0.9260714285714287
UOEMD,Diagnosis,Load_No_Load_Speed_Dec_45_to_15Hz,CWRU_12k + UORED + Mechanical_Gear + Electric_Motor,Multi-Head DL (TABNET),0.675,0.6682993182017277,0.9346428571428571
UOEMD,Diagnosis,Load_No_Load_Speed_Dec_45_to_15Hz,CWRU_48k + HUST_Gearbox + HUST + PU,Multi-Head DL (TABNET),0.5874999999999999,0.5414200995083348,0.9016071428571428
UOEMD,Diagnosis,Load_No_Load_Speed_Dec_45_to_15Hz,CWRU_48k + HUST_Gearbox + HUST + UORED,Multi-Head DL (TABNET),0.6375,0.606547619047619,0.9473214285714286
UOEMD,Diagnosis,Load_No_Load_Speed_Dec_45_to_15Hz,CWRU_48k + HUST_Gearbox + HUST + Mechanical_Gear,Multi-Head DL (TABNET),0.675,0.6758366633366633,0.9241071428571428
UOEMD,Diagnosis,Load_No_Load_Speed_Dec_45_to_15Hz,CWRU_48k + HUST_Gearbox + HUST + Electric_Motor,Multi-Head DL (TABNET),0.725,0.7195406995750244,0.916607142857143
UOEMD,Diagnosis,Load_No_Load_Speed_Dec_45_to_15Hz,CWRU_48k + HUST_Gearbox + PU + UORED,Multi-Head DL (TABNET),0.675,0.6819625679919799,0.9441071428571429
UOEMD,Diagnosis,Load_No_Load_Speed_Dec_45_to_15Hz,CWRU_48k + HUST_Gearbox + PU + Mechanical_Gear,Multi-Head DL (TABNET),0.6375000000000001,0.6206897344738733,0.9275
UOEMD,Diagnosis,Load_No_Load_Speed_Dec_45_to_15Hz,CWRU_48k + HUST_Gearbox + PU + Electric_Motor,Multi-Head DL (TABNET),0.525,0.4969266973136942,0.8808928571428571
UOEMD,Diagnosis,Load_No_Load_Speed_Dec_45_to_15Hz,CWRU_48k + HUST_Gearbox + UORED + Mechanical_Gear,Multi-Head DL (TABNET),0.8,0.7924650349650351,0.9626785714285715
UOEMD,Diagnosis,Load_No_Load_Speed_Dec_45_to_15Hz,CWRU_48k + HUST_Gearbox + UORED + Electric_Motor,Multi-Head DL (TABNET),0.7,0.6897759103641457,0.94625
UOEMD,Diagnosis,Load_No_Load_Speed_Dec_45_to_15Hz,CWRU_48k + HUST_Gearbox + Mechanical_Gear + Electric_Motor,Multi-Head DL (TABNET),0.725,0.7258394383394383,0.9448214285714286
UOEMD,Diagnosis,Load_No_Load_Speed_Dec_45_to_15Hz,CWRU_48k + HUST + PU + UORED,Multi-Head DL (TABNET),0.6,0.5815931049626701,0.9299999999999999
UOEMD,Diagnosis,Load_No_Load_Speed_Dec_45_to_15Hz,CWRU_48k + HUST + PU + Mechanical_Gear,Multi-Head DL (TABNET),0.55,0.4965263400046009,0.8764285714285714
UOEMD,Diagnosis,Load_No_Load_Speed_Dec_45_to_15Hz,CWRU_48k + HUST + PU + Electric_Motor,Multi-Head DL (TABNET),0.65,0.6666906682027649,0.9607142857142857
UOEMD,Diagnosis,Load_No_Load_Speed_Dec_45_to_15Hz,CWRU_48k + HUST + UORED + Mechanical_Gear,Multi-Head DL (TABNET),0.7375,0.732037037037037,0.9580357142857143
UOEMD,Diagnosis,Load_No_Load_Speed_Dec_45_to_15Hz,CWRU_48k + HUST + UORED + Electric_Motor,Multi-Head DL (TABNET),0.6375,0.6322751322751322,0.9360714285714287
UOEMD,Diagnosis,Load_No_Load_Speed_Dec_45_to_15Hz,CWRU_48k + HUST + Mechanical_Gear + Electric_Motor,Multi-Head DL (TABNET),0.7625,0.7555087900911699,0.955
UOEMD,Diagnosis,Load_No_Load_Speed_Dec_45_to_15Hz,CWRU_48k + PU + UORED + Mechanical_Gear,Multi-Head DL (TABNET),0.5375,0.5327281414237937,0.9158928571428572
UOEMD,Diagnosis,Load_No_Load_Speed_Dec_45_to_15Hz,CWRU_48k + PU + UORED + Electric_Motor,Multi-Head DL (TABNET),0.625,0.6315623338649654,0.9105357142857142
UOEMD,Diagnosis,Load_No_Load_Speed_Dec_45_to_15Hz,CWRU_48k + PU + Mechanical_Gear + Electric_Motor,Multi-Head DL (TABNET),0.55,0.4661208356860531,0.8773214285714286
UOEMD,Diagnosis,Load_No_Load_Speed_Dec_45_to_15Hz,CWRU_48k + UORED + Mechanical_Gear + Electric_Motor,Multi-Head DL (TABNET),0.8375,0.8372010869565218,0.9805357142857143
UOEMD,Diagnosis,Load_No_Load_Speed_Dec_45_to_15Hz,HUST_Gearbox + HUST + PU + UORED,Multi-Head DL (TABNET),0.525,0.4849015922158337,0.9080357142857143
UOEMD,Diagnosis,Load_No_Load_Speed_Dec_45_to_15Hz,HUST_Gearbox + HUST + PU + Mechanical_Gear,Multi-Head DL (TABNET),0.525,0.48945203081232497,0.8773214285714286
UOEMD,Diagnosis,Load_No_Load_Speed_Dec_45_to_15Hz,HUST_Gearbox + HUST + PU + Electric_Motor,Multi-Head DL (TABNET),0.5874999999999999,0.5406987314156431,0.9092857142857143
UOEMD,Diagnosis,Load_No_Load_Speed_Dec_45_to_15Hz,HUST_Gearbox + HUST + UORED + Mechanical_Gear,Multi-Head DL (TABNET),0.725,0.7039549218897045,0.9475
UOEMD,Diagnosis,Load_No_Load_Speed_Dec_45_to_15Hz,HUST_Gearbox + HUST + UORED + Electric_Motor,Multi-Head DL (TABNET),0.65,0.6341991341991342,0.9516071428571429
UOEMD,Diagnosis,Load_No_Load_Speed_Dec_45_to_15Hz,HUST_Gearbox + HUST + Mechanical_Gear + Electric_Motor,Multi-Head DL (TABNET),0.7,0.6951037868220531,0.9310714285714285
UOEMD,Diagnosis,Load_No_Load_Speed_Dec_45_to_15Hz,HUST_Gearbox + PU + UORED + Mechanical_Gear,Multi-Head DL (TABNET),0.625,0.6144575608570173,0.9289285714285713
UOEMD,Diagnosis,Load_No_Load_Speed_Dec_45_to_15Hz,HUST_Gearbox + PU + UORED + Electric_Motor,Multi-Head DL (TABNET),0.6375,0.5818181818181818,0.93625
UOEMD,Diagnosis,Load_No_Load_Speed_Dec_45_to_15Hz,HUST_Gearbox + PU + Mechanical_Gear + Electric_Motor,Multi-Head DL (TABNET),0.6125,0.5881874767744333,0.9035714285714286
UOEMD,Diagnosis,Load_No_Load_Speed_Dec_45_to_15Hz,HUST_Gearbox + UORED + Mechanical_Gear + Electric_Motor,Multi-Head DL (TABNET),0.725,0.7213582251082251,0.9385714285714286
UOEMD,Diagnosis,Load_No_Load_Speed_Dec_45_to_15Hz,HUST + PU + UORED + Mechanical_Gear,Multi-Head DL (TABNET),0.525,0.5204475438088121,0.9219642857142858
UOEMD,Diagnosis,Load_No_Load_Speed_Dec_45_to_15Hz,HUST + PU + UORED + Electric_Motor,Multi-Head DL (TABNET),0.6625000000000001,0.6680126760849268,0.9244642857142857
UOEMD,Diagnosis,Load_No_Load_Speed_Dec_45_to_15Hz,HUST + PU + Mechanical_Gear + Electric_Motor,Multi-Head DL (TABNET),0.5,0.4900526700041719,0.8642857142857143
UOEMD,Diagnosis,Load_No_Load_Speed_Dec_45_to_15Hz,HUST + UORED + Mechanical_Gear + Electric_Motor,Multi-Head DL (TABNET),0.6125,0.6179262812202921,0.9223214285714285
UOEMD,Diagnosis,Load_No_Load_Speed_Dec_45_to_15Hz,PU + UORED + Mechanical_Gear + Electric_Motor,Multi-Head DL (TABNET),0.5874999999999999,0.5705817520075832,0.9098214285714286
UOEMD,Diagnosis,Load_No_Load_Speed_Dec_45_to_15Hz,CWRU_12k + CWRU_48k + HUST_Gearbox + HUST + PU,Multi-Head DL (TABNET),0.6499999999999999,0.6040970365418895,0.9198214285714286
UOEMD,Diagnosis,Load_No_Load_Speed_Dec_45_to_15Hz,CWRU_12k + CWRU_48k + HUST_Gearbox + HUST + UORED,Multi-Head DL (TABNET),0.55,0.4898808712526853,0.8916071428571428
UOEMD,Diagnosis,Load_No_Load_Speed_Dec_45_to_15Hz,CWRU_12k + CWRU_48k + HUST_Gearbox + HUST + Mechanical_Gear,Multi-Head DL (TABNET),0.5,0.4833132403477775,0.8921428571428571
UOEMD,Diagnosis,Load_No_Load_Speed_Dec_45_to_15Hz,CWRU_12k + CWRU_48k + HUST_Gearbox + HUST + Electric_Motor,Multi-Head DL (TABNET),0.625,0.579550229182582,0.9310714285714285
UOEMD,Diagnosis,Load_No_Load_Speed_Dec_45_to_15Hz,CWRU_12k + CWRU_48k + HUST_Gearbox + PU + UORED,Multi-Head DL (TABNET),0.625,0.6110524891774892,0.9137500000000001
UOEMD,Diagnosis,Load_No_Load_Speed_Dec_45_to_15Hz,CWRU_12k + CWRU_48k + HUST_Gearbox + PU + Mechanical_Gear,Multi-Head DL (TABNET),0.5375,0.5579967948717949,0.8798214285714285
UOEMD,Diagnosis,Load_No_Load_Speed_Dec_45_to_15Hz,CWRU_12k + CWRU_48k + HUST_Gearbox + PU + Electric_Motor,Multi-Head DL (TABNET),0.65,0.5940749601275918,0.9433928571428571
UOEMD,Diagnosis,Load_No_Load_Speed_Dec_45_to_15Hz,CWRU_12k + CWRU_48k + HUST_Gearbox + UORED + Mechanical_Gear,Multi-Head DL (TABNET),0.7124999999999999,0.7051167133520074,0.9460714285714286
UOEMD,Diagnosis,Load_No_Load_Speed_Dec_45_to_15Hz,CWRU_12k + CWRU_48k + HUST_Gearbox + UORED + Electric_Motor,Multi-Head DL (TABNET),0.65,0.6330447513013302,0.9155357142857143
UOEMD,Diagnosis,Load_No_Load_Speed_Dec_45_to_15Hz,CWRU_12k + CWRU_48k + HUST_Gearbox + Mechanical_Gear + Electric_Motor,Multi-Head DL (TABNET),0.7250000000000001,0.6824325684380033,0.9541071428571428
UOEMD,Diagnosis,Load_No_Load_Speed_Dec_45_to_15Hz,CWRU_12k + CWRU_48k + HUST + PU + UORED,Multi-Head DL (TABNET),0.5750000000000001,0.5333592132505176,0.9221428571428572
UOEMD,Diagnosis,Load_No_Load_Speed_Dec_45_to_15Hz,CWRU_12k + CWRU_48k + HUST + PU + Mechanical_Gear,Multi-Head DL (TABNET),0.675,0.6562501863013372,0.9089285714285714
UOEMD,Diagnosis,Load_No_Load_Speed_Dec_45_to_15Hz,CWRU_12k + CWRU_48k + HUST + PU + Electric_Motor,Multi-Head DL (TABNET),0.5125,0.49415829682773416,0.8853571428571428
UOEMD,Diagnosis,Load_No_Load_Speed_Dec_45_to_15Hz,CWRU_12k + CWRU_48k + HUST + UORED + Mechanical_Gear,Multi-Head DL (TABNET),0.5375,0.5239583333333333,0.8916071428571428
UOEMD,Diagnosis,Load_No_Load_Speed_Dec_45_to_15Hz,CWRU_12k + CWRU_48k + HUST + UORED + Electric_Motor,Multi-Head DL (TABNET),0.6875,0.666407867494824,0.9358928571428571
UOEMD,Diagnosis,Load_No_Load_Speed_Dec_45_to_15Hz,CWRU_12k + CWRU_48k + HUST + Mechanical_Gear + Electric_Motor,Multi-Head DL (TABNET),0.6125,0.6234165576985943,0.9173214285714286
UOEMD,Diagnosis,Load_No_Load_Speed_Dec_45_to_15Hz,CWRU_12k + CWRU_48k + PU + UORED + Mechanical_Gear,Multi-Head DL (TABNET),0.575,0.5510912698412698,0.9175
UOEMD,Diagnosis,Load_No_Load_Speed_Dec_45_to_15Hz,CWRU_12k + CWRU_48k + PU + UORED + Electric_Motor,Multi-Head DL (TABNET),0.6375,0.5994646136046392,0.90375
UOEMD,Diagnosis,Load_No_Load_Speed_Dec_45_to_15Hz,CWRU_12k + CWRU_48k + PU + Mechanical_Gear + Electric_Motor,Multi-Head DL (TABNET),0.5875,0.5461516982254968,0.8869642857142856
UOEMD,Diagnosis,Load_No_Load_Speed_Dec_45_to_15Hz,CWRU_12k + CWRU_48k + UORED + Mechanical_Gear + Electric_Motor,Multi-Head DL (TABNET),0.65,0.642239623121976,0.92625
UOEMD,Diagnosis,Load_No_Load_Speed_Dec_45_to_15Hz,CWRU_12k + HUST_Gearbox + HUST + PU + UORED,Multi-Head DL (TABNET),0.5874999999999999,0.5409547895275824,0.9128571428571428
UOEMD,Diagnosis,Load_No_Load_Speed_Dec_45_to_15Hz,CWRU_12k + HUST_Gearbox + HUST + PU + Mechanical_Gear,Multi-Head DL (TABNET),0.575,0.5466117038920831,0.8928571428571428
UOEMD,Diagnosis,Load_No_Load_Speed_Dec_45_to_15Hz,CWRU_12k + HUST_Gearbox + HUST + PU + Electric_Motor,Multi-Head DL (TABNET),0.625,0.5649543780080062,0.9251785714285714
UOEMD,Diagnosis,Load_No_Load_Speed_Dec_45_to_15Hz,CWRU_12k + HUST_Gearbox + HUST + UORED + Mechanical_Gear,Multi-Head DL (TABNET),0.5875,0.5201651005998832,0.9230357142857144
UOEMD,Diagnosis,Load_No_Load_Speed_Dec_45_to_15Hz,CWRU_12k + HUST_Gearbox + HUST + UORED + Electric_Motor,Multi-Head DL (TABNET),0.725,0.7130224634700338,0.9380357142857143
UOEMD,Diagnosis,Load_No_Load_Speed_Dec_45_to_15Hz,CWRU_12k + HUST_Gearbox + HUST + Mechanical_Gear + Electric_Motor,Multi-Head DL (TABNET),0.6,0.5658538711927459,0.9142857142857144
UOEMD,Diagnosis,Load_No_Load_Speed_Dec_45_to_15Hz,CWRU_12k + HUST_Gearbox + PU + UORED + Mechanical_Gear,Multi-Head DL (TABNET),0.575,0.5352542758783994,0.9169642857142857
UOEMD,Diagnosis,Load_No_Load_Speed_Dec_45_to_15Hz,CWRU_12k + HUST_Gearbox + PU + UORED + Electric_Motor,Multi-Head DL (TABNET),0.6375,0.6190476190476191,0.9307142857142857
UOEMD,Diagnosis,Load_No_Load_Speed_Dec_45_to_15Hz,CWRU_12k + HUST_Gearbox + PU + Mechanical_Gear + Electric_Motor,Multi-Head DL (TABNET),0.55,0.5345270560463975,0.9169642857142857
UOEMD,Diagnosis,Load_No_Load_Speed_Dec_45_to_15Hz,CWRU_12k + HUST_Gearbox + UORED + Mechanical_Gear + Electric_Motor,Multi-Head DL (TABNET),0.6875,0.6769325502084123,0.9369642857142857
UOEMD,Diagnosis,Load_No_Load_Speed_Dec_45_to_15Hz,CWRU_12k + HUST + PU + UORED + Mechanical_Gear,Multi-Head DL (TABNET),0.5375,0.5161897709821939,0.86375
UOEMD,Diagnosis,Load_No_Load_Speed_Dec_45_to_15Hz,CWRU_12k + HUST + PU + UORED + Electric_Motor,Multi-Head DL (TABNET),0.5,0.4427269342013257,0.8658928571428571
UOEMD,Diagnosis,Load_No_Load_Speed_Dec_45_to_15Hz,CWRU_12k + HUST + PU + Mechanical_Gear + Electric_Motor,Multi-Head DL (TABNET),0.6499999999999999,0.6028413424866514,0.9123214285714285
UOEMD,Diagnosis,Load_No_Load_Speed_Dec_45_to_15Hz,CWRU_12k + HUST + UORED + Mechanical_Gear + Electric_Motor,Multi-Head DL (TABNET),0.7,0.6986906922478611,0.9258928571428572
UOEMD,Diagnosis,Load_No_Load_Speed_Dec_45_to_15Hz,CWRU_12k + PU + UORED + Mechanical_Gear + Electric_Motor,Multi-Head DL (TABNET),0.5249999999999999,0.4966250854408749,0.8973214285714286
UOEMD,Diagnosis,Load_No_Load_Speed_Dec_45_to_15Hz,CWRU_48k + HUST_Gearbox + HUST + PU + UORED,Multi-Head DL (TABNET),0.575,0.5303533198270041,0.9251785714285714
UOEMD,Diagnosis,Load_No_Load_Speed_Dec_45_to_15Hz,CWRU_48k + HUST_Gearbox + HUST + PU + Mechanical_Gear,Multi-Head DL (TABNET),0.42500000000000004,0.3662091321035287,0.9151785714285715
UOEMD,Diagnosis,Load_No_Load_Speed_Dec_45_to_15Hz,CWRU_48k + HUST_Gearbox + HUST + PU + Electric_Motor,Multi-Head DL (TABNET),0.65,0.6524572649572649,0.9439285714285715
UOEMD,Diagnosis,Load_No_Load_Speed_Dec_45_to_15Hz,CWRU_48k + HUST_Gearbox + HUST + UORED + Mechanical_Gear,Multi-Head DL (TABNET),0.65,0.618396699918439,0.9433928571428571
UOEMD,Diagnosis,Load_No_Load_Speed_Dec_45_to_15Hz,CWRU_48k + HUST_Gearbox + HUST + UORED + Electric_Motor,Multi-Head DL (TABNET),0.7625,0.7573504273504273,0.9410714285714286
UOEMD,Diagnosis,Load_No_Load_Speed_Dec_45_to_15Hz,CWRU_48k + HUST_Gearbox + HUST + Mechanical_Gear + Electric_Motor,Multi-Head DL (TABNET),0.75,0.7343666478449088,0.9435714285714285
UOEMD,Diagnosis,Load_No_Load_Speed_Dec_45_to_15Hz,CWRU_48k + HUST_Gearbox + PU + UORED + Mechanical_Gear,Multi-Head DL (TABNET),0.5375,0.4782011289364231,0.8841071428571428
UOEMD,Diagnosis,Load_No_Load_Speed_Dec_45_to_15Hz,CWRU_48k + HUST_Gearbox + PU + UORED + Electric_Motor,Multi-Head DL (TABNET),0.5,0.4573162008197398,0.8885714285714286
UOEMD,Diagnosis,Load_No_Load_Speed_Dec_45_to_15Hz,CWRU_48k + HUST_Gearbox + PU + Mechanical_Gear + Electric_Motor,Multi-Head DL (TABNET),0.625,0.6008820346320347,0.9278571428571429
UOEMD,Diagnosis,Load_No_Load_Speed_Dec_45_to_15Hz,CWRU_48k + HUST_Gearbox + UORED + Mechanical_Gear + Electric_Motor,Multi-Head DL (TABNET),0.775,0.7814765300059419,0.9471428571428571
UOEMD,Diagnosis,Load_No_Load_Speed_Dec_45_to_15Hz,CWRU_48k + HUST + PU + UORED + Mechanical_Gear,Multi-Head DL (TABNET),0.5375,0.5049898444635287,0.9258928571428571
UOEMD,Diagnosis,Load_No_Load_Speed_Dec_45_to_15Hz,CWRU_48k + HUST + PU + UORED + Electric_Motor,Multi-Head DL (TABNET),0.6000000000000001,0.5594376212023271,0.9316071428571429
UOEMD,Diagnosis,Load_No_Load_Speed_Dec_45_to_15Hz,CWRU_48k + HUST + PU + Mechanical_Gear + Electric_Motor,Multi-Head DL (TABNET),0.5249999999999999,0.47907389246062015,0.9217857142857142
UOEMD,Diagnosis,Load_No_Load_Speed_Dec_45_to_15Hz,CWRU_48k + HUST + UORED + Mechanical_Gear + Electric_Motor,Multi-Head DL (TABNET),0.75,0.7457610436519105,0.9507142857142856
UOEMD,Diagnosis,Load_No_Load_Speed_Dec_45_to_15Hz,CWRU_48k + PU + UORED + Mechanical_Gear + Electric_Motor,Multi-Head DL (TABNET),0.5625,0.5669617070019373,0.895
UOEMD,Diagnosis,Load_No_Load_Speed_Dec_45_to_15Hz,HUST_Gearbox + HUST + PU + UORED + Mechanical_Gear,Multi-Head DL (TABNET),0.6000000000000001,0.5554905239687848,0.9066071428571428
UOEMD,Diagnosis,Load_No_Load_Speed_Dec_45_to_15Hz,HUST_Gearbox + HUST + PU + UORED + Electric_Motor,Multi-Head DL (TABNET),0.6000000000000001,0.5262738080059258,0.9341071428571428
UOEMD,Diagnosis,Load_No_Load_Speed_Dec_45_to_15Hz,HUST_Gearbox + HUST + PU + Mechanical_Gear + Electric_Motor,Multi-Head DL (TABNET),0.6375,0.6274618638529929,0.9178571428571429
UOEMD,Diagnosis,Load_No_Load_Speed_Dec_45_to_15Hz,HUST_Gearbox + HUST + UORED + Mechanical_Gear + Electric_Motor,Multi-Head DL (TABNET),0.6375,0.6173971587622904,0.9323214285714285
UOEMD,Diagnosis,Load_No_Load_Speed_Dec_45_to_15Hz,HUST_Gearbox + PU + UORED + Mechanical_Gear + Electric_Motor,Multi-Head DL (TABNET),0.5125,0.4649318308559121,0.8860714285714286
UOEMD,Diagnosis,Load_No_Load_Speed_Dec_45_to_15Hz,HUST + PU + UORED + Mechanical_Gear + Electric_Motor,Multi-Head DL (TABNET),0.65,0.6534603568474536,0.9419642857142857
UOEMD,Diagnosis,Load_No_Load_Speed_Dec_45_to_15Hz,CWRU_12k + CWRU_48k + HUST_Gearbox + HUST + PU + UORED,Multi-Head DL (TABNET),0.6375000000000001,0.6123698041089345,0.9258928571428571
UOEMD,Diagnosis,Load_No_Load_Speed_Dec_45_to_15Hz,CWRU_12k + CWRU_48k + HUST_Gearbox + HUST + PU + Mechanical_Gear,Multi-Head DL (TABNET),0.6125,0.6016013780532836,0.9094642857142858
UOEMD,Diagnosis,Load_No_Load_Speed_Dec_45_to_15Hz,CWRU_12k + CWRU_48k + HUST_Gearbox + HUST + PU + Electric_Motor,Multi-Head DL (TABNET),0.6375,0.6021723646723647,0.8833928571428571
UOEMD,Diagnosis,Load_No_Load_Speed_Dec_45_to_15Hz,CWRU_12k + CWRU_48k + HUST_Gearbox + HUST + UORED + Mechanical_Gear,Multi-Head DL (TABNET),0.7625,0.754396645021645,0.9675
UOEMD,Diagnosis,Load_No_Load_Speed_Dec_45_to_15Hz,CWRU_12k + CWRU_48k + HUST_Gearbox + HUST + UORED + Electric_Motor,Multi-Head DL (TABNET),0.5875,0.5440544512958305,0.8925
UOEMD,Diagnosis,Load_No_Load_Speed_Dec_45_to_15Hz,CWRU_12k + CWRU_48k + HUST_Gearbox + HUST + Mechanical_Gear + Electric_Motor,Multi-Head DL (TABNET),0.65,0.6091060985797828,0.8848214285714285
UOEMD,Diagnosis,Load_No_Load_Speed_Dec_45_to_15Hz,CWRU_12k + CWRU_48k + HUST_Gearbox + PU + UORED + Mechanical_Gear,Multi-Head DL (TABNET),0.6,0.5449735449735449,0.91375
UOEMD,Diagnosis,Load_No_Load_Speed_Dec_45_to_15Hz,CWRU_12k + CWRU_48k + HUST_Gearbox + PU + UORED + Electric_Motor,Multi-Head DL (TABNET),0.625,0.5981805231805233,0.8882142857142857
UOEMD,Diagnosis,Load_No_Load_Speed_Dec_45_to_15Hz,CWRU_12k + CWRU_48k + HUST_Gearbox + PU + Mechanical_Gear + Electric_Motor,Multi-Head DL (TABNET),0.6000000000000001,0.569624542124542,0.8841071428571429
UOEMD,Diagnosis,Load_No_Load_Speed_Dec_45_to_15Hz,CWRU_12k + CWRU_48k + HUST_Gearbox + UORED + Mechanical_Gear + Electric_Motor,Multi-Head DL (TABNET),0.725,0.7297947687847068,0.9491071428571428
UOEMD,Diagnosis,Load_No_Load_Speed_Dec_45_to_15Hz,CWRU_12k + CWRU_48k + HUST + PU + UORED + Mechanical_Gear,Multi-Head DL (TABNET),0.5125,0.4657324735449735,0.9017857142857142
UOEMD,Diagnosis,Load_No_Load_Speed_Dec_45_to_15Hz,CWRU_12k + CWRU_48k + HUST + PU + UORED + Electric_Motor,Multi-Head DL (TABNET),0.725,0.7139531397843418,0.9407142857142857
UOEMD,Diagnosis,Load_No_Load_Speed_Dec_45_to_15Hz,CWRU_12k + CWRU_48k + HUST + PU + Mechanical_Gear + Electric_Motor,Multi-Head DL (TABNET),0.575,0.5198022947836121,0.8844642857142857
UOEMD,Diagnosis,Load_No_Load_Speed_Dec_45_to_15Hz,CWRU_12k + CWRU_48k + HUST + UORED + Mechanical_Gear + Electric_Motor,Multi-Head DL (TABNET),0.675,0.6661681678896799,0.9491071428571428
UOEMD,Diagnosis,Load_No_Load_Speed_Dec_45_to_15Hz,CWRU_12k + CWRU_48k + PU + UORED + Mechanical_Gear + Electric_Motor,Multi-Head DL (TABNET),0.5875,0.5854042629604101,0.9212499999999999
UOEMD,Diagnosis,Load_No_Load_Speed_Dec_45_to_15Hz,CWRU_12k + HUST_Gearbox + HUST + PU + UORED + Mechanical_Gear,Multi-Head DL (TABNET),0.6375,0.6071125975473801,0.8883928571428571
UOEMD,Diagnosis,Load_No_Load_Speed_Dec_45_to_15Hz,CWRU_12k + HUST_Gearbox + HUST + PU + UORED + Electric_Motor,Multi-Head DL (TABNET),0.575,0.5566673828622358,0.8898214285714285
UOEMD,Diagnosis,Load_No_Load_Speed_Dec_45_to_15Hz,CWRU_12k + HUST_Gearbox + HUST + PU + Mechanical_Gear + Electric_Motor,Multi-Head DL (TABNET),0.5249999999999999,0.5028627063473612,0.8846428571428572
UOEMD,Diagnosis,Load_No_Load_Speed_Dec_45_to_15Hz,CWRU_12k + HUST_Gearbox + HUST + UORED + Mechanical_Gear + Electric_Motor,Multi-Head DL (TABNET),0.6499999999999999,0.6243303571428571,0.9039285714285714
UOEMD,Diagnosis,Load_No_Load_Speed_Dec_45_to_15Hz,CWRU_12k + HUST_Gearbox + PU + UORED + Mechanical_Gear + Electric_Motor,Multi-Head DL (TABNET),0.65,0.6413153959778675,0.9135714285714286
UOEMD,Diagnosis,Load_No_Load_Speed_Dec_45_to_15Hz,CWRU_12k + HUST + PU + UORED + Mechanical_Gear + Electric_Motor,Multi-Head DL (TABNET),0.475,0.37778003246753245,0.8925000000000001
UOEMD,Diagnosis,Load_No_Load_Speed_Dec_45_to_15Hz,CWRU_48k + HUST_Gearbox + HUST + PU + UORED + Mechanical_Gear,Multi-Head DL (TABNET),0.5625,0.5018160871386678,0.8757142857142857
UOEMD,Diagnosis,Load_No_Load_Speed_Dec_45_to_15Hz,CWRU_48k + HUST_Gearbox + HUST + PU + UORED + Electric_Motor,Multi-Head DL (TABNET),0.575,0.5328920228378432,0.9442857142857143
UOEMD,Diagnosis,Load_No_Load_Speed_Dec_45_to_15Hz,CWRU_48k + HUST_Gearbox + HUST + PU + Mechanical_Gear + Electric_Motor,Multi-Head DL (TABNET),0.6,0.5876352607473889,0.9282142857142857
UOEMD,Diagnosis,Load_No_Load_Speed_Dec_45_to_15Hz,CWRU_48k + HUST_Gearbox + HUST + UORED + Mechanical_Gear + Electric_Motor,Multi-Head DL (TABNET),0.625,0.6242312142248203,0.9312499999999999
UOEMD,Diagnosis,Load_No_Load_Speed_Dec_45_to_15Hz,CWRU_48k + HUST_Gearbox + PU + UORED + Mechanical_Gear + Electric_Motor,Multi-Head DL (TABNET),0.6625,0.6330207967571851,0.8953571428571429
UOEMD,Diagnosis,Load_No_Load_Speed_Dec_45_to_15Hz,CWRU_48k + HUST + PU + UORED + Mechanical_Gear + Electric_Motor,Multi-Head DL (TABNET),0.7375,0.7162127941405642,0.9533928571428572
UOEMD,Diagnosis,Load_No_Load_Speed_Dec_45_to_15Hz,HUST_Gearbox + HUST + PU + UORED + Mechanical_Gear + Electric_Motor,Multi-Head DL (TABNET),0.5375,0.4840334008097166,0.86375
UOEMD,Diagnosis,Load_No_Load_Speed_Dec_45_to_15Hz,CWRU_12k + CWRU_48k + HUST_Gearbox + HUST + PU + UORED + Mechanical_Gear,Multi-Head DL (TABNET),0.575,0.5392316017316017,0.9185714285714286
UOEMD,Diagnosis,Load_No_Load_Speed_Dec_45_to_15Hz,CWRU_12k + CWRU_48k + HUST_Gearbox + HUST + PU + UORED + Electric_Motor,Multi-Head DL (TABNET),0.55,0.525100114416476,0.8978571428571429
UOEMD,Diagnosis,Load_No_Load_Speed_Dec_45_to_15Hz,CWRU_12k + CWRU_48k + HUST_Gearbox + HUST + PU + Mechanical_Gear + Electric_Motor,Multi-Head DL (TABNET),0.5625,0.5185781871637135,0.9030357142857144
UOEMD,Diagnosis,Load_No_Load_Speed_Dec_45_to_15Hz,CWRU_12k + CWRU_48k + HUST_Gearbox + HUST + UORED + Mechanical_Gear + Electric_Motor,Multi-Head DL (TABNET),0.625,0.6231858054226476,0.9160714285714286
UOEMD,Diagnosis,Load_No_Load_Speed_Dec_45_to_15Hz,CWRU_12k + CWRU_48k + HUST_Gearbox + PU + UORED + Mechanical_Gear + Electric_Motor,Multi-Head DL (TABNET),0.625,0.5970352564102563,0.9008928571428572
UOEMD,Diagnosis,Load_No_Load_Speed_Dec_45_to_15Hz,CWRU_12k + CWRU_48k + HUST + PU + UORED + Mechanical_Gear + Electric_Motor,Multi-Head DL (TABNET),0.55,0.49516820898399844,0.9335714285714286
UOEMD,Diagnosis,Load_No_Load_Speed_Dec_45_to_15Hz,CWRU_12k + HUST_Gearbox + HUST + PU + UORED + Mechanical_Gear + Electric_Motor,Multi-Head DL (TABNET),0.6125,0.5966414712738242,0.8916071428571428
UOEMD,Diagnosis,Load_No_Load_Speed_Dec_45_to_15Hz,CWRU_48k + HUST_Gearbox + HUST + PU + UORED + Mechanical_Gear + Electric_Motor,Multi-Head DL (TABNET),0.6125,0.6106732448837713,0.9080357142857143
UOEMD,Diagnosis,Load_No_Load_Speed_Dec_45_to_15Hz,CWRU_12k + CWRU_48k + HUST_Gearbox + HUST + PU + UORED + Mechanical_Gear + Electric_Motor,Multi-Head DL (TABNET),0.575,0.5558454106280193,0.8723214285714286
UOEMD,Diagnosis,Load_No_Load_Speed_Dec_60_to_30Hz,CWRU_12k,Multi-Head DL (TABNET),0.8375,0.8369318181818182,0.9766071428571428
UOEMD,Diagnosis,Load_No_Load_Speed_Dec_60_to_30Hz,CWRU_48k,Multi-Head DL (TABNET),0.8375,0.8345855447442134,0.9782142857142857
UOEMD,Diagnosis,Load_No_Load_Speed_Dec_60_to_30Hz,HUST_Gearbox,Multi-Head DL (TABNET),0.8125,0.8035976129582267,0.9803571428571429
UOEMD,Diagnosis,Load_No_Load_Speed_Dec_60_to_30Hz,HUST,Multi-Head DL (TABNET),0.7625000000000001,0.7736158857482387,0.9483928571428571
UOEMD,Diagnosis,Load_No_Load_Speed_Dec_60_to_30Hz,PU,Multi-Head DL (TABNET),0.6125,0.5665221051090616,0.9255357142857144
UOEMD,Diagnosis,Load_No_Load_Speed_Dec_60_to_30Hz,UORED,Multi-Head DL (TABNET),0.8875,0.8798662766542024,0.9889285714285714
UOEMD,Diagnosis,Load_No_Load_Speed_Dec_60_to_30Hz,Mechanical_Gear,Multi-Head DL (TABNET),0.825,0.8234325396825397,0.9891071428571429
UOEMD,Diagnosis,Load_No_Load_Speed_Dec_60_to_30Hz,Electric_Motor,Multi-Head DL (TABNET),0.8625,0.8644803296119086,0.9862500000000001
UOEMD,Diagnosis,Load_No_Load_Speed_Dec_60_to_30Hz,CWRU_12k + CWRU_48k,Multi-Head DL (TABNET),0.7375,0.7297523554876496,0.9573214285714287
UOEMD,Diagnosis,Load_No_Load_Speed_Dec_60_to_30Hz,CWRU_12k + HUST_Gearbox,Multi-Head DL (TABNET),0.7749999999999999,0.7648674242424243,0.9610714285714286
UOEMD,Diagnosis,Load_No_Load_Speed_Dec_60_to_30Hz,CWRU_12k + HUST,Multi-Head DL (TABNET),0.75,0.7449804416716181,0.9435714285714286
UOEMD,Diagnosis,Load_No_Load_Speed_Dec_60_to_30Hz,CWRU_12k + PU,Multi-Head DL (TABNET),0.6499999999999999,0.6140522875816993,0.9278571428571429
UOEMD,Diagnosis,Load_No_Load_Speed_Dec_60_to_30Hz,CWRU_12k + UORED,Multi-Head DL (TABNET),0.6499999999999999,0.6519279520640682,0.8905357142857143
UOEMD,Diagnosis,Load_No_Load_Speed_Dec_60_to_30Hz,CWRU_12k + Mechanical_Gear,Multi-Head DL (TABNET),0.7749999999999999,0.7625383501858094,0.9737499999999999
UOEMD,Diagnosis,Load_No_Load_Speed_Dec_60_to_30Hz,CWRU_12k + Electric_Motor,Multi-Head DL (TABNET),0.8625,0.8600076394194042,0.9855357142857142
UOEMD,Diagnosis,Load_No_Load_Speed_Dec_60_to_30Hz,CWRU_48k + HUST_Gearbox,Multi-Head DL (TABNET),0.7375,0.6642382617382617,0.9646428571428571
UOEMD,Diagnosis,Load_No_Load_Speed_Dec_60_to_30Hz,CWRU_48k + HUST,Multi-Head DL (TABNET),0.8375,0.8317532962841887,0.9792857142857143
UOEMD,Diagnosis,Load_No_Load_Speed_Dec_60_to_30Hz,CWRU_48k + PU,Multi-Head DL (TABNET),0.5875,0.582546439628483,0.9055357142857143
UOEMD,Diagnosis,Load_No_Load_Speed_Dec_60_to_30Hz,CWRU_48k + UORED,Multi-Head DL (TABNET),0.8,0.7984601449275361,0.9828571428571429
UOEMD,Diagnosis,Load_No_Load_Speed_Dec_60_to_30Hz,CWRU_48k + Mechanical_Gear,Multi-Head DL (TABNET),0.7374999999999999,0.727598232969077,0.9742857142857143
UOEMD,Diagnosis,Load_No_Load_Speed_Dec_60_to_30Hz,CWRU_48k + Electric_Motor,Multi-Head DL (TABNET),0.75,0.7352008764280571,0.9626785714285715
UOEMD,Diagnosis,Load_No_Load_Speed_Dec_60_to_30Hz,HUST_Gearbox + HUST,Multi-Head DL (TABNET),0.675,0.6523984593837535,0.9580357142857143
UOEMD,Diagnosis,Load_No_Load_Speed_Dec_60_to_30Hz,HUST_Gearbox + PU,Multi-Head DL (TABNET),0.7,0.6942910160015423,0.9442857142857143
UOEMD,Diagnosis,Load_No_Load_Speed_Dec_60_to_30Hz,HUST_Gearbox + UORED,Multi-Head DL (TABNET),0.8125,0.8094943240454077,0.9648214285714286
UOEMD,Diagnosis,Load_No_Load_Speed_Dec_60_to_30Hz,HUST_Gearbox + Mechanical_Gear,Multi-Head DL (TABNET),0.8375,0.8338754898352422,0.9903571428571429
UOEMD,Diagnosis,Load_No_Load_Speed_Dec_60_to_30Hz,HUST_Gearbox + Electric_Motor,Multi-Head DL (TABNET),0.8375,0.8360686468263194,0.9810714285714286
UOEMD,Diagnosis,Load_No_Load_Speed_Dec_60_to_30Hz,HUST + PU,Multi-Head DL (TABNET),0.55,0.5053281878939774,0.9125
UOEMD,Diagnosis,Load_No_Load_Speed_Dec_60_to_30Hz,HUST + UORED,Multi-Head DL (TABNET),0.85,0.8430023923444976,0.9826785714285714
UOEMD,Diagnosis,Load_No_Load_Speed_Dec_60_to_30Hz,HUST + Mechanical_Gear,Multi-Head DL (TABNET),0.8,0.7993012422360248,0.9825
UOEMD,Diagnosis,Load_No_Load_Speed_Dec_60_to_30Hz,HUST + Electric_Motor,Multi-Head DL (TABNET),0.6875,0.6784599011669445,0.9301785714285714
UOEMD,Diagnosis,Load_No_Load_Speed_Dec_60_to_30Hz,PU + UORED,Multi-Head DL (TABNET),0.75,0.7092848124098123,0.9450000000000001
UOEMD,Diagnosis,Load_No_Load_Speed_Dec_60_to_30Hz,PU + Mechanical_Gear,Multi-Head DL (TABNET),0.6875,0.6705038320313462,0.9607142857142857
UOEMD,Diagnosis,Load_No_Load_Speed_Dec_60_to_30Hz,PU + Electric_Motor,Multi-Head DL (TABNET),0.65,0.6349587912087912,0.9199999999999999
UOEMD,Diagnosis,Load_No_Load_Speed_Dec_60_to_30Hz,UORED + Mechanical_Gear,Multi-Head DL (TABNET),0.7625,0.7640410222059839,0.9673214285714286
UOEMD,Diagnosis,Load_No_Load_Speed_Dec_60_to_30Hz,UORED + Electric_Motor,Multi-Head DL (TABNET),0.7,0.6943840579710145,0.9678571428571429
UOEMD,Diagnosis,Load_No_Load_Speed_Dec_60_to_30Hz,Mechanical_Gear + Electric_Motor,Multi-Head DL (TABNET),0.7750000000000001,0.7448945981554678,0.9410714285714286
UOEMD,Diagnosis,Load_No_Load_Speed_Dec_60_to_30Hz,CWRU_12k + CWRU_48k + HUST_Gearbox,Multi-Head DL (TABNET),0.8125,0.7981617416400025,0.9851785714285715
UOEMD,Diagnosis,Load_No_Load_Speed_Dec_60_to_30Hz,CWRU_12k + CWRU_48k + HUST,Multi-Head DL (TABNET),0.6625000000000001,0.6460328070622188,0.9098214285714286
UOEMD,Diagnosis,Load_No_Load_Speed_Dec_60_to_30Hz,CWRU_12k + CWRU_48k + PU,Multi-Head DL (TABNET),0.6375000000000001,0.6353766135769532,0.9021428571428571
UOEMD,Diagnosis,Load_No_Load_Speed_Dec_60_to_30Hz,CWRU_12k + CWRU_48k + UORED,Multi-Head DL (TABNET),0.6624999999999999,0.6549321309551488,0.9378571428571428
UOEMD,Diagnosis,Load_No_Load_Speed_Dec_60_to_30Hz,CWRU_12k + CWRU_48k + Mechanical_Gear,Multi-Head DL (TABNET),0.6625000000000001,0.6537541672016854,0.9282142857142857
UOEMD,Diagnosis,Load_No_Load_Speed_Dec_60_to_30Hz,CWRU_12k + CWRU_48k + Electric_Motor,Multi-Head DL (TABNET),0.7875,0.7747198879551821,0.9623214285714285
UOEMD,Diagnosis,Load_No_Load_Speed_Dec_60_to_30Hz,CWRU_12k + HUST_Gearbox + HUST,Multi-Head DL (TABNET),0.75,0.7136640888239354,0.9653571428571428
UOEMD,Diagnosis,Load_No_Load_Speed_Dec_60_to_30Hz,CWRU_12k + HUST_Gearbox + PU,Multi-Head DL (TABNET),0.575,0.5467436974789917,0.9108928571428572
UOEMD,Diagnosis,Load_No_Load_Speed_Dec_60_to_30Hz,CWRU_12k + HUST_Gearbox + UORED,Multi-Head DL (TABNET),0.6625000000000001,0.6600301659125188,0.9408928571428572
UOEMD,Diagnosis,Load_No_Load_Speed_Dec_60_to_30Hz,CWRU_12k + HUST_Gearbox + Mechanical_Gear,Multi-Head DL (TABNET),0.6375,0.6309247737556561,0.9296428571428572
UOEMD,Diagnosis,Load_No_Load_Speed_Dec_60_to_30Hz,CWRU_12k + HUST_Gearbox + Electric_Motor,Multi-Head DL (TABNET),0.7,0.6930690537084399,0.9373214285714286
UOEMD,Diagnosis,Load_No_Load_Speed_Dec_60_to_30Hz,CWRU_12k + HUST + PU,Multi-Head DL (TABNET),0.6625,0.655195266512402,0.93625
UOEMD,Diagnosis,Load_No_Load_Speed_Dec_60_to_30Hz,CWRU_12k + HUST + UORED,Multi-Head DL (TABNET),0.7375,0.7206185919343815,0.9435714285714285
UOEMD,Diagnosis,Load_No_Load_Speed_Dec_60_to_30Hz,CWRU_12k + HUST + Mechanical_Gear,Multi-Head DL (TABNET),0.8625,0.8623430779634509,0.9833928571428572
UOEMD,Diagnosis,Load_No_Load_Speed_Dec_60_to_30Hz,CWRU_12k + HUST + Electric_Motor,Multi-Head DL (TABNET),0.85,0.848120082233018,0.9751785714285715
UOEMD,Diagnosis,Load_No_Load_Speed_Dec_60_to_30Hz,CWRU_12k + PU + UORED,Multi-Head DL (TABNET),0.775,0.7700939964766691,0.9525
UOEMD,Diagnosis,Load_No_Load_Speed_Dec_60_to_30Hz,CWRU_12k + PU + Mechanical_Gear,Multi-Head DL (TABNET),0.5874999999999999,0.5659523411071399,0.9001785714285715
UOEMD,Diagnosis,Load_No_Load_Speed_Dec_60_to_30Hz,CWRU_12k + PU + Electric_Motor,Multi-Head DL (TABNET),0.5,0.4685791123291123,0.8662500000000001
UOEMD,Diagnosis,Load_No_Load_Speed_Dec_60_to_30Hz,CWRU_12k + UORED + Mechanical_Gear,Multi-Head DL (TABNET),0.7,0.6904634717134717,0.9669642857142857
UOEMD,Diagnosis,Load_No_Load_Speed_Dec_60_to_30Hz,CWRU_12k + UORED + Electric_Motor,Multi-Head DL (TABNET),0.7875,0.7846500721500721,0.9653571428571428
UOEMD,Diagnosis,Load_No_Load_Speed_Dec_60_to_30Hz,CWRU_12k + Mechanical_Gear + Electric_Motor,Multi-Head DL (TABNET),0.8374999999999999,0.8332755059585724,0.9782142857142857
UOEMD,Diagnosis,Load_No_Load_Speed_Dec_60_to_30Hz,CWRU_48k + HUST_Gearbox + HUST,Multi-Head DL (TABNET),0.6875,0.6813641902384296,0.9539285714285715
UOEMD,Diagnosis,Load_No_Load_Speed_Dec_60_to_30Hz,CWRU_48k + HUST_Gearbox + PU,Multi-Head DL (TABNET),0.625,0.6009386446886447,0.9251785714285714
UOEMD,Diagnosis,Load_No_Load_Speed_Dec_60_to_30Hz,CWRU_48k + HUST_Gearbox + UORED,Multi-Head DL (TABNET),0.7124999999999999,0.7195814054366686,0.9401785714285714
UOEMD,Diagnosis,Load_No_Load_Speed_Dec_60_to_30Hz,CWRU_48k + HUST_Gearbox + Mechanical_Gear,Multi-Head DL (TABNET),0.75,0.7509267001114827,0.9594642857142857
UOEMD,Diagnosis,Load_No_Load_Speed_Dec_60_to_30Hz,CWRU_48k + HUST_Gearbox + Electric_Motor,Multi-Head DL (TABNET),0.7124999999999999,0.7212690507171595,0.9576785714285714
UOEMD,Diagnosis,Load_No_Load_Speed_Dec_60_to_30Hz,CWRU_48k + HUST + PU,Multi-Head DL (TABNET),0.48750000000000004,0.449663709038709,0.8501785714285715
UOEMD,Diagnosis,Load_No_Load_Speed_Dec_60_to_30Hz,CWRU_48k + HUST + UORED,Multi-Head DL (TABNET),0.7749999999999999,0.7678108634758252,0.9614285714285714
UOEMD,Diagnosis,Load_No_Load_Speed_Dec_60_to_30Hz,CWRU_48k + HUST + Mechanical_Gear,Multi-Head DL (TABNET),0.7625,0.7509417665667666,0.9623214285714285
UOEMD,Diagnosis,Load_No_Load_Speed_Dec_60_to_30Hz,CWRU_48k + HUST + Electric_Motor,Multi-Head DL (TABNET),0.7875000000000001,0.7865044043933362,0.9792857142857143
UOEMD,Diagnosis,Load_No_Load_Speed_Dec_60_to_30Hz,CWRU_48k + PU + UORED,Multi-Head DL (TABNET),0.6375,0.6177979390681003,0.9408928571428572
UOEMD,Diagnosis,Load_No_Load_Speed_Dec_60_to_30Hz,CWRU_48k + PU + Mechanical_Gear,Multi-Head DL (TABNET),0.6375,0.5898902821316614,0.90375
UOEMD,Diagnosis,Load_No_Load_Speed_Dec_60_to_30Hz,CWRU_48k + PU + Electric_Motor,Multi-Head DL (TABNET),0.6625,0.6348586581761891,0.9298214285714286
UOEMD,Diagnosis,Load_No_Load_Speed_Dec_60_to_30Hz,CWRU_48k + UORED + Mechanical_Gear,Multi-Head DL (TABNET),0.75,0.7348316245774686,0.9482142857142858
UOEMD,Diagnosis,Load_No_Load_Speed_Dec_60_to_30Hz,CWRU_48k + UORED + Electric_Motor,Multi-Head DL (TABNET),0.8,0.7923522884120711,0.9637500000000001
UOEMD,Diagnosis,Load_No_Load_Speed_Dec_60_to_30Hz,CWRU_48k + Mechanical_Gear + Electric_Motor,Multi-Head DL (TABNET),0.8125,0.8086366381203338,0.9794642857142857
UOEMD,Diagnosis,Load_No_Load_Speed_Dec_60_to_30Hz,HUST_Gearbox + HUST + PU,Multi-Head DL (TABNET),0.6625,0.6315933740646016,0.9625
UOEMD,Diagnosis,Load_No_Load_Speed_Dec_60_to_30Hz,HUST_Gearbox + HUST + UORED,Multi-Head DL (TABNET),0.7625,0.7666367787284303,0.9676785714285714
UOEMD,Diagnosis,Load_No_Load_Speed_Dec_60_to_30Hz,HUST_Gearbox + HUST + Mechanical_Gear,Multi-Head DL (TABNET),0.8125,0.7882724053440167,0.9689285714285715
UOEMD,Diagnosis,Load_No_Load_Speed_Dec_60_to_30Hz,HUST_Gearbox + HUST + Electric_Motor,Multi-Head DL (TABNET),0.8,0.7953203020338571,0.9739285714285715
UOEMD,Diagnosis,Load_No_Load_Speed_Dec_60_to_30Hz,HUST_Gearbox + PU + UORED,Multi-Head DL (TABNET),0.6875,0.6871710526315788,0.927142857142857
UOEMD,Diagnosis,Load_No_Load_Speed_Dec_60_to_30Hz,HUST_Gearbox + PU + Mechanical_Gear,Multi-Head DL (TABNET),0.6125,0.6058779761904762,0.89625
UOEMD,Diagnosis,Load_No_Load_Speed_Dec_60_to_30Hz,HUST_Gearbox + PU + Electric_Motor,Multi-Head DL (TABNET),0.5874999999999999,0.5781565656565657,0.9173214285714286
UOEMD,Diagnosis,Load_No_Load_Speed_Dec_60_to_30Hz,HUST_Gearbox + UORED + Mechanical_Gear,Multi-Head DL (TABNET),0.825,0.8241626794258373,0.9816071428571429
UOEMD,Diagnosis,Load_No_Load_Speed_Dec_60_to_30Hz,HUST_Gearbox + UORED + Electric_Motor,Multi-Head DL (TABNET),0.7375,0.7273498050385923,0.9542857142857143
UOEMD,Diagnosis,Load_No_Load_Speed_Dec_60_to_30Hz,HUST_Gearbox + Mechanical_Gear + Electric_Motor,Multi-Head DL (TABNET),0.7875,0.7755181222286485,0.9819642857142857
UOEMD,Diagnosis,Load_No_Load_Speed_Dec_60_to_30Hz,HUST + PU + UORED,Multi-Head DL (TABNET),0.675,0.6254761904761905,0.9323214285714285
UOEMD,Diagnosis,Load_No_Load_Speed_Dec_60_to_30Hz,HUST + PU + Mechanical_Gear,Multi-Head DL (TABNET),0.6125,0.5794214396284829,0.93
UOEMD,Diagnosis,Load_No_Load_Speed_Dec_60_to_30Hz,HUST + PU + Electric_Motor,Multi-Head DL (TABNET),0.675,0.6670673076923077,0.9375
UOEMD,Diagnosis,Load_No_Load_Speed_Dec_60_to_30Hz,HUST + UORED + Mechanical_Gear,Multi-Head DL (TABNET),0.6875,0.6688787185354691,0.9410714285714286
UOEMD,Diagnosis,Load_No_Load_Speed_Dec_60_to_30Hz,HUST + UORED + Electric_Motor,Multi-Head DL (TABNET),0.7625000000000001,0.7524801587301586,0.9467857142857142
UOEMD,Diagnosis,Load_No_Load_Speed_Dec_60_to_30Hz,HUST + Mechanical_Gear + Electric_Motor,Multi-Head DL (TABNET),0.7375,0.7123015873015872,0.9808928571428571
UOEMD,Diagnosis,Load_No_Load_Speed_Dec_60_to_30Hz,PU + UORED + Mechanical_Gear,Multi-Head DL (TABNET),0.6125,0.5839233682983682,0.9032142857142857
UOEMD,Diagnosis,Load_No_Load_Speed_Dec_60_to_30Hz,PU + UORED + Electric_Motor,Multi-Head DL (TABNET),0.7625,0.7575382447665056,0.9578571428571429
UOEMD,Diagnosis,Load_No_Load_Speed_Dec_60_to_30Hz,PU + Mechanical_Gear + Electric_Motor,Multi-Head DL (TABNET),0.7125,0.7064794685990338,0.94
UOEMD,Diagnosis,Load_No_Load_Speed_Dec_60_to_30Hz,UORED + Mechanical_Gear + Electric_Motor,Multi-Head DL (TABNET),0.9,0.8990895800106327,0.9875
UOEMD,Diagnosis,Load_No_Load_Speed_Dec_60_to_30Hz,CWRU_12k + CWRU_48k + HUST_Gearbox + HUST,Multi-Head DL (TABNET),0.6625,0.653946385902031,0.9644642857142858
UOEMD,Diagnosis,Load_No_Load_Speed_Dec_60_to_30Hz,CWRU_12k + CWRU_48k + HUST_Gearbox + PU,Multi-Head DL (TABNET),0.625,0.5796690723464178,0.9010714285714285
UOEMD,Diagnosis,Load_No_Load_Speed_Dec_60_to_30Hz,CWRU_12k + CWRU_48k + HUST_Gearbox + UORED,Multi-Head DL (TABNET),0.7250000000000001,0.7098169374485164,0.947857142857143
UOEMD,Diagnosis,Load_No_Load_Speed_Dec_60_to_30Hz,CWRU_12k + CWRU_48k + HUST_Gearbox + Mechanical_Gear,Multi-Head DL (TABNET),0.6875,0.6882301908617698,0.9558928571428571
UOEMD,Diagnosis,Load_No_Load_Speed_Dec_60_to_30Hz,CWRU_12k + CWRU_48k + HUST_Gearbox + Electric_Motor,Multi-Head DL (TABNET),0.7124999999999999,0.710759626267903,0.9546428571428572
UOEMD,Diagnosis,Load_No_Load_Speed_Dec_60_to_30Hz,CWRU_12k + CWRU_48k + HUST + PU,Multi-Head DL (TABNET),0.675,0.6628596644900993,0.9308928571428572
UOEMD,Diagnosis,Load_No_Load_Speed_Dec_60_to_30Hz,CWRU_12k + CWRU_48k + HUST + UORED,Multi-Head DL (TABNET),0.875,0.8728721580165246,0.975
UOEMD,Diagnosis,Load_No_Load_Speed_Dec_60_to_30Hz,CWRU_12k + CWRU_48k + HUST + Mechanical_Gear,Multi-Head DL (TABNET),0.6,0.5956505847953217,0.9237500000000001
UOEMD,Diagnosis,Load_No_Load_Speed_Dec_60_to_30Hz,CWRU_12k + CWRU_48k + HUST + Electric_Motor,Multi-Head DL (TABNET),0.6625000000000001,0.6512979773849339,0.9494642857142856
UOEMD,Diagnosis,Load_No_Load_Speed_Dec_60_to_30Hz,CWRU_12k + CWRU_48k + PU + UORED,Multi-Head DL (TABNET),0.65,0.6301739926739927,0.9307142857142857
UOEMD,Diagnosis,Load_No_Load_Speed_Dec_60_to_30Hz,CWRU_12k + CWRU_48k + PU + Mechanical_Gear,Multi-Head DL (TABNET),0.7,0.6890629351155666,0.9357142857142857
UOEMD,Diagnosis,Load_No_Load_Speed_Dec_60_to_30Hz,CWRU_12k + CWRU_48k + PU + Electric_Motor,Multi-Head DL (TABNET),0.6499999999999999,0.6408080277565571,0.9542857142857143
UOEMD,Diagnosis,Load_No_Load_Speed_Dec_60_to_30Hz,CWRU_12k + CWRU_48k + UORED + Mechanical_Gear,Multi-Head DL (TABNET),0.7749999999999999,0.7821963763575606,0.9542857142857143
UOEMD,Diagnosis,Load_No_Load_Speed_Dec_60_to_30Hz,CWRU_12k + CWRU_48k + UORED + Electric_Motor,Multi-Head DL (TABNET),0.5874999999999999,0.5534268363215732,0.87375
UOEMD,Diagnosis,Load_No_Load_Speed_Dec_60_to_30Hz,CWRU_12k + CWRU_48k + Mechanical_Gear + Electric_Motor,Multi-Head DL (TABNET),0.65,0.6279216004701135,0.9351785714285714
UOEMD,Diagnosis,Load_No_Load_Speed_Dec_60_to_30Hz,CWRU_12k + HUST_Gearbox + HUST + PU,Multi-Head DL (TABNET),0.4375,0.3875152625152626,0.8153571428571429
UOEMD,Diagnosis,Load_No_Load_Speed_Dec_60_to_30Hz,CWRU_12k + HUST_Gearbox + HUST + UORED,Multi-Head DL (TABNET),0.6749999999999999,0.676574869078066,0.9228571428571428
UOEMD,Diagnosis,Load_No_Load_Speed_Dec_60_to_30Hz,CWRU_12k + HUST_Gearbox + HUST + Mechanical_Gear,Multi-Head DL (TABNET),0.725,0.7094849326370224,0.9614285714285714
UOEMD,Diagnosis,Load_No_Load_Speed_Dec_60_to_30Hz,CWRU_12k + HUST_Gearbox + HUST + Electric_Motor,Multi-Head DL (TABNET),0.65,0.645297684771369,0.9357142857142857
UOEMD,Diagnosis,Load_No_Load_Speed_Dec_60_to_30Hz,CWRU_12k + HUST_Gearbox + PU + UORED,Multi-Head DL (TABNET),0.6625,0.6464471518819346,0.9326785714285715
UOEMD,Diagnosis,Load_No_Load_Speed_Dec_60_to_30Hz,CWRU_12k + HUST_Gearbox + PU + Mechanical_Gear,Multi-Head DL (TABNET),0.6000000000000001,0.6039591933264534,0.9267857142857143
UOEMD,Diagnosis,Load_No_Load_Speed_Dec_60_to_30Hz,CWRU_12k + HUST_Gearbox + PU + Electric_Motor,Multi-Head DL (TABNET),0.5625,0.5430262510796946,0.8869642857142858
UOEMD,Diagnosis,Load_No_Load_Speed_Dec_60_to_30Hz,CWRU_12k + HUST_Gearbox + UORED + Mechanical_Gear,Multi-Head DL (TABNET),0.75,0.7112533021959463,0.9591071428571428
UOEMD,Diagnosis,Load_No_Load_Speed_Dec_60_to_30Hz,CWRU_12k + HUST_Gearbox + UORED + Electric_Motor,Multi-Head DL (TABNET),0.85,0.8516514939309057,0.9857142857142858
UOEMD,Diagnosis,Load_No_Load_Speed_Dec_60_to_30Hz,CWRU_12k + HUST_Gearbox + Mechanical_Gear + Electric_Motor,Multi-Head DL (TABNET),0.6875,0.6836720297246612,0.8921428571428571
UOEMD,Diagnosis,Load_No_Load_Speed_Dec_60_to_30Hz,CWRU_12k + HUST + PU + UORED,Multi-Head DL (TABNET),0.725,0.7122161464266727,0.9416071428571429
UOEMD,Diagnosis,Load_No_Load_Speed_Dec_60_to_30Hz,CWRU_12k + HUST + PU + Mechanical_Gear,Multi-Head DL (TABNET),0.5625,0.508665082194494,0.9276785714285715
UOEMD,Diagnosis,Load_No_Load_Speed_Dec_60_to_30Hz,CWRU_12k + HUST + PU + Electric_Motor,Multi-Head DL (TABNET),0.5625,0.532270977179444,0.9219642857142857
UOEMD,Diagnosis,Load_No_Load_Speed_Dec_60_to_30Hz,CWRU_12k + HUST + UORED + Mechanical_Gear,Multi-Head DL (TABNET),0.7625,0.7669220472323177,0.9494642857142858
UOEMD,Diagnosis,Load_No_Load_Speed_Dec_60_to_30Hz,CWRU_12k + HUST + UORED + Electric_Motor,Multi-Head DL (TABNET),0.725,0.7208950363362128,0.9530357142857142
UOEMD,Diagnosis,Load_No_Load_Speed_Dec_60_to_30Hz,CWRU_12k + HUST + Mechanical_Gear + Electric_Motor,Multi-Head DL (TABNET),0.6125,0.6029589371980677,0.8987499999999999
UOEMD,Diagnosis,Load_No_Load_Speed_Dec_60_to_30Hz,CWRU_12k + PU + UORED + Mechanical_Gear,Multi-Head DL (TABNET),0.6625000000000001,0.6446488294314381,0.9491071428571428
UOEMD,Diagnosis,Load_No_Load_Speed_Dec_60_to_30Hz,CWRU_12k + PU + UORED + Electric_Motor,Multi-Head DL (TABNET),0.55,0.5109809107749611,0.925
UOEMD,Diagnosis,Load_No_Load_Speed_Dec_60_to_30Hz,CWRU_12k + PU + Mechanical_Gear + Electric_Motor,Multi-Head DL (TABNET),0.475,0.42860350433879846,0.8814285714285715
UOEMD,Diagnosis,Load_No_Load_Speed_Dec_60_to_30Hz,CWRU_12k + UORED + Mechanical_Gear + Electric_Motor,Multi-Head DL (TABNET),0.7875000000000001,0.7912295003813883,0.9783928571428572
UOEMD,Diagnosis,Load_No_Load_Speed_Dec_60_to_30Hz,CWRU_48k + HUST_Gearbox + HUST + PU,Multi-Head DL (TABNET),0.625,0.5805205049626956,0.91
UOEMD,Diagnosis,Load_No_Load_Speed_Dec_60_to_30Hz,CWRU_48k + HUST_Gearbox + HUST + UORED,Multi-Head DL (TABNET),0.7875,0.7870813397129186,0.9821428571428572
UOEMD,Diagnosis,Load_No_Load_Speed_Dec_60_to_30Hz,CWRU_48k + HUST_Gearbox + HUST + Mechanical_Gear,Multi-Head DL (TABNET),0.675,0.6502027582909936,0.9301785714285715
UOEMD,Diagnosis,Load_No_Load_Speed_Dec_60_to_30Hz,CWRU_48k + HUST_Gearbox + HUST + Electric_Motor,Multi-Head DL (TABNET),0.825,0.8168833454874644,0.9762500000000001
UOEMD,Diagnosis,Load_No_Load_Speed_Dec_60_to_30Hz,CWRU_48k + HUST_Gearbox + PU + UORED,Multi-Head DL (TABNET),0.5,0.4640341403018888,0.9551785714285714
UOEMD,Diagnosis,Load_No_Load_Speed_Dec_60_to_30Hz,CWRU_48k + HUST_Gearbox + PU + Mechanical_Gear,Multi-Head DL (TABNET),0.6375,0.6016156068471141,0.9276785714285715
UOEMD,Diagnosis,Load_No_Load_Speed_Dec_60_to_30Hz,CWRU_48k + HUST_Gearbox + PU + Electric_Motor,Multi-Head DL (TABNET),0.6375,0.6201866151866151,0.9337500000000001
UOEMD,Diagnosis,Load_No_Load_Speed_Dec_60_to_30Hz,CWRU_48k + HUST_Gearbox + UORED + Mechanical_Gear,Multi-Head DL (TABNET),0.7250000000000001,0.6879352531526445,0.95
UOEMD,Diagnosis,Load_No_Load_Speed_Dec_60_to_30Hz,CWRU_48k + HUST_Gearbox + UORED + Electric_Motor,Multi-Head DL (TABNET),0.8375,0.8342877071777328,0.9735714285714285
UOEMD,Diagnosis,Load_No_Load_Speed_Dec_60_to_30Hz,CWRU_48k + HUST_Gearbox + Mechanical_Gear + Electric_Motor,Multi-Head DL (TABNET),0.8,0.7867022345470622,0.9767857142857144
UOEMD,Diagnosis,Load_No_Load_Speed_Dec_60_to_30Hz,CWRU_48k + HUST + PU + UORED,Multi-Head DL (TABNET),0.6,0.5487012987012987,0.9366071428571429
UOEMD,Diagnosis,Load_No_Load_Speed_Dec_60_to_30Hz,CWRU_48k + HUST + PU + Mechanical_Gear,Multi-Head DL (TABNET),0.575,0.5735648409561453,0.8808928571428571
UOEMD,Diagnosis,Load_No_Load_Speed_Dec_60_to_30Hz,CWRU_48k + HUST + PU + Electric_Motor,Multi-Head DL (TABNET),0.6000000000000001,0.5868145208988526,0.9423214285714285
UOEMD,Diagnosis,Load_No_Load_Speed_Dec_60_to_30Hz,CWRU_48k + HUST + UORED + Mechanical_Gear,Multi-Head DL (TABNET),0.75,0.7467041365067681,0.9567857142857144
UOEMD,Diagnosis,Load_No_Load_Speed_Dec_60_to_30Hz,CWRU_48k + HUST + UORED + Electric_Motor,Multi-Head DL (TABNET),0.6875,0.6701730081811519,0.9510714285714286
UOEMD,Diagnosis,Load_No_Load_Speed_Dec_60_to_30Hz,CWRU_48k + HUST + Mechanical_Gear + Electric_Motor,Multi-Head DL (TABNET),0.8375,0.8260281385281385,0.9764285714285714
UOEMD,Diagnosis,Load_No_Load_Speed_Dec_60_to_30Hz,CWRU_48k + PU + UORED + Mechanical_Gear,Multi-Head DL (TABNET),0.6499999999999999,0.6371946680770211,0.9412499999999999
UOEMD,Diagnosis,Load_No_Load_Speed_Dec_60_to_30Hz,CWRU_48k + PU + UORED + Electric_Motor,Multi-Head DL (TABNET),0.6499999999999999,0.6202651515151516,0.9376785714285714
UOEMD,Diagnosis,Load_No_Load_Speed_Dec_60_to_30Hz,CWRU_48k + PU + Mechanical_Gear + Electric_Motor,Multi-Head DL (TABNET),0.6375,0.6193781915489076,0.90875
UOEMD,Diagnosis,Load_No_Load_Speed_Dec_60_to_30Hz,CWRU_48k + UORED + Mechanical_Gear + Electric_Motor,Multi-Head DL (TABNET),0.7875,0.7686594202898551,0.9724999999999999
UOEMD,Diagnosis,Load_No_Load_Speed_Dec_60_to_30Hz,HUST_Gearbox + HUST + PU + UORED,Multi-Head DL (TABNET),0.7,0.6952698191185034,0.9460714285714287
UOEMD,Diagnosis,Load_No_Load_Speed_Dec_60_to_30Hz,HUST_Gearbox + HUST + PU + Mechanical_Gear,Multi-Head DL (TABNET),0.65,0.634714590964591,0.9244642857142857
UOEMD,Diagnosis,Load_No_Load_Speed_Dec_60_to_30Hz,HUST_Gearbox + HUST + PU + Electric_Motor,Multi-Head DL (TABNET),0.6000000000000001,0.5923424042174041,0.9158928571428571
UOEMD,Diagnosis,Load_No_Load_Speed_Dec_60_to_30Hz,HUST_Gearbox + HUST + UORED + Mechanical_Gear,Multi-Head DL (TABNET),0.7250000000000001,0.7258031075678135,0.9558928571428571
UOEMD,Diagnosis,Load_No_Load_Speed_Dec_60_to_30Hz,HUST_Gearbox + HUST + UORED + Electric_Motor,Multi-Head DL (TABNET),0.6375,0.6146438420465881,0.9382142857142858
UOEMD,Diagnosis,Load_No_Load_Speed_Dec_60_to_30Hz,HUST_Gearbox + HUST + Mechanical_Gear + Electric_Motor,Multi-Head DL (TABNET),0.6125,0.5880269514967791,0.9369642857142857
UOEMD,Diagnosis,Load_No_Load_Speed_Dec_60_to_30Hz,HUST_Gearbox + PU + UORED + Mechanical_Gear,Multi-Head DL (TABNET),0.7375,0.716233120327948,0.9519642857142857
UOEMD,Diagnosis,Load_No_Load_Speed_Dec_60_to_30Hz,HUST_Gearbox + PU + UORED + Electric_Motor,Multi-Head DL (TABNET),0.5375000000000001,0.5368757259001161,0.9194642857142857
UOEMD,Diagnosis,Load_No_Load_Speed_Dec_60_to_30Hz,HUST_Gearbox + PU + Mechanical_Gear + Electric_Motor,Multi-Head DL (TABNET),0.575,0.5607344470046083,0.9091071428571429
UOEMD,Diagnosis,Load_No_Load_Speed_Dec_60_to_30Hz,HUST_Gearbox + UORED + Mechanical_Gear + Electric_Motor,Multi-Head DL (TABNET),0.6125,0.5999752208575738,0.9371428571428572
UOEMD,Diagnosis,Load_No_Load_Speed_Dec_60_to_30Hz,HUST + PU + UORED + Mechanical_Gear,Multi-Head DL (TABNET),0.7124999999999999,0.6925054112554112,0.95625
UOEMD,Diagnosis,Load_No_Load_Speed_Dec_60_to_30Hz,HUST + PU + UORED + Electric_Motor,Multi-Head DL (TABNET),0.575,0.5743581173728233,0.9119642857142858
UOEMD,Diagnosis,Load_No_Load_Speed_Dec_60_to_30Hz,HUST + PU + Mechanical_Gear + Electric_Motor,Multi-Head DL (TABNET),0.525,0.51742784992785,0.8596428571428572
UOEMD,Diagnosis,Load_No_Load_Speed_Dec_60_to_30Hz,HUST + UORED + Mechanical_Gear + Electric_Motor,Multi-Head DL (TABNET),0.725,0.7188941969548377,0.9448214285714286
UOEMD,Diagnosis,Load_No_Load_Speed_Dec_60_to_30Hz,PU + UORED + Mechanical_Gear + Electric_Motor,Multi-Head DL (TABNET),0.6375,0.6375175070028012,0.9414285714285715
UOEMD,Diagnosis,Load_No_Load_Speed_Dec_60_to_30Hz,CWRU_12k + CWRU_48k + HUST_Gearbox + HUST + PU,Multi-Head DL (TABNET),0.6375,0.624779277739804,0.9594642857142857
UOEMD,Diagnosis,Load_No_Load_Speed_Dec_60_to_30Hz,CWRU_12k + CWRU_48k + HUST_Gearbox + HUST + UORED,Multi-Head DL (TABNET),0.6,0.5862741165327634,0.900357142857143
UOEMD,Diagnosis,Load_No_Load_Speed_Dec_60_to_30Hz,CWRU_12k + CWRU_48k + HUST_Gearbox + HUST + Mechanical_Gear,Multi-Head DL (TABNET),0.6625,0.6544158692185008,0.9310714285714285
UOEMD,Diagnosis,Load_No_Load_Speed_Dec_60_to_30Hz,CWRU_12k + CWRU_48k + HUST_Gearbox + HUST + Electric_Motor,Multi-Head DL (TABNET),0.7000000000000001,0.6843646549528902,0.9412500000000001
UOEMD,Diagnosis,Load_No_Load_Speed_Dec_60_to_30Hz,CWRU_12k + CWRU_48k + HUST_Gearbox + PU + UORED,Multi-Head DL (TABNET),0.7625,0.7218073593073593,0.9512499999999999
UOEMD,Diagnosis,Load_No_Load_Speed_Dec_60_to_30Hz,CWRU_12k + CWRU_48k + HUST_Gearbox + PU + Mechanical_Gear,Multi-Head DL (TABNET),0.6375,0.6154377420824789,0.9305357142857142
UOEMD,Diagnosis,Load_No_Load_Speed_Dec_60_to_30Hz,CWRU_12k + CWRU_48k + HUST_Gearbox + PU + Electric_Motor,Multi-Head DL (TABNET),0.5625,0.5351252849317865,0.8860714285714286
UOEMD,Diagnosis,Load_No_Load_Speed_Dec_60_to_30Hz,CWRU_12k + CWRU_48k + HUST_Gearbox + UORED + Mechanical_Gear,Multi-Head DL (TABNET),0.725,0.7298290149393091,0.9508928571428572
UOEMD,Diagnosis,Load_No_Load_Speed_Dec_60_to_30Hz,CWRU_12k + CWRU_48k + HUST_Gearbox + UORED + Electric_Motor,Multi-Head DL (TABNET),0.8,0.7851731853090549,0.9680357142857143
UOEMD,Diagnosis,Load_No_Load_Speed_Dec_60_to_30Hz,CWRU_12k + CWRU_48k + HUST_Gearbox + Mechanical_Gear + Electric_Motor,Multi-Head DL (TABNET),0.675,0.6492270516839482,0.9507142857142857
UOEMD,Diagnosis,Load_No_Load_Speed_Dec_60_to_30Hz,CWRU_12k + CWRU_48k + HUST + PU + UORED,Multi-Head DL (TABNET),0.6000000000000001,0.583340349166962,0.9014285714285715
UOEMD,Diagnosis,Load_No_Load_Speed_Dec_60_to_30Hz,CWRU_12k + CWRU_48k + HUST + PU + Mechanical_Gear,Multi-Head DL (TABNET),0.625,0.5985221383239285,0.9257142857142857
UOEMD,Diagnosis,Load_No_Load_Speed_Dec_60_to_30Hz,CWRU_12k + CWRU_48k + HUST + PU + Electric_Motor,Multi-Head DL (TABNET),0.625,0.599659822935685,0.9133928571428571
UOEMD,Diagnosis,Load_No_Load_Speed_Dec_60_to_30Hz,CWRU_12k + CWRU_48k + HUST + UORED + Mechanical_Gear,Multi-Head DL (TABNET),0.7,0.6783906882591093,0.9366071428571429
UOEMD,Diagnosis,Load_No_Load_Speed_Dec_60_to_30Hz,CWRU_12k + CWRU_48k + HUST + UORED + Electric_Motor,Multi-Head DL (TABNET),0.675,0.6696437652101268,0.9455357142857143
UOEMD,Diagnosis,Load_No_Load_Speed_Dec_60_to_30Hz,CWRU_12k + CWRU_48k + HUST + Mechanical_Gear + Electric_Motor,Multi-Head DL (TABNET),0.6749999999999999,0.6609715284715284,0.9357142857142857
UOEMD,Diagnosis,Load_No_Load_Speed_Dec_60_to_30Hz,CWRU_12k + CWRU_48k + PU + UORED + Mechanical_Gear,Multi-Head DL (TABNET),0.625,0.6180424647815952,0.9003571428571429
UOEMD,Diagnosis,Load_No_Load_Speed_Dec_60_to_30Hz,CWRU_12k + CWRU_48k + PU + UORED + Electric_Motor,Multi-Head DL (TABNET),0.6625,0.6296086064964783,0.9291071428571428
UOEMD,Diagnosis,Load_No_Load_Speed_Dec_60_to_30Hz,CWRU_12k + CWRU_48k + PU + Mechanical_Gear + Electric_Motor,Multi-Head DL (TABNET),0.75,0.7352961207366242,0.9644642857142858
UOEMD,Diagnosis,Load_No_Load_Speed_Dec_60_to_30Hz,CWRU_12k + CWRU_48k + UORED + Mechanical_Gear + Electric_Motor,Multi-Head DL (TABNET),0.6625,0.65507117151854,0.9351785714285714
UOEMD,Diagnosis,Load_No_Load_Speed_Dec_60_to_30Hz,CWRU_12k + HUST_Gearbox + HUST + PU + UORED,Multi-Head DL (TABNET),0.6125,0.6148392790130406,0.9371428571428572
UOEMD,Diagnosis,Load_No_Load_Speed_Dec_60_to_30Hz,CWRU_12k + HUST_Gearbox + HUST + PU + Mechanical_Gear,Multi-Head DL (TABNET),0.55,0.5440321406282504,0.9044642857142857
UOEMD,Diagnosis,Load_No_Load_Speed_Dec_60_to_30Hz,CWRU_12k + HUST_Gearbox + HUST + PU + Electric_Motor,Multi-Head DL (TABNET),0.55,0.5440348866819456,0.88625
UOEMD,Diagnosis,Load_No_Load_Speed_Dec_60_to_30Hz,CWRU_12k + HUST_Gearbox + HUST + UORED + Mechanical_Gear,Multi-Head DL (TABNET),0.7625,0.7415478523024963,0.9719642857142856
UOEMD,Diagnosis,Load_No_Load_Speed_Dec_60_to_30Hz,CWRU_12k + HUST_Gearbox + HUST + UORED + Electric_Motor,Multi-Head DL (TABNET),0.7375,0.7274743230625583,0.9508928571428572
UOEMD,Diagnosis,Load_No_Load_Speed_Dec_60_to_30Hz,CWRU_12k + HUST_Gearbox + HUST + Mechanical_Gear + Electric_Motor,Multi-Head DL (TABNET),0.7,0.6698656186612577,0.9316071428571429
UOEMD,Diagnosis,Load_No_Load_Speed_Dec_60_to_30Hz,CWRU_12k + HUST_Gearbox + PU + UORED + Mechanical_Gear,Multi-Head DL (TABNET),0.6625,0.6390458469405838,0.9171428571428571
UOEMD,Diagnosis,Load_No_Load_Speed_Dec_60_to_30Hz,CWRU_12k + HUST_Gearbox + PU + UORED + Electric_Motor,Multi-Head DL (TABNET),0.5874999999999999,0.5664098972922502,0.9208928571428572
UOEMD,Diagnosis,Load_No_Load_Speed_Dec_60_to_30Hz,CWRU_12k + HUST_Gearbox + PU + Mechanical_Gear + Electric_Motor,Multi-Head DL (TABNET),0.6625,0.669158624787428,0.9407142857142857
UOEMD,Diagnosis,Load_No_Load_Speed_Dec_60_to_30Hz,CWRU_12k + HUST_Gearbox + UORED + Mechanical_Gear + Electric_Motor,Multi-Head DL (TABNET),0.7,0.6990983893557423,0.9708928571428571
UOEMD,Diagnosis,Load_No_Load_Speed_Dec_60_to_30Hz,CWRU_12k + HUST + PU + UORED + Mechanical_Gear,Multi-Head DL (TABNET),0.725,0.6989184609250398,0.9555357142857143
UOEMD,Diagnosis,Load_No_Load_Speed_Dec_60_to_30Hz,CWRU_12k + HUST + PU + UORED + Electric_Motor,Multi-Head DL (TABNET),0.6375000000000001,0.5963535733272575,0.9075
UOEMD,Diagnosis,Load_No_Load_Speed_Dec_60_to_30Hz,CWRU_12k + HUST + PU + Mechanical_Gear + Electric_Motor,Multi-Head DL (TABNET),0.7,0.7043370028664145,0.9498214285714286
UOEMD,Diagnosis,Load_No_Load_Speed_Dec_60_to_30Hz,CWRU_12k + HUST + UORED + Mechanical_Gear + Electric_Motor,Multi-Head DL (TABNET),0.75,0.7593044742980803,0.9723214285714286
UOEMD,Diagnosis,Load_No_Load_Speed_Dec_60_to_30Hz,CWRU_12k + PU + UORED + Mechanical_Gear + Electric_Motor,Multi-Head DL (TABNET),0.6499999999999999,0.6460981862869735,0.9324999999999999
UOEMD,Diagnosis,Load_No_Load_Speed_Dec_60_to_30Hz,CWRU_48k + HUST_Gearbox + HUST + PU + UORED,Multi-Head DL (TABNET),0.6375,0.6028040586864116,0.9698214285714285
UOEMD,Diagnosis,Load_No_Load_Speed_Dec_60_to_30Hz,CWRU_48k + HUST_Gearbox + HUST + PU + Mechanical_Gear,Multi-Head DL (TABNET),0.6499999999999999,0.632554480678213,0.9303571428571429
UOEMD,Diagnosis,Load_No_Load_Speed_Dec_60_to_30Hz,CWRU_48k + HUST_Gearbox + HUST + PU + Electric_Motor,Multi-Head DL (TABNET),0.7250000000000001,0.7263305322128852,0.91875
UOEMD,Diagnosis,Load_No_Load_Speed_Dec_60_to_30Hz,CWRU_48k + HUST_Gearbox + HUST + UORED + Mechanical_Gear,Multi-Head DL (TABNET),0.6875,0.6638644023852736,0.9357142857142857
UOEMD,Diagnosis,Load_No_Load_Speed_Dec_60_to_30Hz,CWRU_48k + HUST_Gearbox + HUST + UORED + Electric_Motor,Multi-Head DL (TABNET),0.7125,0.6575790875790876,0.9632142857142858
UOEMD,Diagnosis,Load_No_Load_Speed_Dec_60_to_30Hz,CWRU_48k + HUST_Gearbox + HUST + Mechanical_Gear + Electric_Motor,Multi-Head DL (TABNET),0.6375,0.620165520753756,0.9126785714285715
UOEMD,Diagnosis,Load_No_Load_Speed_Dec_60_to_30Hz,CWRU_48k + HUST_Gearbox + PU + UORED + Mechanical_Gear,Multi-Head DL (TABNET),0.675,0.6785127926768793,0.9333928571428571
UOEMD,Diagnosis,Load_No_Load_Speed_Dec_60_to_30Hz,CWRU_48k + HUST_Gearbox + PU + UORED + Electric_Motor,Multi-Head DL (TABNET),0.48750000000000004,0.4515516280321378,0.9314285714285715
UOEMD,Diagnosis,Load_No_Load_Speed_Dec_60_to_30Hz,CWRU_48k + HUST_Gearbox + PU + Mechanical_Gear + Electric_Motor,Multi-Head DL (TABNET),0.6499999999999999,0.6181705774097078,0.9519642857142858
UOEMD,Diagnosis,Load_No_Load_Speed_Dec_60_to_30Hz,CWRU_48k + HUST_Gearbox + UORED + Mechanical_Gear + Electric_Motor,Multi-Head DL (TABNET),0.65,0.6177973475799563,0.9241071428571428
UOEMD,Diagnosis,Load_No_Load_Speed_Dec_60_to_30Hz,CWRU_48k + HUST + PU + UORED + Mechanical_Gear,Multi-Head DL (TABNET),0.7,0.6861094306647845,0.9207142857142857
UOEMD,Diagnosis,Load_No_Load_Speed_Dec_60_to_30Hz,CWRU_48k + HUST + PU + UORED + Electric_Motor,Multi-Head DL (TABNET),0.6,0.592467159277504,0.9028571428571428
UOEMD,Diagnosis,Load_No_Load_Speed_Dec_60_to_30Hz,CWRU_48k + HUST + PU + Mechanical_Gear + Electric_Motor,Multi-Head DL (TABNET),0.5375000000000001,0.49978070175438594,0.8848214285714285
UOEMD,Diagnosis,Load_No_Load_Speed_Dec_60_to_30Hz,CWRU_48k + HUST + UORED + Mechanical_Gear + Electric_Motor,Multi-Head DL (TABNET),0.625,0.6245905684928433,0.9094642857142857
UOEMD,Diagnosis,Load_No_Load_Speed_Dec_60_to_30Hz,CWRU_48k + PU + UORED + Mechanical_Gear + Electric_Motor,Multi-Head DL (TABNET),0.7,0.6785950718383814,0.9335714285714286
UOEMD,Diagnosis,Load_No_Load_Speed_Dec_60_to_30Hz,HUST_Gearbox + HUST + PU + UORED + Mechanical_Gear,Multi-Head DL (TABNET),0.7250000000000001,0.6798323112879651,0.9535714285714285
UOEMD,Diagnosis,Load_No_Load_Speed_Dec_60_to_30Hz,HUST_Gearbox + HUST + PU + UORED + Electric_Motor,Multi-Head DL (TABNET),0.525,0.5243922743922744,0.8808928571428571
UOEMD,Diagnosis,Load_No_Load_Speed_Dec_60_to_30Hz,HUST_Gearbox + HUST + PU + Mechanical_Gear + Electric_Motor,Multi-Head DL (TABNET),0.65,0.6357805023923445,0.9458928571428571
UOEMD,Diagnosis,Load_No_Load_Speed_Dec_60_to_30Hz,HUST_Gearbox + HUST + UORED + Mechanical_Gear + Electric_Motor,Multi-Head DL (TABNET),0.6875,0.6883389406487233,0.9405357142857143
UOEMD,Diagnosis,Load_No_Load_Speed_Dec_60_to_30Hz,HUST_Gearbox + PU + UORED + Mechanical_Gear + Electric_Motor,Multi-Head DL (TABNET),0.6125,0.6071123321123322,0.9283928571428571
UOEMD,Diagnosis,Load_No_Load_Speed_Dec_60_to_30Hz,HUST + PU + UORED + Mechanical_Gear + Electric_Motor,Multi-Head DL (TABNET),0.6375,0.6014423076923077,0.9225
UOEMD,Diagnosis,Load_No_Load_Speed_Dec_60_to_30Hz,CWRU_12k + CWRU_48k + HUST_Gearbox + HUST + PU + UORED,Multi-Head DL (TABNET),0.575,0.5571557919419761,0.8725
UOEMD,Diagnosis,Load_No_Load_Speed_Dec_60_to_30Hz,CWRU_12k + CWRU_48k + HUST_Gearbox + HUST + PU + Mechanical_Gear,Multi-Head DL (TABNET),0.65,0.6231325863678805,0.9573214285714285
UOEMD,Diagnosis,Load_No_Load_Speed_Dec_60_to_30Hz,CWRU_12k + CWRU_48k + HUST_Gearbox + HUST + PU + Electric_Motor,Multi-Head DL (TABNET),0.5874999999999999,0.5675751879699248,0.9351785714285714
UOEMD,Diagnosis,Load_No_Load_Speed_Dec_60_to_30Hz,CWRU_12k + CWRU_48k + HUST_Gearbox + HUST + UORED + Mechanical_Gear,Multi-Head DL (TABNET),0.6625,0.6378787878787879,0.9405357142857143
UOEMD,Diagnosis,Load_No_Load_Speed_Dec_60_to_30Hz,CWRU_12k + CWRU_48k + HUST_Gearbox + HUST + UORED + Electric_Motor,Multi-Head DL (TABNET),0.6625,0.6726048074732285,0.9364285714285714
UOEMD,Diagnosis,Load_No_Load_Speed_Dec_60_to_30Hz,CWRU_12k + CWRU_48k + HUST_Gearbox + HUST + Mechanical_Gear + Electric_Motor,Multi-Head DL (TABNET),0.6375,0.6469635627530363,0.9305357142857144
UOEMD,Diagnosis,Load_No_Load_Speed_Dec_60_to_30Hz,CWRU_12k + CWRU_48k + HUST_Gearbox + PU + UORED + Mechanical_Gear,Multi-Head DL (TABNET),0.7125,0.7147062896268885,0.9621428571428572
UOEMD,Diagnosis,Load_No_Load_Speed_Dec_60_to_30Hz,CWRU_12k + CWRU_48k + HUST_Gearbox + PU + UORED + Electric_Motor,Multi-Head DL (TABNET),0.6125,0.6070139210383112,0.9323214285714285
UOEMD,Diagnosis,Load_No_Load_Speed_Dec_60_to_30Hz,CWRU_12k + CWRU_48k + HUST_Gearbox + PU + Mechanical_Gear + Electric_Motor,Multi-Head DL (TABNET),0.6375,0.6054288365143629,0.9235714285714286
UOEMD,Diagnosis,Load_No_Load_Speed_Dec_60_to_30Hz,CWRU_12k + CWRU_48k + HUST_Gearbox + UORED + Mechanical_Gear + Electric_Motor,Multi-Head DL (TABNET),0.6625,0.6450248094984936,0.9146428571428571
UOEMD,Diagnosis,Load_No_Load_Speed_Dec_60_to_30Hz,CWRU_12k + CWRU_48k + HUST + PU + UORED + Mechanical_Gear,Multi-Head DL (TABNET),0.575,0.5580862152553329,0.9335714285714286
UOEMD,Diagnosis,Load_No_Load_Speed_Dec_60_to_30Hz,CWRU_12k + CWRU_48k + HUST + PU + UORED + Electric_Motor,Multi-Head DL (TABNET),0.6749999999999999,0.649749373433584,0.9285714285714286
UOEMD,Diagnosis,Load_No_Load_Speed_Dec_60_to_30Hz,CWRU_12k + CWRU_48k + HUST + PU + Mechanical_Gear + Electric_Motor,Multi-Head DL (TABNET),0.7125,0.7132708107166311,0.9619642857142858
UOEMD,Diagnosis,Load_No_Load_Speed_Dec_60_to_30Hz,CWRU_12k + CWRU_48k + HUST + UORED + Mechanical_Gear + Electric_Motor,Multi-Head DL (TABNET),0.675,0.6774059918409764,0.9346428571428571
UOEMD,Diagnosis,Load_No_Load_Speed_Dec_60_to_30Hz,CWRU_12k + CWRU_48k + PU + UORED + Mechanical_Gear + Electric_Motor,Multi-Head DL (TABNET),0.6625,0.6474460224460225,0.9435714285714285
UOEMD,Diagnosis,Load_No_Load_Speed_Dec_60_to_30Hz,CWRU_12k + HUST_Gearbox + HUST + PU + UORED + Mechanical_Gear,Multi-Head DL (TABNET),0.5625,0.5173173095967213,0.8682142857142857
UOEMD,Diagnosis,Load_No_Load_Speed_Dec_60_to_30Hz,CWRU_12k + HUST_Gearbox + HUST + PU + UORED + Electric_Motor,Multi-Head DL (TABNET),0.625,0.6255126452494872,0.9135714285714286
UOEMD,Diagnosis,Load_No_Load_Speed_Dec_60_to_30Hz,CWRU_12k + HUST_Gearbox + HUST + PU + Mechanical_Gear + Electric_Motor,Multi-Head DL (TABNET),0.5,0.4924324031231926,0.9119642857142858
UOEMD,Diagnosis,Load_No_Load_Speed_Dec_60_to_30Hz,CWRU_12k + HUST_Gearbox + HUST + UORED + Mechanical_Gear + Electric_Motor,Multi-Head DL (TABNET),0.675,0.6678497582030192,0.9578571428571429
UOEMD,Diagnosis,Load_No_Load_Speed_Dec_60_to_30Hz,CWRU_12k + HUST_Gearbox + PU + UORED + Mechanical_Gear + Electric_Motor,Multi-Head DL (TABNET),0.675,0.6437516204303864,0.9116071428571428
UOEMD,Diagnosis,Load_No_Load_Speed_Dec_60_to_30Hz,CWRU_12k + HUST + PU + UORED + Mechanical_Gear + Electric_Motor,Multi-Head DL (TABNET),0.5625,0.5438814567330901,0.9028571428571428
UOEMD,Diagnosis,Load_No_Load_Speed_Dec_60_to_30Hz,CWRU_48k + HUST_Gearbox + HUST + PU + UORED + Mechanical_Gear,Multi-Head DL (TABNET),0.5750000000000001,0.5532475490196078,0.8982142857142857
UOEMD,Diagnosis,Load_No_Load_Speed_Dec_60_to_30Hz,CWRU_48k + HUST_Gearbox + HUST + PU + UORED + Electric_Motor,Multi-Head DL (TABNET),0.7,0.6744401431901432,0.94625
UOEMD,Diagnosis,Load_No_Load_Speed_Dec_60_to_30Hz,CWRU_48k + HUST_Gearbox + HUST + PU + Mechanical_Gear + Electric_Motor,Multi-Head DL (TABNET),0.575,0.5228545963840081,0.9092857142857144
UOEMD,Diagnosis,Load_No_Load_Speed_Dec_60_to_30Hz,CWRU_48k + HUST_Gearbox + HUST + UORED + Mechanical_Gear + Electric_Motor,Multi-Head DL (TABNET),0.6875,0.6935280394662546,0.9564285714285714
UOEMD,Diagnosis,Load_No_Load_Speed_Dec_60_to_30Hz,CWRU_48k + HUST_Gearbox + PU + UORED + Mechanical_Gear + Electric_Motor,Multi-Head DL (TABNET),0.7625,0.7671468980422069,0.9657142857142857
UOEMD,Diagnosis,Load_No_Load_Speed_Dec_60_to_30Hz,CWRU_48k + HUST + PU + UORED + Mechanical_Gear + Electric_Motor,Multi-Head DL (TABNET),0.6125,0.6181812081596565,0.8882142857142857
UOEMD,Diagnosis,Load_No_Load_Speed_Dec_60_to_30Hz,HUST_Gearbox + HUST + PU + UORED + Mechanical_Gear + Electric_Motor,Multi-Head DL (TABNET),0.6875,0.6503896026380248,0.9469642857142857
UOEMD,Diagnosis,Load_No_Load_Speed_Dec_60_to_30Hz,CWRU_12k + CWRU_48k + HUST_Gearbox + HUST + PU + UORED + Mechanical_Gear,Multi-Head DL (TABNET),0.7,0.6630378028404343,0.9242857142857143
UOEMD,Diagnosis,Load_No_Load_Speed_Dec_60_to_30Hz,CWRU_12k + CWRU_48k + HUST_Gearbox + HUST + PU + UORED + Electric_Motor,Multi-Head DL (TABNET),0.65,0.645021645021645,0.9369642857142857
UOEMD,Diagnosis,Load_No_Load_Speed_Dec_60_to_30Hz,CWRU_12k + CWRU_48k + HUST_Gearbox + HUST + PU + Mechanical_Gear + Electric_Motor,Multi-Head DL (TABNET),0.8,0.79842277820219,0.9514285714285714
UOEMD,Diagnosis,Load_No_Load_Speed_Dec_60_to_30Hz,CWRU_12k + CWRU_48k + HUST_Gearbox + HUST + UORED + Mechanical_Gear + Electric_Motor,Multi-Head DL (TABNET),0.675,0.6673400129282483,0.9376785714285714
UOEMD,Diagnosis,Load_No_Load_Speed_Dec_60_to_30Hz,CWRU_12k + CWRU_48k + HUST_Gearbox + PU + UORED + Mechanical_Gear + Electric_Motor,Multi-Head DL (TABNET),0.6,0.5607456140350877,0.9442857142857142
UOEMD,Diagnosis,Load_No_Load_Speed_Dec_60_to_30Hz,CWRU_12k + CWRU_48k + HUST + PU + UORED + Mechanical_Gear + Electric_Motor,Multi-Head DL (TABNET),0.525,0.47899992449411055,0.9146428571428571
UOEMD,Diagnosis,Load_No_Load_Speed_Dec_60_to_30Hz,CWRU_12k + HUST_Gearbox + HUST + PU + UORED + Mechanical_Gear + Electric_Motor,Multi-Head DL (TABNET),0.65,0.6382294050343249,0.9494642857142858
UOEMD,Diagnosis,Load_No_Load_Speed_Dec_60_to_30Hz,CWRU_48k + HUST_Gearbox + HUST + PU + UORED + Mechanical_Gear + Electric_Motor,Multi-Head DL (TABNET),0.5625,0.519685047065078,0.9044642857142857
UOEMD,Diagnosis,Load_No_Load_Speed_Dec_60_to_30Hz,CWRU_12k + CWRU_48k + HUST_Gearbox + HUST + PU + UORED + Mechanical_Gear + Electric_Motor,Multi-Head DL (TABNET),0.7125,0.6935331576635924,0.9546428571428571
UOEMD,Diagnosis,Load_No_Load_Speed_Inc_15_to_45Hz,CWRU_12k,Multi-Head DL (TABNET),0.8624999999999999,0.8572603383458646,0.9764285714285714
UOEMD,Diagnosis,Load_No_Load_Speed_Inc_15_to_45Hz,CWRU_48k,Multi-Head DL (TABNET),0.8625,0.856110865398791,0.9812500000000001
UOEMD,Diagnosis,Load_No_Load_Speed_Inc_15_to_45Hz,HUST_Gearbox,Multi-Head DL (TABNET),0.8,0.7940604558167487,0.9773214285714286
UOEMD,Diagnosis,Load_No_Load_Speed_Inc_15_to_45Hz,HUST,Multi-Head DL (TABNET),0.7125,0.7128553122760788,0.9717857142857144
UOEMD,Diagnosis,Load_No_Load_Speed_Inc_15_to_45Hz,PU,Multi-Head DL (TABNET),0.6625000000000001,0.606140350877193,0.9475
UOEMD,Diagnosis,Load_No_Load_Speed_Inc_15_to_45Hz,UORED,Multi-Head DL (TABNET),0.8875,0.8867167919799499,0.9871428571428571
UOEMD,Diagnosis,Load_No_Load_Speed_Inc_15_to_45Hz,Mechanical_Gear,Multi-Head DL (TABNET),0.875,0.8700819562274671,0.9842857142857142
UOEMD,Diagnosis,Load_No_Load_Speed_Inc_15_to_45Hz,Electric_Motor,Multi-Head DL (TABNET),0.825,0.8245609494751371,0.9807142857142856
UOEMD,Diagnosis,Load_No_Load_Speed_Inc_15_to_45Hz,CWRU_12k + CWRU_48k,Multi-Head DL (TABNET),0.7125,0.6896712266778056,0.9458928571428572
UOEMD,Diagnosis,Load_No_Load_Speed_Inc_15_to_45Hz,CWRU_12k + HUST_Gearbox,Multi-Head DL (TABNET),0.75,0.7335532507157221,0.9416071428571429
UOEMD,Diagnosis,Load_No_Load_Speed_Inc_15_to_45Hz,CWRU_12k + HUST,Multi-Head DL (TABNET),0.7375,0.7333286647992531,0.9517857142857143
UOEMD,Diagnosis,Load_No_Load_Speed_Inc_15_to_45Hz,CWRU_12k + PU,Multi-Head DL (TABNET),0.5,0.48714595346174294,0.8689285714285715
UOEMD,Diagnosis,Load_No_Load_Speed_Inc_15_to_45Hz,CWRU_12k + UORED,Multi-Head DL (TABNET),0.7875000000000001,0.7704290005996157,0.9698214285714286
UOEMD,Diagnosis,Load_No_Load_Speed_Inc_15_to_45Hz,CWRU_12k + Mechanical_Gear,Multi-Head DL (TABNET),0.825,0.8180597996774468,0.97
UOEMD,Diagnosis,Load_No_Load_Speed_Inc_15_to_45Hz,CWRU_12k + Electric_Motor,Multi-Head DL (TABNET),0.8,0.792671015774731,0.9769642857142857
UOEMD,Diagnosis,Load_No_Load_Speed_Inc_15_to_45Hz,CWRU_48k + HUST_Gearbox,Multi-Head DL (TABNET),0.7375,0.7218317099567099,0.9766071428571428
UOEMD,Diagnosis,Load_No_Load_Speed_Inc_15_to_45Hz,CWRU_48k + HUST,Multi-Head DL (TABNET),0.7375,0.7289443807826161,0.9573214285714287
UOEMD,Diagnosis,Load_No_Load_Speed_Inc_15_to_45Hz,CWRU_48k + PU,Multi-Head DL (TABNET),0.6625000000000001,0.6437895437895438,0.9450000000000001
UOEMD,Diagnosis,Load_No_Load_Speed_Inc_15_to_45Hz,CWRU_48k + UORED,Multi-Head DL (TABNET),0.775,0.762597679145162,0.9757142857142858
UOEMD,Diagnosis,Load_No_Load_Speed_Inc_15_to_45Hz,CWRU_48k + Mechanical_Gear,Multi-Head DL (TABNET),0.8625,0.8581216577540107,0.9808928571428571
UOEMD,Diagnosis,Load_No_Load_Speed_Inc_15_to_45Hz,CWRU_48k + Electric_Motor,Multi-Head DL (TABNET),0.8125,0.8002658118063118,0.9655357142857144
UOEMD,Diagnosis,Load_No_Load_Speed_Inc_15_to_45Hz,HUST_Gearbox + HUST,Multi-Head DL (TABNET),0.7875,0.7796873877756231,0.9641071428571428
UOEMD,Diagnosis,Load_No_Load_Speed_Inc_15_to_45Hz,HUST_Gearbox + PU,Multi-Head DL (TABNET),0.675,0.6317177614752996,0.9444642857142858
UOEMD,Diagnosis,Load_No_Load_Speed_Inc_15_to_45Hz,HUST_Gearbox + UORED,Multi-Head DL (TABNET),0.8125,0.8123529635139543,0.9698214285714286
UOEMD,Diagnosis,Load_No_Load_Speed_Inc_15_to_45Hz,HUST_Gearbox + Mechanical_Gear,Multi-Head DL (TABNET),0.825,0.8212898416942533,0.9769642857142857
UOEMD,Diagnosis,Load_No_Load_Speed_Inc_15_to_45Hz,HUST_Gearbox + Electric_Motor,Multi-Head DL (TABNET),0.7375,0.7447112244107129,0.9569642857142857
UOEMD,Diagnosis,Load_No_Load_Speed_Inc_15_to_45Hz,HUST + PU,Multi-Head DL (TABNET),0.7250000000000001,0.7257848463512079,0.9623214285714285
UOEMD,Diagnosis,Load_No_Load_Speed_Inc_15_to_45Hz,HUST + UORED,Multi-Head DL (TABNET),0.8,0.796518759018759,0.9714285714285714
UOEMD,Diagnosis,Load_No_Load_Speed_Inc_15_to_45Hz,HUST + Mechanical_Gear,Multi-Head DL (TABNET),0.8625,0.8624878797672915,0.9733928571428572
UOEMD,Diagnosis,Load_No_Load_Speed_Inc_15_to_45Hz,HUST + Electric_Motor,Multi-Head DL (TABNET),0.8,0.788981127568084,0.9723214285714286
UOEMD,Diagnosis,Load_No_Load_Speed_Inc_15_to_45Hz,PU + UORED,Multi-Head DL (TABNET),0.7875000000000001,0.7944444444444444,0.9610714285714286
UOEMD,Diagnosis,Load_No_Load_Speed_Inc_15_to_45Hz,PU + Mechanical_Gear,Multi-Head DL (TABNET),0.65,0.6182983682983683,0.9342857142857143
UOEMD,Diagnosis,Load_No_Load_Speed_Inc_15_to_45Hz,PU + Electric_Motor,Multi-Head DL (TABNET),0.725,0.7206669875307983,0.9349999999999999
UOEMD,Diagnosis,Load_No_Load_Speed_Inc_15_to_45Hz,UORED + Mechanical_Gear,Multi-Head DL (TABNET),0.825,0.8255734032049822,0.9821428571428572
UOEMD,Diagnosis,Load_No_Load_Speed_Inc_15_to_45Hz,UORED + Electric_Motor,Multi-Head DL (TABNET),0.85,0.8517094017094017,0.9782142857142857
UOEMD,Diagnosis,Load_No_Load_Speed_Inc_15_to_45Hz,Mechanical_Gear + Electric_Motor,Multi-Head DL (TABNET),0.7875,0.7825900802731466,0.9776785714285714
UOEMD,Diagnosis,Load_No_Load_Speed_Inc_15_to_45Hz,CWRU_12k + CWRU_48k + HUST_Gearbox,Multi-Head DL (TABNET),0.7125,0.7008116652458085,0.9555357142857144
UOEMD,Diagnosis,Load_No_Load_Speed_Inc_15_to_45Hz,CWRU_12k + CWRU_48k + HUST,Multi-Head DL (TABNET),0.6875,0.6940928408981147,0.9546428571428571
UOEMD,Diagnosis,Load_No_Load_Speed_Inc_15_to_45Hz,CWRU_12k + CWRU_48k + PU,Multi-Head DL (TABNET),0.75,0.7386294261294262,0.9326785714285715
UOEMD,Diagnosis,Load_No_Load_Speed_Inc_15_to_45Hz,CWRU_12k + CWRU_48k + UORED,Multi-Head DL (TABNET),0.8250000000000001,0.8321757211656593,0.9773214285714287
UOEMD,Diagnosis,Load_No_Load_Speed_Inc_15_to_45Hz,CWRU_12k + CWRU_48k + Mechanical_Gear,Multi-Head DL (TABNET),0.7625,0.7580455427785149,0.9514285714285714
UOEMD,Diagnosis,Load_No_Load_Speed_Inc_15_to_45Hz,CWRU_12k + CWRU_48k + Electric_Motor,Multi-Head DL (TABNET),0.7,0.6885869977975241,0.9560714285714287
UOEMD,Diagnosis,Load_No_Load_Speed_Inc_15_to_45Hz,CWRU_12k + HUST_Gearbox + HUST,Multi-Head DL (TABNET),0.675,0.6550918737060041,0.9266071428571429
UOEMD,Diagnosis,Load_No_Load_Speed_Inc_15_to_45Hz,CWRU_12k + HUST_Gearbox + PU,Multi-Head DL (TABNET),0.6375,0.5606130051490092,0.9042857142857144
UOEMD,Diagnosis,Load_No_Load_Speed_Inc_15_to_45Hz,CWRU_12k + HUST_Gearbox + UORED,Multi-Head DL (TABNET),0.7,0.6886663774821669,0.9407142857142857
UOEMD,Diagnosis,Load_No_Load_Speed_Inc_15_to_45Hz,CWRU_12k + HUST_Gearbox + Mechanical_Gear,Multi-Head DL (TABNET),0.75,0.732199285511306,0.9521428571428572
UOEMD,Diagnosis,Load_No_Load_Speed_Inc_15_to_45Hz,CWRU_12k + HUST_Gearbox + Electric_Motor,Multi-Head DL (TABNET),0.75,0.7450635278034659,0.9567857142857142
UOEMD,Diagnosis,Load_No_Load_Speed_Inc_15_to_45Hz,CWRU_12k + HUST + PU,Multi-Head DL (TABNET),0.6125,0.6012737262737263,0.915
UOEMD,Diagnosis,Load_No_Load_Speed_Inc_15_to_45Hz,CWRU_12k + HUST + UORED,Multi-Head DL (TABNET),0.6875,0.647742303992304,0.9541071428571428
UOEMD,Diagnosis,Load_No_Load_Speed_Inc_15_to_45Hz,CWRU_12k + HUST + Mechanical_Gear,Multi-Head DL (TABNET),0.775,0.7678571428571428,0.9471428571428572
UOEMD,Diagnosis,Load_No_Load_Speed_Inc_15_to_45Hz,CWRU_12k + HUST + Electric_Motor,Multi-Head DL (TABNET),0.7625,0.7505817099567099,0.95875
UOEMD,Diagnosis,Load_No_Load_Speed_Inc_15_to_45Hz,CWRU_12k + PU + UORED,Multi-Head DL (TABNET),0.6499999999999999,0.6217388161038047,0.9323214285714286
UOEMD,Diagnosis,Load_No_Load_Speed_Inc_15_to_45Hz,CWRU_12k + PU + Mechanical_Gear,Multi-Head DL (TABNET),0.7000000000000001,0.69879019245438,0.9108928571428572
UOEMD,Diagnosis,Load_No_Load_Speed_Inc_15_to_45Hz,CWRU_12k + PU + Electric_Motor,Multi-Head DL (TABNET),0.6500000000000001,0.6451006011532326,0.9419642857142857
UOEMD,Diagnosis,Load_No_Load_Speed_Inc_15_to_45Hz,CWRU_12k + UORED + Mechanical_Gear,Multi-Head DL (TABNET),0.7375,0.7395769902163764,0.9598214285714286
UOEMD,Diagnosis,Load_No_Load_Speed_Inc_15_to_45Hz,CWRU_12k + UORED + Electric_Motor,Multi-Head DL (TABNET),0.7375,0.7299107142857142,0.9548214285714286
UOEMD,Diagnosis,Load_No_Load_Speed_Inc_15_to_45Hz,CWRU_12k + Mechanical_Gear + Electric_Motor,Multi-Head DL (TABNET),0.6875,0.6525770308123249,0.9494642857142858
UOEMD,Diagnosis,Load_No_Load_Speed_Inc_15_to_45Hz,CWRU_48k + HUST_Gearbox + HUST,Multi-Head DL (TABNET),0.7124999999999999,0.6909965130216846,0.9276785714285714
UOEMD,Diagnosis,Load_No_Load_Speed_Inc_15_to_45Hz,CWRU_48k + HUST_Gearbox + PU,Multi-Head DL (TABNET),0.6375,0.5877434585874484,0.9266071428571429
UOEMD,Diagnosis,Load_No_Load_Speed_Inc_15_to_45Hz,CWRU_48k + HUST_Gearbox + UORED,Multi-Head DL (TABNET),0.6875,0.6753645680533552,0.9630357142857142
UOEMD,Diagnosis,Load_No_Load_Speed_Inc_15_to_45Hz,CWRU_48k + HUST_Gearbox + Mechanical_Gear,Multi-Head DL (TABNET),0.775,0.7699141748774101,0.9544642857142858
UOEMD,Diagnosis,Load_No_Load_Speed_Inc_15_to_45Hz,CWRU_48k + HUST_Gearbox + Electric_Motor,Multi-Head DL (TABNET),0.7749999999999999,0.7704406456004921,0.9505357142857143
UOEMD,Diagnosis,Load_No_Load_Speed_Inc_15_to_45Hz,CWRU_48k + HUST + PU,Multi-Head DL (TABNET),0.675,0.64772635381188,0.9371428571428573
UOEMD,Diagnosis,Load_No_Load_Speed_Inc_15_to_45Hz,CWRU_48k + HUST + UORED,Multi-Head DL (TABNET),0.825,0.8241541353383459,0.9728571428571429
UOEMD,Diagnosis,Load_No_Load_Speed_Inc_15_to_45Hz,CWRU_48k + HUST + Mechanical_Gear,Multi-Head DL (TABNET),0.7125,0.6796187554127663,0.9532142857142858
UOEMD,Diagnosis,Load_No_Load_Speed_Inc_15_to_45Hz,CWRU_48k + HUST + Electric_Motor,Multi-Head DL (TABNET),0.7000000000000001,0.6839507705916374,0.9619642857142856
UOEMD,Diagnosis,Load_No_Load_Speed_Inc_15_to_45Hz,CWRU_48k + PU + UORED,Multi-Head DL (TABNET),0.675,0.6569261294261295,0.9594642857142857
UOEMD,Diagnosis,Load_No_Load_Speed_Inc_15_to_45Hz,CWRU_48k + PU + Mechanical_Gear,Multi-Head DL (TABNET),0.6,0.5590313852813853,0.8683928571428572
UOEMD,Diagnosis,Load_No_Load_Speed_Inc_15_to_45Hz,CWRU_48k + PU + Electric_Motor,Multi-Head DL (TABNET),0.6625,0.6359649122807017,0.9360714285714286
UOEMD,Diagnosis,Load_No_Load_Speed_Inc_15_to_45Hz,CWRU_48k + UORED + Mechanical_Gear,Multi-Head DL (TABNET),0.7625,0.7538854405398523,0.9675
UOEMD,Diagnosis,Load_No_Load_Speed_Inc_15_to_45Hz,CWRU_48k + UORED + Electric_Motor,Multi-Head DL (TABNET),0.7625,0.7488881851367549,0.9566071428571428
UOEMD,Diagnosis,Load_No_Load_Speed_Inc_15_to_45Hz,CWRU_48k + Mechanical_Gear + Electric_Motor,Multi-Head DL (TABNET),0.825,0.8229940526935411,0.9710714285714286
UOEMD,Diagnosis,Load_No_Load_Speed_Inc_15_to_45Hz,HUST_Gearbox + HUST + PU,Multi-Head DL (TABNET),0.6875,0.6909788117798953,0.9264285714285714
UOEMD,Diagnosis,Load_No_Load_Speed_Inc_15_to_45Hz,HUST_Gearbox + HUST + UORED,Multi-Head DL (TABNET),0.75,0.7479568406309893,0.9632142857142858
UOEMD,Diagnosis,Load_No_Load_Speed_Inc_15_to_45Hz,HUST_Gearbox + HUST + Mechanical_Gear,Multi-Head DL (TABNET),0.8,0.7895425322198777,0.9650000000000001
UOEMD,Diagnosis,Load_No_Load_Speed_Inc_15_to_45Hz,HUST_Gearbox + HUST + Electric_Motor,Multi-Head DL (TABNET),0.8375,0.8335171076960012,0.9755357142857144
UOEMD,Diagnosis,Load_No_Load_Speed_Inc_15_to_45Hz,HUST_Gearbox + PU + UORED,Multi-Head DL (TABNET),0.6625000000000001,0.5983530358530358,0.95125
UOEMD,Diagnosis,Load_No_Load_Speed_Inc_15_to_45Hz,HUST_Gearbox + PU + Mechanical_Gear,Multi-Head DL (TABNET),0.7124999999999999,0.6995944211017739,0.9530357142857142
UOEMD,Diagnosis,Load_No_Load_Speed_Inc_15_to_45Hz,HUST_Gearbox + PU + Electric_Motor,Multi-Head DL (TABNET),0.725,0.6926273236567354,0.94
UOEMD,Diagnosis,Load_No_Load_Speed_Inc_15_to_45Hz,HUST_Gearbox + UORED + Mechanical_Gear,Multi-Head DL (TABNET),0.8,0.7979660737812913,0.9744642857142858
UOEMD,Diagnosis,Load_No_Load_Speed_Inc_15_to_45Hz,HUST_Gearbox + UORED + Electric_Motor,Multi-Head DL (TABNET),0.775,0.7769670667309987,0.9612499999999999
UOEMD,Diagnosis,Load_No_Load_Speed_Inc_15_to_45Hz,HUST_Gearbox + Mechanical_Gear + Electric_Motor,Multi-Head DL (TABNET),0.8374999999999999,0.8350624109292839,0.9758928571428571
UOEMD,Diagnosis,Load_No_Load_Speed_Inc_15_to_45Hz,HUST + PU + UORED,Multi-Head DL (TABNET),0.675,0.6618385043067438,0.9055357142857143
UOEMD,Diagnosis,Load_No_Load_Speed_Inc_15_to_45Hz,HUST + PU + Mechanical_Gear,Multi-Head DL (TABNET),0.7,0.6904530927813404,0.9480357142857143
UOEMD,Diagnosis,Load_No_Load_Speed_Inc_15_to_45Hz,HUST + PU + Electric_Motor,Multi-Head DL (TABNET),0.7125,0.6919986446302235,0.9355357142857144
UOEMD,Diagnosis,Load_No_Load_Speed_Inc_15_to_45Hz,HUST + UORED + Mechanical_Gear,Multi-Head DL (TABNET),0.8500000000000001,0.8397727272727273,0.9703571428571429
UOEMD,Diagnosis,Load_No_Load_Speed_Inc_15_to_45Hz,HUST + UORED + Electric_Motor,Multi-Head DL (TABNET),0.7625,0.7547619047619047,0.9682142857142857
UOEMD,Diagnosis,Load_No_Load_Speed_Inc_15_to_45Hz,HUST + Mechanical_Gear + Electric_Motor,Multi-Head DL (TABNET),0.7375,0.7207082283714401,0.9642857142857142
UOEMD,Diagnosis,Load_No_Load_Speed_Inc_15_to_45Hz,PU + UORED + Mechanical_Gear,Multi-Head DL (TABNET),0.75,0.754256891162262,0.958392857142857
UOEMD,Diagnosis,Load_No_Load_Speed_Inc_15_to_45Hz,PU + UORED + Electric_Motor,Multi-Head DL (TABNET),0.6000000000000001,0.5835063833225598,0.9376785714285714
UOEMD,Diagnosis,Load_No_Load_Speed_Inc_15_to_45Hz,PU + Mechanical_Gear + Electric_Motor,Multi-Head DL (TABNET),0.75,0.7497721576668944,0.9553571428571428
UOEMD,Diagnosis,Load_No_Load_Speed_Inc_15_to_45Hz,UORED + Mechanical_Gear + Electric_Motor,Multi-Head DL (TABNET),0.8,0.7892730165188605,0.9637499999999999
UOEMD,Diagnosis,Load_No_Load_Speed_Inc_15_to_45Hz,CWRU_12k + CWRU_48k + HUST_Gearbox + HUST,Multi-Head DL (TABNET),0.6375,0.6011951816299642,0.94625
UOEMD,Diagnosis,Load_No_Load_Speed_Inc_15_to_45Hz,CWRU_12k + CWRU_48k + HUST_Gearbox + PU,Multi-Head DL (TABNET),0.6125,0.5181394692264257,0.9401785714285713
UOEMD,Diagnosis,Load_No_Load_Speed_Inc_15_to_45Hz,CWRU_12k + CWRU_48k + HUST_Gearbox + UORED,Multi-Head DL (TABNET),0.7875000000000001,0.7784774436090225,0.96375
UOEMD,Diagnosis,Load_No_Load_Speed_Inc_15_to_45Hz,CWRU_12k + CWRU_48k + HUST_Gearbox + Mechanical_Gear,Multi-Head DL (TABNET),0.7124999999999999,0.6946834477498093,0.9517857142857142
UOEMD,Diagnosis,Load_No_Load_Speed_Inc_15_to_45Hz,CWRU_12k + CWRU_48k + HUST_Gearbox + Electric_Motor,Multi-Head DL (TABNET),0.8,0.7991379965064176,0.9667857142857144
UOEMD,Diagnosis,Load_No_Load_Speed_Inc_15_to_45Hz,CWRU_12k + CWRU_48k + HUST + PU,Multi-Head DL (TABNET),0.6000000000000001,0.5346320346320346,0.9176785714285715
UOEMD,Diagnosis,Load_No_Load_Speed_Inc_15_to_45Hz,CWRU_12k + CWRU_48k + HUST + UORED,Multi-Head DL (TABNET),0.7374999999999999,0.734819786037985,0.9405357142857143
UOEMD,Diagnosis,Load_No_Load_Speed_Inc_15_to_45Hz,CWRU_12k + CWRU_48k + HUST + Mechanical_Gear,Multi-Head DL (TABNET),0.6875,0.6667224022911629,0.9235714285714285
UOEMD,Diagnosis,Load_No_Load_Speed_Inc_15_to_45Hz,CWRU_12k + CWRU_48k + HUST + Electric_Motor,Multi-Head DL (TABNET),0.7625000000000001,0.7647631306527187,0.9496428571428571
UOEMD,Diagnosis,Load_No_Load_Speed_Inc_15_to_45Hz,CWRU_12k + CWRU_48k + PU + UORED,Multi-Head DL (TABNET),0.6,0.5861814206676823,0.9126785714285715
UOEMD,Diagnosis,Load_No_Load_Speed_Inc_15_to_45Hz,CWRU_12k + CWRU_48k + PU + Mechanical_Gear,Multi-Head DL (TABNET),0.6875,0.6846704623878537,0.93125
UOEMD,Diagnosis,Load_No_Load_Speed_Inc_15_to_45Hz,CWRU_12k + CWRU_48k + PU + Electric_Motor,Multi-Head DL (TABNET),0.6375,0.5957207064965686,0.8923214285714285
UOEMD,Diagnosis,Load_No_Load_Speed_Inc_15_to_45Hz,CWRU_12k + CWRU_48k + UORED + Mechanical_Gear,Multi-Head DL (TABNET),0.675,0.6297208226556053,0.9471428571428572
UOEMD,Diagnosis,Load_No_Load_Speed_Inc_15_to_45Hz,CWRU_12k + CWRU_48k + UORED + Electric_Motor,Multi-Head DL (TABNET),0.7749999999999999,0.766314935064935,0.9444642857142858
UOEMD,Diagnosis,Load_No_Load_Speed_Inc_15_to_45Hz,CWRU_12k + CWRU_48k + Mechanical_Gear + Electric_Motor,Multi-Head DL (TABNET),0.7124999999999999,0.6816854884246188,0.9448214285714287
UOEMD,Diagnosis,Load_No_Load_Speed_Inc_15_to_45Hz,CWRU_12k + HUST_Gearbox + HUST + PU,Multi-Head DL (TABNET),0.5625,0.5076665293770557,0.8835714285714286
UOEMD,Diagnosis,Load_No_Load_Speed_Inc_15_to_45Hz,CWRU_12k + HUST_Gearbox + HUST + UORED,Multi-Head DL (TABNET),0.7125,0.69848105111263,0.9496428571428572
UOEMD,Diagnosis,Load_No_Load_Speed_Inc_15_to_45Hz,CWRU_12k + HUST_Gearbox + HUST + Mechanical_Gear,Multi-Head DL (TABNET),0.6875,0.6839337928153717,0.9299999999999999
UOEMD,Diagnosis,Load_No_Load_Speed_Inc_15_to_45Hz,CWRU_12k + HUST_Gearbox + HUST + Electric_Motor,Multi-Head DL (TABNET),0.6875,0.6351731601731603,0.9446428571428571
UOEMD,Diagnosis,Load_No_Load_Speed_Inc_15_to_45Hz,CWRU_12k + HUST_Gearbox + PU + UORED,Multi-Head DL (TABNET),0.6499999999999999,0.6264192731584036,0.9180357142857143
UOEMD,Diagnosis,Load_No_Load_Speed_Inc_15_to_45Hz,CWRU_12k + HUST_Gearbox + PU + Mechanical_Gear,Multi-Head DL (TABNET),0.6625,0.6361631016042781,0.9339285714285714
UOEMD,Diagnosis,Load_No_Load_Speed_Inc_15_to_45Hz,CWRU_12k + HUST_Gearbox + PU + Electric_Motor,Multi-Head DL (TABNET),0.625,0.6057490303813833,0.916607142857143
UOEMD,Diagnosis,Load_No_Load_Speed_Inc_15_to_45Hz,CWRU_12k + HUST_Gearbox + UORED + Mechanical_Gear,Multi-Head DL (TABNET),0.7,0.6865276885585809,0.9551785714285714
UOEMD,Diagnosis,Load_No_Load_Speed_Inc_15_to_45Hz,CWRU_12k + HUST_Gearbox + UORED + Electric_Motor,Multi-Head DL (TABNET),0.7,0.6656547619047619,0.9557142857142857
UOEMD,Diagnosis,Load_No_Load_Speed_Inc_15_to_45Hz,CWRU_12k + HUST_Gearbox + Mechanical_Gear + Electric_Motor,Multi-Head DL (TABNET),0.75,0.7385054076358424,0.9733928571428572
UOEMD,Diagnosis,Load_No_Load_Speed_Inc_15_to_45Hz,CWRU_12k + HUST + PU + UORED,Multi-Head DL (TABNET),0.6375,0.6402141231185349,0.9299999999999999
UOEMD,Diagnosis,Load_No_Load_Speed_Inc_15_to_45Hz,CWRU_12k + HUST + PU + Mechanical_Gear,Multi-Head DL (TABNET),0.625,0.6393257390969062,0.9278571428571429
UOEMD,Diagnosis,Load_No_Load_Speed_Inc_15_to_45Hz,CWRU_12k + HUST + PU + Electric_Motor,Multi-Head DL (TABNET),0.625,0.6012051957704132,0.92375
UOEMD,Diagnosis,Load_No_Load_Speed_Inc_15_to_45Hz,CWRU_12k + HUST + UORED + Mechanical_Gear,Multi-Head DL (TABNET),0.7625,0.73765756302521,0.9525
UOEMD,Diagnosis,Load_No_Load_Speed_Inc_15_to_45Hz,CWRU_12k + HUST + UORED + Electric_Motor,Multi-Head DL (TABNET),0.7375,0.7246988209159262,0.9344642857142857
UOEMD,Diagnosis,Load_No_Load_Speed_Inc_15_to_45Hz,CWRU_12k + HUST + Mechanical_Gear + Electric_Motor,Multi-Head DL (TABNET),0.75,0.7469809634380068,0.9573214285714285
UOEMD,Diagnosis,Load_No_Load_Speed_Inc_15_to_45Hz,CWRU_12k + PU + UORED + Mechanical_Gear,Multi-Head DL (TABNET),0.6000000000000001,0.5468600027423557,0.9373214285714286
UOEMD,Diagnosis,Load_No_Load_Speed_Inc_15_to_45Hz,CWRU_12k + PU + UORED + Electric_Motor,Multi-Head DL (TABNET),0.7375,0.7173220298220297,0.9353571428571428
UOEMD,Diagnosis,Load_No_Load_Speed_Inc_15_to_45Hz,CWRU_12k + PU + Mechanical_Gear + Electric_Motor,Multi-Head DL (TABNET),0.6375,0.6015842048450744,0.9544642857142858
UOEMD,Diagnosis,Load_No_Load_Speed_Inc_15_to_45Hz,CWRU_12k + UORED + Mechanical_Gear + Electric_Motor,Multi-Head DL (TABNET),0.7625,0.7563057386986416,0.9685714285714286
UOEMD,Diagnosis,Load_No_Load_Speed_Inc_15_to_45Hz,CWRU_48k + HUST_Gearbox + HUST + PU,Multi-Head DL (TABNET),0.675,0.6250291872094942,0.9519642857142857
UOEMD,Diagnosis,Load_No_Load_Speed_Inc_15_to_45Hz,CWRU_48k + HUST_Gearbox + HUST + UORED,Multi-Head DL (TABNET),0.75,0.7281130634071811,0.9485714285714286
UOEMD,Diagnosis,Load_No_Load_Speed_Inc_15_to_45Hz,CWRU_48k + HUST_Gearbox + HUST + Mechanical_Gear,Multi-Head DL (TABNET),0.675,0.6163975155279502,0.9405357142857143
UOEMD,Diagnosis,Load_No_Load_Speed_Inc_15_to_45Hz,CWRU_48k + HUST_Gearbox + HUST + Electric_Motor,Multi-Head DL (TABNET),0.75,0.7463442608751534,0.9450000000000001
UOEMD,Diagnosis,Load_No_Load_Speed_Inc_15_to_45Hz,CWRU_48k + HUST_Gearbox + PU + UORED,Multi-Head DL (TABNET),0.7125,0.700265522875817,0.9296428571428571
UOEMD,Diagnosis,Load_No_Load_Speed_Inc_15_to_45Hz,CWRU_48k + HUST_Gearbox + PU + Mechanical_Gear,Multi-Head DL (TABNET),0.525,0.494258910460736,0.8967857142857143
UOEMD,Diagnosis,Load_No_Load_Speed_Inc_15_to_45Hz,CWRU_48k + HUST_Gearbox + PU + Electric_Motor,Multi-Head DL (TABNET),0.675,0.6802600931677019,0.9346428571428572
UOEMD,Diagnosis,Load_No_Load_Speed_Inc_15_to_45Hz,CWRU_48k + HUST_Gearbox + UORED + Mechanical_Gear,Multi-Head DL (TABNET),0.8125,0.8120466886914255,0.9746428571428571
UOEMD,Diagnosis,Load_No_Load_Speed_Inc_15_to_45Hz,CWRU_48k + HUST_Gearbox + UORED + Electric_Motor,Multi-Head DL (TABNET),0.8125,0.8041106602824195,0.9717857142857143
UOEMD,Diagnosis,Load_No_Load_Speed_Inc_15_to_45Hz,CWRU_48k + HUST_Gearbox + Mechanical_Gear + Electric_Motor,Multi-Head DL (TABNET),0.6875,0.6732217413163705,0.9508928571428572
UOEMD,Diagnosis,Load_No_Load_Speed_Inc_15_to_45Hz,CWRU_48k + HUST + PU + UORED,Multi-Head DL (TABNET),0.575,0.5452193645296687,0.9455357142857143
UOEMD,Diagnosis,Load_No_Load_Speed_Inc_15_to_45Hz,CWRU_48k + HUST + PU + Mechanical_Gear,Multi-Head DL (TABNET),0.575,0.5477201842411553,0.9271428571428572
UOEMD,Diagnosis,Load_No_Load_Speed_Inc_15_to_45Hz,CWRU_48k + HUST + PU + Electric_Motor,Multi-Head DL (TABNET),0.6375,0.6251429586812882,0.9489285714285715
UOEMD,Diagnosis,Load_No_Load_Speed_Inc_15_to_45Hz,CWRU_48k + HUST + UORED + Mechanical_Gear,Multi-Head DL (TABNET),0.7,0.6830387728213816,0.9444642857142858
UOEMD,Diagnosis,Load_No_Load_Speed_Inc_15_to_45Hz,CWRU_48k + HUST + UORED + Electric_Motor,Multi-Head DL (TABNET),0.75,0.7358652312599681,0.9464285714285714
UOEMD,Diagnosis,Load_No_Load_Speed_Inc_15_to_45Hz,CWRU_48k + HUST + Mechanical_Gear + Electric_Motor,Multi-Head DL (TABNET),0.75,0.733999243510113,0.9616071428571429
UOEMD,Diagnosis,Load_No_Load_Speed_Inc_15_to_45Hz,CWRU_48k + PU + UORED + Mechanical_Gear,Multi-Head DL (TABNET),0.6125,0.6112167437825333,0.9450000000000001
UOEMD,Diagnosis,Load_No_Load_Speed_Inc_15_to_45Hz,CWRU_48k + PU + UORED + Electric_Motor,Multi-Head DL (TABNET),0.6875,0.6265619444967272,0.9321428571428572
UOEMD,Diagnosis,Load_No_Load_Speed_Inc_15_to_45Hz,CWRU_48k + PU + Mechanical_Gear + Electric_Motor,Multi-Head DL (TABNET),0.6499999999999999,0.6146267681593769,0.925
UOEMD,Diagnosis,Load_No_Load_Speed_Inc_15_to_45Hz,CWRU_48k + UORED + Mechanical_Gear + Electric_Motor,Multi-Head DL (TABNET),0.7625000000000001,0.7626566416040099,0.9698214285714286
UOEMD,Diagnosis,Load_No_Load_Speed_Inc_15_to_45Hz,HUST_Gearbox + HUST + PU + UORED,Multi-Head DL (TABNET),0.7000000000000001,0.6572320223636013,0.9450000000000001
UOEMD,Diagnosis,Load_No_Load_Speed_Inc_15_to_45Hz,HUST_Gearbox + HUST + PU + Mechanical_Gear,Multi-Head DL (TABNET),0.7375,0.7163256151742994,0.9260714285714285
UOEMD,Diagnosis,Load_No_Load_Speed_Inc_15_to_45Hz,HUST_Gearbox + HUST + PU + Electric_Motor,Multi-Head DL (TABNET),0.675,0.6483783540235153,0.9251785714285714
UOEMD,Diagnosis,Load_No_Load_Speed_Inc_15_to_45Hz,HUST_Gearbox + HUST + UORED + Mechanical_Gear,Multi-Head DL (TABNET),0.7375,0.7334103641456582,0.9535714285714286
UOEMD,Diagnosis,Load_No_Load_Speed_Inc_15_to_45Hz,HUST_Gearbox + HUST + UORED + Electric_Motor,Multi-Head DL (TABNET),0.7250000000000001,0.6800260293639919,0.9623214285714285
UOEMD,Diagnosis,Load_No_Load_Speed_Inc_15_to_45Hz,HUST_Gearbox + HUST + Mechanical_Gear + Electric_Motor,Multi-Head DL (TABNET),0.7000000000000001,0.6822345954698896,0.955357142857143
UOEMD,Diagnosis,Load_No_Load_Speed_Inc_15_to_45Hz,HUST_Gearbox + PU + UORED + Mechanical_Gear,Multi-Head DL (TABNET),0.6375000000000001,0.6374692289022953,0.9180357142857143
UOEMD,Diagnosis,Load_No_Load_Speed_Inc_15_to_45Hz,HUST_Gearbox + PU + UORED + Electric_Motor,Multi-Head DL (TABNET),0.65,0.6265787318418897,0.9508928571428572
UOEMD,Diagnosis,Load_No_Load_Speed_Inc_15_to_45Hz,HUST_Gearbox + PU + Mechanical_Gear + Electric_Motor,Multi-Head DL (TABNET),0.675,0.6408199643493762,0.9208928571428572
UOEMD,Diagnosis,Load_No_Load_Speed_Inc_15_to_45Hz,HUST_Gearbox + UORED + Mechanical_Gear + Electric_Motor,Multi-Head DL (TABNET),0.775,0.7700970723911227,0.9619642857142857
UOEMD,Diagnosis,Load_No_Load_Speed_Inc_15_to_45Hz,HUST + PU + UORED + Mechanical_Gear,Multi-Head DL (TABNET),0.6375,0.6250646997929606,0.9558928571428571
UOEMD,Diagnosis,Load_No_Load_Speed_Inc_15_to_45Hz,HUST + PU + UORED + Electric_Motor,Multi-Head DL (TABNET),0.675,0.6708500037544155,0.9392857142857143
UOEMD,Diagnosis,Load_No_Load_Speed_Inc_15_to_45Hz,HUST + PU + Mechanical_Gear + Electric_Motor,Multi-Head DL (TABNET),0.65,0.6067706803000921,0.9510714285714286
UOEMD,Diagnosis,Load_No_Load_Speed_Inc_15_to_45Hz,HUST + UORED + Mechanical_Gear + Electric_Motor,Multi-Head DL (TABNET),0.7,0.6722883597883598,0.9533928571428572
UOEMD,Diagnosis,Load_No_Load_Speed_Inc_15_to_45Hz,PU + UORED + Mechanical_Gear + Electric_Motor,Multi-Head DL (TABNET),0.675,0.6492064952591268,0.9364285714285714
UOEMD,Diagnosis,Load_No_Load_Speed_Inc_15_to_45Hz,CWRU_12k + CWRU_48k + HUST_Gearbox + HUST + PU,Multi-Head DL (TABNET),0.575,0.5604639804639805,0.9308928571428572
UOEMD,Diagnosis,Load_No_Load_Speed_Inc_15_to_45Hz,CWRU_12k + CWRU_48k + HUST_Gearbox + HUST + UORED,Multi-Head DL (TABNET),0.7374999999999999,0.7096527016603742,0.9376785714285714
UOEMD,Diagnosis,Load_No_Load_Speed_Inc_15_to_45Hz,CWRU_12k + CWRU_48k + HUST_Gearbox + HUST + Mechanical_Gear,Multi-Head DL (TABNET),0.6875,0.6471301997810619,0.9337500000000001
UOEMD,Diagnosis,Load_No_Load_Speed_Inc_15_to_45Hz,CWRU_12k + CWRU_48k + HUST_Gearbox + HUST + Electric_Motor,Multi-Head DL (TABNET),0.675,0.6443920255989222,0.9232142857142858
UOEMD,Diagnosis,Load_No_Load_Speed_Inc_15_to_45Hz,CWRU_12k + CWRU_48k + HUST_Gearbox + PU + UORED,Multi-Head DL (TABNET),0.7,0.6805414084825849,0.9491071428571429
UOEMD,Diagnosis,Load_No_Load_Speed_Inc_15_to_45Hz,CWRU_12k + CWRU_48k + HUST_Gearbox + PU + Mechanical_Gear,Multi-Head DL (TABNET),0.625,0.6028594771241831,0.88375
UOEMD,Diagnosis,Load_No_Load_Speed_Inc_15_to_45Hz,CWRU_12k + CWRU_48k + HUST_Gearbox + PU + Electric_Motor,Multi-Head DL (TABNET),0.675,0.6641152122731069,0.8825000000000001
UOEMD,Diagnosis,Load_No_Load_Speed_Inc_15_to_45Hz,CWRU_12k + CWRU_48k + HUST_Gearbox + UORED + Mechanical_Gear,Multi-Head DL (TABNET),0.725,0.6865095049877659,0.9280357142857143
UOEMD,Diagnosis,Load_No_Load_Speed_Inc_15_to_45Hz,CWRU_12k + CWRU_48k + HUST_Gearbox + UORED + Electric_Motor,Multi-Head DL (TABNET),0.675,0.6555027967299772,0.9482142857142857
UOEMD,Diagnosis,Load_No_Load_Speed_Inc_15_to_45Hz,CWRU_12k + CWRU_48k + HUST_Gearbox + Mechanical_Gear + Electric_Motor,Multi-Head DL (TABNET),0.7625000000000001,0.7522774327122154,0.9485714285714286
UOEMD,Diagnosis,Load_No_Load_Speed_Inc_15_to_45Hz,CWRU_12k + CWRU_48k + HUST + PU + UORED,Multi-Head DL (TABNET),0.6375,0.622151622886917,0.9116071428571428
UOEMD,Diagnosis,Load_No_Load_Speed_Inc_15_to_45Hz,CWRU_12k + CWRU_48k + HUST + PU + Mechanical_Gear,Multi-Head DL (TABNET),0.575,0.530875626280038,0.9173214285714286
UOEMD,Diagnosis,Load_No_Load_Speed_Inc_15_to_45Hz,CWRU_12k + CWRU_48k + HUST + PU + Electric_Motor,Multi-Head DL (TABNET),0.7375,0.7486054521262826,0.9489285714285713
UOEMD,Diagnosis,Load_No_Load_Speed_Inc_15_to_45Hz,CWRU_12k + CWRU_48k + HUST + UORED + Mechanical_Gear,Multi-Head DL (TABNET),0.75,0.73779833105491,0.9603571428571429
UOEMD,Diagnosis,Load_No_Load_Speed_Inc_15_to_45Hz,CWRU_12k + CWRU_48k + HUST + UORED + Electric_Motor,Multi-Head DL (TABNET),0.7625,0.765775014459225,0.9407142857142856
UOEMD,Diagnosis,Load_No_Load_Speed_Inc_15_to_45Hz,CWRU_12k + CWRU_48k + HUST + Mechanical_Gear + Electric_Motor,Multi-Head DL (TABNET),0.6375,0.6299070689283671,0.9442857142857142
UOEMD,Diagnosis,Load_No_Load_Speed_Inc_15_to_45Hz,CWRU_12k + CWRU_48k + PU + UORED + Mechanical_Gear,Multi-Head DL (TABNET),0.65,0.5951910320861934,0.9319642857142857
UOEMD,Diagnosis,Load_No_Load_Speed_Inc_15_to_45Hz,CWRU_12k + CWRU_48k + PU + UORED + Electric_Motor,Multi-Head DL (TABNET),0.6125,0.5815566770186336,0.9426785714285715
UOEMD,Diagnosis,Load_No_Load_Speed_Inc_15_to_45Hz,CWRU_12k + CWRU_48k + PU + Mechanical_Gear + Electric_Motor,Multi-Head DL (TABNET),0.6125,0.6047581993022102,0.9226785714285715
UOEMD,Diagnosis,Load_No_Load_Speed_Inc_15_to_45Hz,CWRU_12k + CWRU_48k + UORED + Mechanical_Gear + Electric_Motor,Multi-Head DL (TABNET),0.7374999999999999,0.7222689075630252,0.9505357142857143
UOEMD,Diagnosis,Load_No_Load_Speed_Inc_15_to_45Hz,CWRU_12k + HUST_Gearbox + HUST + PU + UORED,Multi-Head DL (TABNET),0.6875,0.6427437127301011,0.9251785714285714
UOEMD,Diagnosis,Load_No_Load_Speed_Inc_15_to_45Hz,CWRU_12k + HUST_Gearbox + HUST + PU + Mechanical_Gear,Multi-Head DL (TABNET),0.625,0.5882890660064573,0.9314285714285714
UOEMD,Diagnosis,Load_No_Load_Speed_Inc_15_to_45Hz,CWRU_12k + HUST_Gearbox + HUST + PU + Electric_Motor,Multi-Head DL (TABNET),0.6625000000000001,0.6154307249655715,0.9448214285714286
UOEMD,Diagnosis,Load_No_Load_Speed_Inc_15_to_45Hz,CWRU_12k + HUST_Gearbox + HUST + UORED + Mechanical_Gear,Multi-Head DL (TABNET),0.625,0.5661021156523985,0.9175
UOEMD,Diagnosis,Load_No_Load_Speed_Inc_15_to_45Hz,CWRU_12k + HUST_Gearbox + HUST + UORED + Electric_Motor,Multi-Head DL (TABNET),0.7625,0.7594289164941338,0.9676785714285715
UOEMD,Diagnosis,Load_No_Load_Speed_Inc_15_to_45Hz,CWRU_12k + HUST_Gearbox + HUST + Mechanical_Gear + Electric_Motor,Multi-Head DL (TABNET),0.7,0.7005100019805902,0.9333928571428571
UOEMD,Diagnosis,Load_No_Load_Speed_Inc_15_to_45Hz,CWRU_12k + HUST_Gearbox + PU + UORED + Mechanical_Gear,Multi-Head DL (TABNET),0.6625,0.6600571895424836,0.9482142857142857
UOEMD,Diagnosis,Load_No_Load_Speed_Inc_15_to_45Hz,CWRU_12k + HUST_Gearbox + PU + UORED + Electric_Motor,Multi-Head DL (TABNET),0.5625,0.539497138568346,0.9176785714285715
UOEMD,Diagnosis,Load_No_Load_Speed_Inc_15_to_45Hz,CWRU_12k + HUST_Gearbox + PU + Mechanical_Gear + Electric_Motor,Multi-Head DL (TABNET),0.6625000000000001,0.6476824162679425,0.9116071428571428
UOEMD,Diagnosis,Load_No_Load_Speed_Inc_15_to_45Hz,CWRU_12k + HUST_Gearbox + UORED + Mechanical_Gear + Electric_Motor,Multi-Head DL (TABNET),0.675,0.6320363408521303,0.9535714285714286
UOEMD,Diagnosis,Load_No_Load_Speed_Inc_15_to_45Hz,CWRU_12k + HUST + PU + UORED + Mechanical_Gear,Multi-Head DL (TABNET),0.525,0.508183419308739,0.8612500000000001
UOEMD,Diagnosis,Load_No_Load_Speed_Inc_15_to_45Hz,CWRU_12k + HUST + PU + UORED + Electric_Motor,Multi-Head DL (TABNET),0.55,0.4880681818181818,0.9257142857142857
UOEMD,Diagnosis,Load_No_Load_Speed_Inc_15_to_45Hz,CWRU_12k + HUST + PU + Mechanical_Gear + Electric_Motor,Multi-Head DL (TABNET),0.625,0.5738829797653326,0.9282142857142857
UOEMD,Diagnosis,Load_No_Load_Speed_Inc_15_to_45Hz,CWRU_12k + HUST + UORED + Mechanical_Gear + Electric_Motor,Multi-Head DL (TABNET),0.7375,0.7273688321482439,0.9432142857142857
UOEMD,Diagnosis,Load_No_Load_Speed_Inc_15_to_45Hz,CWRU_12k + PU + UORED + Mechanical_Gear + Electric_Motor,Multi-Head DL (TABNET),0.7625,0.75653607214677,0.9598214285714286
UOEMD,Diagnosis,Load_No_Load_Speed_Inc_15_to_45Hz,CWRU_48k + HUST_Gearbox + HUST + PU + UORED,Multi-Head DL (TABNET),0.7250000000000001,0.692340595193856,0.9446428571428571
UOEMD,Diagnosis,Load_No_Load_Speed_Inc_15_to_45Hz,CWRU_48k + HUST_Gearbox + HUST + PU + Mechanical_Gear,Multi-Head DL (TABNET),0.675,0.6458088059918724,0.9335714285714286
UOEMD,Diagnosis,Load_No_Load_Speed_Inc_15_to_45Hz,CWRU_48k + HUST_Gearbox + HUST + PU + Electric_Motor,Multi-Head DL (TABNET),0.7,0.6677541208791209,0.9266071428571429
UOEMD,Diagnosis,Load_No_Load_Speed_Inc_15_to_45Hz,CWRU_48k + HUST_Gearbox + HUST + UORED + Mechanical_Gear,Multi-Head DL (TABNET),0.6625,0.6516827041207847,0.9160714285714286
UOEMD,Diagnosis,Load_No_Load_Speed_Inc_15_to_45Hz,CWRU_48k + HUST_Gearbox + HUST + UORED + Electric_Motor,Multi-Head DL (TABNET),0.75,0.7462366287094548,0.9591071428571429
UOEMD,Diagnosis,Load_No_Load_Speed_Inc_15_to_45Hz,CWRU_48k + HUST_Gearbox + HUST + Mechanical_Gear + Electric_Motor,Multi-Head DL (TABNET),0.75,0.7423765795673591,0.9594642857142857
UOEMD,Diagnosis,Load_No_Load_Speed_Inc_15_to_45Hz,CWRU_48k + HUST_Gearbox + PU + UORED + Mechanical_Gear,Multi-Head DL (TABNET),0.6375,0.6071486928104575,0.9183928571428572
UOEMD,Diagnosis,Load_No_Load_Speed_Inc_15_to_45Hz,CWRU_48k + HUST_Gearbox + PU + UORED + Electric_Motor,Multi-Head DL (TABNET),0.65,0.655202390166593,0.9269642857142857
UOEMD,Diagnosis,Load_No_Load_Speed_Inc_15_to_45Hz,CWRU_48k + HUST_Gearbox + PU + Mechanical_Gear + Electric_Motor,Multi-Head DL (TABNET),0.725,0.6860807889398954,0.94375
UOEMD,Diagnosis,Load_No_Load_Speed_Inc_15_to_45Hz,CWRU_48k + HUST_Gearbox + UORED + Mechanical_Gear + Electric_Motor,Multi-Head DL (TABNET),0.825,0.8250086266390614,0.9728571428571429
UOEMD,Diagnosis,Load_No_Load_Speed_Inc_15_to_45Hz,CWRU_48k + HUST + PU + UORED + Mechanical_Gear,Multi-Head DL (TABNET),0.5875,0.5240800865800865,0.9358928571428572
UOEMD,Diagnosis,Load_No_Load_Speed_Inc_15_to_45Hz,CWRU_48k + HUST + PU + UORED + Electric_Motor,Multi-Head DL (TABNET),0.625,0.6089653621799314,0.9307142857142856
UOEMD,Diagnosis,Load_No_Load_Speed_Inc_15_to_45Hz,CWRU_48k + HUST + PU + Mechanical_Gear + Electric_Motor,Multi-Head DL (TABNET),0.75,0.7067110177404294,0.9267857142857143
UOEMD,Diagnosis,Load_No_Load_Speed_Inc_15_to_45Hz,CWRU_48k + HUST + UORED + Mechanical_Gear + Electric_Motor,Multi-Head DL (TABNET),0.6625000000000001,0.6396121893404502,0.95
UOEMD,Diagnosis,Load_No_Load_Speed_Inc_15_to_45Hz,CWRU_48k + PU + UORED + Mechanical_Gear + Electric_Motor,Multi-Head DL (TABNET),0.6625,0.6658199643493761,0.9532142857142858
UOEMD,Diagnosis,Load_No_Load_Speed_Inc_15_to_45Hz,HUST_Gearbox + HUST + PU + UORED + Mechanical_Gear,Multi-Head DL (TABNET),0.5874999999999999,0.5132815580013855,0.9276785714285714
UOEMD,Diagnosis,Load_No_Load_Speed_Inc_15_to_45Hz,HUST_Gearbox + HUST + PU + UORED + Electric_Motor,Multi-Head DL (TABNET),0.65,0.6115830149971704,0.9239285714285714
UOEMD,Diagnosis,Load_No_Load_Speed_Inc_15_to_45Hz,HUST_Gearbox + HUST + PU + Mechanical_Gear + Electric_Motor,Multi-Head DL (TABNET),0.75,0.7534468272955115,0.9516071428571429
UOEMD,Diagnosis,Load_No_Load_Speed_Inc_15_to_45Hz,HUST_Gearbox + HUST + UORED + Mechanical_Gear + Electric_Motor,Multi-Head DL (TABNET),0.7,0.6932108994003259,0.9555357142857143
UOEMD,Diagnosis,Load_No_Load_Speed_Inc_15_to_45Hz,HUST_Gearbox + PU + UORED + Mechanical_Gear + Electric_Motor,Multi-Head DL (TABNET),0.6625,0.6373250480852011,0.9428571428571428
UOEMD,Diagnosis,Load_No_Load_Speed_Inc_15_to_45Hz,HUST + PU + UORED + Mechanical_Gear + Electric_Motor,Multi-Head DL (TABNET),0.7,0.6904157117392411,0.9433928571428571
UOEMD,Diagnosis,Load_No_Load_Speed_Inc_15_to_45Hz,CWRU_12k + CWRU_48k + HUST_Gearbox + HUST + PU + UORED,Multi-Head DL (TABNET),0.6875,0.6834595959595959,0.9291071428571429
UOEMD,Diagnosis,Load_No_Load_Speed_Inc_15_to_45Hz,CWRU_12k + CWRU_48k + HUST_Gearbox + HUST + PU + Mechanical_Gear,Multi-Head DL (TABNET),0.5625,0.504906688075688,0.8728571428571429
UOEMD,Diagnosis,Load_No_Load_Speed_Inc_15_to_45Hz,CWRU_12k + CWRU_48k + HUST_Gearbox + HUST + PU + Electric_Motor,Multi-Head DL (TABNET),0.7,0.6845405553525759,0.9507142857142856
UOEMD,Diagnosis,Load_No_Load_Speed_Inc_15_to_45Hz,CWRU_12k + CWRU_48k + HUST_Gearbox + HUST + UORED + Mechanical_Gear,Multi-Head DL (TABNET),0.65,0.6071533136750529,0.9380357142857143
UOEMD,Diagnosis,Load_No_Load_Speed_Inc_15_to_45Hz,CWRU_12k + CWRU_48k + HUST_Gearbox + HUST + UORED + Electric_Motor,Multi-Head DL (TABNET),0.7124999999999999,0.709744651483782,0.9548214285714285
UOEMD,Diagnosis,Load_No_Load_Speed_Inc_15_to_45Hz,CWRU_12k + CWRU_48k + HUST_Gearbox + HUST + Mechanical_Gear + Electric_Motor,Multi-Head DL (TABNET),0.75,0.7411892035609057,0.9444642857142858
UOEMD,Diagnosis,Load_No_Load_Speed_Inc_15_to_45Hz,CWRU_12k + CWRU_48k + HUST_Gearbox + PU + UORED + Mechanical_Gear,Multi-Head DL (TABNET),0.6875,0.6779981227349647,0.9367857142857143
UOEMD,Diagnosis,Load_No_Load_Speed_Inc_15_to_45Hz,CWRU_12k + CWRU_48k + HUST_Gearbox + PU + UORED + Electric_Motor,Multi-Head DL (TABNET),0.625,0.549074074074074,0.9078571428571429
UOEMD,Diagnosis,Load_No_Load_Speed_Inc_15_to_45Hz,CWRU_12k + CWRU_48k + HUST_Gearbox + PU + Mechanical_Gear + Electric_Motor,Multi-Head DL (TABNET),0.5875,0.5381931287103701,0.9021428571428571
UOEMD,Diagnosis,Load_No_Load_Speed_Inc_15_to_45Hz,CWRU_12k + CWRU_48k + HUST_Gearbox + UORED + Mechanical_Gear + Electric_Motor,Multi-Head DL (TABNET),0.75,0.7398623272899758,0.9491071428571429
UOEMD,Diagnosis,Load_No_Load_Speed_Inc_15_to_45Hz,CWRU_12k + CWRU_48k + HUST + PU + UORED + Mechanical_Gear,Multi-Head DL (TABNET),0.65,0.6423917055167054,0.9291071428571429
UOEMD,Diagnosis,Load_No_Load_Speed_Inc_15_to_45Hz,CWRU_12k + CWRU_48k + HUST + PU + UORED + Electric_Motor,Multi-Head DL (TABNET),0.55,0.5192453078322643,0.8994642857142857
UOEMD,Diagnosis,Load_No_Load_Speed_Inc_15_to_45Hz,CWRU_12k + CWRU_48k + HUST + PU + Mechanical_Gear + Electric_Motor,Multi-Head DL (TABNET),0.625,0.6186110316856555,0.92875
UOEMD,Diagnosis,Load_No_Load_Speed_Inc_15_to_45Hz,CWRU_12k + CWRU_48k + HUST + UORED + Mechanical_Gear + Electric_Motor,Multi-Head DL (TABNET),0.6625,0.6187377410918601,0.9535714285714285
UOEMD,Diagnosis,Load_No_Load_Speed_Inc_15_to_45Hz,CWRU_12k + CWRU_48k + PU + UORED + Mechanical_Gear + Electric_Motor,Multi-Head DL (TABNET),0.6,0.562798375248466,0.9123214285714286
UOEMD,Diagnosis,Load_No_Load_Speed_Inc_15_to_45Hz,CWRU_12k + HUST_Gearbox + HUST + PU + UORED + Mechanical_Gear,Multi-Head DL (TABNET),0.675,0.6410904289120367,0.9341071428571428
UOEMD,Diagnosis,Load_No_Load_Speed_Inc_15_to_45Hz,CWRU_12k + HUST_Gearbox + HUST + PU + UORED + Electric_Motor,Multi-Head DL (TABNET),0.625,0.5970465937571201,0.9128571428571429
UOEMD,Diagnosis,Load_No_Load_Speed_Inc_15_to_45Hz,CWRU_12k + HUST_Gearbox + HUST + PU + Mechanical_Gear + Electric_Motor,Multi-Head DL (TABNET),0.5750000000000001,0.5133493318275927,0.93625
UOEMD,Diagnosis,Load_No_Load_Speed_Inc_15_to_45Hz,CWRU_12k + HUST_Gearbox + HUST + UORED + Mechanical_Gear + Electric_Motor,Multi-Head DL (TABNET),0.6375,0.6121174147489937,0.937857142857143
UOEMD,Diagnosis,Load_No_Load_Speed_Inc_15_to_45Hz,CWRU_12k + HUST_Gearbox + PU + UORED + Mechanical_Gear + Electric_Motor,Multi-Head DL (TABNET),0.75,0.7575921297372704,0.9535714285714285
UOEMD,Diagnosis,Load_No_Load_Speed_Inc_15_to_45Hz,CWRU_12k + HUST + PU + UORED + Mechanical_Gear + Electric_Motor,Multi-Head DL (TABNET),0.7124999999999999,0.704766081871345,0.9201785714285714
UOEMD,Diagnosis,Load_No_Load_Speed_Inc_15_to_45Hz,CWRU_48k + HUST_Gearbox + HUST + PU + UORED + Mechanical_Gear,Multi-Head DL (TABNET),0.525,0.47069678089667316,0.9237500000000001
UOEMD,Diagnosis,Load_No_Load_Speed_Inc_15_to_45Hz,CWRU_48k + HUST_Gearbox + HUST + PU + UORED + Electric_Motor,Multi-Head DL (TABNET),0.675,0.6572648780029186,0.9401785714285714
UOEMD,Diagnosis,Load_No_Load_Speed_Inc_15_to_45Hz,CWRU_48k + HUST_Gearbox + HUST + PU + Mechanical_Gear + Electric_Motor,Multi-Head DL (TABNET),0.675,0.6484628499147556,0.9139285714285714
UOEMD,Diagnosis,Load_No_Load_Speed_Inc_15_to_45Hz,CWRU_48k + HUST_Gearbox + HUST + UORED + Mechanical_Gear + Electric_Motor,Multi-Head DL (TABNET),0.8,0.7709054834054834,0.965
UOEMD,Diagnosis,Load_No_Load_Speed_Inc_15_to_45Hz,CWRU_48k + HUST_Gearbox + PU + UORED + Mechanical_Gear + Electric_Motor,Multi-Head DL (TABNET),0.6000000000000001,0.5744136378327555,0.9314285714285715
UOEMD,Diagnosis,Load_No_Load_Speed_Inc_15_to_45Hz,CWRU_48k + HUST + PU + UORED + Mechanical_Gear + Electric_Motor,Multi-Head DL (TABNET),0.6875,0.6728019568151147,0.9428571428571428
UOEMD,Diagnosis,Load_No_Load_Speed_Inc_15_to_45Hz,HUST_Gearbox + HUST + PU + UORED + Mechanical_Gear + Electric_Motor,Multi-Head DL (TABNET),0.6125,0.5973038365143628,0.9191071428571429
UOEMD,Diagnosis,Load_No_Load_Speed_Inc_15_to_45Hz,CWRU_12k + CWRU_48k + HUST_Gearbox + HUST + PU + UORED + Mechanical_Gear,Multi-Head DL (TABNET),0.65,0.628611356315341,0.89875
UOEMD,Diagnosis,Load_No_Load_Speed_Inc_15_to_45Hz,CWRU_12k + CWRU_48k + HUST_Gearbox + HUST + PU + UORED + Electric_Motor,Multi-Head DL (TABNET),0.6875,0.6928991147741148,0.9489285714285715
UOEMD,Diagnosis,Load_No_Load_Speed_Inc_15_to_45Hz,CWRU_12k + CWRU_48k + HUST_Gearbox + HUST + PU + Mechanical_Gear + Electric_Motor,Multi-Head DL (TABNET),0.5375,0.5230591109881728,0.9046428571428571
UOEMD,Diagnosis,Load_No_Load_Speed_Inc_15_to_45Hz,CWRU_12k + CWRU_48k + HUST_Gearbox + HUST + UORED + Mechanical_Gear + Electric_Motor,Multi-Head DL (TABNET),0.7,0.6851190476190476,0.9489285714285715
UOEMD,Diagnosis,Load_No_Load_Speed_Inc_15_to_45Hz,CWRU_12k + CWRU_48k + HUST_Gearbox + PU + UORED + Mechanical_Gear + Electric_Motor,Multi-Head DL (TABNET),0.65,0.6221505547592503,0.9391071428571429
UOEMD,Diagnosis,Load_No_Load_Speed_Inc_15_to_45Hz,CWRU_12k + CWRU_48k + HUST + PU + UORED + Mechanical_Gear + Electric_Motor,Multi-Head DL (TABNET),0.6000000000000001,0.5285820158102766,0.9180357142857143
UOEMD,Diagnosis,Load_No_Load_Speed_Inc_15_to_45Hz,CWRU_12k + HUST_Gearbox + HUST + PU + UORED + Mechanical_Gear + Electric_Motor,Multi-Head DL (TABNET),0.675,0.6250194728643005,0.9478571428571428
UOEMD,Diagnosis,Load_No_Load_Speed_Inc_15_to_45Hz,CWRU_48k + HUST_Gearbox + HUST + PU + UORED + Mechanical_Gear + Electric_Motor,Multi-Head DL (TABNET),0.575,0.5099065689730651,0.9189285714285713
UOEMD,Diagnosis,Load_No_Load_Speed_Inc_15_to_45Hz,CWRU_12k + CWRU_48k + HUST_Gearbox + HUST + PU + UORED + Mechanical_Gear + Electric_Motor,Multi-Head DL (TABNET),0.5874999999999999,0.5412924636895431,0.9205357142857142
UOEMD,Diagnosis,Load_No_Load_Speed_Inc_30_to_60Hz,CWRU_12k,Multi-Head DL (TABNET),0.825,0.8235623024953689,0.9751785714285715
UOEMD,Diagnosis,Load_No_Load_Speed_Inc_30_to_60Hz,CWRU_48k,Multi-Head DL (TABNET),0.8,0.794725063938619,0.9689285714285715
UOEMD,Diagnosis,Load_No_Load_Speed_Inc_30_to_60Hz,HUST_Gearbox,Multi-Head DL (TABNET),0.825,0.8218274050510892,0.9721428571428572
UOEMD,Diagnosis,Load_No_Load_Speed_Inc_30_to_60Hz,HUST,Multi-Head DL (TABNET),0.8,0.7953688219992567,0.9717857142857143
UOEMD,Diagnosis,Load_No_Load_Speed_Inc_30_to_60Hz,PU,Multi-Head DL (TABNET),0.6,0.5988795518207283,0.948392857142857
UOEMD,Diagnosis,Load_No_Load_Speed_Inc_30_to_60Hz,UORED,Multi-Head DL (TABNET),0.8,0.7971918432444748,0.9719642857142857
UOEMD,Diagnosis,Load_No_Load_Speed_Inc_30_to_60Hz,Mechanical_Gear,Multi-Head DL (TABNET),0.8125,0.8073033423764309,0.9850000000000001
UOEMD,Diagnosis,Load_No_Load_Speed_Inc_30_to_60Hz,Electric_Motor,Multi-Head DL (TABNET),0.85,0.8506313131313131,0.9780357142857143
UOEMD,Diagnosis,Load_No_Load_Speed_Inc_30_to_60Hz,CWRU_12k + CWRU_48k,Multi-Head DL (TABNET),0.8125,0.8198402452306073,0.9739285714285715
UOEMD,Diagnosis,Load_No_Load_Speed_Inc_30_to_60Hz,CWRU_12k + HUST_Gearbox,Multi-Head DL (TABNET),0.7875,0.7801928699955016,0.98375
UOEMD,Diagnosis,Load_No_Load_Speed_Inc_30_to_60Hz,CWRU_12k + HUST,Multi-Head DL (TABNET),0.75,0.7511469331322274,0.9519642857142858
UOEMD,Diagnosis,Load_No_Load_Speed_Inc_30_to_60Hz,CWRU_12k + PU,Multi-Head DL (TABNET),0.48749999999999993,0.48739661654135336,0.8683928571428572
UOEMD,Diagnosis,Load_No_Load_Speed_Inc_30_to_60Hz,CWRU_12k + UORED,Multi-Head DL (TABNET),0.7875000000000001,0.7813852813852813,0.9439285714285715
UOEMD,Diagnosis,Load_No_Load_Speed_Inc_30_to_60Hz,CWRU_12k + Mechanical_Gear,Multi-Head DL (TABNET),0.625,0.6034549689440993,0.918392857142857
UOEMD,Diagnosis,Load_No_Load_Speed_Inc_30_to_60Hz,CWRU_12k + Electric_Motor,Multi-Head DL (TABNET),0.7250000000000001,0.735013244428206,0.9651785714285714
UOEMD,Diagnosis,Load_No_Load_Speed_Inc_30_to_60Hz,CWRU_48k + HUST_Gearbox,Multi-Head DL (TABNET),0.825,0.8303359768774023,0.9776785714285714
UOEMD,Diagnosis,Load_No_Load_Speed_Inc_30_to_60Hz,CWRU_48k + HUST,Multi-Head DL (TABNET),0.7250000000000001,0.7125577321229495,0.9505357142857143
UOEMD,Diagnosis,Load_No_Load_Speed_Inc_30_to_60Hz,CWRU_48k + PU,Multi-Head DL (TABNET),0.5125,0.4727272727272727,0.9233928571428571
UOEMD,Diagnosis,Load_No_Load_Speed_Inc_30_to_60Hz,CWRU_48k + UORED,Multi-Head DL (TABNET),0.8125,0.8112608887948771,0.9696428571428571
UOEMD,Diagnosis,Load_No_Load_Speed_Inc_30_to_60Hz,CWRU_48k + Mechanical_Gear,Multi-Head DL (TABNET),0.8374999999999999,0.8394796380090498,0.9678571428571429
UOEMD,Diagnosis,Load_No_Load_Speed_Inc_30_to_60Hz,CWRU_48k + Electric_Motor,Multi-Head DL (TABNET),0.7875000000000001,0.7853844436325255,0.9655357142857144
UOEMD,Diagnosis,Load_No_Load_Speed_Inc_30_to_60Hz,HUST_Gearbox + HUST,Multi-Head DL (TABNET),0.775,0.7697306920133007,0.9719642857142857
UOEMD,Diagnosis,Load_No_Load_Speed_Inc_30_to_60Hz,HUST_Gearbox + PU,Multi-Head DL (TABNET),0.7375,0.7359805764411027,0.9425
UOEMD,Diagnosis,Load_No_Load_Speed_Inc_30_to_60Hz,HUST_Gearbox + UORED,Multi-Head DL (TABNET),0.8125,0.8206798245614035,0.9658928571428571
UOEMD,Diagnosis,Load_No_Load_Speed_Inc_30_to_60Hz,HUST_Gearbox + Mechanical_Gear,Multi-Head DL (TABNET),0.7875,0.7905824610545973,0.9642857142857143
UOEMD,Diagnosis,Load_No_Load_Speed_Inc_30_to_60Hz,HUST_Gearbox + Electric_Motor,Multi-Head DL (TABNET),0.85,0.8486956521739131,0.9830357142857142
UOEMD,Diagnosis,Load_No_Load_Speed_Inc_30_to_60Hz,HUST + PU,Multi-Head DL (TABNET),0.675,0.6745924010629893,0.89625
UOEMD,Diagnosis,Load_No_Load_Speed_Inc_30_to_60Hz,HUST + UORED,Multi-Head DL (TABNET),0.775,0.7657963746779537,0.9657142857142857
UOEMD,Diagnosis,Load_No_Load_Speed_Inc_30_to_60Hz,HUST + Mechanical_Gear,Multi-Head DL (TABNET),0.7625,0.758980174414957,0.9408928571428572
UOEMD,Diagnosis,Load_No_Load_Speed_Inc_30_to_60Hz,HUST + Electric_Motor,Multi-Head DL (TABNET),0.8125,0.8070081878905407,0.9707142857142856
UOEMD,Diagnosis,Load_No_Load_Speed_Inc_30_to_60Hz,PU + UORED,Multi-Head DL (TABNET),0.7375,0.7375219298245614,0.9375
UOEMD,Diagnosis,Load_No_Load_Speed_Inc_30_to_60Hz,PU + Mechanical_Gear,Multi-Head DL (TABNET),0.55,0.5168673495332534,0.8517857142857144
UOEMD,Diagnosis,Load_No_Load_Speed_Inc_30_to_60Hz,PU + Electric_Motor,Multi-Head DL (TABNET),0.5375,0.5110044409613375,0.8728571428571429
UOEMD,Diagnosis,Load_No_Load_Speed_Inc_30_to_60Hz,UORED + Mechanical_Gear,Multi-Head DL (TABNET),0.8375,0.8390497076023391,0.9767857142857144
UOEMD,Diagnosis,Load_No_Load_Speed_Inc_30_to_60Hz,UORED + Electric_Motor,Multi-Head DL (TABNET),0.8375,0.8332404701010838,0.9728571428571429
UOEMD,Diagnosis,Load_No_Load_Speed_Inc_30_to_60Hz,Mechanical_Gear + Electric_Motor,Multi-Head DL (TABNET),0.85,0.8472900444069175,0.9742857142857143
UOEMD,Diagnosis,Load_No_Load_Speed_Inc_30_to_60Hz,CWRU_12k + CWRU_48k + HUST_Gearbox,Multi-Head DL (TABNET),0.7625,0.7574082167832168,0.9475
UOEMD,Diagnosis,Load_No_Load_Speed_Inc_30_to_60Hz,CWRU_12k + CWRU_48k + HUST,Multi-Head DL (TABNET),0.775,0.7737298069147914,0.9548214285714286
UOEMD,Diagnosis,Load_No_Load_Speed_Inc_30_to_60Hz,CWRU_12k + CWRU_48k + PU,Multi-Head DL (TABNET),0.525,0.4969242189922968,0.87375
UOEMD,Diagnosis,Load_No_Load_Speed_Inc_30_to_60Hz,CWRU_12k + CWRU_48k + UORED,Multi-Head DL (TABNET),0.775,0.7732466530735981,0.9658928571428571
UOEMD,Diagnosis,Load_No_Load_Speed_Inc_30_to_60Hz,CWRU_12k + CWRU_48k + Mechanical_Gear,Multi-Head DL (TABNET),0.8,0.7963253486279802,0.9673214285714287
UOEMD,Diagnosis,Load_No_Load_Speed_Inc_30_to_60Hz,CWRU_12k + CWRU_48k + Electric_Motor,Multi-Head DL (TABNET),0.775,0.764573732718894,0.9491071428571428
UOEMD,Diagnosis,Load_No_Load_Speed_Inc_30_to_60Hz,CWRU_12k + HUST_Gearbox + HUST,Multi-Head DL (TABNET),0.6499999999999999,0.5876893939393939,0.9464285714285715
UOEMD,Diagnosis,Load_No_Load_Speed_Inc_30_to_60Hz,CWRU_12k + HUST_Gearbox + PU,Multi-Head DL (TABNET),0.5625,0.5557956770241252,0.9194642857142857
UOEMD,Diagnosis,Load_No_Load_Speed_Inc_30_to_60Hz,CWRU_12k + HUST_Gearbox + UORED,Multi-Head DL (TABNET),0.7875,0.7842940685045948,0.9567857142857142
UOEMD,Diagnosis,Load_No_Load_Speed_Inc_30_to_60Hz,CWRU_12k + HUST_Gearbox + Mechanical_Gear,Multi-Head DL (TABNET),0.8375,0.8412123557556994,0.9444642857142858
UOEMD,Diagnosis,Load_No_Load_Speed_Inc_30_to_60Hz,CWRU_12k + HUST_Gearbox + Electric_Motor,Multi-Head DL (TABNET),0.7749999999999999,0.7679971988795519,0.9630357142857143
UOEMD,Diagnosis,Load_No_Load_Speed_Inc_30_to_60Hz,CWRU_12k + HUST + PU,Multi-Head DL (TABNET),0.6,0.5722864145658264,0.9001785714285714
UOEMD,Diagnosis,Load_No_Load_Speed_Inc_30_to_60Hz,CWRU_12k + HUST + UORED,Multi-Head DL (TABNET),0.6875,0.6864274322169059,0.9533928571428572
UOEMD,Diagnosis,Load_No_Load_Speed_Inc_30_to_60Hz,CWRU_12k + HUST + Mechanical_Gear,Multi-Head DL (TABNET),0.6875,0.6818215363068305,0.9405357142857143
UOEMD,Diagnosis,Load_No_Load_Speed_Inc_30_to_60Hz,CWRU_12k + HUST + Electric_Motor,Multi-Head DL (TABNET),0.725,0.7301864801864801,0.95875
UOEMD,Diagnosis,Load_No_Load_Speed_Inc_30_to_60Hz,CWRU_12k + PU + UORED,Multi-Head DL (TABNET),0.6,0.5932209605260221,0.8814285714285715
UOEMD,Diagnosis,Load_No_Load_Speed_Inc_30_to_60Hz,CWRU_12k + PU + Mechanical_Gear,Multi-Head DL (TABNET),0.6125,0.573072613660849,0.8876785714285715
UOEMD,Diagnosis,Load_No_Load_Speed_Inc_30_to_60Hz,CWRU_12k + PU + Electric_Motor,Multi-Head DL (TABNET),0.5874999999999999,0.5907005596029986,0.9091071428571429
UOEMD,Diagnosis,Load_No_Load_Speed_Inc_30_to_60Hz,CWRU_12k + UORED + Mechanical_Gear,Multi-Head DL (TABNET),0.8375,0.8329929009777408,0.9789285714285714
UOEMD,Diagnosis,Load_No_Load_Speed_Inc_30_to_60Hz,CWRU_12k + UORED + Electric_Motor,Multi-Head DL (TABNET),0.8125,0.81102237545736,0.9646428571428571
UOEMD,Diagnosis,Load_No_Load_Speed_Inc_30_to_60Hz,CWRU_12k + Mechanical_Gear + Electric_Motor,Multi-Head DL (TABNET),0.825,0.8084618947033135,0.9758928571428571
UOEMD,Diagnosis,Load_No_Load_Speed_Inc_30_to_60Hz,CWRU_48k + HUST_Gearbox + HUST,Multi-Head DL (TABNET),0.7875,0.7834697855750488,0.96375
UOEMD,Diagnosis,Load_No_Load_Speed_Inc_30_to_60Hz,CWRU_48k + HUST_Gearbox + PU,Multi-Head DL (TABNET),0.5375,0.49571371610845294,0.8676785714285714
UOEMD,Diagnosis,Load_No_Load_Speed_Inc_30_to_60Hz,CWRU_48k + HUST_Gearbox + UORED,Multi-Head DL (TABNET),0.7625,0.7652497515197744,0.9625000000000001
UOEMD,Diagnosis,Load_No_Load_Speed_Inc_30_to_60Hz,CWRU_48k + HUST_Gearbox + Mechanical_Gear,Multi-Head DL (TABNET),0.6625,0.6405460858585859,0.9275
UOEMD,Diagnosis,Load_No_Load_Speed_Inc_30_to_60Hz,CWRU_48k + HUST_Gearbox + Electric_Motor,Multi-Head DL (TABNET),0.8125,0.8091024436090225,0.969107142857143
UOEMD,Diagnosis,Load_No_Load_Speed_Inc_30_to_60Hz,CWRU_48k + HUST + PU,Multi-Head DL (TABNET),0.525,0.49903126764539807,0.8951785714285714
UOEMD,Diagnosis,Load_No_Load_Speed_Inc_30_to_60Hz,CWRU_48k + HUST + UORED,Multi-Head DL (TABNET),0.7375,0.7222569499743412,0.9544642857142858
UOEMD,Diagnosis,Load_No_Load_Speed_Inc_30_to_60Hz,CWRU_48k + HUST + Mechanical_Gear,Multi-Head DL (TABNET),0.7875,0.7910600570926658,0.9703571428571429
UOEMD,Diagnosis,Load_No_Load_Speed_Inc_30_to_60Hz,CWRU_48k + HUST + Electric_Motor,Multi-Head DL (TABNET),0.7375,0.7220072239422084,0.9498214285714286
UOEMD,Diagnosis,Load_No_Load_Speed_Inc_30_to_60Hz,CWRU_48k + PU + UORED,Multi-Head DL (TABNET),0.6875,0.6964605734767025,0.9366071428571427
UOEMD,Diagnosis,Load_No_Load_Speed_Inc_30_to_60Hz,CWRU_48k + PU + Mechanical_Gear,Multi-Head DL (TABNET),0.6125,0.616553544494721,0.8985714285714286
UOEMD,Diagnosis,Load_No_Load_Speed_Inc_30_to_60Hz,CWRU_48k + PU + Electric_Motor,Multi-Head DL (TABNET),0.5375,0.4782902298850574,0.8676785714285714
UOEMD,Diagnosis,Load_No_Load_Speed_Inc_30_to_60Hz,CWRU_48k + UORED + Mechanical_Gear,Multi-Head DL (TABNET),0.8,0.7972890559732665,0.9482142857142858
UOEMD,Diagnosis,Load_No_Load_Speed_Inc_30_to_60Hz,CWRU_48k + UORED + Electric_Motor,Multi-Head DL (TABNET),0.825,0.8188543823326432,0.9807142857142858
UOEMD,Diagnosis,Load_No_Load_Speed_Inc_30_to_60Hz,CWRU_48k + Mechanical_Gear + Electric_Motor,Multi-Head DL (TABNET),0.8125,0.8076960744251934,0.9703571428571429
UOEMD,Diagnosis,Load_No_Load_Speed_Inc_30_to_60Hz,HUST_Gearbox + HUST + PU,Multi-Head DL (TABNET),0.6875,0.6781884008664194,0.9244642857142857
UOEMD,Diagnosis,Load_No_Load_Speed_Inc_30_to_60Hz,HUST_Gearbox + HUST + UORED,Multi-Head DL (TABNET),0.75,0.7399658099785977,0.9500000000000001
UOEMD,Diagnosis,Load_No_Load_Speed_Inc_30_to_60Hz,HUST_Gearbox + HUST + Mechanical_Gear,Multi-Head DL (TABNET),0.7000000000000001,0.705367869144959,0.9405357142857143
UOEMD,Diagnosis,Load_No_Load_Speed_Inc_30_to_60Hz,HUST_Gearbox + HUST + Electric_Motor,Multi-Head DL (TABNET),0.775,0.7718557949935827,0.9555357142857143
UOEMD,Diagnosis,Load_No_Load_Speed_Inc_30_to_60Hz,HUST_Gearbox + PU + UORED,Multi-Head DL (TABNET),0.7875000000000001,0.7955191287041132,0.9757142857142858
UOEMD,Diagnosis,Load_No_Load_Speed_Inc_30_to_60Hz,HUST_Gearbox + PU + Mechanical_Gear,Multi-Head DL (TABNET),0.525,0.49305106658047837,0.8175
UOEMD,Diagnosis,Load_No_Load_Speed_Inc_30_to_60Hz,HUST_Gearbox + PU + Electric_Motor,Multi-Head DL (TABNET),0.625,0.6235061635990429,0.8717857142857143
UOEMD,Diagnosis,Load_No_Load_Speed_Inc_30_to_60Hz,HUST_Gearbox + UORED + Mechanical_Gear,Multi-Head DL (TABNET),0.825,0.8273496240601503,0.9589285714285715
UOEMD,Diagnosis,Load_No_Load_Speed_Inc_30_to_60Hz,HUST_Gearbox + UORED + Electric_Motor,Multi-Head DL (TABNET),0.775,0.7672875282929631,0.9755357142857143
UOEMD,Diagnosis,Load_No_Load_Speed_Inc_30_to_60Hz,HUST_Gearbox + Mechanical_Gear + Electric_Motor,Multi-Head DL (TABNET),0.75,0.7433818922305764,0.9580357142857143
UOEMD,Diagnosis,Load_No_Load_Speed_Inc_30_to_60Hz,HUST + PU + UORED,Multi-Head DL (TABNET),0.625,0.6311403508771929,0.9319642857142858
UOEMD,Diagnosis,Load_No_Load_Speed_Inc_30_to_60Hz,HUST + PU + Mechanical_Gear,Multi-Head DL (TABNET),0.6749999999999999,0.6624734507746126,0.9432142857142857
UOEMD,Diagnosis,Load_No_Load_Speed_Inc_30_to_60Hz,HUST + PU + Electric_Motor,Multi-Head DL (TABNET),0.6375,0.6270406463434949,0.9135714285714285
UOEMD,Diagnosis,Load_No_Load_Speed_Inc_30_to_60Hz,HUST + UORED + Mechanical_Gear,Multi-Head DL (TABNET),0.7625,0.7620852402745996,0.9510714285714286
UOEMD,Diagnosis,Load_No_Load_Speed_Inc_30_to_60Hz,HUST + UORED + Electric_Motor,Multi-Head DL (TABNET),0.7375,0.7267841919376447,0.9430357142857143
UOEMD,Diagnosis,Load_No_Load_Speed_Inc_30_to_60Hz,HUST + Mechanical_Gear + Electric_Motor,Multi-Head DL (TABNET),0.7749999999999999,0.7716073271413828,0.9357142857142857
UOEMD,Diagnosis,Load_No_Load_Speed_Inc_30_to_60Hz,PU + UORED + Mechanical_Gear,Multi-Head DL (TABNET),0.5874999999999999,0.5758885850991113,0.9307142857142858
UOEMD,Diagnosis,Load_No_Load_Speed_Inc_30_to_60Hz,PU + UORED + Electric_Motor,Multi-Head DL (TABNET),0.65,0.6453790726817044,0.9548214285714286
UOEMD,Diagnosis,Load_No_Load_Speed_Inc_30_to_60Hz,PU + Mechanical_Gear + Electric_Motor,Multi-Head DL (TABNET),0.775,0.7745661708619374,0.9596428571428571
UOEMD,Diagnosis,Load_No_Load_Speed_Inc_30_to_60Hz,UORED + Mechanical_Gear + Electric_Motor,Multi-Head DL (TABNET),0.8374999999999999,0.8365981240981242,0.9655357142857143
UOEMD,Diagnosis,Load_No_Load_Speed_Inc_30_to_60Hz,CWRU_12k + CWRU_48k + HUST_Gearbox + HUST,Multi-Head DL (TABNET),0.725,0.7160312114356232,0.9394642857142856
UOEMD,Diagnosis,Load_No_Load_Speed_Inc_30_to_60Hz,CWRU_12k + CWRU_48k + HUST_Gearbox + PU,Multi-Head DL (TABNET),0.6,0.59796381996837,0.87625
UOEMD,Diagnosis,Load_No_Load_Speed_Inc_30_to_60Hz,CWRU_12k + CWRU_48k + HUST_Gearbox + UORED,Multi-Head DL (TABNET),0.775,0.7779899838723368,0.9510714285714286
UOEMD,Diagnosis,Load_No_Load_Speed_Inc_30_to_60Hz,CWRU_12k + CWRU_48k + HUST_Gearbox + Mechanical_Gear,Multi-Head DL (TABNET),0.7875,0.7810092486651411,0.9628571428571429
UOEMD,Diagnosis,Load_No_Load_Speed_Inc_30_to_60Hz,CWRU_12k + CWRU_48k + HUST_Gearbox + Electric_Motor,Multi-Head DL (TABNET),0.725,0.7068452380952381,0.945
UOEMD,Diagnosis,Load_No_Load_Speed_Inc_30_to_60Hz,CWRU_12k + CWRU_48k + HUST + PU,Multi-Head DL (TABNET),0.55,0.5419561750225366,0.9198214285714286
UOEMD,Diagnosis,Load_No_Load_Speed_Inc_30_to_60Hz,CWRU_12k + CWRU_48k + HUST + UORED,Multi-Head DL (TABNET),0.6125,0.5981020613373556,0.9414285714285715
UOEMD,Diagnosis,Load_No_Load_Speed_Inc_30_to_60Hz,CWRU_12k + CWRU_48k + HUST + Mechanical_Gear,Multi-Head DL (TABNET),0.675,0.6577160211910852,0.9557142857142857
UOEMD,Diagnosis,Load_No_Load_Speed_Inc_30_to_60Hz,CWRU_12k + CWRU_48k + HUST + Electric_Motor,Multi-Head DL (TABNET),0.7625,0.7583781918564527,0.9401785714285713
UOEMD,Diagnosis,Load_No_Load_Speed_Inc_30_to_60Hz,CWRU_12k + CWRU_48k + PU + UORED,Multi-Head DL (TABNET),0.625,0.62721379694768,0.8942857142857142
UOEMD,Diagnosis,Load_No_Load_Speed_Inc_30_to_60Hz,CWRU_12k + CWRU_48k + PU + Mechanical_Gear,Multi-Head DL (TABNET),0.6,0.6017833895506176,0.9105357142857142
UOEMD,Diagnosis,Load_No_Load_Speed_Inc_30_to_60Hz,CWRU_12k + CWRU_48k + PU + Electric_Motor,Multi-Head DL (TABNET),0.65,0.6511376480416727,0.9296428571428572
UOEMD,Diagnosis,Load_No_Load_Speed_Inc_30_to_60Hz,CWRU_12k + CWRU_48k + UORED + Mechanical_Gear,Multi-Head DL (TABNET),0.825,0.827133717712867,0.9780357142857142
UOEMD,Diagnosis,Load_No_Load_Speed_Inc_30_to_60Hz,CWRU_12k + CWRU_48k + UORED + Electric_Motor,Multi-Head DL (TABNET),0.8250000000000001,0.8200261082693947,0.9701785714285714
UOEMD,Diagnosis,Load_No_Load_Speed_Inc_30_to_60Hz,CWRU_12k + CWRU_48k + Mechanical_Gear + Electric_Motor,Multi-Head DL (TABNET),0.7375,0.7148834961334961,0.9510714285714286
UOEMD,Diagnosis,Load_No_Load_Speed_Inc_30_to_60Hz,CWRU_12k + HUST_Gearbox + HUST + PU,Multi-Head DL (TABNET),0.7250000000000001,0.7187640860942078,0.9558928571428571
UOEMD,Diagnosis,Load_No_Load_Speed_Inc_30_to_60Hz,CWRU_12k + HUST_Gearbox + HUST + UORED,Multi-Head DL (TABNET),0.7,0.693568931068931,0.9564285714285715
UOEMD,Diagnosis,Load_No_Load_Speed_Inc_30_to_60Hz,CWRU_12k + HUST_Gearbox + HUST + Mechanical_Gear,Multi-Head DL (TABNET),0.7125,0.7133893557422969,0.9450000000000001
UOEMD,Diagnosis,Load_No_Load_Speed_Inc_30_to_60Hz,CWRU_12k + HUST_Gearbox + HUST + Electric_Motor,Multi-Head DL (TABNET),0.7375,0.7117705600144055,0.9432142857142857
UOEMD,Diagnosis,Load_No_Load_Speed_Inc_30_to_60Hz,CWRU_12k + HUST_Gearbox + PU + UORED,Multi-Head DL (TABNET),0.5875,0.5749649859943977,0.8882142857142856
UOEMD,Diagnosis,Load_No_Load_Speed_Inc_30_to_60Hz,CWRU_12k + HUST_Gearbox + PU + Mechanical_Gear,Multi-Head DL (TABNET),0.6625,0.6675335999784529,0.9348214285714286
UOEMD,Diagnosis,Load_No_Load_Speed_Inc_30_to_60Hz,CWRU_12k + HUST_Gearbox + PU + Electric_Motor,Multi-Head DL (TABNET),0.6625000000000001,0.6811498546266852,0.92875
UOEMD,Diagnosis,Load_No_Load_Speed_Inc_30_to_60Hz,CWRU_12k + HUST_Gearbox + UORED + Mechanical_Gear,Multi-Head DL (TABNET),0.7375,0.7367229214340199,0.9653571428571428
UOEMD,Diagnosis,Load_No_Load_Speed_Inc_30_to_60Hz,CWRU_12k + HUST_Gearbox + UORED + Electric_Motor,Multi-Head DL (TABNET),0.7375,0.7422152674952514,0.9537500000000001
UOEMD,Diagnosis,Load_No_Load_Speed_Inc_30_to_60Hz,CWRU_12k + HUST_Gearbox + Mechanical_Gear + Electric_Motor,Multi-Head DL (TABNET),0.7250000000000001,0.7209224598930482,0.9671428571428571
UOEMD,Diagnosis,Load_No_Load_Speed_Inc_30_to_60Hz,CWRU_12k + HUST + PU + UORED,Multi-Head DL (TABNET),0.5875,0.5584801228183581,0.8598214285714286
UOEMD,Diagnosis,Load_No_Load_Speed_Inc_30_to_60Hz,CWRU_12k + HUST + PU + Mechanical_Gear,Multi-Head DL (TABNET),0.5750000000000001,0.5558225108225109,0.8883928571428572
UOEMD,Diagnosis,Load_No_Load_Speed_Inc_30_to_60Hz,CWRU_12k + HUST + PU + Electric_Motor,Multi-Head DL (TABNET),0.8,0.8039857609710551,0.9573214285714285
UOEMD,Diagnosis,Load_No_Load_Speed_Inc_30_to_60Hz,CWRU_12k + HUST + UORED + Mechanical_Gear,Multi-Head DL (TABNET),0.7,0.6959494324045408,0.9532142857142858
UOEMD,Diagnosis,Load_No_Load_Speed_Inc_30_to_60Hz,CWRU_12k + HUST + UORED + Electric_Motor,Multi-Head DL (TABNET),0.7375,0.7341818561555404,0.958392857142857
UOEMD,Diagnosis,Load_No_Load_Speed_Inc_30_to_60Hz,CWRU_12k + HUST + Mechanical_Gear + Electric_Motor,Multi-Head DL (TABNET),0.7749999999999999,0.7788340336134454,0.9542857142857143
UOEMD,Diagnosis,Load_No_Load_Speed_Inc_30_to_60Hz,CWRU_12k + PU + UORED + Mechanical_Gear,Multi-Head DL (TABNET),0.7625000000000001,0.7565433470038734,0.95125
UOEMD,Diagnosis,Load_No_Load_Speed_Inc_30_to_60Hz,CWRU_12k + PU + UORED + Electric_Motor,Multi-Head DL (TABNET),0.675,0.6586056487372276,0.9242857142857144
UOEMD,Diagnosis,Load_No_Load_Speed_Inc_30_to_60Hz,CWRU_12k + PU + Mechanical_Gear + Electric_Motor,Multi-Head DL (TABNET),0.625,0.5834838670316611,0.9246428571428571
UOEMD,Diagnosis,Load_No_Load_Speed_Inc_30_to_60Hz,CWRU_12k + UORED + Mechanical_Gear + Electric_Motor,Multi-Head DL (TABNET),0.675,0.6637552414690572,0.9214285714285715
UOEMD,Diagnosis,Load_No_Load_Speed_Inc_30_to_60Hz,CWRU_48k + HUST_Gearbox + HUST + PU,Multi-Head DL (TABNET),0.675,0.6717661088204382,0.9398214285714286
UOEMD,Diagnosis,Load_No_Load_Speed_Inc_30_to_60Hz,CWRU_48k + HUST_Gearbox + HUST + UORED,Multi-Head DL (TABNET),0.775,0.7647739139515455,0.9698214285714286
UOEMD,Diagnosis,Load_No_Load_Speed_Inc_30_to_60Hz,CWRU_48k + HUST_Gearbox + HUST + Mechanical_Gear,Multi-Head DL (TABNET),0.625,0.6283936175480294,0.9041071428571429
UOEMD,Diagnosis,Load_No_Load_Speed_Inc_30_to_60Hz,CWRU_48k + HUST_Gearbox + HUST + Electric_Motor,Multi-Head DL (TABNET),0.75,0.7454093120501789,0.9598214285714286
UOEMD,Diagnosis,Load_No_Load_Speed_Inc_30_to_60Hz,CWRU_48k + HUST_Gearbox + PU + UORED,Multi-Head DL (TABNET),0.675,0.6573647380098993,0.9269642857142857
UOEMD,Diagnosis,Load_No_Load_Speed_Inc_30_to_60Hz,CWRU_48k + HUST_Gearbox + PU + Mechanical_Gear,Multi-Head DL (TABNET),0.7374999999999999,0.7402618167492309,0.9419642857142857
UOEMD,Diagnosis,Load_No_Load_Speed_Inc_30_to_60Hz,CWRU_48k + HUST_Gearbox + PU + Electric_Motor,Multi-Head DL (TABNET),0.6375,0.6048282474693765,0.9021428571428571
UOEMD,Diagnosis,Load_No_Load_Speed_Inc_30_to_60Hz,CWRU_48k + HUST_Gearbox + UORED + Mechanical_Gear,Multi-Head DL (TABNET),0.825,0.8278508771929824,0.9524999999999999
UOEMD,Diagnosis,Load_No_Load_Speed_Inc_30_to_60Hz,CWRU_48k + HUST_Gearbox + UORED + Electric_Motor,Multi-Head DL (TABNET),0.7875000000000001,0.786065591204237,0.93625
UOEMD,Diagnosis,Load_No_Load_Speed_Inc_30_to_60Hz,CWRU_48k + HUST_Gearbox + Mechanical_Gear + Electric_Motor,Multi-Head DL (TABNET),0.7875000000000001,0.7958848677695427,0.9685714285714286
UOEMD,Diagnosis,Load_No_Load_Speed_Inc_30_to_60Hz,CWRU_48k + HUST + PU + UORED,Multi-Head DL (TABNET),0.625,0.5944293478260869,0.9458928571428571
UOEMD,Diagnosis,Load_No_Load_Speed_Inc_30_to_60Hz,CWRU_48k + HUST + PU + Mechanical_Gear,Multi-Head DL (TABNET),0.47500000000000003,0.42879553853471725,0.905357142857143
UOEMD,Diagnosis,Load_No_Load_Speed_Inc_30_to_60Hz,CWRU_48k + HUST + PU + Electric_Motor,Multi-Head DL (TABNET),0.6375,0.6327706650075071,0.9092857142857143
UOEMD,Diagnosis,Load_No_Load_Speed_Inc_30_to_60Hz,CWRU_48k + HUST + UORED + Mechanical_Gear,Multi-Head DL (TABNET),0.8,0.8055171530977983,0.9392857142857143
UOEMD,Diagnosis,Load_No_Load_Speed_Inc_30_to_60Hz,CWRU_48k + HUST + UORED + Electric_Motor,Multi-Head DL (TABNET),0.7125,0.7046056884292178,0.9337500000000001
UOEMD,Diagnosis,Load_No_Load_Speed_Inc_30_to_60Hz,CWRU_48k + HUST + Mechanical_Gear + Electric_Motor,Multi-Head DL (TABNET),0.75,0.7447026657552973,0.9391071428571429
UOEMD,Diagnosis,Load_No_Load_Speed_Inc_30_to_60Hz,CWRU_48k + PU + UORED + Mechanical_Gear,Multi-Head DL (TABNET),0.625,0.6449665831244779,0.9046428571428572
UOEMD,Diagnosis,Load_No_Load_Speed_Inc_30_to_60Hz,CWRU_48k + PU + UORED + Electric_Motor,Multi-Head DL (TABNET),0.7625,0.7603808159682506,0.955
UOEMD,Diagnosis,Load_No_Load_Speed_Inc_30_to_60Hz,CWRU_48k + PU + Mechanical_Gear + Electric_Motor,Multi-Head DL (TABNET),0.6125,0.6072145828028181,0.9298214285714286
UOEMD,Diagnosis,Load_No_Load_Speed_Inc_30_to_60Hz,CWRU_48k + UORED + Mechanical_Gear + Electric_Motor,Multi-Head DL (TABNET),0.75,0.7441789958767887,0.9226785714285715
UOEMD,Diagnosis,Load_No_Load_Speed_Inc_30_to_60Hz,HUST_Gearbox + HUST + PU + UORED,Multi-Head DL (TABNET),0.6,0.5522536702428007,0.9225
UOEMD,Diagnosis,Load_No_Load_Speed_Inc_30_to_60Hz,HUST_Gearbox + HUST + PU + Mechanical_Gear,Multi-Head DL (TABNET),0.6375,0.5993055555555555,0.9121428571428571
UOEMD,Diagnosis,Load_No_Load_Speed_Inc_30_to_60Hz,HUST_Gearbox + HUST + PU + Electric_Motor,Multi-Head DL (TABNET),0.6,0.5794779286926994,0.8944642857142857
UOEMD,Diagnosis,Load_No_Load_Speed_Inc_30_to_60Hz,HUST_Gearbox + HUST + UORED + Mechanical_Gear,Multi-Head DL (TABNET),0.7,0.7163840731796141,0.9446428571428571
UOEMD,Diagnosis,Load_No_Load_Speed_Inc_30_to_60Hz,HUST_Gearbox + HUST + UORED + Electric_Motor,Multi-Head DL (TABNET),0.8374999999999999,0.8270850737956,0.9575
UOEMD,Diagnosis,Load_No_Load_Speed_Inc_30_to_60Hz,HUST_Gearbox + HUST + Mechanical_Gear + Electric_Motor,Multi-Head DL (TABNET),0.7375,0.751865253411306,0.9469642857142857
UOEMD,Diagnosis,Load_No_Load_Speed_Inc_30_to_60Hz,HUST_Gearbox + PU + UORED + Mechanical_Gear,Multi-Head DL (TABNET),0.65,0.650601210383819,0.9096428571428572
UOEMD,Diagnosis,Load_No_Load_Speed_Inc_30_to_60Hz,HUST_Gearbox + PU + UORED + Electric_Motor,Multi-Head DL (TABNET),0.675,0.6619047619047619,0.9282142857142857
UOEMD,Diagnosis,Load_No_Load_Speed_Inc_30_to_60Hz,HUST_Gearbox + PU + Mechanical_Gear + Electric_Motor,Multi-Head DL (TABNET),0.6125,0.5918452762574155,0.8844642857142857
UOEMD,Diagnosis,Load_No_Load_Speed_Inc_30_to_60Hz,HUST_Gearbox + UORED + Mechanical_Gear + Electric_Motor,Multi-Head DL (TABNET),0.825,0.8220916875522138,0.9583928571428572
UOEMD,Diagnosis,Load_No_Load_Speed_Inc_30_to_60Hz,HUST + PU + UORED + Mechanical_Gear,Multi-Head DL (TABNET),0.6,0.565552503052503,0.9151785714285714
UOEMD,Diagnosis,Load_No_Load_Speed_Inc_30_to_60Hz,HUST + PU + UORED + Electric_Motor,Multi-Head DL (TABNET),0.7374999999999999,0.7083333333333333,0.9471428571428571
UOEMD,Diagnosis,Load_No_Load_Speed_Inc_30_to_60Hz,HUST + PU + Mechanical_Gear + Electric_Motor,Multi-Head DL (TABNET),0.7000000000000001,0.6949805679425245,0.9248214285714286
UOEMD,Diagnosis,Load_No_Load_Speed_Inc_30_to_60Hz,HUST + UORED + Mechanical_Gear + Electric_Motor,Multi-Head DL (TABNET),0.825,0.8211463361088142,0.9753571428571428
UOEMD,Diagnosis,Load_No_Load_Speed_Inc_30_to_60Hz,PU + UORED + Mechanical_Gear + Electric_Motor,Multi-Head DL (TABNET),0.6000000000000001,0.5767989470035506,0.8744642857142857
UOEMD,Diagnosis,Load_No_Load_Speed_Inc_30_to_60Hz,CWRU_12k + CWRU_48k + HUST_Gearbox + HUST + PU,Multi-Head DL (TABNET),0.6124999999999999,0.5678149920255183,0.8871428571428572
UOEMD,Diagnosis,Load_No_Load_Speed_Inc_30_to_60Hz,CWRU_12k + CWRU_48k + HUST_Gearbox + HUST + UORED,Multi-Head DL (TABNET),0.775,0.7669073024676474,0.9651785714285714
UOEMD,Diagnosis,Load_No_Load_Speed_Inc_30_to_60Hz,CWRU_12k + CWRU_48k + HUST_Gearbox + HUST + Mechanical_Gear,Multi-Head DL (TABNET),0.625,0.6119827421815407,0.9175
UOEMD,Diagnosis,Load_No_Load_Speed_Inc_30_to_60Hz,CWRU_12k + CWRU_48k + HUST_Gearbox + HUST + Electric_Motor,Multi-Head DL (TABNET),0.75,0.75432325708061,0.94
UOEMD,Diagnosis,Load_No_Load_Speed_Inc_30_to_60Hz,CWRU_12k + CWRU_48k + HUST_Gearbox + PU + UORED,Multi-Head DL (TABNET),0.625,0.5864146818094187,0.925
UOEMD,Diagnosis,Load_No_Load_Speed_Inc_30_to_60Hz,CWRU_12k + CWRU_48k + HUST_Gearbox + PU + Mechanical_Gear,Multi-Head DL (TABNET),0.675,0.681442179144385,0.9385714285714286
UOEMD,Diagnosis,Load_No_Load_Speed_Inc_30_to_60Hz,CWRU_12k + CWRU_48k + HUST_Gearbox + PU + Electric_Motor,Multi-Head DL (TABNET),0.6000000000000001,0.5788647342995169,0.8921428571428571
UOEMD,Diagnosis,Load_No_Load_Speed_Inc_30_to_60Hz,CWRU_12k + CWRU_48k + HUST_Gearbox + UORED + Mechanical_Gear,Multi-Head DL (TABNET),0.6875,0.6686868686868687,0.9435714285714286
UOEMD,Diagnosis,Load_No_Load_Speed_Inc_30_to_60Hz,CWRU_12k + CWRU_48k + HUST_Gearbox + UORED + Electric_Motor,Multi-Head DL (TABNET),0.65,0.6449034421460892,0.9457142857142857
UOEMD,Diagnosis,Load_No_Load_Speed_Inc_30_to_60Hz,CWRU_12k + CWRU_48k + HUST_Gearbox + Mechanical_Gear + Electric_Motor,Multi-Head DL (TABNET),0.575,0.5601141097464627,0.90625
UOEMD,Diagnosis,Load_No_Load_Speed_Inc_30_to_60Hz,CWRU_12k + CWRU_48k + HUST + PU + UORED,Multi-Head DL (TABNET),0.6375,0.626984126984127,0.9292857142857143
UOEMD,Diagnosis,Load_No_Load_Speed_Inc_30_to_60Hz,CWRU_12k + CWRU_48k + HUST + PU + Mechanical_Gear,Multi-Head DL (TABNET),0.65,0.6434409888357256,0.94375
UOEMD,Diagnosis,Load_No_Load_Speed_Inc_30_to_60Hz,CWRU_12k + CWRU_48k + HUST + PU + Electric_Motor,Multi-Head DL (TABNET),0.6625,0.6488170153644982,0.9151785714285714
UOEMD,Diagnosis,Load_No_Load_Speed_Inc_30_to_60Hz,CWRU_12k + CWRU_48k + HUST + UORED + Mechanical_Gear,Multi-Head DL (TABNET),0.775,0.7602290372670807,0.9521428571428572
UOEMD,Diagnosis,Load_No_Load_Speed_Inc_30_to_60Hz,CWRU_12k + CWRU_48k + HUST + UORED + Electric_Motor,Multi-Head DL (TABNET),0.6875,0.693609022556391,0.9423214285714285
UOEMD,Diagnosis,Load_No_Load_Speed_Inc_30_to_60Hz,CWRU_12k + CWRU_48k + HUST + Mechanical_Gear + Electric_Motor,Multi-Head DL (TABNET),0.7625,0.7574139504286562,0.9510714285714286
UOEMD,Diagnosis,Load_No_Load_Speed_Inc_30_to_60Hz,CWRU_12k + CWRU_48k + PU + UORED + Mechanical_Gear,Multi-Head DL (TABNET),0.5375,0.5169635979868683,0.9021428571428571
UOEMD,Diagnosis,Load_No_Load_Speed_Inc_30_to_60Hz,CWRU_12k + CWRU_48k + PU + UORED + Electric_Motor,Multi-Head DL (TABNET),0.6375,0.6272246272246271,0.89125
UOEMD,Diagnosis,Load_No_Load_Speed_Inc_30_to_60Hz,CWRU_12k + CWRU_48k + PU + Mechanical_Gear + Electric_Motor,Multi-Head DL (TABNET),0.6125,0.5839456893868659,0.89125
UOEMD,Diagnosis,Load_No_Load_Speed_Inc_30_to_60Hz,CWRU_12k + CWRU_48k + UORED + Mechanical_Gear + Electric_Motor,Multi-Head DL (TABNET),0.675,0.6910103785103785,0.9246428571428572
UOEMD,Diagnosis,Load_No_Load_Speed_Inc_30_to_60Hz,CWRU_12k + HUST_Gearbox + HUST + PU + UORED,Multi-Head DL (TABNET),0.675,0.6364851657541419,0.9367857142857143
UOEMD,Diagnosis,Load_No_Load_Speed_Inc_30_to_60Hz,CWRU_12k + HUST_Gearbox + HUST + PU + Mechanical_Gear,Multi-Head DL (TABNET),0.7375,0.7357255667038276,0.9585714285714286
UOEMD,Diagnosis,Load_No_Load_Speed_Inc_30_to_60Hz,CWRU_12k + HUST_Gearbox + HUST + PU + Electric_Motor,Multi-Head DL (TABNET),0.6625,0.662074224143534,0.9251785714285714
UOEMD,Diagnosis,Load_No_Load_Speed_Inc_30_to_60Hz,CWRU_12k + HUST_Gearbox + HUST + UORED + Mechanical_Gear,Multi-Head DL (TABNET),0.7125,0.71328136517765,0.9582142857142857
UOEMD,Diagnosis,Load_No_Load_Speed_Inc_30_to_60Hz,CWRU_12k + HUST_Gearbox + HUST + UORED + Electric_Motor,Multi-Head DL (TABNET),0.7375,0.7265262515262515,0.9394642857142858
UOEMD,Diagnosis,Load_No_Load_Speed_Inc_30_to_60Hz,CWRU_12k + HUST_Gearbox + HUST + Mechanical_Gear + Electric_Motor,Multi-Head DL (TABNET),0.7125,0.6758356227106227,0.9044642857142857
UOEMD,Diagnosis,Load_No_Load_Speed_Inc_30_to_60Hz,CWRU_12k + HUST_Gearbox + PU + UORED + Mechanical_Gear,Multi-Head DL (TABNET),0.7250000000000001,0.7319757215751798,0.9437500000000001
UOEMD,Diagnosis,Load_No_Load_Speed_Inc_30_to_60Hz,CWRU_12k + HUST_Gearbox + PU + UORED + Electric_Motor,Multi-Head DL (TABNET),0.6875,0.664185577317127,0.916607142857143
UOEMD,Diagnosis,Load_No_Load_Speed_Inc_30_to_60Hz,CWRU_12k + HUST_Gearbox + PU + Mechanical_Gear + Electric_Motor,Multi-Head DL (TABNET),0.5625,0.565193356657551,0.9169642857142857
UOEMD,Diagnosis,Load_No_Load_Speed_Inc_30_to_60Hz,CWRU_12k + HUST_Gearbox + UORED + Mechanical_Gear + Electric_Motor,Multi-Head DL (TABNET),0.75,0.754607892107892,0.9485714285714286
UOEMD,Diagnosis,Load_No_Load_Speed_Inc_30_to_60Hz,CWRU_12k + HUST + PU + UORED + Mechanical_Gear,Multi-Head DL (TABNET),0.725,0.7235019882078706,0.9555357142857143
UOEMD,Diagnosis,Load_No_Load_Speed_Inc_30_to_60Hz,CWRU_12k + HUST + PU + UORED + Electric_Motor,Multi-Head DL (TABNET),0.65,0.6364711881255999,0.9153571428571428
UOEMD,Diagnosis,Load_No_Load_Speed_Inc_30_to_60Hz,CWRU_12k + HUST + PU + Mechanical_Gear + Electric_Motor,Multi-Head DL (TABNET),0.6375,0.6125669093548352,0.9169642857142857
UOEMD,Diagnosis,Load_No_Load_Speed_Inc_30_to_60Hz,CWRU_12k + HUST + UORED + Mechanical_Gear + Electric_Motor,Multi-Head DL (TABNET),0.725,0.7190800865800866,0.9505357142857144
UOEMD,Diagnosis,Load_No_Load_Speed_Inc_30_to_60Hz,CWRU_12k + PU + UORED + Mechanical_Gear + Electric_Motor,Multi-Head DL (TABNET),0.7250000000000001,0.7216269841269842,0.9364285714285714
UOEMD,Diagnosis,Load_No_Load_Speed_Inc_30_to_60Hz,CWRU_48k + HUST_Gearbox + HUST + PU + UORED,Multi-Head DL (TABNET),0.65,0.649828954570334,0.9457142857142857
UOEMD,Diagnosis,Load_No_Load_Speed_Inc_30_to_60Hz,CWRU_48k + HUST_Gearbox + HUST + PU + Mechanical_Gear,Multi-Head DL (TABNET),0.65,0.6100784632034632,0.9264285714285714
UOEMD,Diagnosis,Load_No_Load_Speed_Inc_30_to_60Hz,CWRU_48k + HUST_Gearbox + HUST + PU + Electric_Motor,Multi-Head DL (TABNET),0.675,0.6566433566433567,0.8891071428571429
UOEMD,Diagnosis,Load_No_Load_Speed_Inc_30_to_60Hz,CWRU_48k + HUST_Gearbox + HUST + UORED + Mechanical_Gear,Multi-Head DL (TABNET),0.7,0.6964729714729715,0.9485714285714286
UOEMD,Diagnosis,Load_No_Load_Speed_Inc_30_to_60Hz,CWRU_48k + HUST_Gearbox + HUST + UORED + Electric_Motor,Multi-Head DL (TABNET),0.6875,0.6588717317165593,0.9392857142857143
UOEMD,Diagnosis,Load_No_Load_Speed_Inc_30_to_60Hz,CWRU_48k + HUST_Gearbox + HUST + Mechanical_Gear + Electric_Motor,Multi-Head DL (TABNET),0.7,0.6976842461122379,0.9182142857142856
UOEMD,Diagnosis,Load_No_Load_Speed_Inc_30_to_60Hz,CWRU_48k + HUST_Gearbox + PU + UORED + Mechanical_Gear,Multi-Head DL (TABNET),0.6375,0.6371814854974248,0.8985714285714286
UOEMD,Diagnosis,Load_No_Load_Speed_Inc_30_to_60Hz,CWRU_48k + HUST_Gearbox + PU + UORED + Electric_Motor,Multi-Head DL (TABNET),0.6375,0.6128921568627451,0.9260714285714285
UOEMD,Diagnosis,Load_No_Load_Speed_Inc_30_to_60Hz,CWRU_48k + HUST_Gearbox + PU + Mechanical_Gear + Electric_Motor,Multi-Head DL (TABNET),0.75,0.7556310853860995,0.9519642857142857
UOEMD,Diagnosis,Load_No_Load_Speed_Inc_30_to_60Hz,CWRU_48k + HUST_Gearbox + UORED + Mechanical_Gear + Electric_Motor,Multi-Head DL (TABNET),0.7375,0.7197916666666666,0.9551785714285714
UOEMD,Diagnosis,Load_No_Load_Speed_Inc_30_to_60Hz,CWRU_48k + HUST + PU + UORED + Mechanical_Gear,Multi-Head DL (TABNET),0.65,0.6269403594771242,0.9164285714285714
UOEMD,Diagnosis,Load_No_Load_Speed_Inc_30_to_60Hz,CWRU_48k + HUST + PU + UORED + Electric_Motor,Multi-Head DL (TABNET),0.675,0.6653130032206119,0.9282142857142858
UOEMD,Diagnosis,Load_No_Load_Speed_Inc_30_to_60Hz,CWRU_48k + HUST + PU + Mechanical_Gear + Electric_Motor,Multi-Head DL (TABNET),0.6125,0.5902227878330819,0.9085714285714286
UOEMD,Diagnosis,Load_No_Load_Speed_Inc_30_to_60Hz,CWRU_48k + HUST + UORED + Mechanical_Gear + Electric_Motor,Multi-Head DL (TABNET),0.6375,0.6183760683760684,0.9330357142857143
UOEMD,Diagnosis,Load_No_Load_Speed_Inc_30_to_60Hz,CWRU_48k + PU + UORED + Mechanical_Gear + Electric_Motor,Multi-Head DL (TABNET),0.7000000000000001,0.6974079161579162,0.9294642857142857
UOEMD,Diagnosis,Load_No_Load_Speed_Inc_30_to_60Hz,HUST_Gearbox + HUST + PU + UORED + Mechanical_Gear,Multi-Head DL (TABNET),0.75,0.7422606804959746,0.9489285714285713
UOEMD,Diagnosis,Load_No_Load_Speed_Inc_30_to_60Hz,HUST_Gearbox + HUST + PU + UORED + Electric_Motor,Multi-Head DL (TABNET),0.6375,0.5978528592846434,0.9475
UOEMD,Diagnosis,Load_No_Load_Speed_Inc_30_to_60Hz,HUST_Gearbox + HUST + PU + Mechanical_Gear + Electric_Motor,Multi-Head DL (TABNET),0.5625,0.5085215509128552,0.9008928571428572
UOEMD,Diagnosis,Load_No_Load_Speed_Inc_30_to_60Hz,HUST_Gearbox + HUST + UORED + Mechanical_Gear + Electric_Motor,Multi-Head DL (TABNET),0.7,0.6964776769124595,0.9492857142857143
UOEMD,Diagnosis,Load_No_Load_Speed_Inc_30_to_60Hz,HUST_Gearbox + PU + UORED + Mechanical_Gear + Electric_Motor,Multi-Head DL (TABNET),0.8,0.8009073194495189,0.9614285714285715
UOEMD,Diagnosis,Load_No_Load_Speed_Inc_30_to_60Hz,HUST + PU + UORED + Mechanical_Gear + Electric_Motor,Multi-Head DL (TABNET),0.675,0.6746622991301784,0.9435714285714285
UOEMD,Diagnosis,Load_No_Load_Speed_Inc_30_to_60Hz,CWRU_12k + CWRU_48k + HUST_Gearbox + HUST + PU + UORED,Multi-Head DL (TABNET),0.5,0.48166683061184346,0.8394642857142858
UOEMD,Diagnosis,Load_No_Load_Speed_Inc_30_to_60Hz,CWRU_12k + CWRU_48k + HUST_Gearbox + HUST + PU + Mechanical_Gear,Multi-Head DL (TABNET),0.575,0.5244662094086646,0.8935714285714285
UOEMD,Diagnosis,Load_No_Load_Speed_Inc_30_to_60Hz,CWRU_12k + CWRU_48k + HUST_Gearbox + HUST + PU + Electric_Motor,Multi-Head DL (TABNET),0.6125,0.5734399920255183,0.9391071428571429
UOEMD,Diagnosis,Load_No_Load_Speed_Inc_30_to_60Hz,CWRU_12k + CWRU_48k + HUST_Gearbox + HUST + UORED + Mechanical_Gear,Multi-Head DL (TABNET),0.6375,0.6125363860277653,0.9301785714285714
UOEMD,Diagnosis,Load_No_Load_Speed_Inc_30_to_60Hz,CWRU_12k + CWRU_48k + HUST_Gearbox + HUST + UORED + Electric_Motor,Multi-Head DL (TABNET),0.7000000000000001,0.6971598628132634,0.9630357142857143
UOEMD,Diagnosis,Load_No_Load_Speed_Inc_30_to_60Hz,CWRU_12k + CWRU_48k + HUST_Gearbox + HUST + Mechanical_Gear + Electric_Motor,Multi-Head DL (TABNET),0.7375,0.7302083333333333,0.9460714285714287
UOEMD,Diagnosis,Load_No_Load_Speed_Inc_30_to_60Hz,CWRU_12k + CWRU_48k + HUST_Gearbox + PU + UORED + Mechanical_Gear,Multi-Head DL (TABNET),0.7124999999999999,0.705944055944056,0.9396428571428571
UOEMD,Diagnosis,Load_No_Load_Speed_Inc_30_to_60Hz,CWRU_12k + CWRU_48k + HUST_Gearbox + PU + UORED + Electric_Motor,Multi-Head DL (TABNET),0.625,0.6007087703962705,0.905
UOEMD,Diagnosis,Load_No_Load_Speed_Inc_30_to_60Hz,CWRU_12k + CWRU_48k + HUST_Gearbox + PU + Mechanical_Gear + Electric_Motor,Multi-Head DL (TABNET),0.575,0.5162128248428558,0.9116071428571428
UOEMD,Diagnosis,Load_No_Load_Speed_Inc_30_to_60Hz,CWRU_12k + CWRU_48k + HUST_Gearbox + UORED + Mechanical_Gear + Electric_Motor,Multi-Head DL (TABNET),0.725,0.7047642827797106,0.93375
UOEMD,Diagnosis,Load_No_Load_Speed_Inc_30_to_60Hz,CWRU_12k + CWRU_48k + HUST + PU + UORED + Mechanical_Gear,Multi-Head DL (TABNET),0.6875,0.6818169575522517,0.9476785714285715
UOEMD,Diagnosis,Load_No_Load_Speed_Inc_30_to_60Hz,CWRU_12k + CWRU_48k + HUST + PU + UORED + Electric_Motor,Multi-Head DL (TABNET),0.75,0.7398166185666186,0.9498214285714286
UOEMD,Diagnosis,Load_No_Load_Speed_Inc_30_to_60Hz,CWRU_12k + CWRU_48k + HUST + PU + Mechanical_Gear + Electric_Motor,Multi-Head DL (TABNET),0.675,0.6803571428571429,0.9089285714285715
UOEMD,Diagnosis,Load_No_Load_Speed_Inc_30_to_60Hz,CWRU_12k + CWRU_48k + HUST + UORED + Mechanical_Gear + Electric_Motor,Multi-Head DL (TABNET),0.775,0.7633562515915457,0.9653571428571429
UOEMD,Diagnosis,Load_No_Load_Speed_Inc_30_to_60Hz,CWRU_12k + CWRU_48k + PU + UORED + Mechanical_Gear + Electric_Motor,Multi-Head DL (TABNET),0.625,0.6115492535687044,0.9237500000000001
UOEMD,Diagnosis,Load_No_Load_Speed_Inc_30_to_60Hz,CWRU_12k + HUST_Gearbox + HUST + PU + UORED + Mechanical_Gear,Multi-Head DL (TABNET),0.6,0.5584565606018694,0.92
UOEMD,Diagnosis,Load_No_Load_Speed_Inc_30_to_60Hz,CWRU_12k + HUST_Gearbox + HUST + PU + UORED + Electric_Motor,Multi-Head DL (TABNET),0.6375,0.634292328042328,0.9132142857142856
UOEMD,Diagnosis,Load_No_Load_Speed_Inc_30_to_60Hz,CWRU_12k + HUST_Gearbox + HUST + PU + Mechanical_Gear + Electric_Motor,Multi-Head DL (TABNET),0.6375000000000001,0.6404370073735062,0.9291071428571428
UOEMD,Diagnosis,Load_No_Load_Speed_Inc_30_to_60Hz,CWRU_12k + HUST_Gearbox + HUST + UORED + Mechanical_Gear + Electric_Motor,Multi-Head DL (TABNET),0.6000000000000001,0.5669265419265419,0.9344642857142857
UOEMD,Diagnosis,Load_No_Load_Speed_Inc_30_to_60Hz,CWRU_12k + HUST_Gearbox + PU + UORED + Mechanical_Gear + Electric_Motor,Multi-Head DL (TABNET),0.55,0.5535265755517471,0.9010714285714285
UOEMD,Diagnosis,Load_No_Load_Speed_Inc_30_to_60Hz,CWRU_12k + HUST + PU + UORED + Mechanical_Gear + Electric_Motor,Multi-Head DL (TABNET),0.65,0.6542637829299544,0.9276785714285715
UOEMD,Diagnosis,Load_No_Load_Speed_Inc_30_to_60Hz,CWRU_48k + HUST_Gearbox + HUST + PU + UORED + Mechanical_Gear,Multi-Head DL (TABNET),0.575,0.5689356939356939,0.8610714285714286
UOEMD,Diagnosis,Load_No_Load_Speed_Inc_30_to_60Hz,CWRU_48k + HUST_Gearbox + HUST + PU + UORED + Electric_Motor,Multi-Head DL (TABNET),0.6625,0.6553995282323455,0.9392857142857143
UOEMD,Diagnosis,Load_No_Load_Speed_Inc_30_to_60Hz,CWRU_48k + HUST_Gearbox + HUST + PU + Mechanical_Gear + Electric_Motor,Multi-Head DL (TABNET),0.7375,0.7510141539746803,0.9301785714285714
UOEMD,Diagnosis,Load_No_Load_Speed_Inc_30_to_60Hz,CWRU_48k + HUST_Gearbox + HUST + UORED + Mechanical_Gear + Electric_Motor,Multi-Head DL (TABNET),0.75,0.7439978318782667,0.9507142857142857
UOEMD,Diagnosis,Load_No_Load_Speed_Inc_30_to_60Hz,CWRU_48k + HUST_Gearbox + PU + UORED + Mechanical_Gear + Electric_Motor,Multi-Head DL (TABNET),0.6375,0.6402045724589461,0.9307142857142857
UOEMD,Diagnosis,Load_No_Load_Speed_Inc_30_to_60Hz,CWRU_48k + HUST + PU + UORED + Mechanical_Gear + Electric_Motor,Multi-Head DL (TABNET),0.6625,0.6496844486782567,0.9483928571428571
UOEMD,Diagnosis,Load_No_Load_Speed_Inc_30_to_60Hz,HUST_Gearbox + HUST + PU + UORED + Mechanical_Gear + Electric_Motor,Multi-Head DL (TABNET),0.725,0.7291831262419497,0.9273214285714286
UOEMD,Diagnosis,Load_No_Load_Speed_Inc_30_to_60Hz,CWRU_12k + CWRU_48k + HUST_Gearbox + HUST + PU + UORED + Mechanical_Gear,Multi-Head DL (TABNET),0.575,0.5351190476190476,0.9241071428571428
UOEMD,Diagnosis,Load_No_Load_Speed_Inc_30_to_60Hz,CWRU_12k + CWRU_48k + HUST_Gearbox + HUST + PU + UORED + Electric_Motor,Multi-Head DL (TABNET),0.7125,0.6744560264297106,0.9355357142857144
UOEMD,Diagnosis,Load_No_Load_Speed_Inc_30_to_60Hz,CWRU_12k + CWRU_48k + HUST_Gearbox + HUST + PU + Mechanical_Gear + Electric_Motor,Multi-Head DL (TABNET),0.625,0.6013826110007461,0.9008928571428572
UOEMD,Diagnosis,Load_No_Load_Speed_Inc_30_to_60Hz,CWRU_12k + CWRU_48k + HUST_Gearbox + HUST + UORED + Mechanical_Gear + Electric_Motor,Multi-Head DL (TABNET),0.7250000000000001,0.7231717616926329,0.9391071428571429
UOEMD,Diagnosis,Load_No_Load_Speed_Inc_30_to_60Hz,CWRU_12k + CWRU_48k + HUST_Gearbox + PU + UORED + Mechanical_Gear + Electric_Motor,Multi-Head DL (TABNET),0.7,0.6849139035280339,0.9442857142857143
UOEMD,Diagnosis,Load_No_Load_Speed_Inc_30_to_60Hz,CWRU_12k + CWRU_48k + HUST + PU + UORED + Mechanical_Gear + Electric_Motor,Multi-Head DL (TABNET),0.5375000000000001,0.5098214285714286,0.9210714285714285
UOEMD,Diagnosis,Load_No_Load_Speed_Inc_30_to_60Hz,CWRU_12k + HUST_Gearbox + HUST + PU + UORED + Mechanical_Gear + Electric_Motor,Multi-Head DL (TABNET),0.6375,0.5971752163870888,0.9132142857142858
UOEMD,Diagnosis,Load_No_Load_Speed_Inc_30_to_60Hz,CWRU_48k + HUST_Gearbox + HUST + PU + UORED + Mechanical_Gear + Electric_Motor,Multi-Head DL (TABNET),0.6124999999999999,0.60390559732665,0.9035714285714286
UOEMD,Diagnosis,Load_No_Load_Speed_Inc_30_to_60Hz,CWRU_12k + CWRU_48k + HUST_Gearbox + HUST + PU + UORED + Mechanical_Gear + Electric_Motor,Multi-Head DL (TABNET),0.6499999999999999,0.6357265289660934,0.9273214285714286
