Experiment ID,Pretrain Strategy,Finetune Strategy,Target Dataset,Source Datasets,N Sources,Task,Test Condition,Model,N Features,N Train Target,N Test,ACC,Bal Acc,Macro F1,ROC-AUC,Seed
0_Baseline,raw,raw,CWRU_12k,CWRU_48k|Electric_Motor|HUST|HUST_Gearbox|Mechanical_Gear|PU|UOEMD|UORED,8,Diagnosis,Load_0HP,MLP (TL),141,1920,600,0.7616666666666667,0.8093567251461988,0.8027947987089493,0.9249313090483663,42
0_Baseline,raw,raw,CWRU_12k,CWRU_48k|Electric_Motor|HUST|HUST_Gearbox|Mechanical_Gear|PU|UOEMD|UORED,8,Diagnosis,Load_0HP,TABNET (TL),141,1920,600,0.765,0.8116228070175439,0.8091400461673891,0.9313351722802943,42
0_Baseline,raw,raw,CWRU_12k,CWRU_48k|Electric_Motor|HUST|HUST_Gearbox|Mechanical_Gear|PU|UOEMD|UORED,8,Diagnosis,Load_1HP,MLP (TL),141,1880,640,0.9078125,0.9197368421052632,0.9185864444641332,0.9731207743657151,42
0_Baseline,raw,raw,CWRU_12k,CWRU_48k|Electric_Motor|HUST|HUST_Gearbox|Mechanical_Gear|PU|UOEMD|UORED,8,Diagnosis,Load_1HP,TABNET (TL),141,1880,640,0.9046875,0.9171052631578948,0.9168833906625702,0.9718623188405797,42
0_Baseline,raw,raw,CWRU_12k,CWRU_48k|Electric_Motor|HUST|HUST_Gearbox|Mechanical_Gear|PU|UOEMD|UORED,8,Diagnosis,Load_2HP,MLP (TL),141,1880,640,0.9859375,0.9880847953216374,0.9879917185539225,0.9995891177218408,42
0_Baseline,raw,raw,CWRU_12k,CWRU_48k|Electric_Motor|HUST|HUST_Gearbox|Mechanical_Gear|PU|UOEMD|UORED,8,Diagnosis,Load_2HP,TABNET (TL),141,1880,640,0.965625,0.9703216374269006,0.9704080906247602,0.9991959064327485,42
0_Baseline,raw,raw,CWRU_12k,CWRU_48k|Electric_Motor|HUST|HUST_Gearbox|Mechanical_Gear|PU|UOEMD|UORED,8,Diagnosis,Load_3HP,MLP (TL),141,1880,640,0.9140625,0.9249269005847953,0.9258650040592653,0.9820210717009916,42
0_Baseline,raw,raw,CWRU_12k,CWRU_48k|Electric_Motor|HUST|HUST_Gearbox|Mechanical_Gear|PU|UOEMD|UORED,8,Diagnosis,Load_3HP,TABNET (TL),141,1880,640,0.8734375,0.8916666666666666,0.8928775734042735,0.9503869819476227,42
1_ZScore_Puro,window_zscore,window_zscore,CWRU_12k,CWRU_48k|Electric_Motor|HUST|HUST_Gearbox|Mechanical_Gear|PU|UOEMD|UORED,8,Diagnosis,Load_0HP,MLP (TL),141,1920,600,0.7783333333333333,0.8232456140350878,0.8180056946998233,0.9325760582010583,42
1_ZScore_Puro,window_zscore,window_zscore,CWRU_12k,CWRU_48k|Electric_Motor|HUST|HUST_Gearbox|Mechanical_Gear|PU|UOEMD|UORED,8,Diagnosis,Load_0HP,TABNET (TL),141,1920,600,0.6816666666666666,0.6089912280701755,0.6276990887589599,0.8511229382950941,42
1_ZScore_Puro,window_zscore,window_zscore,CWRU_12k,CWRU_48k|Electric_Motor|HUST|HUST_Gearbox|Mechanical_Gear|PU|UOEMD|UORED,8,Diagnosis,Load_1HP,MLP (TL),141,1880,640,0.8953125,0.9095760233918129,0.909592433029933,0.9826184210526316,42
1_ZScore_Puro,window_zscore,window_zscore,CWRU_12k,CWRU_48k|Electric_Motor|HUST|HUST_Gearbox|Mechanical_Gear|PU|UOEMD|UORED,8,Diagnosis,Load_1HP,TABNET (TL),141,1880,640,0.8765625,0.893859649122807,0.8936248593942007,0.9825428426137809,42
1_ZScore_Puro,window_zscore,window_zscore,CWRU_12k,CWRU_48k|Electric_Motor|HUST|HUST_Gearbox|Mechanical_Gear|PU|UOEMD|UORED,8,Diagnosis,Load_2HP,MLP (TL),141,1880,640,0.94375,0.951388888888889,0.9513478167596608,0.9954737477752351,42
1_ZScore_Puro,window_zscore,window_zscore,CWRU_12k,CWRU_48k|Electric_Motor|HUST|HUST_Gearbox|Mechanical_Gear|PU|UOEMD|UORED,8,Diagnosis,Load_2HP,TABNET (TL),141,1880,640,0.9546875,0.9614035087719298,0.9606423673100198,0.9963426455631833,42
1_ZScore_Puro,window_zscore,window_zscore,CWRU_12k,CWRU_48k|Electric_Motor|HUST|HUST_Gearbox|Mechanical_Gear|PU|UOEMD|UORED,8,Diagnosis,Load_3HP,MLP (TL),141,1880,640,0.9,0.9137426900584795,0.9136681019771591,0.9750950292397661,42
1_ZScore_Puro,window_zscore,window_zscore,CWRU_12k,CWRU_48k|Electric_Motor|HUST|HUST_Gearbox|Mechanical_Gear|PU|UOEMD|UORED,8,Diagnosis,Load_3HP,TABNET (TL),141,1880,640,0.890625,0.9051900584795322,0.9065420367304807,0.9589896389524535,42
2_RMS_Puro,window_rms,window_rms,CWRU_12k,CWRU_48k|Electric_Motor|HUST|HUST_Gearbox|Mechanical_Gear|PU|UOEMD|UORED,8,Diagnosis,Load_0HP,MLP (TL),141,1920,600,0.7733333333333333,0.8195175438596491,0.8130490116798125,0.9390994848231691,42
2_RMS_Puro,window_rms,window_rms,CWRU_12k,CWRU_48k|Electric_Motor|HUST|HUST_Gearbox|Mechanical_Gear|PU|UOEMD|UORED,8,Diagnosis,Load_0HP,TABNET (TL),141,1920,600,0.6633333333333333,0.539656432748538,0.5214888743180197,0.8774031464586263,42
2_RMS_Puro,window_rms,window_rms,CWRU_12k,CWRU_48k|Electric_Motor|HUST|HUST_Gearbox|Mechanical_Gear|PU|UOEMD|UORED,8,Diagnosis,Load_1HP,MLP (TL),141,1880,640,0.8859375,0.9015350877192984,0.9017505264662972,0.9787017543859649,42
2_RMS_Puro,window_rms,window_rms,CWRU_12k,CWRU_48k|Electric_Motor|HUST|HUST_Gearbox|Mechanical_Gear|PU|UOEMD|UORED,8,Diagnosis,Load_1HP,TABNET (TL),141,1880,640,0.9015625,0.9143274853801169,0.9143794928857009,0.9883106407322655,42
2_RMS_Puro,window_rms,window_rms,CWRU_12k,CWRU_48k|Electric_Motor|HUST|HUST_Gearbox|Mechanical_Gear|PU|UOEMD|UORED,8,Diagnosis,Load_2HP,MLP (TL),141,1880,640,0.9390625,0.9471491228070176,0.9471046527237931,0.9953793224002034,42
2_RMS_Puro,window_rms,window_rms,CWRU_12k,CWRU_48k|Electric_Motor|HUST|HUST_Gearbox|Mechanical_Gear|PU|UOEMD|UORED,8,Diagnosis,Load_2HP,TABNET (TL),141,1880,640,0.95625,0.9627192982456141,0.9621913257338561,0.9966940312738368,42
2_RMS_Puro,window_rms,window_rms,CWRU_12k,CWRU_48k|Electric_Motor|HUST|HUST_Gearbox|Mechanical_Gear|PU|UOEMD|UORED,8,Diagnosis,Load_3HP,MLP (TL),141,1880,640,0.896875,0.9105263157894736,0.9111227683792871,0.9741017035341979,42
2_RMS_Puro,window_rms,window_rms,CWRU_12k,CWRU_48k|Electric_Motor|HUST|HUST_Gearbox|Mechanical_Gear|PU|UOEMD|UORED,8,Diagnosis,Load_3HP,TABNET (TL),141,1880,640,0.871875,0.889546783625731,0.890378295687978,0.9612513348588864,42
3_ZScore_Raw,window_zscore,raw,CWRU_12k,CWRU_48k|Electric_Motor|HUST|HUST_Gearbox|Mechanical_Gear|PU|UOEMD|UORED,8,Diagnosis,Load_0HP,MLP (TL),141,1920,600,0.7616666666666667,0.8097953216374268,0.8044612854793737,0.9325373307931074,42
3_ZScore_Raw,window_zscore,raw,CWRU_12k,CWRU_48k|Electric_Motor|HUST|HUST_Gearbox|Mechanical_Gear|PU|UOEMD|UORED,8,Diagnosis,Load_0HP,TABNET (TL),141,1920,600,0.7816666666666666,0.8260964912280702,0.821324130335414,0.9266467744564661,42
3_ZScore_Raw,window_zscore,raw,CWRU_12k,CWRU_48k|Electric_Motor|HUST|HUST_Gearbox|Mechanical_Gear|PU|UOEMD|UORED,8,Diagnosis,Load_1HP,MLP (TL),141,1880,640,0.909375,0.92046783625731,0.9199301114936874,0.9856515064836003,42
3_ZScore_Raw,window_zscore,raw,CWRU_12k,CWRU_48k|Electric_Motor|HUST|HUST_Gearbox|Mechanical_Gear|PU|UOEMD|UORED,8,Diagnosis,Load_1HP,TABNET (TL),141,1880,640,0.8796875,0.8958333333333334,0.8956438853841356,0.9663153127383675,42
3_ZScore_Raw,window_zscore,raw,CWRU_12k,CWRU_48k|Electric_Motor|HUST|HUST_Gearbox|Mechanical_Gear|PU|UOEMD|UORED,8,Diagnosis,Load_2HP,MLP (TL),141,1880,640,0.9734375,0.9774122807017545,0.9763139757209607,0.9989235634375795,42
3_ZScore_Raw,window_zscore,raw,CWRU_12k,CWRU_48k|Electric_Motor|HUST|HUST_Gearbox|Mechanical_Gear|PU|UOEMD|UORED,8,Diagnosis,Load_2HP,TABNET (TL),141,1880,640,0.9796875,0.9828947368421052,0.9826757285661396,0.999680809814391,42
3_ZScore_Raw,window_zscore,raw,CWRU_12k,CWRU_48k|Electric_Motor|HUST|HUST_Gearbox|Mechanical_Gear|PU|UOEMD|UORED,8,Diagnosis,Load_3HP,MLP (TL),141,1880,640,0.925,0.9350146198830409,0.935747222407077,0.9753991228070176,42
3_ZScore_Raw,window_zscore,raw,CWRU_12k,CWRU_48k|Electric_Motor|HUST|HUST_Gearbox|Mechanical_Gear|PU|UOEMD|UORED,8,Diagnosis,Load_3HP,TABNET (TL),141,1880,640,0.865625,0.885014619883041,0.8862286579094302,0.955434877955759,42
4_RMS_Raw,window_rms,raw,CWRU_12k,CWRU_48k|Electric_Motor|HUST|HUST_Gearbox|Mechanical_Gear|PU|UOEMD|UORED,8,Diagnosis,Load_0HP,MLP (TL),141,1920,600,0.7733333333333333,0.8191520467836257,0.8127846981394392,0.9207767767997229,42
4_RMS_Raw,window_rms,raw,CWRU_12k,CWRU_48k|Electric_Motor|HUST|HUST_Gearbox|Mechanical_Gear|PU|UOEMD|UORED,8,Diagnosis,Load_0HP,TABNET (TL),141,1920,600,0.7816666666666666,0.8260964912280702,0.821324130335414,0.9266467744564661,42
4_RMS_Raw,window_rms,raw,CWRU_12k,CWRU_48k|Electric_Motor|HUST|HUST_Gearbox|Mechanical_Gear|PU|UOEMD|UORED,8,Diagnosis,Load_1HP,MLP (TL),141,1880,640,0.9078125,0.9192982456140351,0.9178772263117005,0.9858383231629799,42
4_RMS_Raw,window_rms,raw,CWRU_12k,CWRU_48k|Electric_Motor|HUST|HUST_Gearbox|Mechanical_Gear|PU|UOEMD|UORED,8,Diagnosis,Load_1HP,TABNET (TL),141,1880,640,0.8796875,0.8958333333333334,0.8956438853841356,0.9663153127383675,42
4_RMS_Raw,window_rms,raw,CWRU_12k,CWRU_48k|Electric_Motor|HUST|HUST_Gearbox|Mechanical_Gear|PU|UOEMD|UORED,8,Diagnosis,Load_2HP,MLP (TL),141,1880,640,0.975,0.978874269005848,0.9785651559707086,0.9994243897787948,42
4_RMS_Raw,window_rms,raw,CWRU_12k,CWRU_48k|Electric_Motor|HUST|HUST_Gearbox|Mechanical_Gear|PU|UOEMD|UORED,8,Diagnosis,Load_2HP,TABNET (TL),141,1880,640,0.9796875,0.9828947368421052,0.9826757285661396,0.999680809814391,42
4_RMS_Raw,window_rms,raw,CWRU_12k,CWRU_48k|Electric_Motor|HUST|HUST_Gearbox|Mechanical_Gear|PU|UOEMD|UORED,8,Diagnosis,Load_3HP,MLP (TL),141,1880,640,0.9234375,0.9336988304093568,0.9344990085324365,0.9805136981947622,42
4_RMS_Raw,window_rms,raw,CWRU_12k,CWRU_48k|Electric_Motor|HUST|HUST_Gearbox|Mechanical_Gear|PU|UOEMD|UORED,8,Diagnosis,Load_3HP,TABNET (TL),141,1880,640,0.865625,0.885014619883041,0.8862286579094302,0.955434877955759,42
0_Baseline,raw,raw,PU,CWRU_12k|CWRU_48k|Electric_Motor|HUST|HUST_Gearbox|Mechanical_Gear|UOEMD|UORED,8,Diagnosis,C1_1500rpm_0.7Nm_1000N,MLP (TL),141,4847,1629,0.9969306322897483,0.9982529699510833,0.9968885490921702,1.0,42
0_Baseline,raw,raw,PU,CWRU_12k|CWRU_48k|Electric_Motor|HUST|HUST_Gearbox|Mechanical_Gear|UOEMD|UORED,8,Diagnosis,C1_1500rpm_0.7Nm_1000N,TABNET (TL),141,4847,1629,0.9993861264579497,0.9996505939902166,0.9989726904646631,0.9999982903100658,42
0_Baseline,raw,raw,PU,CWRU_12k|CWRU_48k|Electric_Motor|HUST|HUST_Gearbox|Mechanical_Gear|UOEMD|UORED,8,Diagnosis,C2_900rpm_0.7Nm_1000N,MLP (TL),141,4864,1612,0.6532258064516129,0.6548781882171382,0.6445868244995742,0.8628210084520423,42
0_Baseline,raw,raw,PU,CWRU_12k|CWRU_48k|Electric_Motor|HUST|HUST_Gearbox|Mechanical_Gear|UOEMD|UORED,8,Diagnosis,C2_900rpm_0.7Nm_1000N,TABNET (TL),141,4864,1612,0.4075682382133995,0.36320504833003603,0.2864890889073722,0.678627915281417,42
0_Baseline,raw,raw,PU,CWRU_12k|CWRU_48k|Electric_Motor|HUST|HUST_Gearbox|Mechanical_Gear|UOEMD|UORED,8,Diagnosis,C3_1500rpm_0.1Nm_1000N,MLP (TL),141,4855,1621,0.9962985811227637,0.9978947368421053,0.993789394615661,0.9999633916099184,42
0_Baseline,raw,raw,PU,CWRU_12k|CWRU_48k|Electric_Motor|HUST|HUST_Gearbox|Mechanical_Gear|UOEMD|UORED,8,Diagnosis,C3_1500rpm_0.1Nm_1000N,TABNET (TL),141,4855,1621,0.9975323874151758,0.9954642769664126,0.9963267273209122,0.9999511882516279,42
0_Baseline,raw,raw,PU,CWRU_12k|CWRU_48k|Electric_Motor|HUST|HUST_Gearbox|Mechanical_Gear|UOEMD|UORED,8,Diagnosis,C4_1500rpm_0.7Nm_400N,MLP (TL),141,4862,1614,0.8333333333333334,0.8896274356737232,0.8647866432661947,0.9559184941826381,42
0_Baseline,raw,raw,PU,CWRU_12k|CWRU_48k|Electric_Motor|HUST|HUST_Gearbox|Mechanical_Gear|UOEMD|UORED,8,Diagnosis,C4_1500rpm_0.7Nm_400N,TABNET (TL),141,4862,1614,0.9634448574969021,0.941954726036347,0.9504854077421584,0.990305047431458,42
1_ZScore_Puro,window_zscore,window_zscore,PU,CWRU_12k|CWRU_48k|Electric_Motor|HUST|HUST_Gearbox|Mechanical_Gear|UOEMD|UORED,8,Diagnosis,C1_1500rpm_0.7Nm_1000N,MLP (TL),141,4847,1629,0.9993861264579497,0.9996505939902166,0.9994783444748986,1.0,42
1_ZScore_Puro,window_zscore,window_zscore,PU,CWRU_12k|CWRU_48k|Electric_Motor|HUST|HUST_Gearbox|Mechanical_Gear|UOEMD|UORED,8,Diagnosis,C1_1500rpm_0.7Nm_1000N,TABNET (TL),141,4847,1629,0.9938612645794966,0.9965059399021663,0.9908505971698647,0.999999482361467,42
1_ZScore_Puro,window_zscore,window_zscore,PU,CWRU_12k|CWRU_48k|Electric_Motor|HUST|HUST_Gearbox|Mechanical_Gear|UOEMD|UORED,8,Diagnosis,C2_900rpm_0.7Nm_1000N,MLP (TL),141,4864,1612,0.5093052109181141,0.6671631017797396,0.5313058697383711,0.7944289357726689,42
1_ZScore_Puro,window_zscore,window_zscore,PU,CWRU_12k|CWRU_48k|Electric_Motor|HUST|HUST_Gearbox|Mechanical_Gear|UOEMD|UORED,8,Diagnosis,C2_900rpm_0.7Nm_1000N,TABNET (TL),141,4864,1612,0.5223325062034739,0.5880189030727297,0.5221760846880413,0.8624118911499122,42
1_ZScore_Puro,window_zscore,window_zscore,PU,CWRU_12k|CWRU_48k|Electric_Motor|HUST|HUST_Gearbox|Mechanical_Gear|UOEMD|UORED,8,Diagnosis,C3_1500rpm_0.1Nm_1000N,MLP (TL),141,4855,1621,0.9975323874151758,0.9985964912280701,0.9958425336860439,0.9999911095714934,42
1_ZScore_Puro,window_zscore,window_zscore,PU,CWRU_12k|CWRU_48k|Electric_Motor|HUST|HUST_Gearbox|Mechanical_Gear|UOEMD|UORED,8,Diagnosis,C3_1500rpm_0.1Nm_1000N,TABNET (TL),141,4855,1621,0.9975323874151758,0.9958078442178745,0.9958078442178745,0.9999797774604545,42
1_ZScore_Puro,window_zscore,window_zscore,PU,CWRU_12k|CWRU_48k|Electric_Motor|HUST|HUST_Gearbox|Mechanical_Gear|UOEMD|UORED,8,Diagnosis,C4_1500rpm_0.7Nm_400N,MLP (TL),141,4862,1614,0.8593556381660471,0.8834769507926378,0.8671976902850149,0.977803514262574,42
1_ZScore_Puro,window_zscore,window_zscore,PU,CWRU_12k|CWRU_48k|Electric_Motor|HUST|HUST_Gearbox|Mechanical_Gear|UOEMD|UORED,8,Diagnosis,C4_1500rpm_0.7Nm_400N,TABNET (TL),141,4862,1614,0.7912019826517968,0.8421955112857287,0.820216683846151,0.9476778354558513,42
2_RMS_Puro,window_rms,window_rms,PU,CWRU_12k|CWRU_48k|Electric_Motor|HUST|HUST_Gearbox|Mechanical_Gear|UOEMD|UORED,8,Diagnosis,C1_1500rpm_0.7Nm_1000N,MLP (TL),141,4847,1629,1.0,1.0,1.0,1.0,42
2_RMS_Puro,window_rms,window_rms,PU,CWRU_12k|CWRU_48k|Electric_Motor|HUST|HUST_Gearbox|Mechanical_Gear|UOEMD|UORED,8,Diagnosis,C1_1500rpm_0.7Nm_1000N,TABNET (TL),141,4847,1629,0.9975445058317987,0.9972423802612482,0.9974051350761384,0.999566991059112,42
2_RMS_Puro,window_rms,window_rms,PU,CWRU_12k|CWRU_48k|Electric_Motor|HUST|HUST_Gearbox|Mechanical_Gear|UOEMD|UORED,8,Diagnosis,C2_900rpm_0.7Nm_1000N,MLP (TL),141,4864,1612,0.4633995037220844,0.5215747923769555,0.45110182233469903,0.7744032768401931,42
2_RMS_Puro,window_rms,window_rms,PU,CWRU_12k|CWRU_48k|Electric_Motor|HUST|HUST_Gearbox|Mechanical_Gear|UOEMD|UORED,8,Diagnosis,C2_900rpm_0.7Nm_1000N,TABNET (TL),141,4864,1612,0.4857320099255583,0.5150268980986765,0.45122862928475943,0.7740587236163506,42
2_RMS_Puro,window_rms,window_rms,PU,CWRU_12k|CWRU_48k|Electric_Motor|HUST|HUST_Gearbox|Mechanical_Gear|UOEMD|UORED,8,Diagnosis,C3_1500rpm_0.1Nm_1000N,MLP (TL),141,4855,1621,0.9975323874151758,0.9985964912280701,0.9958425336860439,0.9999919816611404,42
2_RMS_Puro,window_rms,window_rms,PU,CWRU_12k|CWRU_48k|Electric_Motor|HUST|HUST_Gearbox|Mechanical_Gear|UOEMD|UORED,8,Diagnosis,C3_1500rpm_0.1Nm_1000N,TABNET (TL),141,4855,1621,0.9950647748303516,0.9965058479532164,0.9927429968397643,0.9999785604099668,42
2_RMS_Puro,window_rms,window_rms,PU,CWRU_12k|CWRU_48k|Electric_Motor|HUST|HUST_Gearbox|Mechanical_Gear|UOEMD|UORED,8,Diagnosis,C4_1500rpm_0.7Nm_400N,MLP (TL),141,4862,1614,0.8643122676579925,0.8873153337449837,0.8669184040901032,0.9723195540158486,42
2_RMS_Puro,window_rms,window_rms,PU,CWRU_12k|CWRU_48k|Electric_Motor|HUST|HUST_Gearbox|Mechanical_Gear|UOEMD|UORED,8,Diagnosis,C4_1500rpm_0.7Nm_400N,TABNET (TL),141,4862,1614,0.8382899628252788,0.8262783928726014,0.8342756747869325,0.9199830777436214,42
3_ZScore_Raw,window_zscore,raw,PU,CWRU_12k|CWRU_48k|Electric_Motor|HUST|HUST_Gearbox|Mechanical_Gear|UOEMD|UORED,8,Diagnosis,C1_1500rpm_0.7Nm_1000N,MLP (TL),141,4847,1629,0.998158379373849,0.9989517819706499,0.9969305363547113,1.0,42
3_ZScore_Raw,window_zscore,raw,PU,CWRU_12k|CWRU_48k|Electric_Motor|HUST|HUST_Gearbox|Mechanical_Gear|UOEMD|UORED,8,Diagnosis,C1_1500rpm_0.7Nm_1000N,TABNET (TL),141,4847,1629,1.0,1.0,1.0,1.0,42
3_ZScore_Raw,window_zscore,raw,PU,CWRU_12k|CWRU_48k|Electric_Motor|HUST|HUST_Gearbox|Mechanical_Gear|UOEMD|UORED,8,Diagnosis,C2_900rpm_0.7Nm_1000N,MLP (TL),141,4864,1612,0.5769230769230769,0.5762710590491569,0.5562082935304932,0.8077584428449452,42
3_ZScore_Raw,window_zscore,raw,PU,CWRU_12k|CWRU_48k|Electric_Motor|HUST|HUST_Gearbox|Mechanical_Gear|UOEMD|UORED,8,Diagnosis,C2_900rpm_0.7Nm_1000N,TABNET (TL),141,4864,1612,0.413151364764268,0.3744602562277703,0.3048299413884438,0.7335682534525176,42
3_ZScore_Raw,window_zscore,raw,PU,CWRU_12k|CWRU_48k|Electric_Motor|HUST|HUST_Gearbox|Mechanical_Gear|UOEMD|UORED,8,Diagnosis,C3_1500rpm_0.1Nm_1000N,MLP (TL),141,4855,1621,0.9962985811227637,0.9978947368421053,0.993789394615661,0.9999823928870001,42
3_ZScore_Raw,window_zscore,raw,PU,CWRU_12k|CWRU_48k|Electric_Motor|HUST|HUST_Gearbox|Mechanical_Gear|UOEMD|UORED,8,Diagnosis,C3_1500rpm_0.1Nm_1000N,TABNET (TL),141,4855,1621,0.9987661937075879,0.999298245614035,0.9979126419622996,0.999989539978608,42
3_ZScore_Raw,window_zscore,raw,PU,CWRU_12k|CWRU_48k|Electric_Motor|HUST|HUST_Gearbox|Mechanical_Gear|UOEMD|UORED,8,Diagnosis,C4_1500rpm_0.7Nm_400N,MLP (TL),141,4862,1614,0.9306071871127634,0.9548988994504906,0.9418049110651187,0.9982058679549538,42
3_ZScore_Raw,window_zscore,raw,PU,CWRU_12k|CWRU_48k|Electric_Motor|HUST|HUST_Gearbox|Mechanical_Gear|UOEMD|UORED,8,Diagnosis,C4_1500rpm_0.7Nm_400N,TABNET (TL),141,4862,1614,0.872366790582404,0.891867154473275,0.8417480253458692,0.9883814818495833,42
4_RMS_Raw,window_rms,raw,PU,CWRU_12k|CWRU_48k|Electric_Motor|HUST|HUST_Gearbox|Mechanical_Gear|UOEMD|UORED,8,Diagnosis,C1_1500rpm_0.7Nm_1000N,MLP (TL),141,4847,1629,0.9993861264579497,0.9996505939902166,0.9994783444748986,1.0,42
4_RMS_Raw,window_rms,raw,PU,CWRU_12k|CWRU_48k|Electric_Motor|HUST|HUST_Gearbox|Mechanical_Gear|UOEMD|UORED,8,Diagnosis,C1_1500rpm_0.7Nm_1000N,TABNET (TL),141,4847,1629,1.0,1.0,1.0,1.0,42
4_RMS_Raw,window_rms,raw,PU,CWRU_12k|CWRU_48k|Electric_Motor|HUST|HUST_Gearbox|Mechanical_Gear|UOEMD|UORED,8,Diagnosis,C2_900rpm_0.7Nm_1000N,MLP (TL),141,4864,1612,0.5452853598014888,0.5302149584057976,0.49577716377688524,0.8085318636306019,42
4_RMS_Raw,window_rms,raw,PU,CWRU_12k|CWRU_48k|Electric_Motor|HUST|HUST_Gearbox|Mechanical_Gear|UOEMD|UORED,8,Diagnosis,C2_900rpm_0.7Nm_1000N,TABNET (TL),141,4864,1612,0.413151364764268,0.3744602562277703,0.3048299413884438,0.7335682534525176,42
4_RMS_Raw,window_rms,raw,PU,CWRU_12k|CWRU_48k|Electric_Motor|HUST|HUST_Gearbox|Mechanical_Gear|UOEMD|UORED,8,Diagnosis,C3_1500rpm_0.1Nm_1000N,MLP (TL),141,4855,1621,0.9969154842689698,0.9982456140350878,0.9948138603105775,0.9999965133262027,42
4_RMS_Raw,window_rms,raw,PU,CWRU_12k|CWRU_48k|Electric_Motor|HUST|HUST_Gearbox|Mechanical_Gear|UOEMD|UORED,8,Diagnosis,C3_1500rpm_0.1Nm_1000N,TABNET (TL),141,4855,1621,0.9987661937075879,0.999298245614035,0.9979126419622996,0.999989539978608,42
4_RMS_Raw,window_rms,raw,PU,CWRU_12k|CWRU_48k|Electric_Motor|HUST|HUST_Gearbox|Mechanical_Gear|UOEMD|UORED,8,Diagnosis,C4_1500rpm_0.7Nm_400N,MLP (TL),141,4862,1614,0.8847583643122676,0.8907333425173348,0.8885996878519041,0.9909335401837488,42
4_RMS_Raw,window_rms,raw,PU,CWRU_12k|CWRU_48k|Electric_Motor|HUST|HUST_Gearbox|Mechanical_Gear|UOEMD|UORED,8,Diagnosis,C4_1500rpm_0.7Nm_400N,TABNET (TL),141,4862,1614,0.872366790582404,0.891867154473275,0.8417480253458692,0.9883814818495833,42
0_Baseline,raw,raw,HUST_Gearbox,CWRU_12k|CWRU_48k|Electric_Motor|HUST|Mechanical_Gear|PU|UOEMD|UORED,8,Diagnosis,Cond_20_0,MLP (TL),141,870,30,1.0,1.0,1.0,1.0,42
0_Baseline,raw,raw,HUST_Gearbox,CWRU_12k|CWRU_48k|Electric_Motor|HUST|Mechanical_Gear|PU|UOEMD|UORED,8,Diagnosis,Cond_20_0,TABNET (TL),141,870,30,1.0,1.0,1.0,1.0,42
0_Baseline,raw,raw,HUST_Gearbox,CWRU_12k|CWRU_48k|Electric_Motor|HUST|Mechanical_Gear|PU|UOEMD|UORED,8,Diagnosis,Cond_20_1,MLP (TL),141,870,30,1.0,1.0,1.0,1.0,42
0_Baseline,raw,raw,HUST_Gearbox,CWRU_12k|CWRU_48k|Electric_Motor|HUST|Mechanical_Gear|PU|UOEMD|UORED,8,Diagnosis,Cond_20_1,TABNET (TL),141,870,30,1.0,1.0,1.0,1.0,42
0_Baseline,raw,raw,HUST_Gearbox,CWRU_12k|CWRU_48k|Electric_Motor|HUST|Mechanical_Gear|PU|UOEMD|UORED,8,Diagnosis,Cond_20_2,MLP (TL),141,870,30,1.0,1.0,1.0,1.0,42
0_Baseline,raw,raw,HUST_Gearbox,CWRU_12k|CWRU_48k|Electric_Motor|HUST|Mechanical_Gear|PU|UOEMD|UORED,8,Diagnosis,Cond_20_2,TABNET (TL),141,870,30,1.0,1.0,1.0,1.0,42
0_Baseline,raw,raw,HUST_Gearbox,CWRU_12k|CWRU_48k|Electric_Motor|HUST|Mechanical_Gear|PU|UOEMD|UORED,8,Diagnosis,Cond_20_3,MLP (TL),141,870,30,0.9666666666666667,0.9666666666666667,0.9665831244778613,1.0,42
0_Baseline,raw,raw,HUST_Gearbox,CWRU_12k|CWRU_48k|Electric_Motor|HUST|Mechanical_Gear|PU|UOEMD|UORED,8,Diagnosis,Cond_20_3,TABNET (TL),141,870,30,1.0,1.0,1.0,1.0,42
0_Baseline,raw,raw,HUST_Gearbox,CWRU_12k|CWRU_48k|Electric_Motor|HUST|Mechanical_Gear|PU|UOEMD|UORED,8,Diagnosis,Cond_20_4,MLP (TL),141,870,30,0.6333333333333333,0.6333333333333334,0.5821462488129154,0.7000000000000001,42
0_Baseline,raw,raw,HUST_Gearbox,CWRU_12k|CWRU_48k|Electric_Motor|HUST|Mechanical_Gear|PU|UOEMD|UORED,8,Diagnosis,Cond_20_4,TABNET (TL),141,870,30,0.6333333333333333,0.6333333333333333,0.5402298850574713,0.5700000000000001,42
0_Baseline,raw,raw,HUST_Gearbox,CWRU_12k|CWRU_48k|Electric_Motor|HUST|Mechanical_Gear|PU|UOEMD|UORED,8,Diagnosis,Cond_25_0,MLP (TL),141,870,30,1.0,1.0,1.0,1.0,42
0_Baseline,raw,raw,HUST_Gearbox,CWRU_12k|CWRU_48k|Electric_Motor|HUST|Mechanical_Gear|PU|UOEMD|UORED,8,Diagnosis,Cond_25_0,TABNET (TL),141,870,30,1.0,1.0,1.0,1.0,42
0_Baseline,raw,raw,HUST_Gearbox,CWRU_12k|CWRU_48k|Electric_Motor|HUST|Mechanical_Gear|PU|UOEMD|UORED,8,Diagnosis,Cond_25_1,MLP (TL),141,870,30,1.0,1.0,1.0,1.0,42
0_Baseline,raw,raw,HUST_Gearbox,CWRU_12k|CWRU_48k|Electric_Motor|HUST|Mechanical_Gear|PU|UOEMD|UORED,8,Diagnosis,Cond_25_1,TABNET (TL),141,870,30,1.0,1.0,1.0,1.0,42
0_Baseline,raw,raw,HUST_Gearbox,CWRU_12k|CWRU_48k|Electric_Motor|HUST|Mechanical_Gear|PU|UOEMD|UORED,8,Diagnosis,Cond_25_2,MLP (TL),141,870,30,1.0,1.0,1.0,1.0,42
0_Baseline,raw,raw,HUST_Gearbox,CWRU_12k|CWRU_48k|Electric_Motor|HUST|Mechanical_Gear|PU|UOEMD|UORED,8,Diagnosis,Cond_25_2,TABNET (TL),141,870,30,1.0,1.0,1.0,1.0,42
0_Baseline,raw,raw,HUST_Gearbox,CWRU_12k|CWRU_48k|Electric_Motor|HUST|Mechanical_Gear|PU|UOEMD|UORED,8,Diagnosis,Cond_25_3,MLP (TL),141,870,30,1.0,1.0,1.0,1.0,42
0_Baseline,raw,raw,HUST_Gearbox,CWRU_12k|CWRU_48k|Electric_Motor|HUST|Mechanical_Gear|PU|UOEMD|UORED,8,Diagnosis,Cond_25_3,TABNET (TL),141,870,30,1.0,1.0,1.0,1.0,42
0_Baseline,raw,raw,HUST_Gearbox,CWRU_12k|CWRU_48k|Electric_Motor|HUST|Mechanical_Gear|PU|UOEMD|UORED,8,Diagnosis,Cond_25_4,MLP (TL),141,870,30,0.6666666666666666,0.6666666666666666,0.5555555555555555,1.0,42
0_Baseline,raw,raw,HUST_Gearbox,CWRU_12k|CWRU_48k|Electric_Motor|HUST|Mechanical_Gear|PU|UOEMD|UORED,8,Diagnosis,Cond_25_4,TABNET (TL),141,870,30,0.6666666666666666,0.6666666666666666,0.5555555555555555,1.0,42
0_Baseline,raw,raw,HUST_Gearbox,CWRU_12k|CWRU_48k|Electric_Motor|HUST|Mechanical_Gear|PU|UOEMD|UORED,8,Diagnosis,Cond_30_0,MLP (TL),141,870,30,1.0,1.0,1.0,1.0,42
0_Baseline,raw,raw,HUST_Gearbox,CWRU_12k|CWRU_48k|Electric_Motor|HUST|Mechanical_Gear|PU|UOEMD|UORED,8,Diagnosis,Cond_30_0,TABNET (TL),141,870,30,1.0,1.0,1.0,1.0,42
0_Baseline,raw,raw,HUST_Gearbox,CWRU_12k|CWRU_48k|Electric_Motor|HUST|Mechanical_Gear|PU|UOEMD|UORED,8,Diagnosis,Cond_30_1,MLP (TL),141,870,30,1.0,1.0,1.0,1.0,42
0_Baseline,raw,raw,HUST_Gearbox,CWRU_12k|CWRU_48k|Electric_Motor|HUST|Mechanical_Gear|PU|UOEMD|UORED,8,Diagnosis,Cond_30_1,TABNET (TL),141,870,30,1.0,1.0,1.0,1.0,42
0_Baseline,raw,raw,HUST_Gearbox,CWRU_12k|CWRU_48k|Electric_Motor|HUST|Mechanical_Gear|PU|UOEMD|UORED,8,Diagnosis,Cond_30_2,MLP (TL),141,870,30,1.0,1.0,1.0,1.0,42
0_Baseline,raw,raw,HUST_Gearbox,CWRU_12k|CWRU_48k|Electric_Motor|HUST|Mechanical_Gear|PU|UOEMD|UORED,8,Diagnosis,Cond_30_2,TABNET (TL),141,870,30,1.0,1.0,1.0,1.0,42
0_Baseline,raw,raw,HUST_Gearbox,CWRU_12k|CWRU_48k|Electric_Motor|HUST|Mechanical_Gear|PU|UOEMD|UORED,8,Diagnosis,Cond_30_3,MLP (TL),141,870,30,1.0,1.0,1.0,1.0,42
0_Baseline,raw,raw,HUST_Gearbox,CWRU_12k|CWRU_48k|Electric_Motor|HUST|Mechanical_Gear|PU|UOEMD|UORED,8,Diagnosis,Cond_30_3,TABNET (TL),141,870,30,1.0,1.0,1.0,1.0,42
0_Baseline,raw,raw,HUST_Gearbox,CWRU_12k|CWRU_48k|Electric_Motor|HUST|Mechanical_Gear|PU|UOEMD|UORED,8,Diagnosis,Cond_30_4,MLP (TL),141,870,30,1.0,1.0,1.0,1.0,42
0_Baseline,raw,raw,HUST_Gearbox,CWRU_12k|CWRU_48k|Electric_Motor|HUST|Mechanical_Gear|PU|UOEMD|UORED,8,Diagnosis,Cond_30_4,TABNET (TL),141,870,30,0.8666666666666667,0.8666666666666667,0.8611111111111112,0.9733333333333333,42
0_Baseline,raw,raw,HUST_Gearbox,CWRU_12k|CWRU_48k|Electric_Motor|HUST|Mechanical_Gear|PU|UOEMD|UORED,8,Diagnosis,Cond_35_0,MLP (TL),141,870,30,1.0,1.0,1.0,1.0,42
0_Baseline,raw,raw,HUST_Gearbox,CWRU_12k|CWRU_48k|Electric_Motor|HUST|Mechanical_Gear|PU|UOEMD|UORED,8,Diagnosis,Cond_35_0,TABNET (TL),141,870,30,1.0,1.0,1.0,1.0,42
0_Baseline,raw,raw,HUST_Gearbox,CWRU_12k|CWRU_48k|Electric_Motor|HUST|Mechanical_Gear|PU|UOEMD|UORED,8,Diagnosis,Cond_35_1,MLP (TL),141,870,30,1.0,1.0,1.0,1.0,42
0_Baseline,raw,raw,HUST_Gearbox,CWRU_12k|CWRU_48k|Electric_Motor|HUST|Mechanical_Gear|PU|UOEMD|UORED,8,Diagnosis,Cond_35_1,TABNET (TL),141,870,30,1.0,1.0,1.0,1.0,42
0_Baseline,raw,raw,HUST_Gearbox,CWRU_12k|CWRU_48k|Electric_Motor|HUST|Mechanical_Gear|PU|UOEMD|UORED,8,Diagnosis,Cond_35_2,MLP (TL),141,870,30,1.0,1.0,1.0,1.0,42
0_Baseline,raw,raw,HUST_Gearbox,CWRU_12k|CWRU_48k|Electric_Motor|HUST|Mechanical_Gear|PU|UOEMD|UORED,8,Diagnosis,Cond_35_2,TABNET (TL),141,870,30,1.0,1.0,1.0,1.0,42
0_Baseline,raw,raw,HUST_Gearbox,CWRU_12k|CWRU_48k|Electric_Motor|HUST|Mechanical_Gear|PU|UOEMD|UORED,8,Diagnosis,Cond_35_3,MLP (TL),141,870,30,1.0,1.0,1.0,1.0,42
0_Baseline,raw,raw,HUST_Gearbox,CWRU_12k|CWRU_48k|Electric_Motor|HUST|Mechanical_Gear|PU|UOEMD|UORED,8,Diagnosis,Cond_35_3,TABNET (TL),141,870,30,1.0,1.0,1.0,1.0,42
0_Baseline,raw,raw,HUST_Gearbox,CWRU_12k|CWRU_48k|Electric_Motor|HUST|Mechanical_Gear|PU|UOEMD|UORED,8,Diagnosis,Cond_35_4,MLP (TL),141,870,30,0.7666666666666667,0.7666666666666666,0.7340930674264007,0.725,42
0_Baseline,raw,raw,HUST_Gearbox,CWRU_12k|CWRU_48k|Electric_Motor|HUST|Mechanical_Gear|PU|UOEMD|UORED,8,Diagnosis,Cond_35_4,TABNET (TL),141,870,30,0.8333333333333334,0.8333333333333334,0.8151075977162933,0.8483333333333333,42
0_Baseline,raw,raw,HUST_Gearbox,CWRU_12k|CWRU_48k|Electric_Motor|HUST|Mechanical_Gear|PU|UOEMD|UORED,8,Diagnosis,Cond_40_0,MLP (TL),141,870,30,1.0,1.0,1.0,1.0,42
0_Baseline,raw,raw,HUST_Gearbox,CWRU_12k|CWRU_48k|Electric_Motor|HUST|Mechanical_Gear|PU|UOEMD|UORED,8,Diagnosis,Cond_40_0,TABNET (TL),141,870,30,0.9333333333333333,0.9333333333333332,0.9326599326599326,1.0,42
0_Baseline,raw,raw,HUST_Gearbox,CWRU_12k|CWRU_48k|Electric_Motor|HUST|Mechanical_Gear|PU|UOEMD|UORED,8,Diagnosis,Cond_40_1,MLP (TL),141,870,30,1.0,1.0,1.0,1.0,42
0_Baseline,raw,raw,HUST_Gearbox,CWRU_12k|CWRU_48k|Electric_Motor|HUST|Mechanical_Gear|PU|UOEMD|UORED,8,Diagnosis,Cond_40_1,TABNET (TL),141,870,30,1.0,1.0,1.0,1.0,42
0_Baseline,raw,raw,HUST_Gearbox,CWRU_12k|CWRU_48k|Electric_Motor|HUST|Mechanical_Gear|PU|UOEMD|UORED,8,Diagnosis,Cond_40_2,MLP (TL),141,870,30,1.0,1.0,1.0,1.0,42
0_Baseline,raw,raw,HUST_Gearbox,CWRU_12k|CWRU_48k|Electric_Motor|HUST|Mechanical_Gear|PU|UOEMD|UORED,8,Diagnosis,Cond_40_2,TABNET (TL),141,870,30,1.0,1.0,1.0,1.0,42
0_Baseline,raw,raw,HUST_Gearbox,CWRU_12k|CWRU_48k|Electric_Motor|HUST|Mechanical_Gear|PU|UOEMD|UORED,8,Diagnosis,Cond_40_3,MLP (TL),141,870,30,1.0,1.0,1.0,1.0,42
0_Baseline,raw,raw,HUST_Gearbox,CWRU_12k|CWRU_48k|Electric_Motor|HUST|Mechanical_Gear|PU|UOEMD|UORED,8,Diagnosis,Cond_40_3,TABNET (TL),141,870,30,1.0,1.0,1.0,1.0,42
0_Baseline,raw,raw,HUST_Gearbox,CWRU_12k|CWRU_48k|Electric_Motor|HUST|Mechanical_Gear|PU|UOEMD|UORED,8,Diagnosis,Cond_40_4,MLP (TL),141,870,30,1.0,1.0,1.0,1.0,42
0_Baseline,raw,raw,HUST_Gearbox,CWRU_12k|CWRU_48k|Electric_Motor|HUST|Mechanical_Gear|PU|UOEMD|UORED,8,Diagnosis,Cond_40_4,TABNET (TL),141,870,30,0.9666666666666667,0.9666666666666667,0.9665831244778612,1.0,42
0_Baseline,raw,raw,HUST_Gearbox,CWRU_12k|CWRU_48k|Electric_Motor|HUST|Mechanical_Gear|PU|UOEMD|UORED,8,Diagnosis,Cond_L0_VS_0_40_0,MLP (TL),141,870,30,1.0,1.0,1.0,1.0,42
0_Baseline,raw,raw,HUST_Gearbox,CWRU_12k|CWRU_48k|Electric_Motor|HUST|Mechanical_Gear|PU|UOEMD|UORED,8,Diagnosis,Cond_L0_VS_0_40_0,TABNET (TL),141,870,30,0.9666666666666667,0.9666666666666667,0.9665831244778613,0.9766666666666666,42
0_Baseline,raw,raw,HUST_Gearbox,CWRU_12k|CWRU_48k|Electric_Motor|HUST|Mechanical_Gear|PU|UOEMD|UORED,8,Diagnosis,Cond_L1_VS_0_40_0,MLP (TL),141,870,30,1.0,1.0,1.0,1.0,42
0_Baseline,raw,raw,HUST_Gearbox,CWRU_12k|CWRU_48k|Electric_Motor|HUST|Mechanical_Gear|PU|UOEMD|UORED,8,Diagnosis,Cond_L1_VS_0_40_0,TABNET (TL),141,870,30,0.8333333333333334,0.8333333333333334,0.8222222222222223,1.0,42
0_Baseline,raw,raw,HUST_Gearbox,CWRU_12k|CWRU_48k|Electric_Motor|HUST|Mechanical_Gear|PU|UOEMD|UORED,8,Diagnosis,Cond_L2_VS_0_40_0,MLP (TL),141,870,30,1.0,1.0,1.0,1.0,42
0_Baseline,raw,raw,HUST_Gearbox,CWRU_12k|CWRU_48k|Electric_Motor|HUST|Mechanical_Gear|PU|UOEMD|UORED,8,Diagnosis,Cond_L2_VS_0_40_0,TABNET (TL),141,870,30,0.9333333333333333,0.9333333333333332,0.9326599326599326,1.0,42
0_Baseline,raw,raw,HUST_Gearbox,CWRU_12k|CWRU_48k|Electric_Motor|HUST|Mechanical_Gear|PU|UOEMD|UORED,8,Diagnosis,Cond_L3_VS_0_40_0,MLP (TL),141,870,30,1.0,1.0,1.0,1.0,42
0_Baseline,raw,raw,HUST_Gearbox,CWRU_12k|CWRU_48k|Electric_Motor|HUST|Mechanical_Gear|PU|UOEMD|UORED,8,Diagnosis,Cond_L3_VS_0_40_0,TABNET (TL),141,870,30,0.9,0.9,0.8976982097186701,0.9683333333333334,42
0_Baseline,raw,raw,HUST_Gearbox,CWRU_12k|CWRU_48k|Electric_Motor|HUST|Mechanical_Gear|PU|UOEMD|UORED,8,Diagnosis,Cond_L4_VS_0_40_0,MLP (TL),141,870,30,1.0,1.0,1.0,1.0,42
0_Baseline,raw,raw,HUST_Gearbox,CWRU_12k|CWRU_48k|Electric_Motor|HUST|Mechanical_Gear|PU|UOEMD|UORED,8,Diagnosis,Cond_L4_VS_0_40_0,TABNET (TL),141,870,30,1.0,1.0,1.0,1.0,42
1_ZScore_Puro,window_zscore,window_zscore,HUST_Gearbox,CWRU_12k|CWRU_48k|Electric_Motor|HUST|Mechanical_Gear|PU|UOEMD|UORED,8,Diagnosis,Cond_20_0,MLP (TL),141,870,30,1.0,1.0,1.0,1.0,42
1_ZScore_Puro,window_zscore,window_zscore,HUST_Gearbox,CWRU_12k|CWRU_48k|Electric_Motor|HUST|Mechanical_Gear|PU|UOEMD|UORED,8,Diagnosis,Cond_20_0,TABNET (TL),141,870,30,1.0,1.0,1.0,1.0,42
1_ZScore_Puro,window_zscore,window_zscore,HUST_Gearbox,CWRU_12k|CWRU_48k|Electric_Motor|HUST|Mechanical_Gear|PU|UOEMD|UORED,8,Diagnosis,Cond_20_1,MLP (TL),141,870,30,0.9,0.9,0.8976982097186701,1.0,42
1_ZScore_Puro,window_zscore,window_zscore,HUST_Gearbox,CWRU_12k|CWRU_48k|Electric_Motor|HUST|Mechanical_Gear|PU|UOEMD|UORED,8,Diagnosis,Cond_20_1,TABNET (TL),141,870,30,0.6666666666666666,0.6666666666666666,0.5555555555555555,1.0,42
1_ZScore_Puro,window_zscore,window_zscore,HUST_Gearbox,CWRU_12k|CWRU_48k|Electric_Motor|HUST|Mechanical_Gear|PU|UOEMD|UORED,8,Diagnosis,Cond_20_2,MLP (TL),141,870,30,1.0,1.0,1.0,1.0,42
1_ZScore_Puro,window_zscore,window_zscore,HUST_Gearbox,CWRU_12k|CWRU_48k|Electric_Motor|HUST|Mechanical_Gear|PU|UOEMD|UORED,8,Diagnosis,Cond_20_2,TABNET (TL),141,870,30,1.0,1.0,1.0,1.0,42
1_ZScore_Puro,window_zscore,window_zscore,HUST_Gearbox,CWRU_12k|CWRU_48k|Electric_Motor|HUST|Mechanical_Gear|PU|UOEMD|UORED,8,Diagnosis,Cond_20_3,MLP (TL),141,870,30,1.0,1.0,1.0,1.0,42
1_ZScore_Puro,window_zscore,window_zscore,HUST_Gearbox,CWRU_12k|CWRU_48k|Electric_Motor|HUST|Mechanical_Gear|PU|UOEMD|UORED,8,Diagnosis,Cond_20_3,TABNET (TL),141,870,30,1.0,1.0,1.0,1.0,42
1_ZScore_Puro,window_zscore,window_zscore,HUST_Gearbox,CWRU_12k|CWRU_48k|Electric_Motor|HUST|Mechanical_Gear|PU|UOEMD|UORED,8,Diagnosis,Cond_20_4,MLP (TL),141,870,30,0.6666666666666666,0.6666666666666666,0.5555555555555555,0.6699999999999999,42
1_ZScore_Puro,window_zscore,window_zscore,HUST_Gearbox,CWRU_12k|CWRU_48k|Electric_Motor|HUST|Mechanical_Gear|PU|UOEMD|UORED,8,Diagnosis,Cond_20_4,TABNET (TL),141,870,30,0.9,0.9,0.8976982097186701,1.0,42
1_ZScore_Puro,window_zscore,window_zscore,HUST_Gearbox,CWRU_12k|CWRU_48k|Electric_Motor|HUST|Mechanical_Gear|PU|UOEMD|UORED,8,Diagnosis,Cond_25_0,MLP (TL),141,870,30,1.0,1.0,1.0,1.0,42
1_ZScore_Puro,window_zscore,window_zscore,HUST_Gearbox,CWRU_12k|CWRU_48k|Electric_Motor|HUST|Mechanical_Gear|PU|UOEMD|UORED,8,Diagnosis,Cond_25_0,TABNET (TL),141,870,30,1.0,1.0,1.0,1.0,42
1_ZScore_Puro,window_zscore,window_zscore,HUST_Gearbox,CWRU_12k|CWRU_48k|Electric_Motor|HUST|Mechanical_Gear|PU|UOEMD|UORED,8,Diagnosis,Cond_25_1,MLP (TL),141,870,30,1.0,1.0,1.0,1.0,42
1_ZScore_Puro,window_zscore,window_zscore,HUST_Gearbox,CWRU_12k|CWRU_48k|Electric_Motor|HUST|Mechanical_Gear|PU|UOEMD|UORED,8,Diagnosis,Cond_25_1,TABNET (TL),141,870,30,1.0,1.0,1.0,1.0,42
1_ZScore_Puro,window_zscore,window_zscore,HUST_Gearbox,CWRU_12k|CWRU_48k|Electric_Motor|HUST|Mechanical_Gear|PU|UOEMD|UORED,8,Diagnosis,Cond_25_2,MLP (TL),141,870,30,0.8333333333333334,0.8333333333333334,0.8222222222222223,1.0,42
1_ZScore_Puro,window_zscore,window_zscore,HUST_Gearbox,CWRU_12k|CWRU_48k|Electric_Motor|HUST|Mechanical_Gear|PU|UOEMD|UORED,8,Diagnosis,Cond_25_2,TABNET (TL),141,870,30,0.8333333333333334,0.8333333333333334,0.8222222222222223,1.0,42
1_ZScore_Puro,window_zscore,window_zscore,HUST_Gearbox,CWRU_12k|CWRU_48k|Electric_Motor|HUST|Mechanical_Gear|PU|UOEMD|UORED,8,Diagnosis,Cond_25_3,MLP (TL),141,870,30,0.8,0.7999999999999999,0.7802197802197802,1.0,42
1_ZScore_Puro,window_zscore,window_zscore,HUST_Gearbox,CWRU_12k|CWRU_48k|Electric_Motor|HUST|Mechanical_Gear|PU|UOEMD|UORED,8,Diagnosis,Cond_25_3,TABNET (TL),141,870,30,1.0,1.0,1.0,1.0,42
1_ZScore_Puro,window_zscore,window_zscore,HUST_Gearbox,CWRU_12k|CWRU_48k|Electric_Motor|HUST|Mechanical_Gear|PU|UOEMD|UORED,8,Diagnosis,Cond_25_4,MLP (TL),141,870,30,0.8333333333333334,0.8333333333333334,0.8222222222222223,1.0,42
1_ZScore_Puro,window_zscore,window_zscore,HUST_Gearbox,CWRU_12k|CWRU_48k|Electric_Motor|HUST|Mechanical_Gear|PU|UOEMD|UORED,8,Diagnosis,Cond_25_4,TABNET (TL),141,870,30,0.6666666666666666,0.6666666666666666,0.5555555555555555,1.0,42
1_ZScore_Puro,window_zscore,window_zscore,HUST_Gearbox,CWRU_12k|CWRU_48k|Electric_Motor|HUST|Mechanical_Gear|PU|UOEMD|UORED,8,Diagnosis,Cond_30_0,MLP (TL),141,870,30,1.0,1.0,1.0,1.0,42
1_ZScore_Puro,window_zscore,window_zscore,HUST_Gearbox,CWRU_12k|CWRU_48k|Electric_Motor|HUST|Mechanical_Gear|PU|UOEMD|UORED,8,Diagnosis,Cond_30_0,TABNET (TL),141,870,30,1.0,1.0,1.0,1.0,42
1_ZScore_Puro,window_zscore,window_zscore,HUST_Gearbox,CWRU_12k|CWRU_48k|Electric_Motor|HUST|Mechanical_Gear|PU|UOEMD|UORED,8,Diagnosis,Cond_30_1,MLP (TL),141,870,30,1.0,1.0,1.0,1.0,42
1_ZScore_Puro,window_zscore,window_zscore,HUST_Gearbox,CWRU_12k|CWRU_48k|Electric_Motor|HUST|Mechanical_Gear|PU|UOEMD|UORED,8,Diagnosis,Cond_30_1,TABNET (TL),141,870,30,1.0,1.0,1.0,1.0,42
1_ZScore_Puro,window_zscore,window_zscore,HUST_Gearbox,CWRU_12k|CWRU_48k|Electric_Motor|HUST|Mechanical_Gear|PU|UOEMD|UORED,8,Diagnosis,Cond_30_2,MLP (TL),141,870,30,1.0,1.0,1.0,1.0,42
1_ZScore_Puro,window_zscore,window_zscore,HUST_Gearbox,CWRU_12k|CWRU_48k|Electric_Motor|HUST|Mechanical_Gear|PU|UOEMD|UORED,8,Diagnosis,Cond_30_2,TABNET (TL),141,870,30,1.0,1.0,1.0,1.0,42
1_ZScore_Puro,window_zscore,window_zscore,HUST_Gearbox,CWRU_12k|CWRU_48k|Electric_Motor|HUST|Mechanical_Gear|PU|UOEMD|UORED,8,Diagnosis,Cond_30_3,MLP (TL),141,870,30,1.0,1.0,1.0,1.0,42
1_ZScore_Puro,window_zscore,window_zscore,HUST_Gearbox,CWRU_12k|CWRU_48k|Electric_Motor|HUST|Mechanical_Gear|PU|UOEMD|UORED,8,Diagnosis,Cond_30_3,TABNET (TL),141,870,30,1.0,1.0,1.0,1.0,42
1_ZScore_Puro,window_zscore,window_zscore,HUST_Gearbox,CWRU_12k|CWRU_48k|Electric_Motor|HUST|Mechanical_Gear|PU|UOEMD|UORED,8,Diagnosis,Cond_30_4,MLP (TL),141,870,30,1.0,1.0,1.0,1.0,42
1_ZScore_Puro,window_zscore,window_zscore,HUST_Gearbox,CWRU_12k|CWRU_48k|Electric_Motor|HUST|Mechanical_Gear|PU|UOEMD|UORED,8,Diagnosis,Cond_30_4,TABNET (TL),141,870,30,1.0,1.0,1.0,1.0,42
1_ZScore_Puro,window_zscore,window_zscore,HUST_Gearbox,CWRU_12k|CWRU_48k|Electric_Motor|HUST|Mechanical_Gear|PU|UOEMD|UORED,8,Diagnosis,Cond_35_0,MLP (TL),141,870,30,0.8,0.7999999999999999,0.7802197802197801,1.0,42
1_ZScore_Puro,window_zscore,window_zscore,HUST_Gearbox,CWRU_12k|CWRU_48k|Electric_Motor|HUST|Mechanical_Gear|PU|UOEMD|UORED,8,Diagnosis,Cond_35_0,TABNET (TL),141,870,30,0.9,0.9,0.8976982097186701,1.0,42
1_ZScore_Puro,window_zscore,window_zscore,HUST_Gearbox,CWRU_12k|CWRU_48k|Electric_Motor|HUST|Mechanical_Gear|PU|UOEMD|UORED,8,Diagnosis,Cond_35_1,MLP (TL),141,870,30,1.0,1.0,1.0,1.0,42
1_ZScore_Puro,window_zscore,window_zscore,HUST_Gearbox,CWRU_12k|CWRU_48k|Electric_Motor|HUST|Mechanical_Gear|PU|UOEMD|UORED,8,Diagnosis,Cond_35_1,TABNET (TL),141,870,30,1.0,1.0,1.0,1.0,42
1_ZScore_Puro,window_zscore,window_zscore,HUST_Gearbox,CWRU_12k|CWRU_48k|Electric_Motor|HUST|Mechanical_Gear|PU|UOEMD|UORED,8,Diagnosis,Cond_35_2,MLP (TL),141,870,30,0.8666666666666667,0.8666666666666667,0.8611111111111112,1.0,42
1_ZScore_Puro,window_zscore,window_zscore,HUST_Gearbox,CWRU_12k|CWRU_48k|Electric_Motor|HUST|Mechanical_Gear|PU|UOEMD|UORED,8,Diagnosis,Cond_35_2,TABNET (TL),141,870,30,1.0,1.0,1.0,1.0,42
1_ZScore_Puro,window_zscore,window_zscore,HUST_Gearbox,CWRU_12k|CWRU_48k|Electric_Motor|HUST|Mechanical_Gear|PU|UOEMD|UORED,8,Diagnosis,Cond_35_3,MLP (TL),141,870,30,1.0,1.0,1.0,1.0,42
1_ZScore_Puro,window_zscore,window_zscore,HUST_Gearbox,CWRU_12k|CWRU_48k|Electric_Motor|HUST|Mechanical_Gear|PU|UOEMD|UORED,8,Diagnosis,Cond_35_3,TABNET (TL),141,870,30,1.0,1.0,1.0,1.0,42
1_ZScore_Puro,window_zscore,window_zscore,HUST_Gearbox,CWRU_12k|CWRU_48k|Electric_Motor|HUST|Mechanical_Gear|PU|UOEMD|UORED,8,Diagnosis,Cond_35_4,MLP (TL),141,870,30,0.7,0.7000000000000001,0.6068713894800851,0.7433333333333333,42
1_ZScore_Puro,window_zscore,window_zscore,HUST_Gearbox,CWRU_12k|CWRU_48k|Electric_Motor|HUST|Mechanical_Gear|PU|UOEMD|UORED,8,Diagnosis,Cond_35_4,TABNET (TL),141,870,30,0.8666666666666667,0.8666666666666667,0.8560606060606061,0.835,42
1_ZScore_Puro,window_zscore,window_zscore,HUST_Gearbox,CWRU_12k|CWRU_48k|Electric_Motor|HUST|Mechanical_Gear|PU|UOEMD|UORED,8,Diagnosis,Cond_40_0,MLP (TL),141,870,30,0.8,0.7999999999999999,0.7802197802197801,1.0,42
1_ZScore_Puro,window_zscore,window_zscore,HUST_Gearbox,CWRU_12k|CWRU_48k|Electric_Motor|HUST|Mechanical_Gear|PU|UOEMD|UORED,8,Diagnosis,Cond_40_0,TABNET (TL),141,870,30,0.6666666666666666,0.6666666666666666,0.5555555555555555,1.0,42
1_ZScore_Puro,window_zscore,window_zscore,HUST_Gearbox,CWRU_12k|CWRU_48k|Electric_Motor|HUST|Mechanical_Gear|PU|UOEMD|UORED,8,Diagnosis,Cond_40_1,MLP (TL),141,870,30,1.0,1.0,1.0,1.0,42
1_ZScore_Puro,window_zscore,window_zscore,HUST_Gearbox,CWRU_12k|CWRU_48k|Electric_Motor|HUST|Mechanical_Gear|PU|UOEMD|UORED,8,Diagnosis,Cond_40_1,TABNET (TL),141,870,30,1.0,1.0,1.0,1.0,42
1_ZScore_Puro,window_zscore,window_zscore,HUST_Gearbox,CWRU_12k|CWRU_48k|Electric_Motor|HUST|Mechanical_Gear|PU|UOEMD|UORED,8,Diagnosis,Cond_40_2,MLP (TL),141,870,30,0.9666666666666667,0.9666666666666667,0.9665831244778613,1.0,42
1_ZScore_Puro,window_zscore,window_zscore,HUST_Gearbox,CWRU_12k|CWRU_48k|Electric_Motor|HUST|Mechanical_Gear|PU|UOEMD|UORED,8,Diagnosis,Cond_40_2,TABNET (TL),141,870,30,0.8666666666666667,0.8666666666666667,0.8611111111111112,1.0,42
1_ZScore_Puro,window_zscore,window_zscore,HUST_Gearbox,CWRU_12k|CWRU_48k|Electric_Motor|HUST|Mechanical_Gear|PU|UOEMD|UORED,8,Diagnosis,Cond_40_3,MLP (TL),141,870,30,1.0,1.0,1.0,1.0,42
1_ZScore_Puro,window_zscore,window_zscore,HUST_Gearbox,CWRU_12k|CWRU_48k|Electric_Motor|HUST|Mechanical_Gear|PU|UOEMD|UORED,8,Diagnosis,Cond_40_3,TABNET (TL),141,870,30,1.0,1.0,1.0,1.0,42
1_ZScore_Puro,window_zscore,window_zscore,HUST_Gearbox,CWRU_12k|CWRU_48k|Electric_Motor|HUST|Mechanical_Gear|PU|UOEMD|UORED,8,Diagnosis,Cond_40_4,MLP (TL),141,870,30,1.0,1.0,1.0,1.0,42
1_ZScore_Puro,window_zscore,window_zscore,HUST_Gearbox,CWRU_12k|CWRU_48k|Electric_Motor|HUST|Mechanical_Gear|PU|UOEMD|UORED,8,Diagnosis,Cond_40_4,TABNET (TL),141,870,30,1.0,1.0,1.0,1.0,42
1_ZScore_Puro,window_zscore,window_zscore,HUST_Gearbox,CWRU_12k|CWRU_48k|Electric_Motor|HUST|Mechanical_Gear|PU|UOEMD|UORED,8,Diagnosis,Cond_L0_VS_0_40_0,MLP (TL),141,870,30,0.9,0.9,0.8976982097186701,1.0,42
1_ZScore_Puro,window_zscore,window_zscore,HUST_Gearbox,CWRU_12k|CWRU_48k|Electric_Motor|HUST|Mechanical_Gear|PU|UOEMD|UORED,8,Diagnosis,Cond_L0_VS_0_40_0,TABNET (TL),141,870,30,0.9666666666666667,0.9666666666666667,0.9665831244778613,1.0,42
1_ZScore_Puro,window_zscore,window_zscore,HUST_Gearbox,CWRU_12k|CWRU_48k|Electric_Motor|HUST|Mechanical_Gear|PU|UOEMD|UORED,8,Diagnosis,Cond_L1_VS_0_40_0,MLP (TL),141,870,30,1.0,1.0,1.0,1.0,42
1_ZScore_Puro,window_zscore,window_zscore,HUST_Gearbox,CWRU_12k|CWRU_48k|Electric_Motor|HUST|Mechanical_Gear|PU|UOEMD|UORED,8,Diagnosis,Cond_L1_VS_0_40_0,TABNET (TL),141,870,30,1.0,1.0,1.0,1.0,42
1_ZScore_Puro,window_zscore,window_zscore,HUST_Gearbox,CWRU_12k|CWRU_48k|Electric_Motor|HUST|Mechanical_Gear|PU|UOEMD|UORED,8,Diagnosis,Cond_L2_VS_0_40_0,MLP (TL),141,870,30,0.9666666666666667,0.9666666666666667,0.9665831244778612,1.0,42
1_ZScore_Puro,window_zscore,window_zscore,HUST_Gearbox,CWRU_12k|CWRU_48k|Electric_Motor|HUST|Mechanical_Gear|PU|UOEMD|UORED,8,Diagnosis,Cond_L2_VS_0_40_0,TABNET (TL),141,870,30,0.9666666666666667,0.9666666666666667,0.9665831244778612,1.0,42
1_ZScore_Puro,window_zscore,window_zscore,HUST_Gearbox,CWRU_12k|CWRU_48k|Electric_Motor|HUST|Mechanical_Gear|PU|UOEMD|UORED,8,Diagnosis,Cond_L3_VS_0_40_0,MLP (TL),141,870,30,1.0,1.0,1.0,1.0,42
1_ZScore_Puro,window_zscore,window_zscore,HUST_Gearbox,CWRU_12k|CWRU_48k|Electric_Motor|HUST|Mechanical_Gear|PU|UOEMD|UORED,8,Diagnosis,Cond_L3_VS_0_40_0,TABNET (TL),141,870,30,1.0,1.0,1.0,1.0,42
1_ZScore_Puro,window_zscore,window_zscore,HUST_Gearbox,CWRU_12k|CWRU_48k|Electric_Motor|HUST|Mechanical_Gear|PU|UOEMD|UORED,8,Diagnosis,Cond_L4_VS_0_40_0,MLP (TL),141,870,30,1.0,1.0,1.0,1.0,42
1_ZScore_Puro,window_zscore,window_zscore,HUST_Gearbox,CWRU_12k|CWRU_48k|Electric_Motor|HUST|Mechanical_Gear|PU|UOEMD|UORED,8,Diagnosis,Cond_L4_VS_0_40_0,TABNET (TL),141,870,30,1.0,1.0,1.0,1.0,42
2_RMS_Puro,window_rms,window_rms,HUST_Gearbox,CWRU_12k|CWRU_48k|Electric_Motor|HUST|Mechanical_Gear|PU|UOEMD|UORED,8,Diagnosis,Cond_20_0,MLP (TL),141,870,30,1.0,1.0,1.0,1.0,42
2_RMS_Puro,window_rms,window_rms,HUST_Gearbox,CWRU_12k|CWRU_48k|Electric_Motor|HUST|Mechanical_Gear|PU|UOEMD|UORED,8,Diagnosis,Cond_20_0,TABNET (TL),141,870,30,1.0,1.0,1.0,1.0,42
2_RMS_Puro,window_rms,window_rms,HUST_Gearbox,CWRU_12k|CWRU_48k|Electric_Motor|HUST|Mechanical_Gear|PU|UOEMD|UORED,8,Diagnosis,Cond_20_1,MLP (TL),141,870,30,0.9666666666666667,0.9666666666666667,0.9665831244778612,1.0,42
2_RMS_Puro,window_rms,window_rms,HUST_Gearbox,CWRU_12k|CWRU_48k|Electric_Motor|HUST|Mechanical_Gear|PU|UOEMD|UORED,8,Diagnosis,Cond_20_1,TABNET (TL),141,870,30,0.6666666666666666,0.6666666666666666,0.5555555555555555,1.0,42
2_RMS_Puro,window_rms,window_rms,HUST_Gearbox,CWRU_12k|CWRU_48k|Electric_Motor|HUST|Mechanical_Gear|PU|UOEMD|UORED,8,Diagnosis,Cond_20_2,MLP (TL),141,870,30,1.0,1.0,1.0,1.0,42
2_RMS_Puro,window_rms,window_rms,HUST_Gearbox,CWRU_12k|CWRU_48k|Electric_Motor|HUST|Mechanical_Gear|PU|UOEMD|UORED,8,Diagnosis,Cond_20_2,TABNET (TL),141,870,30,1.0,1.0,1.0,1.0,42
2_RMS_Puro,window_rms,window_rms,HUST_Gearbox,CWRU_12k|CWRU_48k|Electric_Motor|HUST|Mechanical_Gear|PU|UOEMD|UORED,8,Diagnosis,Cond_20_3,MLP (TL),141,870,30,1.0,1.0,1.0,1.0,42
2_RMS_Puro,window_rms,window_rms,HUST_Gearbox,CWRU_12k|CWRU_48k|Electric_Motor|HUST|Mechanical_Gear|PU|UOEMD|UORED,8,Diagnosis,Cond_20_3,TABNET (TL),141,870,30,1.0,1.0,1.0,1.0,42
2_RMS_Puro,window_rms,window_rms,HUST_Gearbox,CWRU_12k|CWRU_48k|Electric_Motor|HUST|Mechanical_Gear|PU|UOEMD|UORED,8,Diagnosis,Cond_20_4,MLP (TL),141,870,30,0.6666666666666666,0.6666666666666666,0.5555555555555555,0.6549999999999999,42
2_RMS_Puro,window_rms,window_rms,HUST_Gearbox,CWRU_12k|CWRU_48k|Electric_Motor|HUST|Mechanical_Gear|PU|UOEMD|UORED,8,Diagnosis,Cond_20_4,TABNET (TL),141,870,30,0.6666666666666666,0.6666666666666666,0.5555555555555555,0.8850000000000001,42
2_RMS_Puro,window_rms,window_rms,HUST_Gearbox,CWRU_12k|CWRU_48k|Electric_Motor|HUST|Mechanical_Gear|PU|UOEMD|UORED,8,Diagnosis,Cond_25_0,MLP (TL),141,870,30,1.0,1.0,1.0,1.0,42
2_RMS_Puro,window_rms,window_rms,HUST_Gearbox,CWRU_12k|CWRU_48k|Electric_Motor|HUST|Mechanical_Gear|PU|UOEMD|UORED,8,Diagnosis,Cond_25_0,TABNET (TL),141,870,30,1.0,1.0,1.0,1.0,42
2_RMS_Puro,window_rms,window_rms,HUST_Gearbox,CWRU_12k|CWRU_48k|Electric_Motor|HUST|Mechanical_Gear|PU|UOEMD|UORED,8,Diagnosis,Cond_25_1,MLP (TL),141,870,30,1.0,1.0,1.0,1.0,42
2_RMS_Puro,window_rms,window_rms,HUST_Gearbox,CWRU_12k|CWRU_48k|Electric_Motor|HUST|Mechanical_Gear|PU|UOEMD|UORED,8,Diagnosis,Cond_25_1,TABNET (TL),141,870,30,1.0,1.0,1.0,1.0,42
2_RMS_Puro,window_rms,window_rms,HUST_Gearbox,CWRU_12k|CWRU_48k|Electric_Motor|HUST|Mechanical_Gear|PU|UOEMD|UORED,8,Diagnosis,Cond_25_2,MLP (TL),141,870,30,0.6666666666666666,0.6666666666666666,0.5555555555555555,1.0,42
2_RMS_Puro,window_rms,window_rms,HUST_Gearbox,CWRU_12k|CWRU_48k|Electric_Motor|HUST|Mechanical_Gear|PU|UOEMD|UORED,8,Diagnosis,Cond_25_2,TABNET (TL),141,870,30,0.6666666666666666,0.6666666666666666,0.5555555555555555,1.0,42
2_RMS_Puro,window_rms,window_rms,HUST_Gearbox,CWRU_12k|CWRU_48k|Electric_Motor|HUST|Mechanical_Gear|PU|UOEMD|UORED,8,Diagnosis,Cond_25_3,MLP (TL),141,870,30,0.8,0.7999999999999999,0.7802197802197802,1.0,42
2_RMS_Puro,window_rms,window_rms,HUST_Gearbox,CWRU_12k|CWRU_48k|Electric_Motor|HUST|Mechanical_Gear|PU|UOEMD|UORED,8,Diagnosis,Cond_25_3,TABNET (TL),141,870,30,0.8666666666666667,0.8666666666666667,0.8611111111111112,1.0,42
2_RMS_Puro,window_rms,window_rms,HUST_Gearbox,CWRU_12k|CWRU_48k|Electric_Motor|HUST|Mechanical_Gear|PU|UOEMD|UORED,8,Diagnosis,Cond_25_4,MLP (TL),141,870,30,0.7666666666666667,0.7666666666666666,0.7340930674264007,1.0,42
2_RMS_Puro,window_rms,window_rms,HUST_Gearbox,CWRU_12k|CWRU_48k|Electric_Motor|HUST|Mechanical_Gear|PU|UOEMD|UORED,8,Diagnosis,Cond_25_4,TABNET (TL),141,870,30,0.7333333333333333,0.7333333333333334,0.6825396825396824,1.0,42
2_RMS_Puro,window_rms,window_rms,HUST_Gearbox,CWRU_12k|CWRU_48k|Electric_Motor|HUST|Mechanical_Gear|PU|UOEMD|UORED,8,Diagnosis,Cond_30_0,MLP (TL),141,870,30,1.0,1.0,1.0,1.0,42
2_RMS_Puro,window_rms,window_rms,HUST_Gearbox,CWRU_12k|CWRU_48k|Electric_Motor|HUST|Mechanical_Gear|PU|UOEMD|UORED,8,Diagnosis,Cond_30_0,TABNET (TL),141,870,30,1.0,1.0,1.0,1.0,42
2_RMS_Puro,window_rms,window_rms,HUST_Gearbox,CWRU_12k|CWRU_48k|Electric_Motor|HUST|Mechanical_Gear|PU|UOEMD|UORED,8,Diagnosis,Cond_30_1,MLP (TL),141,870,30,1.0,1.0,1.0,1.0,42
2_RMS_Puro,window_rms,window_rms,HUST_Gearbox,CWRU_12k|CWRU_48k|Electric_Motor|HUST|Mechanical_Gear|PU|UOEMD|UORED,8,Diagnosis,Cond_30_1,TABNET (TL),141,870,30,1.0,1.0,1.0,1.0,42
2_RMS_Puro,window_rms,window_rms,HUST_Gearbox,CWRU_12k|CWRU_48k|Electric_Motor|HUST|Mechanical_Gear|PU|UOEMD|UORED,8,Diagnosis,Cond_30_2,MLP (TL),141,870,30,1.0,1.0,1.0,1.0,42
2_RMS_Puro,window_rms,window_rms,HUST_Gearbox,CWRU_12k|CWRU_48k|Electric_Motor|HUST|Mechanical_Gear|PU|UOEMD|UORED,8,Diagnosis,Cond_30_2,TABNET (TL),141,870,30,1.0,1.0,1.0,1.0,42
2_RMS_Puro,window_rms,window_rms,HUST_Gearbox,CWRU_12k|CWRU_48k|Electric_Motor|HUST|Mechanical_Gear|PU|UOEMD|UORED,8,Diagnosis,Cond_30_3,MLP (TL),141,870,30,1.0,1.0,1.0,1.0,42
2_RMS_Puro,window_rms,window_rms,HUST_Gearbox,CWRU_12k|CWRU_48k|Electric_Motor|HUST|Mechanical_Gear|PU|UOEMD|UORED,8,Diagnosis,Cond_30_3,TABNET (TL),141,870,30,1.0,1.0,1.0,1.0,42
2_RMS_Puro,window_rms,window_rms,HUST_Gearbox,CWRU_12k|CWRU_48k|Electric_Motor|HUST|Mechanical_Gear|PU|UOEMD|UORED,8,Diagnosis,Cond_30_4,MLP (TL),141,870,30,1.0,1.0,1.0,1.0,42
2_RMS_Puro,window_rms,window_rms,HUST_Gearbox,CWRU_12k|CWRU_48k|Electric_Motor|HUST|Mechanical_Gear|PU|UOEMD|UORED,8,Diagnosis,Cond_30_4,TABNET (TL),141,870,30,1.0,1.0,1.0,1.0,42
2_RMS_Puro,window_rms,window_rms,HUST_Gearbox,CWRU_12k|CWRU_48k|Electric_Motor|HUST|Mechanical_Gear|PU|UOEMD|UORED,8,Diagnosis,Cond_35_0,MLP (TL),141,870,30,0.7666666666666667,0.7666666666666666,0.7340930674264007,1.0,42
2_RMS_Puro,window_rms,window_rms,HUST_Gearbox,CWRU_12k|CWRU_48k|Electric_Motor|HUST|Mechanical_Gear|PU|UOEMD|UORED,8,Diagnosis,Cond_35_0,TABNET (TL),141,870,30,0.6666666666666666,0.6666666666666666,0.5555555555555555,1.0,42
2_RMS_Puro,window_rms,window_rms,HUST_Gearbox,CWRU_12k|CWRU_48k|Electric_Motor|HUST|Mechanical_Gear|PU|UOEMD|UORED,8,Diagnosis,Cond_35_1,MLP (TL),141,870,30,1.0,1.0,1.0,1.0,42
2_RMS_Puro,window_rms,window_rms,HUST_Gearbox,CWRU_12k|CWRU_48k|Electric_Motor|HUST|Mechanical_Gear|PU|UOEMD|UORED,8,Diagnosis,Cond_35_1,TABNET (TL),141,870,30,1.0,1.0,1.0,1.0,42
2_RMS_Puro,window_rms,window_rms,HUST_Gearbox,CWRU_12k|CWRU_48k|Electric_Motor|HUST|Mechanical_Gear|PU|UOEMD|UORED,8,Diagnosis,Cond_35_2,MLP (TL),141,870,30,0.9,0.9,0.8976982097186701,1.0,42
2_RMS_Puro,window_rms,window_rms,HUST_Gearbox,CWRU_12k|CWRU_48k|Electric_Motor|HUST|Mechanical_Gear|PU|UOEMD|UORED,8,Diagnosis,Cond_35_2,TABNET (TL),141,870,30,0.7666666666666667,0.7666666666666666,0.7340930674264007,0.9966666666666667,42
2_RMS_Puro,window_rms,window_rms,HUST_Gearbox,CWRU_12k|CWRU_48k|Electric_Motor|HUST|Mechanical_Gear|PU|UOEMD|UORED,8,Diagnosis,Cond_35_3,MLP (TL),141,870,30,1.0,1.0,1.0,1.0,42
2_RMS_Puro,window_rms,window_rms,HUST_Gearbox,CWRU_12k|CWRU_48k|Electric_Motor|HUST|Mechanical_Gear|PU|UOEMD|UORED,8,Diagnosis,Cond_35_3,TABNET (TL),141,870,30,1.0,1.0,1.0,1.0,42
2_RMS_Puro,window_rms,window_rms,HUST_Gearbox,CWRU_12k|CWRU_48k|Electric_Motor|HUST|Mechanical_Gear|PU|UOEMD|UORED,8,Diagnosis,Cond_35_4,MLP (TL),141,870,30,0.7,0.7000000000000001,0.6068713894800851,0.8483333333333333,42
2_RMS_Puro,window_rms,window_rms,HUST_Gearbox,CWRU_12k|CWRU_48k|Electric_Motor|HUST|Mechanical_Gear|PU|UOEMD|UORED,8,Diagnosis,Cond_35_4,TABNET (TL),141,870,30,0.8666666666666667,0.8666666666666667,0.8560606060606061,0.8366666666666666,42
2_RMS_Puro,window_rms,window_rms,HUST_Gearbox,CWRU_12k|CWRU_48k|Electric_Motor|HUST|Mechanical_Gear|PU|UOEMD|UORED,8,Diagnosis,Cond_40_0,MLP (TL),141,870,30,0.7333333333333333,0.7333333333333334,0.6825396825396827,1.0,42
2_RMS_Puro,window_rms,window_rms,HUST_Gearbox,CWRU_12k|CWRU_48k|Electric_Motor|HUST|Mechanical_Gear|PU|UOEMD|UORED,8,Diagnosis,Cond_40_0,TABNET (TL),141,870,30,0.7666666666666667,0.7666666666666666,0.7340930674264007,1.0,42
2_RMS_Puro,window_rms,window_rms,HUST_Gearbox,CWRU_12k|CWRU_48k|Electric_Motor|HUST|Mechanical_Gear|PU|UOEMD|UORED,8,Diagnosis,Cond_40_1,MLP (TL),141,870,30,1.0,1.0,1.0,1.0,42
2_RMS_Puro,window_rms,window_rms,HUST_Gearbox,CWRU_12k|CWRU_48k|Electric_Motor|HUST|Mechanical_Gear|PU|UOEMD|UORED,8,Diagnosis,Cond_40_1,TABNET (TL),141,870,30,1.0,1.0,1.0,1.0,42
2_RMS_Puro,window_rms,window_rms,HUST_Gearbox,CWRU_12k|CWRU_48k|Electric_Motor|HUST|Mechanical_Gear|PU|UOEMD|UORED,8,Diagnosis,Cond_40_2,MLP (TL),141,870,30,0.9333333333333333,0.9333333333333332,0.9326599326599326,1.0,42
2_RMS_Puro,window_rms,window_rms,HUST_Gearbox,CWRU_12k|CWRU_48k|Electric_Motor|HUST|Mechanical_Gear|PU|UOEMD|UORED,8,Diagnosis,Cond_40_2,TABNET (TL),141,870,30,1.0,1.0,1.0,1.0,42
2_RMS_Puro,window_rms,window_rms,HUST_Gearbox,CWRU_12k|CWRU_48k|Electric_Motor|HUST|Mechanical_Gear|PU|UOEMD|UORED,8,Diagnosis,Cond_40_3,MLP (TL),141,870,30,1.0,1.0,1.0,1.0,42
2_RMS_Puro,window_rms,window_rms,HUST_Gearbox,CWRU_12k|CWRU_48k|Electric_Motor|HUST|Mechanical_Gear|PU|UOEMD|UORED,8,Diagnosis,Cond_40_3,TABNET (TL),141,870,30,1.0,1.0,1.0,1.0,42
2_RMS_Puro,window_rms,window_rms,HUST_Gearbox,CWRU_12k|CWRU_48k|Electric_Motor|HUST|Mechanical_Gear|PU|UOEMD|UORED,8,Diagnosis,Cond_40_4,MLP (TL),141,870,30,1.0,1.0,1.0,1.0,42
2_RMS_Puro,window_rms,window_rms,HUST_Gearbox,CWRU_12k|CWRU_48k|Electric_Motor|HUST|Mechanical_Gear|PU|UOEMD|UORED,8,Diagnosis,Cond_40_4,TABNET (TL),141,870,30,1.0,1.0,1.0,1.0,42
2_RMS_Puro,window_rms,window_rms,HUST_Gearbox,CWRU_12k|CWRU_48k|Electric_Motor|HUST|Mechanical_Gear|PU|UOEMD|UORED,8,Diagnosis,Cond_L0_VS_0_40_0,MLP (TL),141,870,30,0.9666666666666667,0.9666666666666667,0.9665831244778613,1.0,42
2_RMS_Puro,window_rms,window_rms,HUST_Gearbox,CWRU_12k|CWRU_48k|Electric_Motor|HUST|Mechanical_Gear|PU|UOEMD|UORED,8,Diagnosis,Cond_L0_VS_0_40_0,TABNET (TL),141,870,30,0.9666666666666667,0.9666666666666667,0.9665831244778613,1.0,42
2_RMS_Puro,window_rms,window_rms,HUST_Gearbox,CWRU_12k|CWRU_48k|Electric_Motor|HUST|Mechanical_Gear|PU|UOEMD|UORED,8,Diagnosis,Cond_L1_VS_0_40_0,MLP (TL),141,870,30,0.9666666666666667,0.9666666666666667,0.9665831244778613,1.0,42
2_RMS_Puro,window_rms,window_rms,HUST_Gearbox,CWRU_12k|CWRU_48k|Electric_Motor|HUST|Mechanical_Gear|PU|UOEMD|UORED,8,Diagnosis,Cond_L1_VS_0_40_0,TABNET (TL),141,870,30,0.9666666666666667,0.9666666666666667,0.9665831244778613,1.0,42
2_RMS_Puro,window_rms,window_rms,HUST_Gearbox,CWRU_12k|CWRU_48k|Electric_Motor|HUST|Mechanical_Gear|PU|UOEMD|UORED,8,Diagnosis,Cond_L2_VS_0_40_0,MLP (TL),141,870,30,1.0,1.0,1.0,1.0,42
2_RMS_Puro,window_rms,window_rms,HUST_Gearbox,CWRU_12k|CWRU_48k|Electric_Motor|HUST|Mechanical_Gear|PU|UOEMD|UORED,8,Diagnosis,Cond_L2_VS_0_40_0,TABNET (TL),141,870,30,0.9666666666666667,0.9666666666666667,0.9665831244778612,1.0,42
2_RMS_Puro,window_rms,window_rms,HUST_Gearbox,CWRU_12k|CWRU_48k|Electric_Motor|HUST|Mechanical_Gear|PU|UOEMD|UORED,8,Diagnosis,Cond_L3_VS_0_40_0,MLP (TL),141,870,30,1.0,1.0,1.0,1.0,42
2_RMS_Puro,window_rms,window_rms,HUST_Gearbox,CWRU_12k|CWRU_48k|Electric_Motor|HUST|Mechanical_Gear|PU|UOEMD|UORED,8,Diagnosis,Cond_L3_VS_0_40_0,TABNET (TL),141,870,30,1.0,1.0,1.0,1.0,42
2_RMS_Puro,window_rms,window_rms,HUST_Gearbox,CWRU_12k|CWRU_48k|Electric_Motor|HUST|Mechanical_Gear|PU|UOEMD|UORED,8,Diagnosis,Cond_L4_VS_0_40_0,MLP (TL),141,870,30,1.0,1.0,1.0,1.0,42
2_RMS_Puro,window_rms,window_rms,HUST_Gearbox,CWRU_12k|CWRU_48k|Electric_Motor|HUST|Mechanical_Gear|PU|UOEMD|UORED,8,Diagnosis,Cond_L4_VS_0_40_0,TABNET (TL),141,870,30,1.0,1.0,1.0,1.0,42
3_ZScore_Raw,window_zscore,raw,HUST_Gearbox,CWRU_12k|CWRU_48k|Electric_Motor|HUST|Mechanical_Gear|PU|UOEMD|UORED,8,Diagnosis,Cond_20_0,MLP (TL),141,870,30,1.0,1.0,1.0,1.0,42
3_ZScore_Raw,window_zscore,raw,HUST_Gearbox,CWRU_12k|CWRU_48k|Electric_Motor|HUST|Mechanical_Gear|PU|UOEMD|UORED,8,Diagnosis,Cond_20_0,TABNET (TL),141,870,30,1.0,1.0,1.0,1.0,42
3_ZScore_Raw,window_zscore,raw,HUST_Gearbox,CWRU_12k|CWRU_48k|Electric_Motor|HUST|Mechanical_Gear|PU|UOEMD|UORED,8,Diagnosis,Cond_20_1,MLP (TL),141,870,30,1.0,1.0,1.0,1.0,42
3_ZScore_Raw,window_zscore,raw,HUST_Gearbox,CWRU_12k|CWRU_48k|Electric_Motor|HUST|Mechanical_Gear|PU|UOEMD|UORED,8,Diagnosis,Cond_20_1,TABNET (TL),141,870,30,0.9333333333333333,0.9333333333333332,0.9326599326599326,1.0,42
3_ZScore_Raw,window_zscore,raw,HUST_Gearbox,CWRU_12k|CWRU_48k|Electric_Motor|HUST|Mechanical_Gear|PU|UOEMD|UORED,8,Diagnosis,Cond_20_2,MLP (TL),141,870,30,1.0,1.0,1.0,1.0,42
3_ZScore_Raw,window_zscore,raw,HUST_Gearbox,CWRU_12k|CWRU_48k|Electric_Motor|HUST|Mechanical_Gear|PU|UOEMD|UORED,8,Diagnosis,Cond_20_2,TABNET (TL),141,870,30,1.0,1.0,1.0,1.0,42
3_ZScore_Raw,window_zscore,raw,HUST_Gearbox,CWRU_12k|CWRU_48k|Electric_Motor|HUST|Mechanical_Gear|PU|UOEMD|UORED,8,Diagnosis,Cond_20_3,MLP (TL),141,870,30,1.0,1.0,1.0,1.0,42
3_ZScore_Raw,window_zscore,raw,HUST_Gearbox,CWRU_12k|CWRU_48k|Electric_Motor|HUST|Mechanical_Gear|PU|UOEMD|UORED,8,Diagnosis,Cond_20_3,TABNET (TL),141,870,30,0.7,0.7000000000000001,0.68,0.8666666666666667,42
3_ZScore_Raw,window_zscore,raw,HUST_Gearbox,CWRU_12k|CWRU_48k|Electric_Motor|HUST|Mechanical_Gear|PU|UOEMD|UORED,8,Diagnosis,Cond_20_4,MLP (TL),141,870,30,0.3333333333333333,0.3333333333333333,0.3333333333333333,0.6666666666666666,42
3_ZScore_Raw,window_zscore,raw,HUST_Gearbox,CWRU_12k|CWRU_48k|Electric_Motor|HUST|Mechanical_Gear|PU|UOEMD|UORED,8,Diagnosis,Cond_20_4,TABNET (TL),141,870,30,0.3333333333333333,0.3333333333333333,0.3333333333333333,0.5,42
3_ZScore_Raw,window_zscore,raw,HUST_Gearbox,CWRU_12k|CWRU_48k|Electric_Motor|HUST|Mechanical_Gear|PU|UOEMD|UORED,8,Diagnosis,Cond_25_0,MLP (TL),141,870,30,1.0,1.0,1.0,1.0,42
3_ZScore_Raw,window_zscore,raw,HUST_Gearbox,CWRU_12k|CWRU_48k|Electric_Motor|HUST|Mechanical_Gear|PU|UOEMD|UORED,8,Diagnosis,Cond_25_0,TABNET (TL),141,870,30,1.0,1.0,1.0,1.0,42
3_ZScore_Raw,window_zscore,raw,HUST_Gearbox,CWRU_12k|CWRU_48k|Electric_Motor|HUST|Mechanical_Gear|PU|UOEMD|UORED,8,Diagnosis,Cond_25_1,MLP (TL),141,870,30,1.0,1.0,1.0,1.0,42
3_ZScore_Raw,window_zscore,raw,HUST_Gearbox,CWRU_12k|CWRU_48k|Electric_Motor|HUST|Mechanical_Gear|PU|UOEMD|UORED,8,Diagnosis,Cond_25_1,TABNET (TL),141,870,30,1.0,1.0,1.0,1.0,42
3_ZScore_Raw,window_zscore,raw,HUST_Gearbox,CWRU_12k|CWRU_48k|Electric_Motor|HUST|Mechanical_Gear|PU|UOEMD|UORED,8,Diagnosis,Cond_25_2,MLP (TL),141,870,30,1.0,1.0,1.0,1.0,42
3_ZScore_Raw,window_zscore,raw,HUST_Gearbox,CWRU_12k|CWRU_48k|Electric_Motor|HUST|Mechanical_Gear|PU|UOEMD|UORED,8,Diagnosis,Cond_25_2,TABNET (TL),141,870,30,1.0,1.0,1.0,1.0,42
3_ZScore_Raw,window_zscore,raw,HUST_Gearbox,CWRU_12k|CWRU_48k|Electric_Motor|HUST|Mechanical_Gear|PU|UOEMD|UORED,8,Diagnosis,Cond_25_3,MLP (TL),141,870,30,1.0,1.0,1.0,1.0,42
3_ZScore_Raw,window_zscore,raw,HUST_Gearbox,CWRU_12k|CWRU_48k|Electric_Motor|HUST|Mechanical_Gear|PU|UOEMD|UORED,8,Diagnosis,Cond_25_3,TABNET (TL),141,870,30,1.0,1.0,1.0,1.0,42
3_ZScore_Raw,window_zscore,raw,HUST_Gearbox,CWRU_12k|CWRU_48k|Electric_Motor|HUST|Mechanical_Gear|PU|UOEMD|UORED,8,Diagnosis,Cond_25_4,MLP (TL),141,870,30,0.6666666666666666,0.6666666666666666,0.5555555555555555,1.0,42
3_ZScore_Raw,window_zscore,raw,HUST_Gearbox,CWRU_12k|CWRU_48k|Electric_Motor|HUST|Mechanical_Gear|PU|UOEMD|UORED,8,Diagnosis,Cond_25_4,TABNET (TL),141,870,30,0.6666666666666666,0.6666666666666666,0.5555555555555555,0.9933333333333333,42
3_ZScore_Raw,window_zscore,raw,HUST_Gearbox,CWRU_12k|CWRU_48k|Electric_Motor|HUST|Mechanical_Gear|PU|UOEMD|UORED,8,Diagnosis,Cond_30_0,MLP (TL),141,870,30,1.0,1.0,1.0,1.0,42
3_ZScore_Raw,window_zscore,raw,HUST_Gearbox,CWRU_12k|CWRU_48k|Electric_Motor|HUST|Mechanical_Gear|PU|UOEMD|UORED,8,Diagnosis,Cond_30_0,TABNET (TL),141,870,30,1.0,1.0,1.0,1.0,42
3_ZScore_Raw,window_zscore,raw,HUST_Gearbox,CWRU_12k|CWRU_48k|Electric_Motor|HUST|Mechanical_Gear|PU|UOEMD|UORED,8,Diagnosis,Cond_30_1,MLP (TL),141,870,30,1.0,1.0,1.0,1.0,42
3_ZScore_Raw,window_zscore,raw,HUST_Gearbox,CWRU_12k|CWRU_48k|Electric_Motor|HUST|Mechanical_Gear|PU|UOEMD|UORED,8,Diagnosis,Cond_30_1,TABNET (TL),141,870,30,1.0,1.0,1.0,1.0,42
3_ZScore_Raw,window_zscore,raw,HUST_Gearbox,CWRU_12k|CWRU_48k|Electric_Motor|HUST|Mechanical_Gear|PU|UOEMD|UORED,8,Diagnosis,Cond_30_2,MLP (TL),141,870,30,1.0,1.0,1.0,1.0,42
3_ZScore_Raw,window_zscore,raw,HUST_Gearbox,CWRU_12k|CWRU_48k|Electric_Motor|HUST|Mechanical_Gear|PU|UOEMD|UORED,8,Diagnosis,Cond_30_2,TABNET (TL),141,870,30,1.0,1.0,1.0,1.0,42
3_ZScore_Raw,window_zscore,raw,HUST_Gearbox,CWRU_12k|CWRU_48k|Electric_Motor|HUST|Mechanical_Gear|PU|UOEMD|UORED,8,Diagnosis,Cond_30_3,MLP (TL),141,870,30,1.0,1.0,1.0,1.0,42
3_ZScore_Raw,window_zscore,raw,HUST_Gearbox,CWRU_12k|CWRU_48k|Electric_Motor|HUST|Mechanical_Gear|PU|UOEMD|UORED,8,Diagnosis,Cond_30_3,TABNET (TL),141,870,30,1.0,1.0,1.0,1.0,42
3_ZScore_Raw,window_zscore,raw,HUST_Gearbox,CWRU_12k|CWRU_48k|Electric_Motor|HUST|Mechanical_Gear|PU|UOEMD|UORED,8,Diagnosis,Cond_30_4,MLP (TL),141,870,30,0.9666666666666667,0.9666666666666667,0.9665831244778613,1.0,42
3_ZScore_Raw,window_zscore,raw,HUST_Gearbox,CWRU_12k|CWRU_48k|Electric_Motor|HUST|Mechanical_Gear|PU|UOEMD|UORED,8,Diagnosis,Cond_30_4,TABNET (TL),141,870,30,0.9666666666666667,0.9666666666666667,0.9665831244778613,1.0,42
3_ZScore_Raw,window_zscore,raw,HUST_Gearbox,CWRU_12k|CWRU_48k|Electric_Motor|HUST|Mechanical_Gear|PU|UOEMD|UORED,8,Diagnosis,Cond_35_0,MLP (TL),141,870,30,0.8666666666666667,0.8666666666666667,0.8611111111111112,1.0,42
3_ZScore_Raw,window_zscore,raw,HUST_Gearbox,CWRU_12k|CWRU_48k|Electric_Motor|HUST|Mechanical_Gear|PU|UOEMD|UORED,8,Diagnosis,Cond_35_0,TABNET (TL),141,870,30,0.6666666666666666,0.6666666666666666,0.5555555555555555,0.9683333333333334,42
3_ZScore_Raw,window_zscore,raw,HUST_Gearbox,CWRU_12k|CWRU_48k|Electric_Motor|HUST|Mechanical_Gear|PU|UOEMD|UORED,8,Diagnosis,Cond_35_1,MLP (TL),141,870,30,1.0,1.0,1.0,1.0,42
3_ZScore_Raw,window_zscore,raw,HUST_Gearbox,CWRU_12k|CWRU_48k|Electric_Motor|HUST|Mechanical_Gear|PU|UOEMD|UORED,8,Diagnosis,Cond_35_1,TABNET (TL),141,870,30,1.0,1.0,1.0,1.0,42
3_ZScore_Raw,window_zscore,raw,HUST_Gearbox,CWRU_12k|CWRU_48k|Electric_Motor|HUST|Mechanical_Gear|PU|UOEMD|UORED,8,Diagnosis,Cond_35_2,MLP (TL),141,870,30,1.0,1.0,1.0,1.0,42
3_ZScore_Raw,window_zscore,raw,HUST_Gearbox,CWRU_12k|CWRU_48k|Electric_Motor|HUST|Mechanical_Gear|PU|UOEMD|UORED,8,Diagnosis,Cond_35_2,TABNET (TL),141,870,30,1.0,1.0,1.0,1.0,42
3_ZScore_Raw,window_zscore,raw,HUST_Gearbox,CWRU_12k|CWRU_48k|Electric_Motor|HUST|Mechanical_Gear|PU|UOEMD|UORED,8,Diagnosis,Cond_35_3,MLP (TL),141,870,30,1.0,1.0,1.0,1.0,42
3_ZScore_Raw,window_zscore,raw,HUST_Gearbox,CWRU_12k|CWRU_48k|Electric_Motor|HUST|Mechanical_Gear|PU|UOEMD|UORED,8,Diagnosis,Cond_35_3,TABNET (TL),141,870,30,1.0,1.0,1.0,1.0,42
3_ZScore_Raw,window_zscore,raw,HUST_Gearbox,CWRU_12k|CWRU_48k|Electric_Motor|HUST|Mechanical_Gear|PU|UOEMD|UORED,8,Diagnosis,Cond_35_4,MLP (TL),141,870,30,0.8333333333333334,0.8333333333333334,0.8222222222222223,0.85,42
3_ZScore_Raw,window_zscore,raw,HUST_Gearbox,CWRU_12k|CWRU_48k|Electric_Motor|HUST|Mechanical_Gear|PU|UOEMD|UORED,8,Diagnosis,Cond_35_4,TABNET (TL),141,870,30,0.6333333333333333,0.6333333333333334,0.5821462488129154,0.9049999999999999,42
3_ZScore_Raw,window_zscore,raw,HUST_Gearbox,CWRU_12k|CWRU_48k|Electric_Motor|HUST|Mechanical_Gear|PU|UOEMD|UORED,8,Diagnosis,Cond_40_0,MLP (TL),141,870,30,1.0,1.0,1.0,1.0,42
3_ZScore_Raw,window_zscore,raw,HUST_Gearbox,CWRU_12k|CWRU_48k|Electric_Motor|HUST|Mechanical_Gear|PU|UOEMD|UORED,8,Diagnosis,Cond_40_0,TABNET (TL),141,870,30,0.9,0.9,0.8976982097186701,1.0,42
3_ZScore_Raw,window_zscore,raw,HUST_Gearbox,CWRU_12k|CWRU_48k|Electric_Motor|HUST|Mechanical_Gear|PU|UOEMD|UORED,8,Diagnosis,Cond_40_1,MLP (TL),141,870,30,1.0,1.0,1.0,1.0,42
3_ZScore_Raw,window_zscore,raw,HUST_Gearbox,CWRU_12k|CWRU_48k|Electric_Motor|HUST|Mechanical_Gear|PU|UOEMD|UORED,8,Diagnosis,Cond_40_1,TABNET (TL),141,870,30,1.0,1.0,1.0,1.0,42
3_ZScore_Raw,window_zscore,raw,HUST_Gearbox,CWRU_12k|CWRU_48k|Electric_Motor|HUST|Mechanical_Gear|PU|UOEMD|UORED,8,Diagnosis,Cond_40_2,MLP (TL),141,870,30,1.0,1.0,1.0,1.0,42
3_ZScore_Raw,window_zscore,raw,HUST_Gearbox,CWRU_12k|CWRU_48k|Electric_Motor|HUST|Mechanical_Gear|PU|UOEMD|UORED,8,Diagnosis,Cond_40_2,TABNET (TL),141,870,30,0.9333333333333333,0.9333333333333332,0.9326599326599326,1.0,42
3_ZScore_Raw,window_zscore,raw,HUST_Gearbox,CWRU_12k|CWRU_48k|Electric_Motor|HUST|Mechanical_Gear|PU|UOEMD|UORED,8,Diagnosis,Cond_40_3,MLP (TL),141,870,30,1.0,1.0,1.0,1.0,42
3_ZScore_Raw,window_zscore,raw,HUST_Gearbox,CWRU_12k|CWRU_48k|Electric_Motor|HUST|Mechanical_Gear|PU|UOEMD|UORED,8,Diagnosis,Cond_40_3,TABNET (TL),141,870,30,1.0,1.0,1.0,1.0,42
3_ZScore_Raw,window_zscore,raw,HUST_Gearbox,CWRU_12k|CWRU_48k|Electric_Motor|HUST|Mechanical_Gear|PU|UOEMD|UORED,8,Diagnosis,Cond_40_4,MLP (TL),141,870,30,1.0,1.0,1.0,1.0,42
3_ZScore_Raw,window_zscore,raw,HUST_Gearbox,CWRU_12k|CWRU_48k|Electric_Motor|HUST|Mechanical_Gear|PU|UOEMD|UORED,8,Diagnosis,Cond_40_4,TABNET (TL),141,870,30,0.6666666666666666,0.6666666666666666,0.5555555555555555,0.9816666666666666,42
3_ZScore_Raw,window_zscore,raw,HUST_Gearbox,CWRU_12k|CWRU_48k|Electric_Motor|HUST|Mechanical_Gear|PU|UOEMD|UORED,8,Diagnosis,Cond_L0_VS_0_40_0,MLP (TL),141,870,30,1.0,1.0,1.0,1.0,42
3_ZScore_Raw,window_zscore,raw,HUST_Gearbox,CWRU_12k|CWRU_48k|Electric_Motor|HUST|Mechanical_Gear|PU|UOEMD|UORED,8,Diagnosis,Cond_L0_VS_0_40_0,TABNET (TL),141,870,30,0.8333333333333334,0.8333333333333334,0.8222222222222223,0.9199999999999999,42
3_ZScore_Raw,window_zscore,raw,HUST_Gearbox,CWRU_12k|CWRU_48k|Electric_Motor|HUST|Mechanical_Gear|PU|UOEMD|UORED,8,Diagnosis,Cond_L1_VS_0_40_0,MLP (TL),141,870,30,1.0,1.0,1.0,1.0,42
3_ZScore_Raw,window_zscore,raw,HUST_Gearbox,CWRU_12k|CWRU_48k|Electric_Motor|HUST|Mechanical_Gear|PU|UOEMD|UORED,8,Diagnosis,Cond_L1_VS_0_40_0,TABNET (TL),141,870,30,1.0,1.0,1.0,1.0,42
3_ZScore_Raw,window_zscore,raw,HUST_Gearbox,CWRU_12k|CWRU_48k|Electric_Motor|HUST|Mechanical_Gear|PU|UOEMD|UORED,8,Diagnosis,Cond_L2_VS_0_40_0,MLP (TL),141,870,30,0.9666666666666667,0.9666666666666667,0.9665831244778613,1.0,42
3_ZScore_Raw,window_zscore,raw,HUST_Gearbox,CWRU_12k|CWRU_48k|Electric_Motor|HUST|Mechanical_Gear|PU|UOEMD|UORED,8,Diagnosis,Cond_L2_VS_0_40_0,TABNET (TL),141,870,30,1.0,1.0,1.0,1.0,42
3_ZScore_Raw,window_zscore,raw,HUST_Gearbox,CWRU_12k|CWRU_48k|Electric_Motor|HUST|Mechanical_Gear|PU|UOEMD|UORED,8,Diagnosis,Cond_L3_VS_0_40_0,MLP (TL),141,870,30,1.0,1.0,1.0,1.0,42
3_ZScore_Raw,window_zscore,raw,HUST_Gearbox,CWRU_12k|CWRU_48k|Electric_Motor|HUST|Mechanical_Gear|PU|UOEMD|UORED,8,Diagnosis,Cond_L3_VS_0_40_0,TABNET (TL),141,870,30,0.9333333333333333,0.9333333333333332,0.9326599326599326,0.9716666666666667,42
3_ZScore_Raw,window_zscore,raw,HUST_Gearbox,CWRU_12k|CWRU_48k|Electric_Motor|HUST|Mechanical_Gear|PU|UOEMD|UORED,8,Diagnosis,Cond_L4_VS_0_40_0,MLP (TL),141,870,30,1.0,1.0,1.0,1.0,42
3_ZScore_Raw,window_zscore,raw,HUST_Gearbox,CWRU_12k|CWRU_48k|Electric_Motor|HUST|Mechanical_Gear|PU|UOEMD|UORED,8,Diagnosis,Cond_L4_VS_0_40_0,TABNET (TL),141,870,30,0.9666666666666667,0.9666666666666667,0.9665831244778613,1.0,42
4_RMS_Raw,window_rms,raw,HUST_Gearbox,CWRU_12k|CWRU_48k|Electric_Motor|HUST|Mechanical_Gear|PU|UOEMD|UORED,8,Diagnosis,Cond_20_0,MLP (TL),141,870,30,1.0,1.0,1.0,1.0,42
4_RMS_Raw,window_rms,raw,HUST_Gearbox,CWRU_12k|CWRU_48k|Electric_Motor|HUST|Mechanical_Gear|PU|UOEMD|UORED,8,Diagnosis,Cond_20_0,TABNET (TL),141,870,30,1.0,1.0,1.0,1.0,42
4_RMS_Raw,window_rms,raw,HUST_Gearbox,CWRU_12k|CWRU_48k|Electric_Motor|HUST|Mechanical_Gear|PU|UOEMD|UORED,8,Diagnosis,Cond_20_1,MLP (TL),141,870,30,1.0,1.0,1.0,1.0,42
4_RMS_Raw,window_rms,raw,HUST_Gearbox,CWRU_12k|CWRU_48k|Electric_Motor|HUST|Mechanical_Gear|PU|UOEMD|UORED,8,Diagnosis,Cond_20_1,TABNET (TL),141,870,30,0.9333333333333333,0.9333333333333332,0.9326599326599326,1.0,42
4_RMS_Raw,window_rms,raw,HUST_Gearbox,CWRU_12k|CWRU_48k|Electric_Motor|HUST|Mechanical_Gear|PU|UOEMD|UORED,8,Diagnosis,Cond_20_2,MLP (TL),141,870,30,1.0,1.0,1.0,1.0,42
4_RMS_Raw,window_rms,raw,HUST_Gearbox,CWRU_12k|CWRU_48k|Electric_Motor|HUST|Mechanical_Gear|PU|UOEMD|UORED,8,Diagnosis,Cond_20_2,TABNET (TL),141,870,30,1.0,1.0,1.0,1.0,42
4_RMS_Raw,window_rms,raw,HUST_Gearbox,CWRU_12k|CWRU_48k|Electric_Motor|HUST|Mechanical_Gear|PU|UOEMD|UORED,8,Diagnosis,Cond_20_3,MLP (TL),141,870,30,1.0,1.0,1.0,1.0,42
4_RMS_Raw,window_rms,raw,HUST_Gearbox,CWRU_12k|CWRU_48k|Electric_Motor|HUST|Mechanical_Gear|PU|UOEMD|UORED,8,Diagnosis,Cond_20_3,TABNET (TL),141,870,30,0.7,0.7000000000000001,0.68,0.8666666666666667,42
4_RMS_Raw,window_rms,raw,HUST_Gearbox,CWRU_12k|CWRU_48k|Electric_Motor|HUST|Mechanical_Gear|PU|UOEMD|UORED,8,Diagnosis,Cond_20_4,MLP (TL),141,870,30,0.3333333333333333,0.3333333333333333,0.3333333333333333,0.6666666666666666,42
4_RMS_Raw,window_rms,raw,HUST_Gearbox,CWRU_12k|CWRU_48k|Electric_Motor|HUST|Mechanical_Gear|PU|UOEMD|UORED,8,Diagnosis,Cond_20_4,TABNET (TL),141,870,30,0.3333333333333333,0.3333333333333333,0.3333333333333333,0.5,42
4_RMS_Raw,window_rms,raw,HUST_Gearbox,CWRU_12k|CWRU_48k|Electric_Motor|HUST|Mechanical_Gear|PU|UOEMD|UORED,8,Diagnosis,Cond_25_0,MLP (TL),141,870,30,1.0,1.0,1.0,1.0,42
4_RMS_Raw,window_rms,raw,HUST_Gearbox,CWRU_12k|CWRU_48k|Electric_Motor|HUST|Mechanical_Gear|PU|UOEMD|UORED,8,Diagnosis,Cond_25_0,TABNET (TL),141,870,30,1.0,1.0,1.0,1.0,42
4_RMS_Raw,window_rms,raw,HUST_Gearbox,CWRU_12k|CWRU_48k|Electric_Motor|HUST|Mechanical_Gear|PU|UOEMD|UORED,8,Diagnosis,Cond_25_1,MLP (TL),141,870,30,1.0,1.0,1.0,1.0,42
4_RMS_Raw,window_rms,raw,HUST_Gearbox,CWRU_12k|CWRU_48k|Electric_Motor|HUST|Mechanical_Gear|PU|UOEMD|UORED,8,Diagnosis,Cond_25_1,TABNET (TL),141,870,30,1.0,1.0,1.0,1.0,42
4_RMS_Raw,window_rms,raw,HUST_Gearbox,CWRU_12k|CWRU_48k|Electric_Motor|HUST|Mechanical_Gear|PU|UOEMD|UORED,8,Diagnosis,Cond_25_2,MLP (TL),141,870,30,1.0,1.0,1.0,1.0,42
4_RMS_Raw,window_rms,raw,HUST_Gearbox,CWRU_12k|CWRU_48k|Electric_Motor|HUST|Mechanical_Gear|PU|UOEMD|UORED,8,Diagnosis,Cond_25_2,TABNET (TL),141,870,30,1.0,1.0,1.0,1.0,42
4_RMS_Raw,window_rms,raw,HUST_Gearbox,CWRU_12k|CWRU_48k|Electric_Motor|HUST|Mechanical_Gear|PU|UOEMD|UORED,8,Diagnosis,Cond_25_3,MLP (TL),141,870,30,1.0,1.0,1.0,1.0,42
4_RMS_Raw,window_rms,raw,HUST_Gearbox,CWRU_12k|CWRU_48k|Electric_Motor|HUST|Mechanical_Gear|PU|UOEMD|UORED,8,Diagnosis,Cond_25_3,TABNET (TL),141,870,30,1.0,1.0,1.0,1.0,42
4_RMS_Raw,window_rms,raw,HUST_Gearbox,CWRU_12k|CWRU_48k|Electric_Motor|HUST|Mechanical_Gear|PU|UOEMD|UORED,8,Diagnosis,Cond_25_4,MLP (TL),141,870,30,0.6666666666666666,0.6666666666666666,0.5555555555555555,1.0,42
4_RMS_Raw,window_rms,raw,HUST_Gearbox,CWRU_12k|CWRU_48k|Electric_Motor|HUST|Mechanical_Gear|PU|UOEMD|UORED,8,Diagnosis,Cond_25_4,TABNET (TL),141,870,30,0.6666666666666666,0.6666666666666666,0.5555555555555555,0.9933333333333333,42
4_RMS_Raw,window_rms,raw,HUST_Gearbox,CWRU_12k|CWRU_48k|Electric_Motor|HUST|Mechanical_Gear|PU|UOEMD|UORED,8,Diagnosis,Cond_30_0,MLP (TL),141,870,30,1.0,1.0,1.0,1.0,42
4_RMS_Raw,window_rms,raw,HUST_Gearbox,CWRU_12k|CWRU_48k|Electric_Motor|HUST|Mechanical_Gear|PU|UOEMD|UORED,8,Diagnosis,Cond_30_0,TABNET (TL),141,870,30,1.0,1.0,1.0,1.0,42
4_RMS_Raw,window_rms,raw,HUST_Gearbox,CWRU_12k|CWRU_48k|Electric_Motor|HUST|Mechanical_Gear|PU|UOEMD|UORED,8,Diagnosis,Cond_30_1,MLP (TL),141,870,30,1.0,1.0,1.0,1.0,42
4_RMS_Raw,window_rms,raw,HUST_Gearbox,CWRU_12k|CWRU_48k|Electric_Motor|HUST|Mechanical_Gear|PU|UOEMD|UORED,8,Diagnosis,Cond_30_1,TABNET (TL),141,870,30,1.0,1.0,1.0,1.0,42
4_RMS_Raw,window_rms,raw,HUST_Gearbox,CWRU_12k|CWRU_48k|Electric_Motor|HUST|Mechanical_Gear|PU|UOEMD|UORED,8,Diagnosis,Cond_30_2,MLP (TL),141,870,30,1.0,1.0,1.0,1.0,42
4_RMS_Raw,window_rms,raw,HUST_Gearbox,CWRU_12k|CWRU_48k|Electric_Motor|HUST|Mechanical_Gear|PU|UOEMD|UORED,8,Diagnosis,Cond_30_2,TABNET (TL),141,870,30,1.0,1.0,1.0,1.0,42
4_RMS_Raw,window_rms,raw,HUST_Gearbox,CWRU_12k|CWRU_48k|Electric_Motor|HUST|Mechanical_Gear|PU|UOEMD|UORED,8,Diagnosis,Cond_30_3,MLP (TL),141,870,30,1.0,1.0,1.0,1.0,42
4_RMS_Raw,window_rms,raw,HUST_Gearbox,CWRU_12k|CWRU_48k|Electric_Motor|HUST|Mechanical_Gear|PU|UOEMD|UORED,8,Diagnosis,Cond_30_3,TABNET (TL),141,870,30,1.0,1.0,1.0,1.0,42
4_RMS_Raw,window_rms,raw,HUST_Gearbox,CWRU_12k|CWRU_48k|Electric_Motor|HUST|Mechanical_Gear|PU|UOEMD|UORED,8,Diagnosis,Cond_30_4,MLP (TL),141,870,30,1.0,1.0,1.0,1.0,42
4_RMS_Raw,window_rms,raw,HUST_Gearbox,CWRU_12k|CWRU_48k|Electric_Motor|HUST|Mechanical_Gear|PU|UOEMD|UORED,8,Diagnosis,Cond_30_4,TABNET (TL),141,870,30,0.9666666666666667,0.9666666666666667,0.9665831244778613,1.0,42
4_RMS_Raw,window_rms,raw,HUST_Gearbox,CWRU_12k|CWRU_48k|Electric_Motor|HUST|Mechanical_Gear|PU|UOEMD|UORED,8,Diagnosis,Cond_35_0,MLP (TL),141,870,30,1.0,1.0,1.0,1.0,42
4_RMS_Raw,window_rms,raw,HUST_Gearbox,CWRU_12k|CWRU_48k|Electric_Motor|HUST|Mechanical_Gear|PU|UOEMD|UORED,8,Diagnosis,Cond_35_0,TABNET (TL),141,870,30,0.6666666666666666,0.6666666666666666,0.5555555555555555,0.9683333333333334,42
4_RMS_Raw,window_rms,raw,HUST_Gearbox,CWRU_12k|CWRU_48k|Electric_Motor|HUST|Mechanical_Gear|PU|UOEMD|UORED,8,Diagnosis,Cond_35_1,MLP (TL),141,870,30,1.0,1.0,1.0,1.0,42
4_RMS_Raw,window_rms,raw,HUST_Gearbox,CWRU_12k|CWRU_48k|Electric_Motor|HUST|Mechanical_Gear|PU|UOEMD|UORED,8,Diagnosis,Cond_35_1,TABNET (TL),141,870,30,1.0,1.0,1.0,1.0,42
4_RMS_Raw,window_rms,raw,HUST_Gearbox,CWRU_12k|CWRU_48k|Electric_Motor|HUST|Mechanical_Gear|PU|UOEMD|UORED,8,Diagnosis,Cond_35_2,MLP (TL),141,870,30,1.0,1.0,1.0,1.0,42
4_RMS_Raw,window_rms,raw,HUST_Gearbox,CWRU_12k|CWRU_48k|Electric_Motor|HUST|Mechanical_Gear|PU|UOEMD|UORED,8,Diagnosis,Cond_35_2,TABNET (TL),141,870,30,1.0,1.0,1.0,1.0,42
4_RMS_Raw,window_rms,raw,HUST_Gearbox,CWRU_12k|CWRU_48k|Electric_Motor|HUST|Mechanical_Gear|PU|UOEMD|UORED,8,Diagnosis,Cond_35_3,MLP (TL),141,870,30,1.0,1.0,1.0,1.0,42
4_RMS_Raw,window_rms,raw,HUST_Gearbox,CWRU_12k|CWRU_48k|Electric_Motor|HUST|Mechanical_Gear|PU|UOEMD|UORED,8,Diagnosis,Cond_35_3,TABNET (TL),141,870,30,1.0,1.0,1.0,1.0,42
4_RMS_Raw,window_rms,raw,HUST_Gearbox,CWRU_12k|CWRU_48k|Electric_Motor|HUST|Mechanical_Gear|PU|UOEMD|UORED,8,Diagnosis,Cond_35_4,MLP (TL),141,870,30,0.8,0.7999999999999999,0.7746031746031745,0.8883333333333333,42
4_RMS_Raw,window_rms,raw,HUST_Gearbox,CWRU_12k|CWRU_48k|Electric_Motor|HUST|Mechanical_Gear|PU|UOEMD|UORED,8,Diagnosis,Cond_35_4,TABNET (TL),141,870,30,0.6333333333333333,0.6333333333333334,0.5821462488129154,0.9049999999999999,42
4_RMS_Raw,window_rms,raw,HUST_Gearbox,CWRU_12k|CWRU_48k|Electric_Motor|HUST|Mechanical_Gear|PU|UOEMD|UORED,8,Diagnosis,Cond_40_0,MLP (TL),141,870,30,1.0,1.0,1.0,1.0,42
4_RMS_Raw,window_rms,raw,HUST_Gearbox,CWRU_12k|CWRU_48k|Electric_Motor|HUST|Mechanical_Gear|PU|UOEMD|UORED,8,Diagnosis,Cond_40_0,TABNET (TL),141,870,30,0.9,0.9,0.8976982097186701,1.0,42
4_RMS_Raw,window_rms,raw,HUST_Gearbox,CWRU_12k|CWRU_48k|Electric_Motor|HUST|Mechanical_Gear|PU|UOEMD|UORED,8,Diagnosis,Cond_40_1,MLP (TL),141,870,30,1.0,1.0,1.0,1.0,42
4_RMS_Raw,window_rms,raw,HUST_Gearbox,CWRU_12k|CWRU_48k|Electric_Motor|HUST|Mechanical_Gear|PU|UOEMD|UORED,8,Diagnosis,Cond_40_1,TABNET (TL),141,870,30,1.0,1.0,1.0,1.0,42
4_RMS_Raw,window_rms,raw,HUST_Gearbox,CWRU_12k|CWRU_48k|Electric_Motor|HUST|Mechanical_Gear|PU|UOEMD|UORED,8,Diagnosis,Cond_40_2,MLP (TL),141,870,30,1.0,1.0,1.0,1.0,42
4_RMS_Raw,window_rms,raw,HUST_Gearbox,CWRU_12k|CWRU_48k|Electric_Motor|HUST|Mechanical_Gear|PU|UOEMD|UORED,8,Diagnosis,Cond_40_2,TABNET (TL),141,870,30,0.9333333333333333,0.9333333333333332,0.9326599326599326,1.0,42
4_RMS_Raw,window_rms,raw,HUST_Gearbox,CWRU_12k|CWRU_48k|Electric_Motor|HUST|Mechanical_Gear|PU|UOEMD|UORED,8,Diagnosis,Cond_40_3,MLP (TL),141,870,30,1.0,1.0,1.0,1.0,42
4_RMS_Raw,window_rms,raw,HUST_Gearbox,CWRU_12k|CWRU_48k|Electric_Motor|HUST|Mechanical_Gear|PU|UOEMD|UORED,8,Diagnosis,Cond_40_3,TABNET (TL),141,870,30,1.0,1.0,1.0,1.0,42
4_RMS_Raw,window_rms,raw,HUST_Gearbox,CWRU_12k|CWRU_48k|Electric_Motor|HUST|Mechanical_Gear|PU|UOEMD|UORED,8,Diagnosis,Cond_40_4,MLP (TL),141,870,30,1.0,1.0,1.0,1.0,42
4_RMS_Raw,window_rms,raw,HUST_Gearbox,CWRU_12k|CWRU_48k|Electric_Motor|HUST|Mechanical_Gear|PU|UOEMD|UORED,8,Diagnosis,Cond_40_4,TABNET (TL),141,870,30,0.6666666666666666,0.6666666666666666,0.5555555555555555,0.9816666666666666,42
4_RMS_Raw,window_rms,raw,HUST_Gearbox,CWRU_12k|CWRU_48k|Electric_Motor|HUST|Mechanical_Gear|PU|UOEMD|UORED,8,Diagnosis,Cond_L0_VS_0_40_0,MLP (TL),141,870,30,0.9666666666666667,0.9666666666666667,0.9665831244778613,1.0,42
4_RMS_Raw,window_rms,raw,HUST_Gearbox,CWRU_12k|CWRU_48k|Electric_Motor|HUST|Mechanical_Gear|PU|UOEMD|UORED,8,Diagnosis,Cond_L0_VS_0_40_0,TABNET (TL),141,870,30,0.8333333333333334,0.8333333333333334,0.8222222222222223,0.9199999999999999,42
4_RMS_Raw,window_rms,raw,HUST_Gearbox,CWRU_12k|CWRU_48k|Electric_Motor|HUST|Mechanical_Gear|PU|UOEMD|UORED,8,Diagnosis,Cond_L1_VS_0_40_0,MLP (TL),141,870,30,1.0,1.0,1.0,1.0,42
4_RMS_Raw,window_rms,raw,HUST_Gearbox,CWRU_12k|CWRU_48k|Electric_Motor|HUST|Mechanical_Gear|PU|UOEMD|UORED,8,Diagnosis,Cond_L1_VS_0_40_0,TABNET (TL),141,870,30,1.0,1.0,1.0,1.0,42
4_RMS_Raw,window_rms,raw,HUST_Gearbox,CWRU_12k|CWRU_48k|Electric_Motor|HUST|Mechanical_Gear|PU|UOEMD|UORED,8,Diagnosis,Cond_L2_VS_0_40_0,MLP (TL),141,870,30,0.9666666666666667,0.9666666666666667,0.9665831244778613,1.0,42
4_RMS_Raw,window_rms,raw,HUST_Gearbox,CWRU_12k|CWRU_48k|Electric_Motor|HUST|Mechanical_Gear|PU|UOEMD|UORED,8,Diagnosis,Cond_L2_VS_0_40_0,TABNET (TL),141,870,30,1.0,1.0,1.0,1.0,42
4_RMS_Raw,window_rms,raw,HUST_Gearbox,CWRU_12k|CWRU_48k|Electric_Motor|HUST|Mechanical_Gear|PU|UOEMD|UORED,8,Diagnosis,Cond_L3_VS_0_40_0,MLP (TL),141,870,30,1.0,1.0,1.0,1.0,42
4_RMS_Raw,window_rms,raw,HUST_Gearbox,CWRU_12k|CWRU_48k|Electric_Motor|HUST|Mechanical_Gear|PU|UOEMD|UORED,8,Diagnosis,Cond_L3_VS_0_40_0,TABNET (TL),141,870,30,0.9333333333333333,0.9333333333333332,0.9326599326599326,0.9716666666666667,42
4_RMS_Raw,window_rms,raw,HUST_Gearbox,CWRU_12k|CWRU_48k|Electric_Motor|HUST|Mechanical_Gear|PU|UOEMD|UORED,8,Diagnosis,Cond_L4_VS_0_40_0,MLP (TL),141,870,30,1.0,1.0,1.0,1.0,42
4_RMS_Raw,window_rms,raw,HUST_Gearbox,CWRU_12k|CWRU_48k|Electric_Motor|HUST|Mechanical_Gear|PU|UOEMD|UORED,8,Diagnosis,Cond_L4_VS_0_40_0,TABNET (TL),141,870,30,0.9666666666666667,0.9666666666666667,0.9665831244778613,1.0,42
0_Baseline,raw,raw,CWRU_48k,CWRU_12k|Electric_Motor|HUST|HUST_Gearbox|Mechanical_Gear|PU|UOEMD|UORED,8,Diagnosis,Load_0HP_Sev_0.007,MLP (TL),141,572,30,0.4666666666666667,0.4666666666666666,0.36752136752136755,0.7416666666666667,42
0_Baseline,raw,raw,CWRU_48k,CWRU_12k|Electric_Motor|HUST|HUST_Gearbox|Mechanical_Gear|PU|UOEMD|UORED,8,Diagnosis,Load_0HP_Sev_0.007,TABNET (TL),141,572,30,0.43333333333333335,0.43333333333333335,0.3194444444444444,0.8266666666666667,42
0_Baseline,raw,raw,CWRU_48k,CWRU_12k|Electric_Motor|HUST|HUST_Gearbox|Mechanical_Gear|PU|UOEMD|UORED,8,Diagnosis,Load_0HP_Sev_0.014,MLP (TL),141,582,20,0.8,0.8,0.5530303030303031,0.0,42
0_Baseline,raw,raw,CWRU_48k,CWRU_12k|Electric_Motor|HUST|HUST_Gearbox|Mechanical_Gear|PU|UOEMD|UORED,8,Diagnosis,Load_0HP_Sev_0.014,TABNET (TL),141,582,20,1.0,1.0,1.0,0.0,42
0_Baseline,raw,raw,CWRU_48k,CWRU_12k|Electric_Motor|HUST|HUST_Gearbox|Mechanical_Gear|PU|UOEMD|UORED,8,Diagnosis,Load_0HP_Sev_0.021,MLP (TL),141,584,18,1.0,1.0,1.0,1.0,42
0_Baseline,raw,raw,CWRU_48k,CWRU_12k|Electric_Motor|HUST|HUST_Gearbox|Mechanical_Gear|PU|UOEMD|UORED,8,Diagnosis,Load_0HP_Sev_0.021,TABNET (TL),141,584,18,0.7777777777777778,0.6666666666666666,0.6111111111111112,0.8017857142857142,42
0_Baseline,raw,raw,CWRU_48k,CWRU_12k|Electric_Motor|HUST|HUST_Gearbox|Mechanical_Gear|PU|UOEMD|UORED,8,Diagnosis,Load_1HP_Sev_0.007,MLP (TL),141,542,60,0.9666666666666667,0.9666666666666667,0.9665831244778613,1.0,42
0_Baseline,raw,raw,CWRU_48k,CWRU_12k|Electric_Motor|HUST|HUST_Gearbox|Mechanical_Gear|PU|UOEMD|UORED,8,Diagnosis,Load_1HP_Sev_0.007,TABNET (TL),141,542,60,0.9833333333333333,0.9833333333333334,0.9833229101521784,1.0,42
0_Baseline,raw,raw,CWRU_48k,CWRU_12k|Electric_Motor|HUST|HUST_Gearbox|Mechanical_Gear|PU|UOEMD|UORED,8,Diagnosis,Load_1HP_Sev_0.014,MLP (TL),141,548,54,0.9629629629629629,0.9523809523809524,0.9584859584859585,1.0,42
0_Baseline,raw,raw,CWRU_48k,CWRU_12k|Electric_Motor|HUST|HUST_Gearbox|Mechanical_Gear|PU|UOEMD|UORED,8,Diagnosis,Load_1HP_Sev_0.014,TABNET (TL),141,548,54,0.8333333333333334,0.807142857142857,0.813365539452496,0.9353291316526611,42
0_Baseline,raw,raw,CWRU_48k,CWRU_12k|Electric_Motor|HUST|HUST_Gearbox|Mechanical_Gear|PU|UOEMD|UORED,8,Diagnosis,Load_1HP_Sev_0.021,MLP (TL),141,542,60,1.0,1.0,1.0,1.0,42
0_Baseline,raw,raw,CWRU_48k,CWRU_12k|Electric_Motor|HUST|HUST_Gearbox|Mechanical_Gear|PU|UOEMD|UORED,8,Diagnosis,Load_1HP_Sev_0.021,TABNET (TL),141,542,60,1.0,1.0,1.0,1.0,42
0_Baseline,raw,raw,CWRU_48k,CWRU_12k|Electric_Motor|HUST|HUST_Gearbox|Mechanical_Gear|PU|UOEMD|UORED,8,Diagnosis,Load_2HP_Sev_0.007,MLP (TL),141,542,60,1.0,1.0,1.0,1.0,42
0_Baseline,raw,raw,CWRU_48k,CWRU_12k|Electric_Motor|HUST|HUST_Gearbox|Mechanical_Gear|PU|UOEMD|UORED,8,Diagnosis,Load_2HP_Sev_0.007,TABNET (TL),141,542,60,0.9333333333333333,0.9333333333333332,0.9331094582012575,0.9829166666666667,42
0_Baseline,raw,raw,CWRU_48k,CWRU_12k|Electric_Motor|HUST|HUST_Gearbox|Mechanical_Gear|PU|UOEMD|UORED,8,Diagnosis,Load_2HP_Sev_0.014,MLP (TL),141,542,60,0.9,0.9,0.8974747474747474,0.9787499999999999,42
0_Baseline,raw,raw,CWRU_48k,CWRU_12k|Electric_Motor|HUST|HUST_Gearbox|Mechanical_Gear|PU|UOEMD|UORED,8,Diagnosis,Load_2HP_Sev_0.014,TABNET (TL),141,542,60,0.9333333333333333,0.9333333333333332,0.9330968599261281,0.9975,42
0_Baseline,raw,raw,CWRU_48k,CWRU_12k|Electric_Motor|HUST|HUST_Gearbox|Mechanical_Gear|PU|UOEMD|UORED,8,Diagnosis,Load_2HP_Sev_0.021,MLP (TL),141,542,60,1.0,1.0,1.0,1.0,42
0_Baseline,raw,raw,CWRU_48k,CWRU_12k|Electric_Motor|HUST|HUST_Gearbox|Mechanical_Gear|PU|UOEMD|UORED,8,Diagnosis,Load_2HP_Sev_0.021,TABNET (TL),141,542,60,1.0,1.0,1.0,1.0,42
0_Baseline,raw,raw,CWRU_48k,CWRU_12k|Electric_Motor|HUST|HUST_Gearbox|Mechanical_Gear|PU|UOEMD|UORED,8,Diagnosis,Load_3HP_Sev_0.007,MLP (TL),141,542,60,1.0,1.0,1.0,1.0,42
0_Baseline,raw,raw,CWRU_48k,CWRU_12k|Electric_Motor|HUST|HUST_Gearbox|Mechanical_Gear|PU|UOEMD|UORED,8,Diagnosis,Load_3HP_Sev_0.007,TABNET (TL),141,542,60,1.0,1.0,1.0,1.0,42
0_Baseline,raw,raw,CWRU_48k,CWRU_12k|Electric_Motor|HUST|HUST_Gearbox|Mechanical_Gear|PU|UOEMD|UORED,8,Diagnosis,Load_3HP_Sev_0.014,MLP (TL),141,542,60,0.9666666666666667,0.9666666666666667,0.9665831244778612,0.9499999999999998,42
0_Baseline,raw,raw,CWRU_48k,CWRU_12k|Electric_Motor|HUST|HUST_Gearbox|Mechanical_Gear|PU|UOEMD|UORED,8,Diagnosis,Load_3HP_Sev_0.014,TABNET (TL),141,542,60,0.9,0.9,0.9003556829643786,1.0,42
0_Baseline,raw,raw,CWRU_48k,CWRU_12k|Electric_Motor|HUST|HUST_Gearbox|Mechanical_Gear|PU|UOEMD|UORED,8,Diagnosis,Load_3HP_Sev_0.021,MLP (TL),141,542,60,1.0,1.0,1.0,1.0,42
0_Baseline,raw,raw,CWRU_48k,CWRU_12k|Electric_Motor|HUST|HUST_Gearbox|Mechanical_Gear|PU|UOEMD|UORED,8,Diagnosis,Load_3HP_Sev_0.021,TABNET (TL),141,542,60,0.85,0.85,0.844988344988345,0.985,42
1_ZScore_Puro,window_zscore,window_zscore,CWRU_48k,CWRU_12k|Electric_Motor|HUST|HUST_Gearbox|Mechanical_Gear|PU|UOEMD|UORED,8,Diagnosis,Load_0HP_Sev_0.007,MLP (TL),141,572,30,0.8333333333333334,0.8333333333333334,0.8222222222222223,0.9966666666666667,42
1_ZScore_Puro,window_zscore,window_zscore,CWRU_48k,CWRU_12k|Electric_Motor|HUST|HUST_Gearbox|Mechanical_Gear|PU|UOEMD|UORED,8,Diagnosis,Load_0HP_Sev_0.007,TABNET (TL),141,572,30,0.8666666666666667,0.8666666666666667,0.8611111111111112,0.985,42
1_ZScore_Puro,window_zscore,window_zscore,CWRU_48k,CWRU_12k|Electric_Motor|HUST|HUST_Gearbox|Mechanical_Gear|PU|UOEMD|UORED,8,Diagnosis,Load_0HP_Sev_0.014,MLP (TL),141,582,20,1.0,1.0,1.0,0.0,42
1_ZScore_Puro,window_zscore,window_zscore,CWRU_48k,CWRU_12k|Electric_Motor|HUST|HUST_Gearbox|Mechanical_Gear|PU|UOEMD|UORED,8,Diagnosis,Load_0HP_Sev_0.014,TABNET (TL),141,582,20,0.7,0.7,0.6703296703296704,0.0,42
1_ZScore_Puro,window_zscore,window_zscore,CWRU_48k,CWRU_12k|Electric_Motor|HUST|HUST_Gearbox|Mechanical_Gear|PU|UOEMD|UORED,8,Diagnosis,Load_0HP_Sev_0.021,MLP (TL),141,584,18,1.0,1.0,1.0,1.0,42
1_ZScore_Puro,window_zscore,window_zscore,CWRU_48k,CWRU_12k|Electric_Motor|HUST|HUST_Gearbox|Mechanical_Gear|PU|UOEMD|UORED,8,Diagnosis,Load_0HP_Sev_0.021,TABNET (TL),141,584,18,1.0,1.0,1.0,1.0,42
1_ZScore_Puro,window_zscore,window_zscore,CWRU_48k,CWRU_12k|Electric_Motor|HUST|HUST_Gearbox|Mechanical_Gear|PU|UOEMD|UORED,8,Diagnosis,Load_1HP_Sev_0.007,MLP (TL),141,542,60,1.0,1.0,1.0,1.0,42
1_ZScore_Puro,window_zscore,window_zscore,CWRU_48k,CWRU_12k|Electric_Motor|HUST|HUST_Gearbox|Mechanical_Gear|PU|UOEMD|UORED,8,Diagnosis,Load_1HP_Sev_0.007,TABNET (TL),141,542,60,0.85,0.85,0.8358857391115455,1.0,42
1_ZScore_Puro,window_zscore,window_zscore,CWRU_48k,CWRU_12k|Electric_Motor|HUST|HUST_Gearbox|Mechanical_Gear|PU|UOEMD|UORED,8,Diagnosis,Load_1HP_Sev_0.014,MLP (TL),141,548,54,1.0,1.0,1.0,1.0,42
1_ZScore_Puro,window_zscore,window_zscore,CWRU_48k,CWRU_12k|Electric_Motor|HUST|HUST_Gearbox|Mechanical_Gear|PU|UOEMD|UORED,8,Diagnosis,Load_1HP_Sev_0.014,TABNET (TL),141,548,54,0.9629629629629629,0.9666666666666667,0.9665831244778612,0.9769607843137255,42
1_ZScore_Puro,window_zscore,window_zscore,CWRU_48k,CWRU_12k|Electric_Motor|HUST|HUST_Gearbox|Mechanical_Gear|PU|UOEMD|UORED,8,Diagnosis,Load_1HP_Sev_0.021,MLP (TL),141,542,60,1.0,1.0,1.0,1.0,42
1_ZScore_Puro,window_zscore,window_zscore,CWRU_48k,CWRU_12k|Electric_Motor|HUST|HUST_Gearbox|Mechanical_Gear|PU|UOEMD|UORED,8,Diagnosis,Load_1HP_Sev_0.021,TABNET (TL),141,542,60,1.0,1.0,1.0,1.0,42
1_ZScore_Puro,window_zscore,window_zscore,CWRU_48k,CWRU_12k|Electric_Motor|HUST|HUST_Gearbox|Mechanical_Gear|PU|UOEMD|UORED,8,Diagnosis,Load_2HP_Sev_0.007,MLP (TL),141,542,60,1.0,1.0,1.0,1.0,42
1_ZScore_Puro,window_zscore,window_zscore,CWRU_48k,CWRU_12k|Electric_Motor|HUST|HUST_Gearbox|Mechanical_Gear|PU|UOEMD|UORED,8,Diagnosis,Load_2HP_Sev_0.007,TABNET (TL),141,542,60,0.9666666666666667,0.9666666666666667,0.9666562434855117,0.9954166666666667,42
1_ZScore_Puro,window_zscore,window_zscore,CWRU_48k,CWRU_12k|Electric_Motor|HUST|HUST_Gearbox|Mechanical_Gear|PU|UOEMD|UORED,8,Diagnosis,Load_2HP_Sev_0.014,MLP (TL),141,542,60,0.9666666666666667,0.9666666666666667,0.9665831244778613,0.9966666666666667,42
1_ZScore_Puro,window_zscore,window_zscore,CWRU_48k,CWRU_12k|Electric_Motor|HUST|HUST_Gearbox|Mechanical_Gear|PU|UOEMD|UORED,8,Diagnosis,Load_2HP_Sev_0.014,TABNET (TL),141,542,60,0.8166666666666667,0.8166666666666668,0.8127169722914404,0.9366666666666666,42
1_ZScore_Puro,window_zscore,window_zscore,CWRU_48k,CWRU_12k|Electric_Motor|HUST|HUST_Gearbox|Mechanical_Gear|PU|UOEMD|UORED,8,Diagnosis,Load_2HP_Sev_0.021,MLP (TL),141,542,60,1.0,1.0,1.0,1.0,42
1_ZScore_Puro,window_zscore,window_zscore,CWRU_48k,CWRU_12k|Electric_Motor|HUST|HUST_Gearbox|Mechanical_Gear|PU|UOEMD|UORED,8,Diagnosis,Load_2HP_Sev_0.021,TABNET (TL),141,542,60,1.0,1.0,1.0,1.0,42
1_ZScore_Puro,window_zscore,window_zscore,CWRU_48k,CWRU_12k|Electric_Motor|HUST|HUST_Gearbox|Mechanical_Gear|PU|UOEMD|UORED,8,Diagnosis,Load_3HP_Sev_0.007,MLP (TL),141,542,60,0.85,0.85,0.8452611218568666,0.9862500000000001,42
1_ZScore_Puro,window_zscore,window_zscore,CWRU_48k,CWRU_12k|Electric_Motor|HUST|HUST_Gearbox|Mechanical_Gear|PU|UOEMD|UORED,8,Diagnosis,Load_3HP_Sev_0.007,TABNET (TL),141,542,60,0.8333333333333334,0.8333333333333334,0.8222222222222223,0.78625,42
1_ZScore_Puro,window_zscore,window_zscore,CWRU_48k,CWRU_12k|Electric_Motor|HUST|HUST_Gearbox|Mechanical_Gear|PU|UOEMD|UORED,8,Diagnosis,Load_3HP_Sev_0.014,MLP (TL),141,542,60,0.9666666666666667,0.9666666666666667,0.9665831244778612,0.9499999999999998,42
1_ZScore_Puro,window_zscore,window_zscore,CWRU_48k,CWRU_12k|Electric_Motor|HUST|HUST_Gearbox|Mechanical_Gear|PU|UOEMD|UORED,8,Diagnosis,Load_3HP_Sev_0.014,TABNET (TL),141,542,60,0.9,0.9,0.8981620718462824,0.96625,42
1_ZScore_Puro,window_zscore,window_zscore,CWRU_48k,CWRU_12k|Electric_Motor|HUST|HUST_Gearbox|Mechanical_Gear|PU|UOEMD|UORED,8,Diagnosis,Load_3HP_Sev_0.021,MLP (TL),141,542,60,0.9666666666666667,0.9666666666666667,0.9665831244778613,1.0,42
1_ZScore_Puro,window_zscore,window_zscore,CWRU_48k,CWRU_12k|Electric_Motor|HUST|HUST_Gearbox|Mechanical_Gear|PU|UOEMD|UORED,8,Diagnosis,Load_3HP_Sev_0.021,TABNET (TL),141,542,60,0.95,0.9500000000000001,0.9497171590194847,0.9920833333333333,42
2_RMS_Puro,window_rms,window_rms,CWRU_48k,CWRU_12k|Electric_Motor|HUST|HUST_Gearbox|Mechanical_Gear|PU|UOEMD|UORED,8,Diagnosis,Load_0HP_Sev_0.007,MLP (TL),141,572,30,0.8333333333333334,0.8333333333333334,0.8222222222222223,0.9716666666666667,42
2_RMS_Puro,window_rms,window_rms,CWRU_48k,CWRU_12k|Electric_Motor|HUST|HUST_Gearbox|Mechanical_Gear|PU|UOEMD|UORED,8,Diagnosis,Load_0HP_Sev_0.007,TABNET (TL),141,572,30,0.8666666666666667,0.8666666666666667,0.8611111111111112,0.985,42
2_RMS_Puro,window_rms,window_rms,CWRU_48k,CWRU_12k|Electric_Motor|HUST|HUST_Gearbox|Mechanical_Gear|PU|UOEMD|UORED,8,Diagnosis,Load_0HP_Sev_0.014,MLP (TL),141,582,20,1.0,1.0,1.0,0.0,42
2_RMS_Puro,window_rms,window_rms,CWRU_48k,CWRU_12k|Electric_Motor|HUST|HUST_Gearbox|Mechanical_Gear|PU|UOEMD|UORED,8,Diagnosis,Load_0HP_Sev_0.014,TABNET (TL),141,582,20,0.7,0.7,0.6703296703296704,0.0,42
2_RMS_Puro,window_rms,window_rms,CWRU_48k,CWRU_12k|Electric_Motor|HUST|HUST_Gearbox|Mechanical_Gear|PU|UOEMD|UORED,8,Diagnosis,Load_0HP_Sev_0.021,MLP (TL),141,584,18,1.0,1.0,1.0,1.0,42
2_RMS_Puro,window_rms,window_rms,CWRU_48k,CWRU_12k|Electric_Motor|HUST|HUST_Gearbox|Mechanical_Gear|PU|UOEMD|UORED,8,Diagnosis,Load_0HP_Sev_0.021,TABNET (TL),141,584,18,1.0,1.0,1.0,1.0,42
2_RMS_Puro,window_rms,window_rms,CWRU_48k,CWRU_12k|Electric_Motor|HUST|HUST_Gearbox|Mechanical_Gear|PU|UOEMD|UORED,8,Diagnosis,Load_1HP_Sev_0.007,MLP (TL),141,542,60,1.0,1.0,1.0,1.0,42
2_RMS_Puro,window_rms,window_rms,CWRU_48k,CWRU_12k|Electric_Motor|HUST|HUST_Gearbox|Mechanical_Gear|PU|UOEMD|UORED,8,Diagnosis,Load_1HP_Sev_0.007,TABNET (TL),141,542,60,0.85,0.85,0.8358857391115455,1.0,42
2_RMS_Puro,window_rms,window_rms,CWRU_48k,CWRU_12k|Electric_Motor|HUST|HUST_Gearbox|Mechanical_Gear|PU|UOEMD|UORED,8,Diagnosis,Load_1HP_Sev_0.014,MLP (TL),141,548,54,0.9444444444444444,0.9500000000000001,0.9497171590194845,1.0,42
2_RMS_Puro,window_rms,window_rms,CWRU_48k,CWRU_12k|Electric_Motor|HUST|HUST_Gearbox|Mechanical_Gear|PU|UOEMD|UORED,8,Diagnosis,Load_1HP_Sev_0.014,TABNET (TL),141,548,54,0.9629629629629629,0.9666666666666667,0.9665831244778612,0.9769607843137255,42
2_RMS_Puro,window_rms,window_rms,CWRU_48k,CWRU_12k|Electric_Motor|HUST|HUST_Gearbox|Mechanical_Gear|PU|UOEMD|UORED,8,Diagnosis,Load_1HP_Sev_0.021,MLP (TL),141,542,60,1.0,1.0,1.0,1.0,42
2_RMS_Puro,window_rms,window_rms,CWRU_48k,CWRU_12k|Electric_Motor|HUST|HUST_Gearbox|Mechanical_Gear|PU|UOEMD|UORED,8,Diagnosis,Load_1HP_Sev_0.021,TABNET (TL),141,542,60,1.0,1.0,1.0,1.0,42
2_RMS_Puro,window_rms,window_rms,CWRU_48k,CWRU_12k|Electric_Motor|HUST|HUST_Gearbox|Mechanical_Gear|PU|UOEMD|UORED,8,Diagnosis,Load_2HP_Sev_0.007,MLP (TL),141,542,60,1.0,1.0,1.0,1.0,42
2_RMS_Puro,window_rms,window_rms,CWRU_48k,CWRU_12k|Electric_Motor|HUST|HUST_Gearbox|Mechanical_Gear|PU|UOEMD|UORED,8,Diagnosis,Load_2HP_Sev_0.007,TABNET (TL),141,542,60,0.9666666666666667,0.9666666666666667,0.9666562434855117,0.9954166666666667,42
2_RMS_Puro,window_rms,window_rms,CWRU_48k,CWRU_12k|Electric_Motor|HUST|HUST_Gearbox|Mechanical_Gear|PU|UOEMD|UORED,8,Diagnosis,Load_2HP_Sev_0.014,MLP (TL),141,542,60,0.9666666666666667,0.9666666666666667,0.9666666666666667,0.9987499999999999,42
2_RMS_Puro,window_rms,window_rms,CWRU_48k,CWRU_12k|Electric_Motor|HUST|HUST_Gearbox|Mechanical_Gear|PU|UOEMD|UORED,8,Diagnosis,Load_2HP_Sev_0.014,TABNET (TL),141,542,60,0.8166666666666667,0.8166666666666668,0.8127169722914404,0.9366666666666666,42
2_RMS_Puro,window_rms,window_rms,CWRU_48k,CWRU_12k|Electric_Motor|HUST|HUST_Gearbox|Mechanical_Gear|PU|UOEMD|UORED,8,Diagnosis,Load_2HP_Sev_0.021,MLP (TL),141,542,60,1.0,1.0,1.0,1.0,42
2_RMS_Puro,window_rms,window_rms,CWRU_48k,CWRU_12k|Electric_Motor|HUST|HUST_Gearbox|Mechanical_Gear|PU|UOEMD|UORED,8,Diagnosis,Load_2HP_Sev_0.021,TABNET (TL),141,542,60,1.0,1.0,1.0,1.0,42
2_RMS_Puro,window_rms,window_rms,CWRU_48k,CWRU_12k|Electric_Motor|HUST|HUST_Gearbox|Mechanical_Gear|PU|UOEMD|UORED,8,Diagnosis,Load_3HP_Sev_0.007,MLP (TL),141,542,60,0.9833333333333333,0.9833333333333334,0.9833229101521784,0.9975,42
2_RMS_Puro,window_rms,window_rms,CWRU_48k,CWRU_12k|Electric_Motor|HUST|HUST_Gearbox|Mechanical_Gear|PU|UOEMD|UORED,8,Diagnosis,Load_3HP_Sev_0.007,TABNET (TL),141,542,60,0.8333333333333334,0.8333333333333334,0.8222222222222223,0.78625,42
2_RMS_Puro,window_rms,window_rms,CWRU_48k,CWRU_12k|Electric_Motor|HUST|HUST_Gearbox|Mechanical_Gear|PU|UOEMD|UORED,8,Diagnosis,Load_3HP_Sev_0.014,MLP (TL),141,542,60,0.9666666666666667,0.9666666666666667,0.9665831244778612,0.9499999999999998,42
2_RMS_Puro,window_rms,window_rms,CWRU_48k,CWRU_12k|Electric_Motor|HUST|HUST_Gearbox|Mechanical_Gear|PU|UOEMD|UORED,8,Diagnosis,Load_3HP_Sev_0.014,TABNET (TL),141,542,60,0.9,0.9,0.8981620718462824,0.96625,42
2_RMS_Puro,window_rms,window_rms,CWRU_48k,CWRU_12k|Electric_Motor|HUST|HUST_Gearbox|Mechanical_Gear|PU|UOEMD|UORED,8,Diagnosis,Load_3HP_Sev_0.021,MLP (TL),141,542,60,0.9,0.9,0.8960093522503852,1.0,42
2_RMS_Puro,window_rms,window_rms,CWRU_48k,CWRU_12k|Electric_Motor|HUST|HUST_Gearbox|Mechanical_Gear|PU|UOEMD|UORED,8,Diagnosis,Load_3HP_Sev_0.021,TABNET (TL),141,542,60,0.95,0.9500000000000001,0.9497171590194847,0.9920833333333333,42
3_ZScore_Raw,window_zscore,raw,CWRU_48k,CWRU_12k|Electric_Motor|HUST|HUST_Gearbox|Mechanical_Gear|PU|UOEMD|UORED,8,Diagnosis,Load_0HP_Sev_0.007,MLP (TL),141,572,30,0.43333333333333335,0.43333333333333335,0.333870101986044,0.8316666666666667,42
3_ZScore_Raw,window_zscore,raw,CWRU_48k,CWRU_12k|Electric_Motor|HUST|HUST_Gearbox|Mechanical_Gear|PU|UOEMD|UORED,8,Diagnosis,Load_0HP_Sev_0.007,TABNET (TL),141,572,30,0.7,0.7000000000000001,0.6765432098765433,0.7799999999999999,42
3_ZScore_Raw,window_zscore,raw,CWRU_48k,CWRU_12k|Electric_Motor|HUST|HUST_Gearbox|Mechanical_Gear|PU|UOEMD|UORED,8,Diagnosis,Load_0HP_Sev_0.014,MLP (TL),141,582,20,0.9,0.9,0.6296296296296297,0.0,42
3_ZScore_Raw,window_zscore,raw,CWRU_48k,CWRU_12k|Electric_Motor|HUST|HUST_Gearbox|Mechanical_Gear|PU|UOEMD|UORED,8,Diagnosis,Load_0HP_Sev_0.014,TABNET (TL),141,582,20,0.8,0.8,0.7916666666666667,0.0,42
3_ZScore_Raw,window_zscore,raw,CWRU_48k,CWRU_12k|Electric_Motor|HUST|HUST_Gearbox|Mechanical_Gear|PU|UOEMD|UORED,8,Diagnosis,Load_0HP_Sev_0.021,MLP (TL),141,584,18,1.0,1.0,1.0,1.0,42
3_ZScore_Raw,window_zscore,raw,CWRU_48k,CWRU_12k|Electric_Motor|HUST|HUST_Gearbox|Mechanical_Gear|PU|UOEMD|UORED,8,Diagnosis,Load_0HP_Sev_0.021,TABNET (TL),141,584,18,0.5555555555555556,0.6833333333333332,0.6062271062271062,0.8511904761904762,42
3_ZScore_Raw,window_zscore,raw,CWRU_48k,CWRU_12k|Electric_Motor|HUST|HUST_Gearbox|Mechanical_Gear|PU|UOEMD|UORED,8,Diagnosis,Load_1HP_Sev_0.007,MLP (TL),141,542,60,0.9833333333333333,0.9833333333333334,0.9833229101521784,1.0,42
3_ZScore_Raw,window_zscore,raw,CWRU_48k,CWRU_12k|Electric_Motor|HUST|HUST_Gearbox|Mechanical_Gear|PU|UOEMD|UORED,8,Diagnosis,Load_1HP_Sev_0.007,TABNET (TL),141,542,60,1.0,1.0,1.0,1.0,42
3_ZScore_Raw,window_zscore,raw,CWRU_48k,CWRU_12k|Electric_Motor|HUST|HUST_Gearbox|Mechanical_Gear|PU|UOEMD|UORED,8,Diagnosis,Load_1HP_Sev_0.014,MLP (TL),141,548,54,0.9814814814814815,0.9761904761904763,0.9795242396868412,0.9989145658263304,42
3_ZScore_Raw,window_zscore,raw,CWRU_48k,CWRU_12k|Electric_Motor|HUST|HUST_Gearbox|Mechanical_Gear|PU|UOEMD|UORED,8,Diagnosis,Load_1HP_Sev_0.014,TABNET (TL),141,548,54,0.9074074074074074,0.9095238095238095,0.912306245639579,0.9945028011204481,42
3_ZScore_Raw,window_zscore,raw,CWRU_48k,CWRU_12k|Electric_Motor|HUST|HUST_Gearbox|Mechanical_Gear|PU|UOEMD|UORED,8,Diagnosis,Load_1HP_Sev_0.021,MLP (TL),141,542,60,1.0,1.0,1.0,1.0,42
3_ZScore_Raw,window_zscore,raw,CWRU_48k,CWRU_12k|Electric_Motor|HUST|HUST_Gearbox|Mechanical_Gear|PU|UOEMD|UORED,8,Diagnosis,Load_1HP_Sev_0.021,TABNET (TL),141,542,60,1.0,1.0,1.0,1.0,42
3_ZScore_Raw,window_zscore,raw,CWRU_48k,CWRU_12k|Electric_Motor|HUST|HUST_Gearbox|Mechanical_Gear|PU|UOEMD|UORED,8,Diagnosis,Load_2HP_Sev_0.007,MLP (TL),141,542,60,0.9833333333333333,0.9833333333333334,0.9833229101521784,0.9995833333333334,42
3_ZScore_Raw,window_zscore,raw,CWRU_48k,CWRU_12k|Electric_Motor|HUST|HUST_Gearbox|Mechanical_Gear|PU|UOEMD|UORED,8,Diagnosis,Load_2HP_Sev_0.007,TABNET (TL),141,542,60,0.8666666666666667,0.8666666666666667,0.8611111111111112,1.0,42
3_ZScore_Raw,window_zscore,raw,CWRU_48k,CWRU_12k|Electric_Motor|HUST|HUST_Gearbox|Mechanical_Gear|PU|UOEMD|UORED,8,Diagnosis,Load_2HP_Sev_0.014,MLP (TL),141,542,60,0.9333333333333333,0.9333333333333332,0.9333020637898687,0.9974999999999999,42
3_ZScore_Raw,window_zscore,raw,CWRU_48k,CWRU_12k|Electric_Motor|HUST|HUST_Gearbox|Mechanical_Gear|PU|UOEMD|UORED,8,Diagnosis,Load_2HP_Sev_0.014,TABNET (TL),141,542,60,0.7833333333333333,0.7833333333333333,0.7801008555725537,0.9441666666666667,42
3_ZScore_Raw,window_zscore,raw,CWRU_48k,CWRU_12k|Electric_Motor|HUST|HUST_Gearbox|Mechanical_Gear|PU|UOEMD|UORED,8,Diagnosis,Load_2HP_Sev_0.021,MLP (TL),141,542,60,1.0,1.0,1.0,1.0,42
3_ZScore_Raw,window_zscore,raw,CWRU_48k,CWRU_12k|Electric_Motor|HUST|HUST_Gearbox|Mechanical_Gear|PU|UOEMD|UORED,8,Diagnosis,Load_2HP_Sev_0.021,TABNET (TL),141,542,60,1.0,1.0,1.0,1.0,42
3_ZScore_Raw,window_zscore,raw,CWRU_48k,CWRU_12k|Electric_Motor|HUST|HUST_Gearbox|Mechanical_Gear|PU|UOEMD|UORED,8,Diagnosis,Load_3HP_Sev_0.007,MLP (TL),141,542,60,1.0,1.0,1.0,1.0,42
3_ZScore_Raw,window_zscore,raw,CWRU_48k,CWRU_12k|Electric_Motor|HUST|HUST_Gearbox|Mechanical_Gear|PU|UOEMD|UORED,8,Diagnosis,Load_3HP_Sev_0.007,TABNET (TL),141,542,60,0.8333333333333334,0.8333333333333334,0.8222222222222223,0.79625,42
3_ZScore_Raw,window_zscore,raw,CWRU_48k,CWRU_12k|Electric_Motor|HUST|HUST_Gearbox|Mechanical_Gear|PU|UOEMD|UORED,8,Diagnosis,Load_3HP_Sev_0.014,MLP (TL),141,542,60,0.9666666666666667,0.9666666666666667,0.9665831244778612,0.9499999999999998,42
3_ZScore_Raw,window_zscore,raw,CWRU_48k,CWRU_12k|Electric_Motor|HUST|HUST_Gearbox|Mechanical_Gear|PU|UOEMD|UORED,8,Diagnosis,Load_3HP_Sev_0.014,TABNET (TL),141,542,60,0.9666666666666667,0.9666666666666667,0.9666562434855117,0.975,42
3_ZScore_Raw,window_zscore,raw,CWRU_48k,CWRU_12k|Electric_Motor|HUST|HUST_Gearbox|Mechanical_Gear|PU|UOEMD|UORED,8,Diagnosis,Load_3HP_Sev_0.021,MLP (TL),141,542,60,1.0,1.0,1.0,1.0,42
3_ZScore_Raw,window_zscore,raw,CWRU_48k,CWRU_12k|Electric_Motor|HUST|HUST_Gearbox|Mechanical_Gear|PU|UOEMD|UORED,8,Diagnosis,Load_3HP_Sev_0.021,TABNET (TL),141,542,60,0.7833333333333333,0.7833333333333333,0.7463825218990189,0.8829166666666666,42
4_RMS_Raw,window_rms,raw,CWRU_48k,CWRU_12k|Electric_Motor|HUST|HUST_Gearbox|Mechanical_Gear|PU|UOEMD|UORED,8,Diagnosis,Load_0HP_Sev_0.007,MLP (TL),141,572,30,0.4666666666666667,0.4666666666666666,0.36752136752136755,0.8333333333333334,42
4_RMS_Raw,window_rms,raw,CWRU_48k,CWRU_12k|Electric_Motor|HUST|HUST_Gearbox|Mechanical_Gear|PU|UOEMD|UORED,8,Diagnosis,Load_0HP_Sev_0.007,TABNET (TL),141,572,30,0.7,0.7000000000000001,0.6765432098765433,0.7799999999999999,42
4_RMS_Raw,window_rms,raw,CWRU_48k,CWRU_12k|Electric_Motor|HUST|HUST_Gearbox|Mechanical_Gear|PU|UOEMD|UORED,8,Diagnosis,Load_0HP_Sev_0.014,MLP (TL),141,582,20,1.0,1.0,1.0,0.0,42
4_RMS_Raw,window_rms,raw,CWRU_48k,CWRU_12k|Electric_Motor|HUST|HUST_Gearbox|Mechanical_Gear|PU|UOEMD|UORED,8,Diagnosis,Load_0HP_Sev_0.014,TABNET (TL),141,582,20,0.8,0.8,0.7916666666666667,0.0,42
4_RMS_Raw,window_rms,raw,CWRU_48k,CWRU_12k|Electric_Motor|HUST|HUST_Gearbox|Mechanical_Gear|PU|UOEMD|UORED,8,Diagnosis,Load_0HP_Sev_0.021,MLP (TL),141,584,18,1.0,1.0,1.0,1.0,42
4_RMS_Raw,window_rms,raw,CWRU_48k,CWRU_12k|Electric_Motor|HUST|HUST_Gearbox|Mechanical_Gear|PU|UOEMD|UORED,8,Diagnosis,Load_0HP_Sev_0.021,TABNET (TL),141,584,18,0.5555555555555556,0.6833333333333332,0.6062271062271062,0.8511904761904762,42
4_RMS_Raw,window_rms,raw,CWRU_48k,CWRU_12k|Electric_Motor|HUST|HUST_Gearbox|Mechanical_Gear|PU|UOEMD|UORED,8,Diagnosis,Load_1HP_Sev_0.007,MLP (TL),141,542,60,0.9833333333333333,0.9833333333333334,0.9833229101521784,1.0,42
4_RMS_Raw,window_rms,raw,CWRU_48k,CWRU_12k|Electric_Motor|HUST|HUST_Gearbox|Mechanical_Gear|PU|UOEMD|UORED,8,Diagnosis,Load_1HP_Sev_0.007,TABNET (TL),141,542,60,1.0,1.0,1.0,1.0,42
4_RMS_Raw,window_rms,raw,CWRU_48k,CWRU_12k|Electric_Motor|HUST|HUST_Gearbox|Mechanical_Gear|PU|UOEMD|UORED,8,Diagnosis,Load_1HP_Sev_0.014,MLP (TL),141,548,54,0.9814814814814815,0.9761904761904763,0.9795242396868412,1.0,42
4_RMS_Raw,window_rms,raw,CWRU_48k,CWRU_12k|Electric_Motor|HUST|HUST_Gearbox|Mechanical_Gear|PU|UOEMD|UORED,8,Diagnosis,Load_1HP_Sev_0.014,TABNET (TL),141,548,54,0.9074074074074074,0.9095238095238095,0.912306245639579,0.9945028011204481,42
4_RMS_Raw,window_rms,raw,CWRU_48k,CWRU_12k|Electric_Motor|HUST|HUST_Gearbox|Mechanical_Gear|PU|UOEMD|UORED,8,Diagnosis,Load_1HP_Sev_0.021,MLP (TL),141,542,60,1.0,1.0,1.0,1.0,42
4_RMS_Raw,window_rms,raw,CWRU_48k,CWRU_12k|Electric_Motor|HUST|HUST_Gearbox|Mechanical_Gear|PU|UOEMD|UORED,8,Diagnosis,Load_1HP_Sev_0.021,TABNET (TL),141,542,60,1.0,1.0,1.0,1.0,42
4_RMS_Raw,window_rms,raw,CWRU_48k,CWRU_12k|Electric_Motor|HUST|HUST_Gearbox|Mechanical_Gear|PU|UOEMD|UORED,8,Diagnosis,Load_2HP_Sev_0.007,MLP (TL),141,542,60,0.9666666666666667,0.9666666666666667,0.9666562434855117,0.9983333333333334,42
4_RMS_Raw,window_rms,raw,CWRU_48k,CWRU_12k|Electric_Motor|HUST|HUST_Gearbox|Mechanical_Gear|PU|UOEMD|UORED,8,Diagnosis,Load_2HP_Sev_0.007,TABNET (TL),141,542,60,0.8666666666666667,0.8666666666666667,0.8611111111111112,1.0,42
4_RMS_Raw,window_rms,raw,CWRU_48k,CWRU_12k|Electric_Motor|HUST|HUST_Gearbox|Mechanical_Gear|PU|UOEMD|UORED,8,Diagnosis,Load_2HP_Sev_0.014,MLP (TL),141,542,60,0.8833333333333333,0.8833333333333333,0.8811945374355704,0.9883333333333333,42
4_RMS_Raw,window_rms,raw,CWRU_48k,CWRU_12k|Electric_Motor|HUST|HUST_Gearbox|Mechanical_Gear|PU|UOEMD|UORED,8,Diagnosis,Load_2HP_Sev_0.014,TABNET (TL),141,542,60,0.7833333333333333,0.7833333333333333,0.7801008555725537,0.9441666666666667,42
4_RMS_Raw,window_rms,raw,CWRU_48k,CWRU_12k|Electric_Motor|HUST|HUST_Gearbox|Mechanical_Gear|PU|UOEMD|UORED,8,Diagnosis,Load_2HP_Sev_0.021,MLP (TL),141,542,60,1.0,1.0,1.0,1.0,42
4_RMS_Raw,window_rms,raw,CWRU_48k,CWRU_12k|Electric_Motor|HUST|HUST_Gearbox|Mechanical_Gear|PU|UOEMD|UORED,8,Diagnosis,Load_2HP_Sev_0.021,TABNET (TL),141,542,60,1.0,1.0,1.0,1.0,42
4_RMS_Raw,window_rms,raw,CWRU_48k,CWRU_12k|Electric_Motor|HUST|HUST_Gearbox|Mechanical_Gear|PU|UOEMD|UORED,8,Diagnosis,Load_3HP_Sev_0.007,MLP (TL),141,542,60,1.0,1.0,1.0,1.0,42
4_RMS_Raw,window_rms,raw,CWRU_48k,CWRU_12k|Electric_Motor|HUST|HUST_Gearbox|Mechanical_Gear|PU|UOEMD|UORED,8,Diagnosis,Load_3HP_Sev_0.007,TABNET (TL),141,542,60,0.8333333333333334,0.8333333333333334,0.8222222222222223,0.79625,42
4_RMS_Raw,window_rms,raw,CWRU_48k,CWRU_12k|Electric_Motor|HUST|HUST_Gearbox|Mechanical_Gear|PU|UOEMD|UORED,8,Diagnosis,Load_3HP_Sev_0.014,MLP (TL),141,542,60,0.9666666666666667,0.9666666666666667,0.9665831244778612,0.9499999999999998,42
4_RMS_Raw,window_rms,raw,CWRU_48k,CWRU_12k|Electric_Motor|HUST|HUST_Gearbox|Mechanical_Gear|PU|UOEMD|UORED,8,Diagnosis,Load_3HP_Sev_0.014,TABNET (TL),141,542,60,0.9666666666666667,0.9666666666666667,0.9666562434855117,0.975,42
4_RMS_Raw,window_rms,raw,CWRU_48k,CWRU_12k|Electric_Motor|HUST|HUST_Gearbox|Mechanical_Gear|PU|UOEMD|UORED,8,Diagnosis,Load_3HP_Sev_0.021,MLP (TL),141,542,60,1.0,1.0,1.0,1.0,42
4_RMS_Raw,window_rms,raw,CWRU_48k,CWRU_12k|Electric_Motor|HUST|HUST_Gearbox|Mechanical_Gear|PU|UOEMD|UORED,8,Diagnosis,Load_3HP_Sev_0.021,TABNET (TL),141,542,60,0.7833333333333333,0.7833333333333333,0.7463825218990189,0.8829166666666666,42
