Experiment ID,Description,Pretrain Strategy,Finetune Strategy,Test Strategy,Additional Parameters,Additional Features,Target Dataset,Source Datasets,N Sources,Task,Test Condition,Model,N Temporal Features,N Features,N Train Target,N Test,ACC,Bal Acc,Macro F1,ROC-AUC,Seed
E0_RMS_Detrend,"RMS + detrend em pretrain, fine-tune e teste",rms_detrend,rms_detrend,rms_detrend,False,,CWRU_12k,CWRU_48k|Electric_Motor|HUST|HUST_Gearbox|Mechanical_Gear|PU|UOEMD|UORED,8,Diagnosis,Load_0HP,MLP (TL),141,141,1920,600,0.7733333333333333,0.8195175438596491,0.8130490116798125,0.9390994848231691,42
E0_RMS_Detrend,"RMS + detrend em pretrain, fine-tune e teste",rms_detrend,rms_detrend,rms_detrend,False,,CWRU_12k,CWRU_48k|Electric_Motor|HUST|HUST_Gearbox|Mechanical_Gear|PU|UOEMD|UORED,8,Diagnosis,Load_0HP,TABNET (TL),141,141,1920,600,0.7666666666666667,0.803874269005848,0.8034985403402504,0.923318467238557,42
E0_RMS_Detrend,"RMS + detrend em pretrain, fine-tune e teste",rms_detrend,rms_detrend,rms_detrend,False,,CWRU_12k,CWRU_48k|Electric_Motor|HUST|HUST_Gearbox|Mechanical_Gear|PU|UOEMD|UORED,8,Diagnosis,Load_1HP,MLP (TL),141,141,1880,640,0.8859375,0.9015350877192984,0.9017505264662972,0.9787017543859649,42
E0_RMS_Detrend,"RMS + detrend em pretrain, fine-tune e teste",rms_detrend,rms_detrend,rms_detrend,False,,CWRU_12k,CWRU_48k|Electric_Motor|HUST|HUST_Gearbox|Mechanical_Gear|PU|UOEMD|UORED,8,Diagnosis,Load_1HP,TABNET (TL),141,141,1880,640,0.8953125,0.9089181286549708,0.9074828419275291,0.981820652173913,42
E0_RMS_Detrend,"RMS + detrend em pretrain, fine-tune e teste",rms_detrend,rms_detrend,rms_detrend,False,,CWRU_12k,CWRU_48k|Electric_Motor|HUST|HUST_Gearbox|Mechanical_Gear|PU|UOEMD|UORED,8,Diagnosis,Load_2HP,MLP (TL),141,141,1880,640,0.9390625,0.9471491228070176,0.9471046527237931,0.9953793224002034,42
E0_RMS_Detrend,"RMS + detrend em pretrain, fine-tune e teste",rms_detrend,rms_detrend,rms_detrend,False,,CWRU_12k,CWRU_48k|Electric_Motor|HUST|HUST_Gearbox|Mechanical_Gear|PU|UOEMD|UORED,8,Diagnosis,Load_2HP,TABNET (TL),141,141,1880,640,0.9703125,0.9749269005847954,0.9742775028970665,0.9986417810831426,42
E0_RMS_Detrend,"RMS + detrend em pretrain, fine-tune e teste",rms_detrend,rms_detrend,rms_detrend,False,,CWRU_12k,CWRU_48k|Electric_Motor|HUST|HUST_Gearbox|Mechanical_Gear|PU|UOEMD|UORED,8,Diagnosis,Load_3HP,MLP (TL),141,141,1880,640,0.896875,0.9105263157894736,0.9111227683792871,0.9741017035341979,42
E0_RMS_Detrend,"RMS + detrend em pretrain, fine-tune e teste",rms_detrend,rms_detrend,rms_detrend,False,,CWRU_12k,CWRU_48k|Electric_Motor|HUST|HUST_Gearbox|Mechanical_Gear|PU|UOEMD|UORED,8,Diagnosis,Load_3HP,TABNET (TL),141,141,1880,640,0.8546875,0.875,0.8768297850790543,0.9660969997457411,42
E1_RMS_Sem_Detrend,"RMS sem detrend em pretrain, fine-tune e teste",rms_raw,rms_raw,rms_raw,False,,CWRU_12k,CWRU_48k|Electric_Motor|HUST|HUST_Gearbox|Mechanical_Gear|PU|UOEMD|UORED,8,Diagnosis,Load_0HP,MLP (TL),141,141,1920,600,0.775,0.8207602339181287,0.8132083930787792,0.9246794408106989,42
E1_RMS_Sem_Detrend,"RMS sem detrend em pretrain, fine-tune e teste",rms_raw,rms_raw,rms_raw,False,,CWRU_12k,CWRU_48k|Electric_Motor|HUST|HUST_Gearbox|Mechanical_Gear|PU|UOEMD|UORED,8,Diagnosis,Load_0HP,TABNET (TL),141,141,1920,600,0.6516666666666666,0.5928362573099415,0.618477118945869,0.8821221880921817,42
E1_RMS_Sem_Detrend,"RMS sem detrend em pretrain, fine-tune e teste",rms_raw,rms_raw,rms_raw,False,,CWRU_12k,CWRU_48k|Electric_Motor|HUST|HUST_Gearbox|Mechanical_Gear|PU|UOEMD|UORED,8,Diagnosis,Load_1HP,MLP (TL),141,141,1880,640,0.8875,0.9021198830409356,0.9015959212861867,0.9816354563946097,42
E1_RMS_Sem_Detrend,"RMS sem detrend em pretrain, fine-tune e teste",rms_raw,rms_raw,rms_raw,False,,CWRU_12k,CWRU_48k|Electric_Motor|HUST|HUST_Gearbox|Mechanical_Gear|PU|UOEMD|UORED,8,Diagnosis,Load_1HP,TABNET (TL),141,141,1880,640,0.8984375,0.9122807017543859,0.9125442806255143,0.983747457411645,42
E1_RMS_Sem_Detrend,"RMS sem detrend em pretrain, fine-tune e teste",rms_raw,rms_raw,rms_raw,False,,CWRU_12k,CWRU_48k|Electric_Motor|HUST|HUST_Gearbox|Mechanical_Gear|PU|UOEMD|UORED,8,Diagnosis,Load_2HP,MLP (TL),141,141,1880,640,0.9578125,0.9634502923976609,0.963482114801671,0.9974918001525552,42
E1_RMS_Sem_Detrend,"RMS sem detrend em pretrain, fine-tune e teste",rms_raw,rms_raw,rms_raw,False,,CWRU_12k,CWRU_48k|Electric_Motor|HUST|HUST_Gearbox|Mechanical_Gear|PU|UOEMD|UORED,8,Diagnosis,Load_2HP,TABNET (TL),141,141,1880,640,0.93125,0.940204678362573,0.9402204940671819,0.9937535914060514,42
E1_RMS_Sem_Detrend,"RMS sem detrend em pretrain, fine-tune e teste",rms_raw,rms_raw,rms_raw,False,,CWRU_12k,CWRU_48k|Electric_Motor|HUST|HUST_Gearbox|Mechanical_Gear|PU|UOEMD|UORED,8,Diagnosis,Load_3HP,MLP (TL),141,141,1880,640,0.88125,0.8969298245614035,0.8980812986479036,0.9744156496313248,42
E1_RMS_Sem_Detrend,"RMS sem detrend em pretrain, fine-tune e teste",rms_raw,rms_raw,rms_raw,False,,CWRU_12k,CWRU_48k|Electric_Motor|HUST|HUST_Gearbox|Mechanical_Gear|PU|UOEMD|UORED,8,Diagnosis,Load_3HP,TABNET (TL),141,141,1880,640,0.8359375,0.8584795321637427,0.8615502445582701,0.9474202262903636,42
E2_RMS_Detrend_Treino_Raw_Teste,RMS + detrend no treino; raw sem detrend no teste,rms_detrend,rms_detrend,raw,False,,CWRU_12k,CWRU_48k|Electric_Motor|HUST|HUST_Gearbox|Mechanical_Gear|PU|UOEMD|UORED,8,Diagnosis,Load_0HP,MLP (TL),141,141,1920,600,0.2966666666666667,0.23998538011695905,0.18292838874680306,0.4927932127065632,42
E2_RMS_Detrend_Treino_Raw_Teste,RMS + detrend no treino; raw sem detrend no teste,rms_detrend,rms_detrend,raw,False,,CWRU_12k,CWRU_48k|Electric_Motor|HUST|HUST_Gearbox|Mechanical_Gear|PU|UOEMD|UORED,8,Diagnosis,Load_0HP,TABNET (TL),141,141,1920,600,0.35833333333333334,0.28326023391812866,0.22202278755946736,0.48245289290298915,42
E2_RMS_Detrend_Treino_Raw_Teste,RMS + detrend no treino; raw sem detrend no teste,rms_detrend,rms_detrend,raw,False,,CWRU_12k,CWRU_48k|Electric_Motor|HUST|HUST_Gearbox|Mechanical_Gear|PU|UOEMD|UORED,8,Diagnosis,Load_1HP,MLP (TL),141,141,1880,640,0.296875,0.25,0.1144578313253012,0.5,42
E2_RMS_Detrend_Treino_Raw_Teste,RMS + detrend no treino; raw sem detrend no teste,rms_detrend,rms_detrend,raw,False,,CWRU_12k,CWRU_48k|Electric_Motor|HUST|HUST_Gearbox|Mechanical_Gear|PU|UOEMD|UORED,8,Diagnosis,Load_1HP,TABNET (TL),141,141,1880,640,0.296875,0.26228070175438595,0.15998402964146813,0.46220934582833895,42
E2_RMS_Detrend_Treino_Raw_Teste,RMS + detrend no treino; raw sem detrend no teste,rms_detrend,rms_detrend,raw,False,,CWRU_12k,CWRU_48k|Electric_Motor|HUST|HUST_Gearbox|Mechanical_Gear|PU|UOEMD|UORED,8,Diagnosis,Load_2HP,MLP (TL),141,141,1880,640,0.2921875,0.25241228070175437,0.18493381836447187,0.5017254640223748,42
E2_RMS_Detrend_Treino_Raw_Teste,RMS + detrend no treino; raw sem detrend no teste,rms_detrend,rms_detrend,raw,False,,CWRU_12k,CWRU_48k|Electric_Motor|HUST|HUST_Gearbox|Mechanical_Gear|PU|UOEMD|UORED,8,Diagnosis,Load_2HP,TABNET (TL),141,141,1880,640,0.3078125,0.2637426900584795,0.23598226021965607,0.5076473705209581,42
E2_RMS_Detrend_Treino_Raw_Teste,RMS + detrend no treino; raw sem detrend no teste,rms_detrend,rms_detrend,raw,False,,CWRU_12k,CWRU_48k|Electric_Motor|HUST|HUST_Gearbox|Mechanical_Gear|PU|UOEMD|UORED,8,Diagnosis,Load_3HP,MLP (TL),141,141,1880,640,0.296875,0.25,0.1144578313253012,0.5,42
E2_RMS_Detrend_Treino_Raw_Teste,RMS + detrend no treino; raw sem detrend no teste,rms_detrend,rms_detrend,raw,False,,CWRU_12k,CWRU_48k|Electric_Motor|HUST|HUST_Gearbox|Mechanical_Gear|PU|UOEMD|UORED,8,Diagnosis,Load_3HP,TABNET (TL),141,141,1880,640,0.33125,0.2856725146198831,0.26000625656991416,0.5719392656232973,42
E3_RMS_Detrend_Com_Parametros,"RMS + detrend com RMS, b1 e b2 como features",rms_detrend,rms_detrend,rms_detrend,True,"RMS,b1,b2",CWRU_12k,CWRU_48k|Electric_Motor|HUST|HUST_Gearbox|Mechanical_Gear|PU|UOEMD|UORED,8,Diagnosis,Load_0HP,MLP (TL),141,144,1920,600,0.7916666666666666,0.8345029239766082,0.8246177280220139,0.9317370895905075,42
E3_RMS_Detrend_Com_Parametros,"RMS + detrend com RMS, b1 e b2 como features",rms_detrend,rms_detrend,rms_detrend,True,"RMS,b1,b2",CWRU_12k,CWRU_48k|Electric_Motor|HUST|HUST_Gearbox|Mechanical_Gear|PU|UOEMD|UORED,8,Diagnosis,Load_0HP,TABNET (TL),141,144,1920,600,0.7566666666666667,0.7420687134502923,0.7606294840503579,0.8981803716396343,42
E3_RMS_Detrend_Com_Parametros,"RMS + detrend com RMS, b1 e b2 como features",rms_detrend,rms_detrend,rms_detrend,True,"RMS,b1,b2",CWRU_12k,CWRU_48k|Electric_Motor|HUST|HUST_Gearbox|Mechanical_Gear|PU|UOEMD|UORED,8,Diagnosis,Load_1HP,MLP (TL),141,144,1880,640,0.8953125,0.9093567251461989,0.9095083206866936,0.9816509979659294,42
E3_RMS_Detrend_Com_Parametros,"RMS + detrend com RMS, b1 e b2 como features",rms_detrend,rms_detrend,rms_detrend,True,"RMS,b1,b2",CWRU_12k,CWRU_48k|Electric_Motor|HUST|HUST_Gearbox|Mechanical_Gear|PU|UOEMD|UORED,8,Diagnosis,Load_1HP,TABNET (TL),141,144,1880,640,0.890625,0.905190058479532,0.9052018550774436,0.9807973239257565,42
E3_RMS_Detrend_Com_Parametros,"RMS + detrend com RMS, b1 e b2 como features",rms_detrend,rms_detrend,rms_detrend,True,"RMS,b1,b2",CWRU_12k,CWRU_48k|Electric_Motor|HUST|HUST_Gearbox|Mechanical_Gear|PU|UOEMD|UORED,8,Diagnosis,Load_2HP,MLP (TL),141,144,1880,640,0.96875,0.9730994152046784,0.9729710499308979,0.9983619056699721,42
E3_RMS_Detrend_Com_Parametros,"RMS + detrend com RMS, b1 e b2 como features",rms_detrend,rms_detrend,rms_detrend,True,"RMS,b1,b2",CWRU_12k,CWRU_48k|Electric_Motor|HUST|HUST_Gearbox|Mechanical_Gear|PU|UOEMD|UORED,8,Diagnosis,Load_2HP,TABNET (TL),141,144,1880,640,0.946875,0.9546052631578947,0.9545601649919765,0.9953498601576405,42
E3_RMS_Detrend_Com_Parametros,"RMS + detrend com RMS, b1 e b2 como features",rms_detrend,rms_detrend,rms_detrend,True,"RMS,b1,b2",CWRU_12k,CWRU_48k|Electric_Motor|HUST|HUST_Gearbox|Mechanical_Gear|PU|UOEMD|UORED,8,Diagnosis,Load_3HP,MLP (TL),141,144,1880,640,0.89375,0.9071637426900585,0.9088560204377789,0.9799410437325197,42
E3_RMS_Detrend_Com_Parametros,"RMS + detrend com RMS, b1 e b2 como features",rms_detrend,rms_detrend,rms_detrend,True,"RMS,b1,b2",CWRU_12k,CWRU_48k|Electric_Motor|HUST|HUST_Gearbox|Mechanical_Gear|PU|UOEMD|UORED,8,Diagnosis,Load_3HP,TABNET (TL),141,144,1880,640,0.8578125,0.8779970760233918,0.8788636024150376,0.9637712306127637,42
E4_RMS_Detrend_Treino_Raw_Teste_Com_Parametros,"RMS + detrend no treino; raw sem detrend no teste; com RMS, b1 e b2",rms_detrend,rms_detrend,raw,True,"RMS,b1,b2",CWRU_12k,CWRU_48k|Electric_Motor|HUST|HUST_Gearbox|Mechanical_Gear|PU|UOEMD|UORED,8,Diagnosis,Load_0HP,MLP (TL),141,144,1920,600,0.31666666666666665,0.25,0.12025316455696203,0.5,42
E4_RMS_Detrend_Treino_Raw_Teste_Com_Parametros,"RMS + detrend no treino; raw sem detrend no teste; com RMS, b1 e b2",rms_detrend,rms_detrend,raw,True,"RMS,b1,b2",CWRU_12k,CWRU_48k|Electric_Motor|HUST|HUST_Gearbox|Mechanical_Gear|PU|UOEMD|UORED,8,Diagnosis,Load_0HP,TABNET (TL),141,144,1920,600,0.3566666666666667,0.2823830409356725,0.21443361365953112,0.6193702360151735,42
E4_RMS_Detrend_Treino_Raw_Teste_Com_Parametros,"RMS + detrend no treino; raw sem detrend no teste; com RMS, b1 e b2",rms_detrend,rms_detrend,raw,True,"RMS,b1,b2",CWRU_12k,CWRU_48k|Electric_Motor|HUST|HUST_Gearbox|Mechanical_Gear|PU|UOEMD|UORED,8,Diagnosis,Load_1HP,MLP (TL),141,144,1880,640,0.2125,0.2549342105263158,0.14497810618500273,0.5029631370091896,42
E4_RMS_Detrend_Treino_Raw_Teste_Com_Parametros,"RMS + detrend no treino; raw sem detrend no teste; com RMS, b1 e b2",rms_detrend,rms_detrend,raw,True,"RMS,b1,b2",CWRU_12k,CWRU_48k|Electric_Motor|HUST|HUST_Gearbox|Mechanical_Gear|PU|UOEMD|UORED,8,Diagnosis,Load_1HP,TABNET (TL),141,144,1880,640,0.303125,0.26505847953216377,0.18592480316618248,0.6401124936435291,42
E4_RMS_Detrend_Treino_Raw_Teste_Com_Parametros,"RMS + detrend no treino; raw sem detrend no teste; com RMS, b1 e b2",rms_detrend,rms_detrend,raw,True,"RMS,b1,b2",CWRU_12k,CWRU_48k|Electric_Motor|HUST|HUST_Gearbox|Mechanical_Gear|PU|UOEMD|UORED,8,Diagnosis,Load_2HP,MLP (TL),141,144,1880,640,0.221875,0.26282894736842105,0.15004755357785235,0.5077587197159565,42
E4_RMS_Detrend_Treino_Raw_Teste_Com_Parametros,"RMS + detrend no treino; raw sem detrend no teste; com RMS, b1 e b2",rms_detrend,rms_detrend,raw,True,"RMS,b1,b2",CWRU_12k,CWRU_48k|Electric_Motor|HUST|HUST_Gearbox|Mechanical_Gear|PU|UOEMD|UORED,8,Diagnosis,Load_2HP,TABNET (TL),141,144,1880,640,0.3625,0.3830043859649123,0.36051991168956843,0.5990076762899096,42
E4_RMS_Detrend_Treino_Raw_Teste_Com_Parametros,"RMS + detrend no treino; raw sem detrend no teste; com RMS, b1 e b2",rms_detrend,rms_detrend,raw,True,"RMS,b1,b2",CWRU_12k,CWRU_48k|Electric_Motor|HUST|HUST_Gearbox|Mechanical_Gear|PU|UOEMD|UORED,8,Diagnosis,Load_3HP,MLP (TL),141,144,1880,640,0.296875,0.25,0.1144578313253012,0.5,42
E4_RMS_Detrend_Treino_Raw_Teste_Com_Parametros,"RMS + detrend no treino; raw sem detrend no teste; com RMS, b1 e b2",rms_detrend,rms_detrend,raw,True,"RMS,b1,b2",CWRU_12k,CWRU_48k|Electric_Motor|HUST|HUST_Gearbox|Mechanical_Gear|PU|UOEMD|UORED,8,Diagnosis,Load_3HP,TABNET (TL),141,144,1880,640,0.3140625,0.2652777777777778,0.15562603135313532,0.504519604321038,42
E0_RMS_Detrend,"RMS + detrend em pretrain, fine-tune e teste",rms_detrend,rms_detrend,rms_detrend,False,,PU,CWRU_12k|CWRU_48k|Electric_Motor|HUST|HUST_Gearbox|Mechanical_Gear|UOEMD|UORED,8,Diagnosis,C1_1500rpm_0.7Nm_1000N,MLP (TL),141,141,4847,1629,1.0,1.0,1.0,1.0,42
E0_RMS_Detrend,"RMS + detrend em pretrain, fine-tune e teste",rms_detrend,rms_detrend,rms_detrend,False,,PU,CWRU_12k|CWRU_48k|Electric_Motor|HUST|HUST_Gearbox|Mechanical_Gear|UOEMD|UORED,8,Diagnosis,C1_1500rpm_0.7Nm_1000N,TABNET (TL),141,141,4847,1629,0.9785144260282382,0.9877707896575821,0.981516874938554,0.9997682749040392,42
E0_RMS_Detrend,"RMS + detrend em pretrain, fine-tune e teste",rms_detrend,rms_detrend,rms_detrend,False,,PU,CWRU_12k|CWRU_48k|Electric_Motor|HUST|HUST_Gearbox|Mechanical_Gear|UOEMD|UORED,8,Diagnosis,C2_900rpm_0.7Nm_1000N,MLP (TL),141,141,4864,1612,0.4633995037220844,0.5215747923769555,0.45110182233469903,0.7744032768401931,42
E0_RMS_Detrend,"RMS + detrend em pretrain, fine-tune e teste",rms_detrend,rms_detrend,rms_detrend,False,,PU,CWRU_12k|CWRU_48k|Electric_Motor|HUST|HUST_Gearbox|Mechanical_Gear|UOEMD|UORED,8,Diagnosis,C2_900rpm_0.7Nm_1000N,TABNET (TL),141,141,4864,1612,0.53287841191067,0.6059926403628557,0.5274849327499536,0.7035949366665508,42
E0_RMS_Detrend,"RMS + detrend em pretrain, fine-tune e teste",rms_detrend,rms_detrend,rms_detrend,False,,PU,CWRU_12k|CWRU_48k|Electric_Motor|HUST|HUST_Gearbox|Mechanical_Gear|UOEMD|UORED,8,Diagnosis,C3_1500rpm_0.1Nm_1000N,MLP (TL),141,141,4855,1621,0.9975323874151758,0.9985964912280701,0.9958425336860439,0.9999919816611404,42
E0_RMS_Detrend,"RMS + detrend em pretrain, fine-tune e teste",rms_detrend,rms_detrend,rms_detrend,False,,PU,CWRU_12k|CWRU_48k|Electric_Motor|HUST|HUST_Gearbox|Mechanical_Gear|UOEMD|UORED,8,Diagnosis,C3_1500rpm_0.1Nm_1000N,TABNET (TL),141,141,4855,1621,0.9987661937075879,0.999298245614035,0.9984315701454879,0.9999972139936912,42
E0_RMS_Detrend,"RMS + detrend em pretrain, fine-tune e teste",rms_detrend,rms_detrend,rms_detrend,False,,PU,CWRU_12k|CWRU_48k|Electric_Motor|HUST|HUST_Gearbox|Mechanical_Gear|UOEMD|UORED,8,Diagnosis,C4_1500rpm_0.7Nm_400N,MLP (TL),141,141,4862,1614,0.8643122676579925,0.8873153337449837,0.8669184040901032,0.9723195540158486,42
E0_RMS_Detrend,"RMS + detrend em pretrain, fine-tune e teste",rms_detrend,rms_detrend,rms_detrend,False,,PU,CWRU_12k|CWRU_48k|Electric_Motor|HUST|HUST_Gearbox|Mechanical_Gear|UOEMD|UORED,8,Diagnosis,C4_1500rpm_0.7Nm_400N,TABNET (TL),141,141,4862,1614,0.7905824039653035,0.8424485426692895,0.7604361652591615,0.8845586341468815,42
E1_RMS_Sem_Detrend,"RMS sem detrend em pretrain, fine-tune e teste",rms_raw,rms_raw,rms_raw,False,,PU,CWRU_12k|CWRU_48k|Electric_Motor|HUST|HUST_Gearbox|Mechanical_Gear|UOEMD|UORED,8,Diagnosis,C1_1500rpm_0.7Nm_1000N,MLP (TL),141,141,4847,1629,0.9987722529158993,0.9993011879804333,0.9989572266592205,0.999999482361467,42
E1_RMS_Sem_Detrend,"RMS sem detrend em pretrain, fine-tune e teste",rms_raw,rms_raw,rms_raw,False,,PU,CWRU_12k|CWRU_48k|Electric_Motor|HUST|HUST_Gearbox|Mechanical_Gear|UOEMD|UORED,8,Diagnosis,C1_1500rpm_0.7Nm_1000N,TABNET (TL),141,141,4847,1629,0.9993861264579497,0.9993055555555556,0.9987999007917988,0.999999395609709,42
E1_RMS_Sem_Detrend,"RMS sem detrend em pretrain, fine-tune e teste",rms_raw,rms_raw,rms_raw,False,,PU,CWRU_12k|CWRU_48k|Electric_Motor|HUST|HUST_Gearbox|Mechanical_Gear|UOEMD|UORED,8,Diagnosis,C2_900rpm_0.7Nm_1000N,MLP (TL),141,141,4864,1612,0.4627791563275434,0.53365074526673,0.4337159536376445,0.7834741318957391,42
E1_RMS_Sem_Detrend,"RMS sem detrend em pretrain, fine-tune e teste",rms_raw,rms_raw,rms_raw,False,,PU,CWRU_12k|CWRU_48k|Electric_Motor|HUST|HUST_Gearbox|Mechanical_Gear|UOEMD|UORED,8,Diagnosis,C2_900rpm_0.7Nm_1000N,TABNET (TL),141,141,4864,1612,0.4665012406947891,0.5072048325082612,0.44003022663157104,0.7260344942092211,42
E1_RMS_Sem_Detrend,"RMS sem detrend em pretrain, fine-tune e teste",rms_raw,rms_raw,rms_raw,False,,PU,CWRU_12k|CWRU_48k|Electric_Motor|HUST|HUST_Gearbox|Mechanical_Gear|UOEMD|UORED,8,Diagnosis,C3_1500rpm_0.1Nm_1000N,MLP (TL),141,141,4855,1621,0.9969154842689698,0.9982456140350878,0.9948138603105775,0.9999989541663398,42
E1_RMS_Sem_Detrend,"RMS sem detrend em pretrain, fine-tune e teste",rms_raw,rms_raw,rms_raw,False,,PU,CWRU_12k|CWRU_48k|Electric_Motor|HUST|HUST_Gearbox|Mechanical_Gear|UOEMD|UORED,8,Diagnosis,C3_1500rpm_0.1Nm_1000N,TABNET (TL),141,141,4855,1621,0.9907464528069093,0.9916046278436056,0.9851035501571849,0.9997761154205421,42
E1_RMS_Sem_Detrend,"RMS sem detrend em pretrain, fine-tune e teste",rms_raw,rms_raw,rms_raw,False,,PU,CWRU_12k|CWRU_48k|Electric_Motor|HUST|HUST_Gearbox|Mechanical_Gear|UOEMD|UORED,8,Diagnosis,C4_1500rpm_0.7Nm_400N,MLP (TL),141,141,4862,1614,0.8519206939281289,0.8713229242550917,0.8568964310027277,0.971034511382026,42
E1_RMS_Sem_Detrend,"RMS sem detrend em pretrain, fine-tune e teste",rms_raw,rms_raw,rms_raw,False,,PU,CWRU_12k|CWRU_48k|Electric_Motor|HUST|HUST_Gearbox|Mechanical_Gear|UOEMD|UORED,8,Diagnosis,C4_1500rpm_0.7Nm_400N,TABNET (TL),141,141,4862,1614,0.8872366790582404,0.8981380275851741,0.8690028919009899,0.9673414717589676,42
E2_RMS_Detrend_Treino_Raw_Teste,RMS + detrend no treino; raw sem detrend no teste,rms_detrend,rms_detrend,raw,False,,PU,CWRU_12k|CWRU_48k|Electric_Motor|HUST|HUST_Gearbox|Mechanical_Gear|UOEMD|UORED,8,Diagnosis,C1_1500rpm_0.7Nm_1000N,MLP (TL),141,141,4847,1629,0.4444444444444444,0.3388845213137666,0.30730685910494554,0.5040456194551943,42
E2_RMS_Detrend_Treino_Raw_Teste,RMS + detrend no treino; raw sem detrend no teste,rms_detrend,rms_detrend,raw,False,,PU,CWRU_12k|CWRU_48k|Electric_Motor|HUST|HUST_Gearbox|Mechanical_Gear|UOEMD|UORED,8,Diagnosis,C1_1500rpm_0.7Nm_1000N,TABNET (TL),141,141,4847,1629,0.514426028238183,0.34559311670160725,0.32858909338666337,0.6109584216897774,42
E2_RMS_Detrend_Treino_Raw_Teste,RMS + detrend no treino; raw sem detrend no teste,rms_detrend,rms_detrend,raw,False,,PU,CWRU_12k|CWRU_48k|Electric_Motor|HUST|HUST_Gearbox|Mechanical_Gear|UOEMD|UORED,8,Diagnosis,C2_900rpm_0.7Nm_1000N,MLP (TL),141,141,4864,1612,0.4509925558312655,0.3390782862784962,0.30972418587115325,0.5048230904726702,42
E2_RMS_Detrend_Treino_Raw_Teste,RMS + detrend no treino; raw sem detrend no teste,rms_detrend,rms_detrend,raw,False,,PU,CWRU_12k|CWRU_48k|Electric_Motor|HUST|HUST_Gearbox|Mechanical_Gear|UOEMD|UORED,8,Diagnosis,C2_900rpm_0.7Nm_1000N,TABNET (TL),141,141,4864,1612,0.6160049627791563,0.3968907008857167,0.37644340573137186,0.5145801660915185,42
E2_RMS_Detrend_Treino_Raw_Teste,RMS + detrend no treino; raw sem detrend no teste,rms_detrend,rms_detrend,raw,False,,PU,CWRU_12k|CWRU_48k|Electric_Motor|HUST|HUST_Gearbox|Mechanical_Gear|UOEMD|UORED,8,Diagnosis,C3_1500rpm_0.1Nm_1000N,MLP (TL),141,141,4855,1621,0.2961135101789019,0.3333333333333333,0.15230842455973345,0.5,42
E2_RMS_Detrend_Treino_Raw_Teste,RMS + detrend no treino; raw sem detrend no teste,rms_detrend,rms_detrend,raw,False,,PU,CWRU_12k|CWRU_48k|Electric_Motor|HUST|HUST_Gearbox|Mechanical_Gear|UOEMD|UORED,8,Diagnosis,C3_1500rpm_0.1Nm_1000N,TABNET (TL),141,141,4855,1621,0.4780999383096854,0.5297820412724655,0.42941016210741473,0.6405151207172776,42
E2_RMS_Detrend_Treino_Raw_Teste,RMS + detrend no treino; raw sem detrend no teste,rms_detrend,rms_detrend,raw,False,,PU,CWRU_12k|CWRU_48k|Electric_Motor|HUST|HUST_Gearbox|Mechanical_Gear|UOEMD|UORED,8,Diagnosis,C4_1500rpm_0.7Nm_400N,MLP (TL),141,141,4862,1614,0.4473358116480793,0.3347448582773402,0.3066291902738432,0.5019749995544883,42
E2_RMS_Detrend_Treino_Raw_Teste,RMS + detrend no treino; raw sem detrend no teste,rms_detrend,rms_detrend,raw,False,,PU,CWRU_12k|CWRU_48k|Electric_Motor|HUST|HUST_Gearbox|Mechanical_Gear|UOEMD|UORED,8,Diagnosis,C4_1500rpm_0.7Nm_400N,TABNET (TL),141,141,4862,1614,0.32961586121437425,0.47047279217195853,0.3127592639480462,0.5879350542008334,42
E3_RMS_Detrend_Com_Parametros,"RMS + detrend com RMS, b1 e b2 como features",rms_detrend,rms_detrend,rms_detrend,True,"RMS,b1,b2",PU,CWRU_12k|CWRU_48k|Electric_Motor|HUST|HUST_Gearbox|Mechanical_Gear|UOEMD|UORED,8,Diagnosis,C1_1500rpm_0.7Nm_1000N,MLP (TL),141,144,4847,1629,0.9987722529158993,0.9993011879804333,0.9989572266592205,1.0,42
E3_RMS_Detrend_Com_Parametros,"RMS + detrend com RMS, b1 e b2 como features",rms_detrend,rms_detrend,rms_detrend,True,"RMS,b1,b2",PU,CWRU_12k|CWRU_48k|Electric_Motor|HUST|HUST_Gearbox|Mechanical_Gear|UOEMD|UORED,8,Diagnosis,C1_1500rpm_0.7Nm_1000N,TABNET (TL),141,144,4847,1629,0.9969306322897483,0.9982529699510833,0.9958866599205477,0.999999482361467,42
E3_RMS_Detrend_Com_Parametros,"RMS + detrend com RMS, b1 e b2 como features",rms_detrend,rms_detrend,rms_detrend,True,"RMS,b1,b2",PU,CWRU_12k|CWRU_48k|Electric_Motor|HUST|HUST_Gearbox|Mechanical_Gear|UOEMD|UORED,8,Diagnosis,C2_900rpm_0.7Nm_1000N,MLP (TL),141,144,4864,1612,0.5068238213399504,0.668814179294103,0.5291443014641708,0.8187676310110689,42
E3_RMS_Detrend_Com_Parametros,"RMS + detrend com RMS, b1 e b2 como features",rms_detrend,rms_detrend,rms_detrend,True,"RMS,b1,b2",PU,CWRU_12k|CWRU_48k|Electric_Motor|HUST|HUST_Gearbox|Mechanical_Gear|UOEMD|UORED,8,Diagnosis,C2_900rpm_0.7Nm_1000N,TABNET (TL),141,144,4864,1612,0.45161290322580644,0.41053241373279853,0.33198109671294396,0.7885279619328024,42
E3_RMS_Detrend_Com_Parametros,"RMS + detrend com RMS, b1 e b2 como features",rms_detrend,rms_detrend,rms_detrend,True,"RMS,b1,b2",PU,CWRU_12k|CWRU_48k|Electric_Motor|HUST|HUST_Gearbox|Mechanical_Gear|UOEMD|UORED,8,Diagnosis,C3_1500rpm_0.1Nm_1000N,MLP (TL),141,144,4855,1621,0.999383096853794,0.9996491228070176,0.9989541469996347,1.0,42
E3_RMS_Detrend_Com_Parametros,"RMS + detrend com RMS, b1 e b2 como features",rms_detrend,rms_detrend,rms_detrend,True,"RMS,b1,b2",PU,CWRU_12k|CWRU_48k|Electric_Motor|HUST|HUST_Gearbox|Mechanical_Gear|UOEMD|UORED,8,Diagnosis,C3_1500rpm_0.1Nm_1000N,TABNET (TL),141,144,4855,1621,0.9623689080814312,0.9281374957900862,0.9429778230530061,0.9929300275681205,42
E3_RMS_Detrend_Com_Parametros,"RMS + detrend com RMS, b1 e b2 como features",rms_detrend,rms_detrend,rms_detrend,True,"RMS,b1,b2",PU,CWRU_12k|CWRU_48k|Electric_Motor|HUST|HUST_Gearbox|Mechanical_Gear|UOEMD|UORED,8,Diagnosis,C4_1500rpm_0.7Nm_400N,MLP (TL),141,144,4862,1614,0.8847583643122676,0.9154889359145555,0.8822008149397309,0.9868745751688567,42
E3_RMS_Detrend_Com_Parametros,"RMS + detrend com RMS, b1 e b2 como features",rms_detrend,rms_detrend,rms_detrend,True,"RMS,b1,b2",PU,CWRU_12k|CWRU_48k|Electric_Motor|HUST|HUST_Gearbox|Mechanical_Gear|UOEMD|UORED,8,Diagnosis,C4_1500rpm_0.7Nm_400N,TABNET (TL),141,144,4862,1614,0.869268897149938,0.8417384602174716,0.8235628526074713,0.9604592251844085,42
E4_RMS_Detrend_Treino_Raw_Teste_Com_Parametros,"RMS + detrend no treino; raw sem detrend no teste; com RMS, b1 e b2",rms_detrend,rms_detrend,raw,True,"RMS,b1,b2",PU,CWRU_12k|CWRU_48k|Electric_Motor|HUST|HUST_Gearbox|Mechanical_Gear|UOEMD|UORED,8,Diagnosis,C1_1500rpm_0.7Nm_1000N,MLP (TL),141,144,4847,1629,0.585635359116022,0.3333333333333333,0.2462253193960511,0.5,42
E4_RMS_Detrend_Treino_Raw_Teste_Com_Parametros,"RMS + detrend no treino; raw sem detrend no teste; com RMS, b1 e b2",rms_detrend,rms_detrend,raw,True,"RMS,b1,b2",PU,CWRU_12k|CWRU_48k|Electric_Motor|HUST|HUST_Gearbox|Mechanical_Gear|UOEMD|UORED,8,Diagnosis,C1_1500rpm_0.7Nm_1000N,TABNET (TL),141,144,4847,1629,0.6433394720687539,0.5907441004139117,0.5688627592535771,0.8187816934898589,42
E4_RMS_Detrend_Treino_Raw_Teste_Com_Parametros,"RMS + detrend no treino; raw sem detrend no teste; com RMS, b1 e b2",rms_detrend,rms_detrend,raw,True,"RMS,b1,b2",PU,CWRU_12k|CWRU_48k|Electric_Motor|HUST|HUST_Gearbox|Mechanical_Gear|UOEMD|UORED,8,Diagnosis,C2_900rpm_0.7Nm_1000N,MLP (TL),141,144,4864,1612,0.5924317617866005,0.3333333333333333,0.24801973769640306,0.5,42
E4_RMS_Detrend_Treino_Raw_Teste_Com_Parametros,"RMS + detrend no treino; raw sem detrend no teste; com RMS, b1 e b2",rms_detrend,rms_detrend,raw,True,"RMS,b1,b2",PU,CWRU_12k|CWRU_48k|Electric_Motor|HUST|HUST_Gearbox|Mechanical_Gear|UOEMD|UORED,8,Diagnosis,C2_900rpm_0.7Nm_1000N,TABNET (TL),141,144,4864,1612,0.48759305210918114,0.35578181089943356,0.33527937329936247,0.6289620307389558,42
E4_RMS_Detrend_Treino_Raw_Teste_Com_Parametros,"RMS + detrend no treino; raw sem detrend no teste; com RMS, b1 e b2",rms_detrend,rms_detrend,raw,True,"RMS,b1,b2",PU,CWRU_12k|CWRU_48k|Electric_Motor|HUST|HUST_Gearbox|Mechanical_Gear|UOEMD|UORED,8,Diagnosis,C3_1500rpm_0.1Nm_1000N,MLP (TL),141,144,4855,1621,0.5860579888957433,0.3333333333333333,0.2463373525217166,0.5,42
E4_RMS_Detrend_Treino_Raw_Teste_Com_Parametros,"RMS + detrend no treino; raw sem detrend no teste; com RMS, b1 e b2",rms_detrend,rms_detrend,raw,True,"RMS,b1,b2",PU,CWRU_12k|CWRU_48k|Electric_Motor|HUST|HUST_Gearbox|Mechanical_Gear|UOEMD|UORED,8,Diagnosis,C3_1500rpm_0.1Nm_1000N,TABNET (TL),141,144,4855,1621,0.5052436767427514,0.32962719298245613,0.30701303838457633,0.6190272777889677,42
E4_RMS_Detrend_Treino_Raw_Teste_Com_Parametros,"RMS + detrend no treino; raw sem detrend no teste; com RMS, b1 e b2",rms_detrend,rms_detrend,raw,True,"RMS,b1,b2",PU,CWRU_12k|CWRU_48k|Electric_Motor|HUST|HUST_Gearbox|Mechanical_Gear|UOEMD|UORED,8,Diagnosis,C4_1500rpm_0.7Nm_400N,MLP (TL),141,144,4862,1614,0.5898389095415117,0.3333333333333333,0.2473369706417251,0.5,42
E4_RMS_Detrend_Treino_Raw_Teste_Com_Parametros,"RMS + detrend no treino; raw sem detrend no teste; com RMS, b1 e b2",rms_detrend,rms_detrend,raw,True,"RMS,b1,b2",PU,CWRU_12k|CWRU_48k|Electric_Motor|HUST|HUST_Gearbox|Mechanical_Gear|UOEMD|UORED,8,Diagnosis,C4_1500rpm_0.7Nm_400N,TABNET (TL),141,144,4862,1614,0.6133828996282528,0.40335752585940315,0.3934601452501439,0.7466114663289641,42
E0_RMS_Detrend,"RMS + detrend em pretrain, fine-tune e teste",rms_detrend,rms_detrend,rms_detrend,False,,HUST_Gearbox,CWRU_12k|CWRU_48k|Electric_Motor|HUST|Mechanical_Gear|PU|UOEMD|UORED,8,Diagnosis,Cond_20_0,MLP (TL),141,141,870,30,1.0,1.0,1.0,1.0,42
E0_RMS_Detrend,"RMS + detrend em pretrain, fine-tune e teste",rms_detrend,rms_detrend,rms_detrend,False,,HUST_Gearbox,CWRU_12k|CWRU_48k|Electric_Motor|HUST|Mechanical_Gear|PU|UOEMD|UORED,8,Diagnosis,Cond_20_0,TABNET (TL),141,141,870,30,1.0,1.0,1.0,1.0,42
E0_RMS_Detrend,"RMS + detrend em pretrain, fine-tune e teste",rms_detrend,rms_detrend,rms_detrend,False,,HUST_Gearbox,CWRU_12k|CWRU_48k|Electric_Motor|HUST|Mechanical_Gear|PU|UOEMD|UORED,8,Diagnosis,Cond_20_1,MLP (TL),141,141,870,30,0.9666666666666667,0.9666666666666667,0.9665831244778612,1.0,42
E0_RMS_Detrend,"RMS + detrend em pretrain, fine-tune e teste",rms_detrend,rms_detrend,rms_detrend,False,,HUST_Gearbox,CWRU_12k|CWRU_48k|Electric_Motor|HUST|Mechanical_Gear|PU|UOEMD|UORED,8,Diagnosis,Cond_20_1,TABNET (TL),141,141,870,30,0.7333333333333333,0.7333333333333334,0.6825396825396824,0.985,42
E0_RMS_Detrend,"RMS + detrend em pretrain, fine-tune e teste",rms_detrend,rms_detrend,rms_detrend,False,,HUST_Gearbox,CWRU_12k|CWRU_48k|Electric_Motor|HUST|Mechanical_Gear|PU|UOEMD|UORED,8,Diagnosis,Cond_20_2,MLP (TL),141,141,870,30,1.0,1.0,1.0,1.0,42
E0_RMS_Detrend,"RMS + detrend em pretrain, fine-tune e teste",rms_detrend,rms_detrend,rms_detrend,False,,HUST_Gearbox,CWRU_12k|CWRU_48k|Electric_Motor|HUST|Mechanical_Gear|PU|UOEMD|UORED,8,Diagnosis,Cond_20_2,TABNET (TL),141,141,870,30,1.0,1.0,1.0,1.0,42
E0_RMS_Detrend,"RMS + detrend em pretrain, fine-tune e teste",rms_detrend,rms_detrend,rms_detrend,False,,HUST_Gearbox,CWRU_12k|CWRU_48k|Electric_Motor|HUST|Mechanical_Gear|PU|UOEMD|UORED,8,Diagnosis,Cond_20_3,MLP (TL),141,141,870,30,1.0,1.0,1.0,1.0,42
E0_RMS_Detrend,"RMS + detrend em pretrain, fine-tune e teste",rms_detrend,rms_detrend,rms_detrend,False,,HUST_Gearbox,CWRU_12k|CWRU_48k|Electric_Motor|HUST|Mechanical_Gear|PU|UOEMD|UORED,8,Diagnosis,Cond_20_3,TABNET (TL),141,141,870,30,0.9333333333333333,0.9333333333333332,0.9333333333333332,0.9966666666666667,42
E0_RMS_Detrend,"RMS + detrend em pretrain, fine-tune e teste",rms_detrend,rms_detrend,rms_detrend,False,,HUST_Gearbox,CWRU_12k|CWRU_48k|Electric_Motor|HUST|Mechanical_Gear|PU|UOEMD|UORED,8,Diagnosis,Cond_20_4,MLP (TL),141,141,870,30,0.6666666666666666,0.6666666666666666,0.5555555555555555,0.6549999999999999,42
E0_RMS_Detrend,"RMS + detrend em pretrain, fine-tune e teste",rms_detrend,rms_detrend,rms_detrend,False,,HUST_Gearbox,CWRU_12k|CWRU_48k|Electric_Motor|HUST|Mechanical_Gear|PU|UOEMD|UORED,8,Diagnosis,Cond_20_4,TABNET (TL),141,141,870,30,0.3333333333333333,0.3333333333333333,0.3333333333333333,0.6266666666666666,42
E0_RMS_Detrend,"RMS + detrend em pretrain, fine-tune e teste",rms_detrend,rms_detrend,rms_detrend,False,,HUST_Gearbox,CWRU_12k|CWRU_48k|Electric_Motor|HUST|Mechanical_Gear|PU|UOEMD|UORED,8,Diagnosis,Cond_25_0,MLP (TL),141,141,870,30,1.0,1.0,1.0,1.0,42
E0_RMS_Detrend,"RMS + detrend em pretrain, fine-tune e teste",rms_detrend,rms_detrend,rms_detrend,False,,HUST_Gearbox,CWRU_12k|CWRU_48k|Electric_Motor|HUST|Mechanical_Gear|PU|UOEMD|UORED,8,Diagnosis,Cond_25_0,TABNET (TL),141,141,870,30,1.0,1.0,1.0,1.0,42
E0_RMS_Detrend,"RMS + detrend em pretrain, fine-tune e teste",rms_detrend,rms_detrend,rms_detrend,False,,HUST_Gearbox,CWRU_12k|CWRU_48k|Electric_Motor|HUST|Mechanical_Gear|PU|UOEMD|UORED,8,Diagnosis,Cond_25_1,MLP (TL),141,141,870,30,1.0,1.0,1.0,1.0,42
E0_RMS_Detrend,"RMS + detrend em pretrain, fine-tune e teste",rms_detrend,rms_detrend,rms_detrend,False,,HUST_Gearbox,CWRU_12k|CWRU_48k|Electric_Motor|HUST|Mechanical_Gear|PU|UOEMD|UORED,8,Diagnosis,Cond_25_1,TABNET (TL),141,141,870,30,0.7333333333333333,0.7333333333333334,0.6825396825396824,0.9700000000000001,42
E0_RMS_Detrend,"RMS + detrend em pretrain, fine-tune e teste",rms_detrend,rms_detrend,rms_detrend,False,,HUST_Gearbox,CWRU_12k|CWRU_48k|Electric_Motor|HUST|Mechanical_Gear|PU|UOEMD|UORED,8,Diagnosis,Cond_25_2,MLP (TL),141,141,870,30,0.6666666666666666,0.6666666666666666,0.5555555555555555,1.0,42
E0_RMS_Detrend,"RMS + detrend em pretrain, fine-tune e teste",rms_detrend,rms_detrend,rms_detrend,False,,HUST_Gearbox,CWRU_12k|CWRU_48k|Electric_Motor|HUST|Mechanical_Gear|PU|UOEMD|UORED,8,Diagnosis,Cond_25_2,TABNET (TL),141,141,870,30,0.6666666666666666,0.6666666666666666,0.5555555555555555,1.0,42
E0_RMS_Detrend,"RMS + detrend em pretrain, fine-tune e teste",rms_detrend,rms_detrend,rms_detrend,False,,HUST_Gearbox,CWRU_12k|CWRU_48k|Electric_Motor|HUST|Mechanical_Gear|PU|UOEMD|UORED,8,Diagnosis,Cond_25_3,MLP (TL),141,141,870,30,0.8,0.7999999999999999,0.7802197802197802,1.0,42
E0_RMS_Detrend,"RMS + detrend em pretrain, fine-tune e teste",rms_detrend,rms_detrend,rms_detrend,False,,HUST_Gearbox,CWRU_12k|CWRU_48k|Electric_Motor|HUST|Mechanical_Gear|PU|UOEMD|UORED,8,Diagnosis,Cond_25_3,TABNET (TL),141,141,870,30,0.6666666666666666,0.6666666666666666,0.5555555555555555,1.0,42
E0_RMS_Detrend,"RMS + detrend em pretrain, fine-tune e teste",rms_detrend,rms_detrend,rms_detrend,False,,HUST_Gearbox,CWRU_12k|CWRU_48k|Electric_Motor|HUST|Mechanical_Gear|PU|UOEMD|UORED,8,Diagnosis,Cond_25_4,MLP (TL),141,141,870,30,0.7666666666666667,0.7666666666666666,0.7340930674264007,1.0,42
E0_RMS_Detrend,"RMS + detrend em pretrain, fine-tune e teste",rms_detrend,rms_detrend,rms_detrend,False,,HUST_Gearbox,CWRU_12k|CWRU_48k|Electric_Motor|HUST|Mechanical_Gear|PU|UOEMD|UORED,8,Diagnosis,Cond_25_4,TABNET (TL),141,141,870,30,0.6666666666666666,0.6666666666666666,0.5555555555555555,0.995,42
E0_RMS_Detrend,"RMS + detrend em pretrain, fine-tune e teste",rms_detrend,rms_detrend,rms_detrend,False,,HUST_Gearbox,CWRU_12k|CWRU_48k|Electric_Motor|HUST|Mechanical_Gear|PU|UOEMD|UORED,8,Diagnosis,Cond_30_0,MLP (TL),141,141,870,30,1.0,1.0,1.0,1.0,42
E0_RMS_Detrend,"RMS + detrend em pretrain, fine-tune e teste",rms_detrend,rms_detrend,rms_detrend,False,,HUST_Gearbox,CWRU_12k|CWRU_48k|Electric_Motor|HUST|Mechanical_Gear|PU|UOEMD|UORED,8,Diagnosis,Cond_30_0,TABNET (TL),141,141,870,30,1.0,1.0,1.0,1.0,42
E0_RMS_Detrend,"RMS + detrend em pretrain, fine-tune e teste",rms_detrend,rms_detrend,rms_detrend,False,,HUST_Gearbox,CWRU_12k|CWRU_48k|Electric_Motor|HUST|Mechanical_Gear|PU|UOEMD|UORED,8,Diagnosis,Cond_30_1,MLP (TL),141,141,870,30,1.0,1.0,1.0,1.0,42
E0_RMS_Detrend,"RMS + detrend em pretrain, fine-tune e teste",rms_detrend,rms_detrend,rms_detrend,False,,HUST_Gearbox,CWRU_12k|CWRU_48k|Electric_Motor|HUST|Mechanical_Gear|PU|UOEMD|UORED,8,Diagnosis,Cond_30_1,TABNET (TL),141,141,870,30,1.0,1.0,1.0,1.0,42
E0_RMS_Detrend,"RMS + detrend em pretrain, fine-tune e teste",rms_detrend,rms_detrend,rms_detrend,False,,HUST_Gearbox,CWRU_12k|CWRU_48k|Electric_Motor|HUST|Mechanical_Gear|PU|UOEMD|UORED,8,Diagnosis,Cond_30_2,MLP (TL),141,141,870,30,1.0,1.0,1.0,1.0,42
E0_RMS_Detrend,"RMS + detrend em pretrain, fine-tune e teste",rms_detrend,rms_detrend,rms_detrend,False,,HUST_Gearbox,CWRU_12k|CWRU_48k|Electric_Motor|HUST|Mechanical_Gear|PU|UOEMD|UORED,8,Diagnosis,Cond_30_2,TABNET (TL),141,141,870,30,1.0,1.0,1.0,1.0,42
E0_RMS_Detrend,"RMS + detrend em pretrain, fine-tune e teste",rms_detrend,rms_detrend,rms_detrend,False,,HUST_Gearbox,CWRU_12k|CWRU_48k|Electric_Motor|HUST|Mechanical_Gear|PU|UOEMD|UORED,8,Diagnosis,Cond_30_3,MLP (TL),141,141,870,30,1.0,1.0,1.0,1.0,42
E0_RMS_Detrend,"RMS + detrend em pretrain, fine-tune e teste",rms_detrend,rms_detrend,rms_detrend,False,,HUST_Gearbox,CWRU_12k|CWRU_48k|Electric_Motor|HUST|Mechanical_Gear|PU|UOEMD|UORED,8,Diagnosis,Cond_30_3,TABNET (TL),141,141,870,30,1.0,1.0,1.0,1.0,42
E0_RMS_Detrend,"RMS + detrend em pretrain, fine-tune e teste",rms_detrend,rms_detrend,rms_detrend,False,,HUST_Gearbox,CWRU_12k|CWRU_48k|Electric_Motor|HUST|Mechanical_Gear|PU|UOEMD|UORED,8,Diagnosis,Cond_30_4,MLP (TL),141,141,870,30,1.0,1.0,1.0,1.0,42
E0_RMS_Detrend,"RMS + detrend em pretrain, fine-tune e teste",rms_detrend,rms_detrend,rms_detrend,False,,HUST_Gearbox,CWRU_12k|CWRU_48k|Electric_Motor|HUST|Mechanical_Gear|PU|UOEMD|UORED,8,Diagnosis,Cond_30_4,TABNET (TL),141,141,870,30,1.0,1.0,1.0,1.0,42
E0_RMS_Detrend,"RMS + detrend em pretrain, fine-tune e teste",rms_detrend,rms_detrend,rms_detrend,False,,HUST_Gearbox,CWRU_12k|CWRU_48k|Electric_Motor|HUST|Mechanical_Gear|PU|UOEMD|UORED,8,Diagnosis,Cond_35_0,MLP (TL),141,141,870,30,0.7666666666666667,0.7666666666666666,0.7340930674264007,1.0,42
E0_RMS_Detrend,"RMS + detrend em pretrain, fine-tune e teste",rms_detrend,rms_detrend,rms_detrend,False,,HUST_Gearbox,CWRU_12k|CWRU_48k|Electric_Motor|HUST|Mechanical_Gear|PU|UOEMD|UORED,8,Diagnosis,Cond_35_0,TABNET (TL),141,141,870,30,0.6666666666666666,0.6666666666666666,0.5555555555555555,1.0,42
E0_RMS_Detrend,"RMS + detrend em pretrain, fine-tune e teste",rms_detrend,rms_detrend,rms_detrend,False,,HUST_Gearbox,CWRU_12k|CWRU_48k|Electric_Motor|HUST|Mechanical_Gear|PU|UOEMD|UORED,8,Diagnosis,Cond_35_1,MLP (TL),141,141,870,30,1.0,1.0,1.0,1.0,42
E0_RMS_Detrend,"RMS + detrend em pretrain, fine-tune e teste",rms_detrend,rms_detrend,rms_detrend,False,,HUST_Gearbox,CWRU_12k|CWRU_48k|Electric_Motor|HUST|Mechanical_Gear|PU|UOEMD|UORED,8,Diagnosis,Cond_35_1,TABNET (TL),141,141,870,30,1.0,1.0,1.0,1.0,42
E0_RMS_Detrend,"RMS + detrend em pretrain, fine-tune e teste",rms_detrend,rms_detrend,rms_detrend,False,,HUST_Gearbox,CWRU_12k|CWRU_48k|Electric_Motor|HUST|Mechanical_Gear|PU|UOEMD|UORED,8,Diagnosis,Cond_35_2,MLP (TL),141,141,870,30,0.9,0.9,0.8976982097186701,1.0,42
E0_RMS_Detrend,"RMS + detrend em pretrain, fine-tune e teste",rms_detrend,rms_detrend,rms_detrend,False,,HUST_Gearbox,CWRU_12k|CWRU_48k|Electric_Motor|HUST|Mechanical_Gear|PU|UOEMD|UORED,8,Diagnosis,Cond_35_2,TABNET (TL),141,141,870,30,0.8333333333333334,0.8333333333333334,0.8222222222222223,1.0,42
E0_RMS_Detrend,"RMS + detrend em pretrain, fine-tune e teste",rms_detrend,rms_detrend,rms_detrend,False,,HUST_Gearbox,CWRU_12k|CWRU_48k|Electric_Motor|HUST|Mechanical_Gear|PU|UOEMD|UORED,8,Diagnosis,Cond_35_3,MLP (TL),141,141,870,30,1.0,1.0,1.0,1.0,42
E0_RMS_Detrend,"RMS + detrend em pretrain, fine-tune e teste",rms_detrend,rms_detrend,rms_detrend,False,,HUST_Gearbox,CWRU_12k|CWRU_48k|Electric_Motor|HUST|Mechanical_Gear|PU|UOEMD|UORED,8,Diagnosis,Cond_35_3,TABNET (TL),141,141,870,30,1.0,1.0,1.0,1.0,42
E0_RMS_Detrend,"RMS + detrend em pretrain, fine-tune e teste",rms_detrend,rms_detrend,rms_detrend,False,,HUST_Gearbox,CWRU_12k|CWRU_48k|Electric_Motor|HUST|Mechanical_Gear|PU|UOEMD|UORED,8,Diagnosis,Cond_35_4,MLP (TL),141,141,870,30,0.7,0.7000000000000001,0.6068713894800851,0.8483333333333333,42
E0_RMS_Detrend,"RMS + detrend em pretrain, fine-tune e teste",rms_detrend,rms_detrend,rms_detrend,False,,HUST_Gearbox,CWRU_12k|CWRU_48k|Electric_Motor|HUST|Mechanical_Gear|PU|UOEMD|UORED,8,Diagnosis,Cond_35_4,TABNET (TL),141,141,870,30,0.9666666666666667,0.9666666666666667,0.9665831244778613,0.9500000000000001,42
E0_RMS_Detrend,"RMS + detrend em pretrain, fine-tune e teste",rms_detrend,rms_detrend,rms_detrend,False,,HUST_Gearbox,CWRU_12k|CWRU_48k|Electric_Motor|HUST|Mechanical_Gear|PU|UOEMD|UORED,8,Diagnosis,Cond_40_0,MLP (TL),141,141,870,30,0.7333333333333333,0.7333333333333334,0.6825396825396827,1.0,42
E0_RMS_Detrend,"RMS + detrend em pretrain, fine-tune e teste",rms_detrend,rms_detrend,rms_detrend,False,,HUST_Gearbox,CWRU_12k|CWRU_48k|Electric_Motor|HUST|Mechanical_Gear|PU|UOEMD|UORED,8,Diagnosis,Cond_40_0,TABNET (TL),141,141,870,30,0.7,0.7000000000000001,0.6238244514106583,0.9966666666666667,42
E0_RMS_Detrend,"RMS + detrend em pretrain, fine-tune e teste",rms_detrend,rms_detrend,rms_detrend,False,,HUST_Gearbox,CWRU_12k|CWRU_48k|Electric_Motor|HUST|Mechanical_Gear|PU|UOEMD|UORED,8,Diagnosis,Cond_40_1,MLP (TL),141,141,870,30,1.0,1.0,1.0,1.0,42
E0_RMS_Detrend,"RMS + detrend em pretrain, fine-tune e teste",rms_detrend,rms_detrend,rms_detrend,False,,HUST_Gearbox,CWRU_12k|CWRU_48k|Electric_Motor|HUST|Mechanical_Gear|PU|UOEMD|UORED,8,Diagnosis,Cond_40_1,TABNET (TL),141,141,870,30,1.0,1.0,1.0,1.0,42
E0_RMS_Detrend,"RMS + detrend em pretrain, fine-tune e teste",rms_detrend,rms_detrend,rms_detrend,False,,HUST_Gearbox,CWRU_12k|CWRU_48k|Electric_Motor|HUST|Mechanical_Gear|PU|UOEMD|UORED,8,Diagnosis,Cond_40_2,MLP (TL),141,141,870,30,0.9333333333333333,0.9333333333333332,0.9326599326599326,1.0,42
E0_RMS_Detrend,"RMS + detrend em pretrain, fine-tune e teste",rms_detrend,rms_detrend,rms_detrend,False,,HUST_Gearbox,CWRU_12k|CWRU_48k|Electric_Motor|HUST|Mechanical_Gear|PU|UOEMD|UORED,8,Diagnosis,Cond_40_2,TABNET (TL),141,141,870,30,0.8666666666666667,0.8666666666666667,0.8611111111111112,0.9716666666666667,42
E0_RMS_Detrend,"RMS + detrend em pretrain, fine-tune e teste",rms_detrend,rms_detrend,rms_detrend,False,,HUST_Gearbox,CWRU_12k|CWRU_48k|Electric_Motor|HUST|Mechanical_Gear|PU|UOEMD|UORED,8,Diagnosis,Cond_40_3,MLP (TL),141,141,870,30,1.0,1.0,1.0,1.0,42
E0_RMS_Detrend,"RMS + detrend em pretrain, fine-tune e teste",rms_detrend,rms_detrend,rms_detrend,False,,HUST_Gearbox,CWRU_12k|CWRU_48k|Electric_Motor|HUST|Mechanical_Gear|PU|UOEMD|UORED,8,Diagnosis,Cond_40_3,TABNET (TL),141,141,870,30,1.0,1.0,1.0,1.0,42
E0_RMS_Detrend,"RMS + detrend em pretrain, fine-tune e teste",rms_detrend,rms_detrend,rms_detrend,False,,HUST_Gearbox,CWRU_12k|CWRU_48k|Electric_Motor|HUST|Mechanical_Gear|PU|UOEMD|UORED,8,Diagnosis,Cond_40_4,MLP (TL),141,141,870,30,1.0,1.0,1.0,1.0,42
E0_RMS_Detrend,"RMS + detrend em pretrain, fine-tune e teste",rms_detrend,rms_detrend,rms_detrend,False,,HUST_Gearbox,CWRU_12k|CWRU_48k|Electric_Motor|HUST|Mechanical_Gear|PU|UOEMD|UORED,8,Diagnosis,Cond_40_4,TABNET (TL),141,141,870,30,1.0,1.0,1.0,1.0,42
E0_RMS_Detrend,"RMS + detrend em pretrain, fine-tune e teste",rms_detrend,rms_detrend,rms_detrend,False,,HUST_Gearbox,CWRU_12k|CWRU_48k|Electric_Motor|HUST|Mechanical_Gear|PU|UOEMD|UORED,8,Diagnosis,Cond_L0_VS_0_40_0,MLP (TL),141,141,870,30,0.9666666666666667,0.9666666666666667,0.9665831244778613,1.0,42
E0_RMS_Detrend,"RMS + detrend em pretrain, fine-tune e teste",rms_detrend,rms_detrend,rms_detrend,False,,HUST_Gearbox,CWRU_12k|CWRU_48k|Electric_Motor|HUST|Mechanical_Gear|PU|UOEMD|UORED,8,Diagnosis,Cond_L0_VS_0_40_0,TABNET (TL),141,141,870,30,1.0,1.0,1.0,1.0,42
E0_RMS_Detrend,"RMS + detrend em pretrain, fine-tune e teste",rms_detrend,rms_detrend,rms_detrend,False,,HUST_Gearbox,CWRU_12k|CWRU_48k|Electric_Motor|HUST|Mechanical_Gear|PU|UOEMD|UORED,8,Diagnosis,Cond_L1_VS_0_40_0,MLP (TL),141,141,870,30,0.9666666666666667,0.9666666666666667,0.9665831244778613,1.0,42
E0_RMS_Detrend,"RMS + detrend em pretrain, fine-tune e teste",rms_detrend,rms_detrend,rms_detrend,False,,HUST_Gearbox,CWRU_12k|CWRU_48k|Electric_Motor|HUST|Mechanical_Gear|PU|UOEMD|UORED,8,Diagnosis,Cond_L1_VS_0_40_0,TABNET (TL),141,141,870,30,1.0,1.0,1.0,1.0,42
E0_RMS_Detrend,"RMS + detrend em pretrain, fine-tune e teste",rms_detrend,rms_detrend,rms_detrend,False,,HUST_Gearbox,CWRU_12k|CWRU_48k|Electric_Motor|HUST|Mechanical_Gear|PU|UOEMD|UORED,8,Diagnosis,Cond_L2_VS_0_40_0,MLP (TL),141,141,870,30,1.0,1.0,1.0,1.0,42
E0_RMS_Detrend,"RMS + detrend em pretrain, fine-tune e teste",rms_detrend,rms_detrend,rms_detrend,False,,HUST_Gearbox,CWRU_12k|CWRU_48k|Electric_Motor|HUST|Mechanical_Gear|PU|UOEMD|UORED,8,Diagnosis,Cond_L2_VS_0_40_0,TABNET (TL),141,141,870,30,0.9333333333333333,0.9333333333333332,0.9326599326599326,1.0,42
E0_RMS_Detrend,"RMS + detrend em pretrain, fine-tune e teste",rms_detrend,rms_detrend,rms_detrend,False,,HUST_Gearbox,CWRU_12k|CWRU_48k|Electric_Motor|HUST|Mechanical_Gear|PU|UOEMD|UORED,8,Diagnosis,Cond_L3_VS_0_40_0,MLP (TL),141,141,870,30,1.0,1.0,1.0,1.0,42
E0_RMS_Detrend,"RMS + detrend em pretrain, fine-tune e teste",rms_detrend,rms_detrend,rms_detrend,False,,HUST_Gearbox,CWRU_12k|CWRU_48k|Electric_Motor|HUST|Mechanical_Gear|PU|UOEMD|UORED,8,Diagnosis,Cond_L3_VS_0_40_0,TABNET (TL),141,141,870,30,0.8666666666666667,0.8666666666666667,0.8611111111111112,1.0,42
E0_RMS_Detrend,"RMS + detrend em pretrain, fine-tune e teste",rms_detrend,rms_detrend,rms_detrend,False,,HUST_Gearbox,CWRU_12k|CWRU_48k|Electric_Motor|HUST|Mechanical_Gear|PU|UOEMD|UORED,8,Diagnosis,Cond_L4_VS_0_40_0,MLP (TL),141,141,870,30,1.0,1.0,1.0,1.0,42
E0_RMS_Detrend,"RMS + detrend em pretrain, fine-tune e teste",rms_detrend,rms_detrend,rms_detrend,False,,HUST_Gearbox,CWRU_12k|CWRU_48k|Electric_Motor|HUST|Mechanical_Gear|PU|UOEMD|UORED,8,Diagnosis,Cond_L4_VS_0_40_0,TABNET (TL),141,141,870,30,1.0,1.0,1.0,1.0,42
E1_RMS_Sem_Detrend,"RMS sem detrend em pretrain, fine-tune e teste",rms_raw,rms_raw,rms_raw,False,,HUST_Gearbox,CWRU_12k|CWRU_48k|Electric_Motor|HUST|Mechanical_Gear|PU|UOEMD|UORED,8,Diagnosis,Cond_20_0,MLP (TL),141,141,870,30,1.0,1.0,1.0,1.0,42
E1_RMS_Sem_Detrend,"RMS sem detrend em pretrain, fine-tune e teste",rms_raw,rms_raw,rms_raw,False,,HUST_Gearbox,CWRU_12k|CWRU_48k|Electric_Motor|HUST|Mechanical_Gear|PU|UOEMD|UORED,8,Diagnosis,Cond_20_0,TABNET (TL),141,141,870,30,0.8666666666666667,0.8666666666666667,0.8611111111111112,1.0,42
E1_RMS_Sem_Detrend,"RMS sem detrend em pretrain, fine-tune e teste",rms_raw,rms_raw,rms_raw,False,,HUST_Gearbox,CWRU_12k|CWRU_48k|Electric_Motor|HUST|Mechanical_Gear|PU|UOEMD|UORED,8,Diagnosis,Cond_20_1,MLP (TL),141,141,870,30,0.9666666666666667,0.9666666666666667,0.9665831244778612,1.0,42
E1_RMS_Sem_Detrend,"RMS sem detrend em pretrain, fine-tune e teste",rms_raw,rms_raw,rms_raw,False,,HUST_Gearbox,CWRU_12k|CWRU_48k|Electric_Motor|HUST|Mechanical_Gear|PU|UOEMD|UORED,8,Diagnosis,Cond_20_1,TABNET (TL),141,141,870,30,0.6666666666666666,0.6666666666666666,0.5555555555555555,1.0,42
E1_RMS_Sem_Detrend,"RMS sem detrend em pretrain, fine-tune e teste",rms_raw,rms_raw,rms_raw,False,,HUST_Gearbox,CWRU_12k|CWRU_48k|Electric_Motor|HUST|Mechanical_Gear|PU|UOEMD|UORED,8,Diagnosis,Cond_20_2,MLP (TL),141,141,870,30,1.0,1.0,1.0,1.0,42
E1_RMS_Sem_Detrend,"RMS sem detrend em pretrain, fine-tune e teste",rms_raw,rms_raw,rms_raw,False,,HUST_Gearbox,CWRU_12k|CWRU_48k|Electric_Motor|HUST|Mechanical_Gear|PU|UOEMD|UORED,8,Diagnosis,Cond_20_2,TABNET (TL),141,141,870,30,1.0,1.0,1.0,1.0,42
E1_RMS_Sem_Detrend,"RMS sem detrend em pretrain, fine-tune e teste",rms_raw,rms_raw,rms_raw,False,,HUST_Gearbox,CWRU_12k|CWRU_48k|Electric_Motor|HUST|Mechanical_Gear|PU|UOEMD|UORED,8,Diagnosis,Cond_20_3,MLP (TL),141,141,870,30,1.0,1.0,1.0,1.0,42
E1_RMS_Sem_Detrend,"RMS sem detrend em pretrain, fine-tune e teste",rms_raw,rms_raw,rms_raw,False,,HUST_Gearbox,CWRU_12k|CWRU_48k|Electric_Motor|HUST|Mechanical_Gear|PU|UOEMD|UORED,8,Diagnosis,Cond_20_3,TABNET (TL),141,141,870,30,0.9666666666666667,0.9666666666666667,0.9665831244778613,1.0,42
E1_RMS_Sem_Detrend,"RMS sem detrend em pretrain, fine-tune e teste",rms_raw,rms_raw,rms_raw,False,,HUST_Gearbox,CWRU_12k|CWRU_48k|Electric_Motor|HUST|Mechanical_Gear|PU|UOEMD|UORED,8,Diagnosis,Cond_20_4,MLP (TL),141,141,870,30,0.6666666666666666,0.6666666666666666,0.5555555555555555,0.6666666666666666,42
E1_RMS_Sem_Detrend,"RMS sem detrend em pretrain, fine-tune e teste",rms_raw,rms_raw,rms_raw,False,,HUST_Gearbox,CWRU_12k|CWRU_48k|Electric_Motor|HUST|Mechanical_Gear|PU|UOEMD|UORED,8,Diagnosis,Cond_20_4,TABNET (TL),141,141,870,30,0.6666666666666666,0.6666666666666666,0.5555555555555555,0.5,42
E1_RMS_Sem_Detrend,"RMS sem detrend em pretrain, fine-tune e teste",rms_raw,rms_raw,rms_raw,False,,HUST_Gearbox,CWRU_12k|CWRU_48k|Electric_Motor|HUST|Mechanical_Gear|PU|UOEMD|UORED,8,Diagnosis,Cond_25_0,MLP (TL),141,141,870,30,1.0,1.0,1.0,1.0,42
E1_RMS_Sem_Detrend,"RMS sem detrend em pretrain, fine-tune e teste",rms_raw,rms_raw,rms_raw,False,,HUST_Gearbox,CWRU_12k|CWRU_48k|Electric_Motor|HUST|Mechanical_Gear|PU|UOEMD|UORED,8,Diagnosis,Cond_25_0,TABNET (TL),141,141,870,30,1.0,1.0,1.0,1.0,42
E1_RMS_Sem_Detrend,"RMS sem detrend em pretrain, fine-tune e teste",rms_raw,rms_raw,rms_raw,False,,HUST_Gearbox,CWRU_12k|CWRU_48k|Electric_Motor|HUST|Mechanical_Gear|PU|UOEMD|UORED,8,Diagnosis,Cond_25_1,MLP (TL),141,141,870,30,1.0,1.0,1.0,1.0,42
E1_RMS_Sem_Detrend,"RMS sem detrend em pretrain, fine-tune e teste",rms_raw,rms_raw,rms_raw,False,,HUST_Gearbox,CWRU_12k|CWRU_48k|Electric_Motor|HUST|Mechanical_Gear|PU|UOEMD|UORED,8,Diagnosis,Cond_25_1,TABNET (TL),141,141,870,30,1.0,1.0,1.0,1.0,42
E1_RMS_Sem_Detrend,"RMS sem detrend em pretrain, fine-tune e teste",rms_raw,rms_raw,rms_raw,False,,HUST_Gearbox,CWRU_12k|CWRU_48k|Electric_Motor|HUST|Mechanical_Gear|PU|UOEMD|UORED,8,Diagnosis,Cond_25_2,MLP (TL),141,141,870,30,0.7,0.7000000000000001,0.6238244514106583,1.0,42
E1_RMS_Sem_Detrend,"RMS sem detrend em pretrain, fine-tune e teste",rms_raw,rms_raw,rms_raw,False,,HUST_Gearbox,CWRU_12k|CWRU_48k|Electric_Motor|HUST|Mechanical_Gear|PU|UOEMD|UORED,8,Diagnosis,Cond_25_2,TABNET (TL),141,141,870,30,0.6666666666666666,0.6666666666666666,0.5555555555555555,0.9366666666666666,42
E1_RMS_Sem_Detrend,"RMS sem detrend em pretrain, fine-tune e teste",rms_raw,rms_raw,rms_raw,False,,HUST_Gearbox,CWRU_12k|CWRU_48k|Electric_Motor|HUST|Mechanical_Gear|PU|UOEMD|UORED,8,Diagnosis,Cond_25_3,MLP (TL),141,141,870,30,0.8666666666666667,0.8666666666666667,0.8611111111111112,1.0,42
E1_RMS_Sem_Detrend,"RMS sem detrend em pretrain, fine-tune e teste",rms_raw,rms_raw,rms_raw,False,,HUST_Gearbox,CWRU_12k|CWRU_48k|Electric_Motor|HUST|Mechanical_Gear|PU|UOEMD|UORED,8,Diagnosis,Cond_25_3,TABNET (TL),141,141,870,30,0.6666666666666666,0.6666666666666666,0.5555555555555555,1.0,42
E1_RMS_Sem_Detrend,"RMS sem detrend em pretrain, fine-tune e teste",rms_raw,rms_raw,rms_raw,False,,HUST_Gearbox,CWRU_12k|CWRU_48k|Electric_Motor|HUST|Mechanical_Gear|PU|UOEMD|UORED,8,Diagnosis,Cond_25_4,MLP (TL),141,141,870,30,0.8,0.7999999999999999,0.7802197802197802,1.0,42
E1_RMS_Sem_Detrend,"RMS sem detrend em pretrain, fine-tune e teste",rms_raw,rms_raw,rms_raw,False,,HUST_Gearbox,CWRU_12k|CWRU_48k|Electric_Motor|HUST|Mechanical_Gear|PU|UOEMD|UORED,8,Diagnosis,Cond_25_4,TABNET (TL),141,141,870,30,0.6666666666666666,0.6666666666666666,0.5555555555555555,1.0,42
E1_RMS_Sem_Detrend,"RMS sem detrend em pretrain, fine-tune e teste",rms_raw,rms_raw,rms_raw,False,,HUST_Gearbox,CWRU_12k|CWRU_48k|Electric_Motor|HUST|Mechanical_Gear|PU|UOEMD|UORED,8,Diagnosis,Cond_30_0,MLP (TL),141,141,870,30,1.0,1.0,1.0,1.0,42
E1_RMS_Sem_Detrend,"RMS sem detrend em pretrain, fine-tune e teste",rms_raw,rms_raw,rms_raw,False,,HUST_Gearbox,CWRU_12k|CWRU_48k|Electric_Motor|HUST|Mechanical_Gear|PU|UOEMD|UORED,8,Diagnosis,Cond_30_0,TABNET (TL),141,141,870,30,1.0,1.0,1.0,1.0,42
E1_RMS_Sem_Detrend,"RMS sem detrend em pretrain, fine-tune e teste",rms_raw,rms_raw,rms_raw,False,,HUST_Gearbox,CWRU_12k|CWRU_48k|Electric_Motor|HUST|Mechanical_Gear|PU|UOEMD|UORED,8,Diagnosis,Cond_30_1,MLP (TL),141,141,870,30,1.0,1.0,1.0,1.0,42
E1_RMS_Sem_Detrend,"RMS sem detrend em pretrain, fine-tune e teste",rms_raw,rms_raw,rms_raw,False,,HUST_Gearbox,CWRU_12k|CWRU_48k|Electric_Motor|HUST|Mechanical_Gear|PU|UOEMD|UORED,8,Diagnosis,Cond_30_1,TABNET (TL),141,141,870,30,1.0,1.0,1.0,1.0,42
E1_RMS_Sem_Detrend,"RMS sem detrend em pretrain, fine-tune e teste",rms_raw,rms_raw,rms_raw,False,,HUST_Gearbox,CWRU_12k|CWRU_48k|Electric_Motor|HUST|Mechanical_Gear|PU|UOEMD|UORED,8,Diagnosis,Cond_30_2,MLP (TL),141,141,870,30,1.0,1.0,1.0,1.0,42
E1_RMS_Sem_Detrend,"RMS sem detrend em pretrain, fine-tune e teste",rms_raw,rms_raw,rms_raw,False,,HUST_Gearbox,CWRU_12k|CWRU_48k|Electric_Motor|HUST|Mechanical_Gear|PU|UOEMD|UORED,8,Diagnosis,Cond_30_2,TABNET (TL),141,141,870,30,1.0,1.0,1.0,1.0,42
E1_RMS_Sem_Detrend,"RMS sem detrend em pretrain, fine-tune e teste",rms_raw,rms_raw,rms_raw,False,,HUST_Gearbox,CWRU_12k|CWRU_48k|Electric_Motor|HUST|Mechanical_Gear|PU|UOEMD|UORED,8,Diagnosis,Cond_30_3,MLP (TL),141,141,870,30,1.0,1.0,1.0,1.0,42
E1_RMS_Sem_Detrend,"RMS sem detrend em pretrain, fine-tune e teste",rms_raw,rms_raw,rms_raw,False,,HUST_Gearbox,CWRU_12k|CWRU_48k|Electric_Motor|HUST|Mechanical_Gear|PU|UOEMD|UORED,8,Diagnosis,Cond_30_3,TABNET (TL),141,141,870,30,1.0,1.0,1.0,1.0,42
E1_RMS_Sem_Detrend,"RMS sem detrend em pretrain, fine-tune e teste",rms_raw,rms_raw,rms_raw,False,,HUST_Gearbox,CWRU_12k|CWRU_48k|Electric_Motor|HUST|Mechanical_Gear|PU|UOEMD|UORED,8,Diagnosis,Cond_30_4,MLP (TL),141,141,870,30,1.0,1.0,1.0,1.0,42
E1_RMS_Sem_Detrend,"RMS sem detrend em pretrain, fine-tune e teste",rms_raw,rms_raw,rms_raw,False,,HUST_Gearbox,CWRU_12k|CWRU_48k|Electric_Motor|HUST|Mechanical_Gear|PU|UOEMD|UORED,8,Diagnosis,Cond_30_4,TABNET (TL),141,141,870,30,1.0,1.0,1.0,1.0,42
E1_RMS_Sem_Detrend,"RMS sem detrend em pretrain, fine-tune e teste",rms_raw,rms_raw,rms_raw,False,,HUST_Gearbox,CWRU_12k|CWRU_48k|Electric_Motor|HUST|Mechanical_Gear|PU|UOEMD|UORED,8,Diagnosis,Cond_35_0,MLP (TL),141,141,870,30,0.6666666666666666,0.6666666666666666,0.5555555555555555,0.9966666666666667,42
E1_RMS_Sem_Detrend,"RMS sem detrend em pretrain, fine-tune e teste",rms_raw,rms_raw,rms_raw,False,,HUST_Gearbox,CWRU_12k|CWRU_48k|Electric_Motor|HUST|Mechanical_Gear|PU|UOEMD|UORED,8,Diagnosis,Cond_35_0,TABNET (TL),141,141,870,30,0.6666666666666666,0.6666666666666666,0.5555555555555555,0.8866666666666667,42
E1_RMS_Sem_Detrend,"RMS sem detrend em pretrain, fine-tune e teste",rms_raw,rms_raw,rms_raw,False,,HUST_Gearbox,CWRU_12k|CWRU_48k|Electric_Motor|HUST|Mechanical_Gear|PU|UOEMD|UORED,8,Diagnosis,Cond_35_1,MLP (TL),141,141,870,30,1.0,1.0,1.0,1.0,42
E1_RMS_Sem_Detrend,"RMS sem detrend em pretrain, fine-tune e teste",rms_raw,rms_raw,rms_raw,False,,HUST_Gearbox,CWRU_12k|CWRU_48k|Electric_Motor|HUST|Mechanical_Gear|PU|UOEMD|UORED,8,Diagnosis,Cond_35_1,TABNET (TL),141,141,870,30,1.0,1.0,1.0,1.0,42
E1_RMS_Sem_Detrend,"RMS sem detrend em pretrain, fine-tune e teste",rms_raw,rms_raw,rms_raw,False,,HUST_Gearbox,CWRU_12k|CWRU_48k|Electric_Motor|HUST|Mechanical_Gear|PU|UOEMD|UORED,8,Diagnosis,Cond_35_2,MLP (TL),141,141,870,30,1.0,1.0,1.0,1.0,42
E1_RMS_Sem_Detrend,"RMS sem detrend em pretrain, fine-tune e teste",rms_raw,rms_raw,rms_raw,False,,HUST_Gearbox,CWRU_12k|CWRU_48k|Electric_Motor|HUST|Mechanical_Gear|PU|UOEMD|UORED,8,Diagnosis,Cond_35_2,TABNET (TL),141,141,870,30,1.0,1.0,1.0,1.0,42
E1_RMS_Sem_Detrend,"RMS sem detrend em pretrain, fine-tune e teste",rms_raw,rms_raw,rms_raw,False,,HUST_Gearbox,CWRU_12k|CWRU_48k|Electric_Motor|HUST|Mechanical_Gear|PU|UOEMD|UORED,8,Diagnosis,Cond_35_3,MLP (TL),141,141,870,30,1.0,1.0,1.0,1.0,42
E1_RMS_Sem_Detrend,"RMS sem detrend em pretrain, fine-tune e teste",rms_raw,rms_raw,rms_raw,False,,HUST_Gearbox,CWRU_12k|CWRU_48k|Electric_Motor|HUST|Mechanical_Gear|PU|UOEMD|UORED,8,Diagnosis,Cond_35_3,TABNET (TL),141,141,870,30,0.6666666666666666,0.6666666666666666,0.5555555555555555,1.0,42
E1_RMS_Sem_Detrend,"RMS sem detrend em pretrain, fine-tune e teste",rms_raw,rms_raw,rms_raw,False,,HUST_Gearbox,CWRU_12k|CWRU_48k|Electric_Motor|HUST|Mechanical_Gear|PU|UOEMD|UORED,8,Diagnosis,Cond_35_4,MLP (TL),141,141,870,30,0.7,0.7000000000000001,0.6238244514106583,0.77,42
E1_RMS_Sem_Detrend,"RMS sem detrend em pretrain, fine-tune e teste",rms_raw,rms_raw,rms_raw,False,,HUST_Gearbox,CWRU_12k|CWRU_48k|Electric_Motor|HUST|Mechanical_Gear|PU|UOEMD|UORED,8,Diagnosis,Cond_35_4,TABNET (TL),141,141,870,30,0.9333333333333333,0.9333333333333332,0.9312169312169312,0.9550000000000001,42
E1_RMS_Sem_Detrend,"RMS sem detrend em pretrain, fine-tune e teste",rms_raw,rms_raw,rms_raw,False,,HUST_Gearbox,CWRU_12k|CWRU_48k|Electric_Motor|HUST|Mechanical_Gear|PU|UOEMD|UORED,8,Diagnosis,Cond_40_0,MLP (TL),141,141,870,30,0.9,0.9,0.8976982097186701,1.0,42
E1_RMS_Sem_Detrend,"RMS sem detrend em pretrain, fine-tune e teste",rms_raw,rms_raw,rms_raw,False,,HUST_Gearbox,CWRU_12k|CWRU_48k|Electric_Motor|HUST|Mechanical_Gear|PU|UOEMD|UORED,8,Diagnosis,Cond_40_0,TABNET (TL),141,141,870,30,0.7666666666666667,0.7666666666666666,0.7340930674264007,0.9183333333333333,42
E1_RMS_Sem_Detrend,"RMS sem detrend em pretrain, fine-tune e teste",rms_raw,rms_raw,rms_raw,False,,HUST_Gearbox,CWRU_12k|CWRU_48k|Electric_Motor|HUST|Mechanical_Gear|PU|UOEMD|UORED,8,Diagnosis,Cond_40_1,MLP (TL),141,141,870,30,1.0,1.0,1.0,1.0,42
E1_RMS_Sem_Detrend,"RMS sem detrend em pretrain, fine-tune e teste",rms_raw,rms_raw,rms_raw,False,,HUST_Gearbox,CWRU_12k|CWRU_48k|Electric_Motor|HUST|Mechanical_Gear|PU|UOEMD|UORED,8,Diagnosis,Cond_40_1,TABNET (TL),141,141,870,30,0.9666666666666667,0.9666666666666667,0.9665831244778613,1.0,42
E1_RMS_Sem_Detrend,"RMS sem detrend em pretrain, fine-tune e teste",rms_raw,rms_raw,rms_raw,False,,HUST_Gearbox,CWRU_12k|CWRU_48k|Electric_Motor|HUST|Mechanical_Gear|PU|UOEMD|UORED,8,Diagnosis,Cond_40_2,MLP (TL),141,141,870,30,0.8333333333333334,0.8333333333333334,0.8222222222222223,1.0,42
E1_RMS_Sem_Detrend,"RMS sem detrend em pretrain, fine-tune e teste",rms_raw,rms_raw,rms_raw,False,,HUST_Gearbox,CWRU_12k|CWRU_48k|Electric_Motor|HUST|Mechanical_Gear|PU|UOEMD|UORED,8,Diagnosis,Cond_40_2,TABNET (TL),141,141,870,30,0.7666666666666667,0.7666666666666666,0.7340930674264007,0.8966666666666668,42
E1_RMS_Sem_Detrend,"RMS sem detrend em pretrain, fine-tune e teste",rms_raw,rms_raw,rms_raw,False,,HUST_Gearbox,CWRU_12k|CWRU_48k|Electric_Motor|HUST|Mechanical_Gear|PU|UOEMD|UORED,8,Diagnosis,Cond_40_3,MLP (TL),141,141,870,30,1.0,1.0,1.0,1.0,42
E1_RMS_Sem_Detrend,"RMS sem detrend em pretrain, fine-tune e teste",rms_raw,rms_raw,rms_raw,False,,HUST_Gearbox,CWRU_12k|CWRU_48k|Electric_Motor|HUST|Mechanical_Gear|PU|UOEMD|UORED,8,Diagnosis,Cond_40_3,TABNET (TL),141,141,870,30,1.0,1.0,1.0,1.0,42
E1_RMS_Sem_Detrend,"RMS sem detrend em pretrain, fine-tune e teste",rms_raw,rms_raw,rms_raw,False,,HUST_Gearbox,CWRU_12k|CWRU_48k|Electric_Motor|HUST|Mechanical_Gear|PU|UOEMD|UORED,8,Diagnosis,Cond_40_4,MLP (TL),141,141,870,30,1.0,1.0,1.0,1.0,42
E1_RMS_Sem_Detrend,"RMS sem detrend em pretrain, fine-tune e teste",rms_raw,rms_raw,rms_raw,False,,HUST_Gearbox,CWRU_12k|CWRU_48k|Electric_Motor|HUST|Mechanical_Gear|PU|UOEMD|UORED,8,Diagnosis,Cond_40_4,TABNET (TL),141,141,870,30,1.0,1.0,1.0,1.0,42
E1_RMS_Sem_Detrend,"RMS sem detrend em pretrain, fine-tune e teste",rms_raw,rms_raw,rms_raw,False,,HUST_Gearbox,CWRU_12k|CWRU_48k|Electric_Motor|HUST|Mechanical_Gear|PU|UOEMD|UORED,8,Diagnosis,Cond_L0_VS_0_40_0,MLP (TL),141,141,870,30,1.0,1.0,1.0,1.0,42
E1_RMS_Sem_Detrend,"RMS sem detrend em pretrain, fine-tune e teste",rms_raw,rms_raw,rms_raw,False,,HUST_Gearbox,CWRU_12k|CWRU_48k|Electric_Motor|HUST|Mechanical_Gear|PU|UOEMD|UORED,8,Diagnosis,Cond_L0_VS_0_40_0,TABNET (TL),141,141,870,30,1.0,1.0,1.0,1.0,42
E1_RMS_Sem_Detrend,"RMS sem detrend em pretrain, fine-tune e teste",rms_raw,rms_raw,rms_raw,False,,HUST_Gearbox,CWRU_12k|CWRU_48k|Electric_Motor|HUST|Mechanical_Gear|PU|UOEMD|UORED,8,Diagnosis,Cond_L1_VS_0_40_0,MLP (TL),141,141,870,30,1.0,1.0,1.0,1.0,42
E1_RMS_Sem_Detrend,"RMS sem detrend em pretrain, fine-tune e teste",rms_raw,rms_raw,rms_raw,False,,HUST_Gearbox,CWRU_12k|CWRU_48k|Electric_Motor|HUST|Mechanical_Gear|PU|UOEMD|UORED,8,Diagnosis,Cond_L1_VS_0_40_0,TABNET (TL),141,141,870,30,1.0,1.0,1.0,1.0,42
E1_RMS_Sem_Detrend,"RMS sem detrend em pretrain, fine-tune e teste",rms_raw,rms_raw,rms_raw,False,,HUST_Gearbox,CWRU_12k|CWRU_48k|Electric_Motor|HUST|Mechanical_Gear|PU|UOEMD|UORED,8,Diagnosis,Cond_L2_VS_0_40_0,MLP (TL),141,141,870,30,1.0,1.0,1.0,1.0,42
E1_RMS_Sem_Detrend,"RMS sem detrend em pretrain, fine-tune e teste",rms_raw,rms_raw,rms_raw,False,,HUST_Gearbox,CWRU_12k|CWRU_48k|Electric_Motor|HUST|Mechanical_Gear|PU|UOEMD|UORED,8,Diagnosis,Cond_L2_VS_0_40_0,TABNET (TL),141,141,870,30,0.9666666666666667,0.9666666666666667,0.9665831244778612,1.0,42
E1_RMS_Sem_Detrend,"RMS sem detrend em pretrain, fine-tune e teste",rms_raw,rms_raw,rms_raw,False,,HUST_Gearbox,CWRU_12k|CWRU_48k|Electric_Motor|HUST|Mechanical_Gear|PU|UOEMD|UORED,8,Diagnosis,Cond_L3_VS_0_40_0,MLP (TL),141,141,870,30,1.0,1.0,1.0,1.0,42
E1_RMS_Sem_Detrend,"RMS sem detrend em pretrain, fine-tune e teste",rms_raw,rms_raw,rms_raw,False,,HUST_Gearbox,CWRU_12k|CWRU_48k|Electric_Motor|HUST|Mechanical_Gear|PU|UOEMD|UORED,8,Diagnosis,Cond_L3_VS_0_40_0,TABNET (TL),141,141,870,30,0.9333333333333333,0.9333333333333332,0.9326599326599326,0.9883333333333333,42
E1_RMS_Sem_Detrend,"RMS sem detrend em pretrain, fine-tune e teste",rms_raw,rms_raw,rms_raw,False,,HUST_Gearbox,CWRU_12k|CWRU_48k|Electric_Motor|HUST|Mechanical_Gear|PU|UOEMD|UORED,8,Diagnosis,Cond_L4_VS_0_40_0,MLP (TL),141,141,870,30,1.0,1.0,1.0,1.0,42
E1_RMS_Sem_Detrend,"RMS sem detrend em pretrain, fine-tune e teste",rms_raw,rms_raw,rms_raw,False,,HUST_Gearbox,CWRU_12k|CWRU_48k|Electric_Motor|HUST|Mechanical_Gear|PU|UOEMD|UORED,8,Diagnosis,Cond_L4_VS_0_40_0,TABNET (TL),141,141,870,30,1.0,1.0,1.0,1.0,42
E2_RMS_Detrend_Treino_Raw_Teste,RMS + detrend no treino; raw sem detrend no teste,rms_detrend,rms_detrend,raw,False,,HUST_Gearbox,CWRU_12k|CWRU_48k|Electric_Motor|HUST|Mechanical_Gear|PU|UOEMD|UORED,8,Diagnosis,Cond_20_0,MLP (TL),141,141,870,30,0.3333333333333333,0.3333333333333333,0.16666666666666666,0.5,42
E2_RMS_Detrend_Treino_Raw_Teste,RMS + detrend no treino; raw sem detrend no teste,rms_detrend,rms_detrend,raw,False,,HUST_Gearbox,CWRU_12k|CWRU_48k|Electric_Motor|HUST|Mechanical_Gear|PU|UOEMD|UORED,8,Diagnosis,Cond_20_0,TABNET (TL),141,141,870,30,0.8666666666666667,0.8666666666666667,0.8611111111111112,0.9533333333333333,42
E2_RMS_Detrend_Treino_Raw_Teste,RMS + detrend no treino; raw sem detrend no teste,rms_detrend,rms_detrend,raw,False,,HUST_Gearbox,CWRU_12k|CWRU_48k|Electric_Motor|HUST|Mechanical_Gear|PU|UOEMD|UORED,8,Diagnosis,Cond_20_1,MLP (TL),141,141,870,30,0.3333333333333333,0.3333333333333333,0.16666666666666666,0.5,42
E2_RMS_Detrend_Treino_Raw_Teste,RMS + detrend no treino; raw sem detrend no teste,rms_detrend,rms_detrend,raw,False,,HUST_Gearbox,CWRU_12k|CWRU_48k|Electric_Motor|HUST|Mechanical_Gear|PU|UOEMD|UORED,8,Diagnosis,Cond_20_1,TABNET (TL),141,141,870,30,0.5,0.5,0.4987468671679198,0.6483333333333333,42
E2_RMS_Detrend_Treino_Raw_Teste,RMS + detrend no treino; raw sem detrend no teste,rms_detrend,rms_detrend,raw,False,,HUST_Gearbox,CWRU_12k|CWRU_48k|Electric_Motor|HUST|Mechanical_Gear|PU|UOEMD|UORED,8,Diagnosis,Cond_20_2,MLP (TL),141,141,870,30,0.3,0.3,0.2351046698872786,0.4749999999999999,42
E2_RMS_Detrend_Treino_Raw_Teste,RMS + detrend no treino; raw sem detrend no teste,rms_detrend,rms_detrend,raw,False,,HUST_Gearbox,CWRU_12k|CWRU_48k|Electric_Motor|HUST|Mechanical_Gear|PU|UOEMD|UORED,8,Diagnosis,Cond_20_2,TABNET (TL),141,141,870,30,0.4,0.39999999999999997,0.27941176470588236,0.5599999999999999,42
E2_RMS_Detrend_Treino_Raw_Teste,RMS + detrend no treino; raw sem detrend no teste,rms_detrend,rms_detrend,raw,False,,HUST_Gearbox,CWRU_12k|CWRU_48k|Electric_Motor|HUST|Mechanical_Gear|PU|UOEMD|UORED,8,Diagnosis,Cond_20_3,MLP (TL),141,141,870,30,0.3333333333333333,0.3333333333333333,0.16666666666666666,0.5,42
E2_RMS_Detrend_Treino_Raw_Teste,RMS + detrend no treino; raw sem detrend no teste,rms_detrend,rms_detrend,raw,False,,HUST_Gearbox,CWRU_12k|CWRU_48k|Electric_Motor|HUST|Mechanical_Gear|PU|UOEMD|UORED,8,Diagnosis,Cond_20_3,TABNET (TL),141,141,870,30,0.5333333333333333,0.5333333333333333,0.4976657329598506,0.6466666666666666,42
E2_RMS_Detrend_Treino_Raw_Teste,RMS + detrend no treino; raw sem detrend no teste,rms_detrend,rms_detrend,raw,False,,HUST_Gearbox,CWRU_12k|CWRU_48k|Electric_Motor|HUST|Mechanical_Gear|PU|UOEMD|UORED,8,Diagnosis,Cond_20_4,MLP (TL),141,141,870,30,0.3333333333333333,0.3333333333333333,0.16666666666666666,0.5,42
E2_RMS_Detrend_Treino_Raw_Teste,RMS + detrend no treino; raw sem detrend no teste,rms_detrend,rms_detrend,raw,False,,HUST_Gearbox,CWRU_12k|CWRU_48k|Electric_Motor|HUST|Mechanical_Gear|PU|UOEMD|UORED,8,Diagnosis,Cond_20_4,TABNET (TL),141,141,870,30,0.5,0.5,0.5222222222222221,0.65,42
E2_RMS_Detrend_Treino_Raw_Teste,RMS + detrend no treino; raw sem detrend no teste,rms_detrend,rms_detrend,raw,False,,HUST_Gearbox,CWRU_12k|CWRU_48k|Electric_Motor|HUST|Mechanical_Gear|PU|UOEMD|UORED,8,Diagnosis,Cond_25_0,MLP (TL),141,141,870,30,0.3333333333333333,0.3333333333333333,0.16666666666666666,0.5,42
E2_RMS_Detrend_Treino_Raw_Teste,RMS + detrend no treino; raw sem detrend no teste,rms_detrend,rms_detrend,raw,False,,HUST_Gearbox,CWRU_12k|CWRU_48k|Electric_Motor|HUST|Mechanical_Gear|PU|UOEMD|UORED,8,Diagnosis,Cond_25_0,TABNET (TL),141,141,870,30,0.5,0.5,0.42580213903743314,0.8500000000000001,42
E2_RMS_Detrend_Treino_Raw_Teste,RMS + detrend no treino; raw sem detrend no teste,rms_detrend,rms_detrend,raw,False,,HUST_Gearbox,CWRU_12k|CWRU_48k|Electric_Motor|HUST|Mechanical_Gear|PU|UOEMD|UORED,8,Diagnosis,Cond_25_1,MLP (TL),141,141,870,30,0.3333333333333333,0.3333333333333333,0.16666666666666666,0.5,42
E2_RMS_Detrend_Treino_Raw_Teste,RMS + detrend no treino; raw sem detrend no teste,rms_detrend,rms_detrend,raw,False,,HUST_Gearbox,CWRU_12k|CWRU_48k|Electric_Motor|HUST|Mechanical_Gear|PU|UOEMD|UORED,8,Diagnosis,Cond_25_1,TABNET (TL),141,141,870,30,0.4666666666666667,0.4666666666666666,0.37566137566137564,0.6875,42
E2_RMS_Detrend_Treino_Raw_Teste,RMS + detrend no treino; raw sem detrend no teste,rms_detrend,rms_detrend,raw,False,,HUST_Gearbox,CWRU_12k|CWRU_48k|Electric_Motor|HUST|Mechanical_Gear|PU|UOEMD|UORED,8,Diagnosis,Cond_25_2,MLP (TL),141,141,870,30,0.3333333333333333,0.3333333333333333,0.16666666666666666,0.5,42
E2_RMS_Detrend_Treino_Raw_Teste,RMS + detrend no treino; raw sem detrend no teste,rms_detrend,rms_detrend,raw,False,,HUST_Gearbox,CWRU_12k|CWRU_48k|Electric_Motor|HUST|Mechanical_Gear|PU|UOEMD|UORED,8,Diagnosis,Cond_25_2,TABNET (TL),141,141,870,30,0.3333333333333333,0.3333333333333333,0.16666666666666666,0.5625,42
E2_RMS_Detrend_Treino_Raw_Teste,RMS + detrend no treino; raw sem detrend no teste,rms_detrend,rms_detrend,raw,False,,HUST_Gearbox,CWRU_12k|CWRU_48k|Electric_Motor|HUST|Mechanical_Gear|PU|UOEMD|UORED,8,Diagnosis,Cond_25_3,MLP (TL),141,141,870,30,0.3333333333333333,0.3333333333333333,0.16666666666666666,0.5,42
E2_RMS_Detrend_Treino_Raw_Teste,RMS + detrend no treino; raw sem detrend no teste,rms_detrend,rms_detrend,raw,False,,HUST_Gearbox,CWRU_12k|CWRU_48k|Electric_Motor|HUST|Mechanical_Gear|PU|UOEMD|UORED,8,Diagnosis,Cond_25_3,TABNET (TL),141,141,870,30,0.3333333333333333,0.3333333333333333,0.16666666666666666,0.7666666666666666,42
E2_RMS_Detrend_Treino_Raw_Teste,RMS + detrend no treino; raw sem detrend no teste,rms_detrend,rms_detrend,raw,False,,HUST_Gearbox,CWRU_12k|CWRU_48k|Electric_Motor|HUST|Mechanical_Gear|PU|UOEMD|UORED,8,Diagnosis,Cond_25_4,MLP (TL),141,141,870,30,0.3333333333333333,0.3333333333333333,0.16666666666666666,0.5,42
E2_RMS_Detrend_Treino_Raw_Teste,RMS + detrend no treino; raw sem detrend no teste,rms_detrend,rms_detrend,raw,False,,HUST_Gearbox,CWRU_12k|CWRU_48k|Electric_Motor|HUST|Mechanical_Gear|PU|UOEMD|UORED,8,Diagnosis,Cond_25_4,TABNET (TL),141,141,870,30,0.3333333333333333,0.3333333333333333,0.16666666666666666,0.6083333333333333,42
E2_RMS_Detrend_Treino_Raw_Teste,RMS + detrend no treino; raw sem detrend no teste,rms_detrend,rms_detrend,raw,False,,HUST_Gearbox,CWRU_12k|CWRU_48k|Electric_Motor|HUST|Mechanical_Gear|PU|UOEMD|UORED,8,Diagnosis,Cond_30_0,MLP (TL),141,141,870,30,0.3333333333333333,0.3333333333333333,0.2670940170940171,0.5,42
E2_RMS_Detrend_Treino_Raw_Teste,RMS + detrend no treino; raw sem detrend no teste,rms_detrend,rms_detrend,raw,False,,HUST_Gearbox,CWRU_12k|CWRU_48k|Electric_Motor|HUST|Mechanical_Gear|PU|UOEMD|UORED,8,Diagnosis,Cond_30_0,TABNET (TL),141,141,870,30,0.36666666666666664,0.3666666666666667,0.23154623154623155,0.565,42
E2_RMS_Detrend_Treino_Raw_Teste,RMS + detrend no treino; raw sem detrend no teste,rms_detrend,rms_detrend,raw,False,,HUST_Gearbox,CWRU_12k|CWRU_48k|Electric_Motor|HUST|Mechanical_Gear|PU|UOEMD|UORED,8,Diagnosis,Cond_30_1,MLP (TL),141,141,870,30,0.3,0.3,0.24,0.4749999999999999,42
E2_RMS_Detrend_Treino_Raw_Teste,RMS + detrend no treino; raw sem detrend no teste,rms_detrend,rms_detrend,raw,False,,HUST_Gearbox,CWRU_12k|CWRU_48k|Electric_Motor|HUST|Mechanical_Gear|PU|UOEMD|UORED,8,Diagnosis,Cond_30_1,TABNET (TL),141,141,870,30,0.3333333333333333,0.3333333333333333,0.1851851851851852,0.6458333333333334,42
E2_RMS_Detrend_Treino_Raw_Teste,RMS + detrend no treino; raw sem detrend no teste,rms_detrend,rms_detrend,raw,False,,HUST_Gearbox,CWRU_12k|CWRU_48k|Electric_Motor|HUST|Mechanical_Gear|PU|UOEMD|UORED,8,Diagnosis,Cond_30_2,MLP (TL),141,141,870,30,0.26666666666666666,0.26666666666666666,0.21333333333333335,0.44999999999999996,42
E2_RMS_Detrend_Treino_Raw_Teste,RMS + detrend no treino; raw sem detrend no teste,rms_detrend,rms_detrend,raw,False,,HUST_Gearbox,CWRU_12k|CWRU_48k|Electric_Motor|HUST|Mechanical_Gear|PU|UOEMD|UORED,8,Diagnosis,Cond_30_2,TABNET (TL),141,141,870,30,0.5333333333333333,0.5333333333333333,0.44607843137254904,0.73,42
E2_RMS_Detrend_Treino_Raw_Teste,RMS + detrend no treino; raw sem detrend no teste,rms_detrend,rms_detrend,raw,False,,HUST_Gearbox,CWRU_12k|CWRU_48k|Electric_Motor|HUST|Mechanical_Gear|PU|UOEMD|UORED,8,Diagnosis,Cond_30_3,MLP (TL),141,141,870,30,0.3333333333333333,0.3333333333333333,0.16666666666666666,0.5,42
E2_RMS_Detrend_Treino_Raw_Teste,RMS + detrend no treino; raw sem detrend no teste,rms_detrend,rms_detrend,raw,False,,HUST_Gearbox,CWRU_12k|CWRU_48k|Electric_Motor|HUST|Mechanical_Gear|PU|UOEMD|UORED,8,Diagnosis,Cond_30_3,TABNET (TL),141,141,870,30,0.5333333333333333,0.5333333333333333,0.44607843137254904,0.77,42
E2_RMS_Detrend_Treino_Raw_Teste,RMS + detrend no treino; raw sem detrend no teste,rms_detrend,rms_detrend,raw,False,,HUST_Gearbox,CWRU_12k|CWRU_48k|Electric_Motor|HUST|Mechanical_Gear|PU|UOEMD|UORED,8,Diagnosis,Cond_30_4,MLP (TL),141,141,870,30,0.3333333333333333,0.3333333333333333,0.16666666666666666,0.5,42
E2_RMS_Detrend_Treino_Raw_Teste,RMS + detrend no treino; raw sem detrend no teste,rms_detrend,rms_detrend,raw,False,,HUST_Gearbox,CWRU_12k|CWRU_48k|Electric_Motor|HUST|Mechanical_Gear|PU|UOEMD|UORED,8,Diagnosis,Cond_30_4,TABNET (TL),141,141,870,30,0.6333333333333333,0.6333333333333333,0.6277521761392729,0.9683333333333334,42
E2_RMS_Detrend_Treino_Raw_Teste,RMS + detrend no treino; raw sem detrend no teste,rms_detrend,rms_detrend,raw,False,,HUST_Gearbox,CWRU_12k|CWRU_48k|Electric_Motor|HUST|Mechanical_Gear|PU|UOEMD|UORED,8,Diagnosis,Cond_35_0,MLP (TL),141,141,870,30,0.3333333333333333,0.3333333333333333,0.26495726495726496,0.5,42
E2_RMS_Detrend_Treino_Raw_Teste,RMS + detrend no treino; raw sem detrend no teste,rms_detrend,rms_detrend,raw,False,,HUST_Gearbox,CWRU_12k|CWRU_48k|Electric_Motor|HUST|Mechanical_Gear|PU|UOEMD|UORED,8,Diagnosis,Cond_35_0,TABNET (TL),141,141,870,30,0.5333333333333333,0.5333333333333333,0.44607843137254904,0.625,42
E2_RMS_Detrend_Treino_Raw_Teste,RMS + detrend no treino; raw sem detrend no teste,rms_detrend,rms_detrend,raw,False,,HUST_Gearbox,CWRU_12k|CWRU_48k|Electric_Motor|HUST|Mechanical_Gear|PU|UOEMD|UORED,8,Diagnosis,Cond_35_1,MLP (TL),141,141,870,30,0.3333333333333333,0.3333333333333333,0.16666666666666666,0.5,42
E2_RMS_Detrend_Treino_Raw_Teste,RMS + detrend no treino; raw sem detrend no teste,rms_detrend,rms_detrend,raw,False,,HUST_Gearbox,CWRU_12k|CWRU_48k|Electric_Motor|HUST|Mechanical_Gear|PU|UOEMD|UORED,8,Diagnosis,Cond_35_1,TABNET (TL),141,141,870,30,0.4666666666666667,0.4666666666666666,0.37566137566137564,0.9583333333333334,42
E2_RMS_Detrend_Treino_Raw_Teste,RMS + detrend no treino; raw sem detrend no teste,rms_detrend,rms_detrend,raw,False,,HUST_Gearbox,CWRU_12k|CWRU_48k|Electric_Motor|HUST|Mechanical_Gear|PU|UOEMD|UORED,8,Diagnosis,Cond_35_2,MLP (TL),141,141,870,30,0.3333333333333333,0.3333333333333333,0.16666666666666666,0.5,42
E2_RMS_Detrend_Treino_Raw_Teste,RMS + detrend no treino; raw sem detrend no teste,rms_detrend,rms_detrend,raw,False,,HUST_Gearbox,CWRU_12k|CWRU_48k|Electric_Motor|HUST|Mechanical_Gear|PU|UOEMD|UORED,8,Diagnosis,Cond_35_2,TABNET (TL),141,141,870,30,0.3333333333333333,0.3333333333333333,0.16666666666666666,0.8333333333333334,42
E2_RMS_Detrend_Treino_Raw_Teste,RMS + detrend no treino; raw sem detrend no teste,rms_detrend,rms_detrend,raw,False,,HUST_Gearbox,CWRU_12k|CWRU_48k|Electric_Motor|HUST|Mechanical_Gear|PU|UOEMD|UORED,8,Diagnosis,Cond_35_3,MLP (TL),141,141,870,30,0.3333333333333333,0.3333333333333333,0.16666666666666666,0.5,42
E2_RMS_Detrend_Treino_Raw_Teste,RMS + detrend no treino; raw sem detrend no teste,rms_detrend,rms_detrend,raw,False,,HUST_Gearbox,CWRU_12k|CWRU_48k|Electric_Motor|HUST|Mechanical_Gear|PU|UOEMD|UORED,8,Diagnosis,Cond_35_3,TABNET (TL),141,141,870,30,0.6666666666666666,0.6666666666666666,0.5341880341880342,0.7233333333333333,42
E2_RMS_Detrend_Treino_Raw_Teste,RMS + detrend no treino; raw sem detrend no teste,rms_detrend,rms_detrend,raw,False,,HUST_Gearbox,CWRU_12k|CWRU_48k|Electric_Motor|HUST|Mechanical_Gear|PU|UOEMD|UORED,8,Diagnosis,Cond_35_4,MLP (TL),141,141,870,30,0.3333333333333333,0.3333333333333333,0.16666666666666666,0.5,42
E2_RMS_Detrend_Treino_Raw_Teste,RMS + detrend no treino; raw sem detrend no teste,rms_detrend,rms_detrend,raw,False,,HUST_Gearbox,CWRU_12k|CWRU_48k|Electric_Motor|HUST|Mechanical_Gear|PU|UOEMD|UORED,8,Diagnosis,Cond_35_4,TABNET (TL),141,141,870,30,0.3333333333333333,0.3333333333333333,0.16666666666666666,0.7616666666666667,42
E2_RMS_Detrend_Treino_Raw_Teste,RMS + detrend no treino; raw sem detrend no teste,rms_detrend,rms_detrend,raw,False,,HUST_Gearbox,CWRU_12k|CWRU_48k|Electric_Motor|HUST|Mechanical_Gear|PU|UOEMD|UORED,8,Diagnosis,Cond_40_0,MLP (TL),141,141,870,30,0.3333333333333333,0.3333333333333333,0.26495726495726496,0.5,42
E2_RMS_Detrend_Treino_Raw_Teste,RMS + detrend no treino; raw sem detrend no teste,rms_detrend,rms_detrend,raw,False,,HUST_Gearbox,CWRU_12k|CWRU_48k|Electric_Motor|HUST|Mechanical_Gear|PU|UOEMD|UORED,8,Diagnosis,Cond_40_0,TABNET (TL),141,141,870,30,0.3333333333333333,0.3333333333333333,0.16666666666666666,0.7391666666666667,42
E2_RMS_Detrend_Treino_Raw_Teste,RMS + detrend no treino; raw sem detrend no teste,rms_detrend,rms_detrend,raw,False,,HUST_Gearbox,CWRU_12k|CWRU_48k|Electric_Motor|HUST|Mechanical_Gear|PU|UOEMD|UORED,8,Diagnosis,Cond_40_1,MLP (TL),141,141,870,30,0.3333333333333333,0.3333333333333333,0.16666666666666666,0.5,42
E2_RMS_Detrend_Treino_Raw_Teste,RMS + detrend no treino; raw sem detrend no teste,rms_detrend,rms_detrend,raw,False,,HUST_Gearbox,CWRU_12k|CWRU_48k|Electric_Motor|HUST|Mechanical_Gear|PU|UOEMD|UORED,8,Diagnosis,Cond_40_1,TABNET (TL),141,141,870,30,0.3333333333333333,0.3333333333333333,0.16666666666666666,0.5716666666666667,42
E2_RMS_Detrend_Treino_Raw_Teste,RMS + detrend no treino; raw sem detrend no teste,rms_detrend,rms_detrend,raw,False,,HUST_Gearbox,CWRU_12k|CWRU_48k|Electric_Motor|HUST|Mechanical_Gear|PU|UOEMD|UORED,8,Diagnosis,Cond_40_2,MLP (TL),141,141,870,30,0.3333333333333333,0.3333333333333333,0.16666666666666666,0.5,42
E2_RMS_Detrend_Treino_Raw_Teste,RMS + detrend no treino; raw sem detrend no teste,rms_detrend,rms_detrend,raw,False,,HUST_Gearbox,CWRU_12k|CWRU_48k|Electric_Motor|HUST|Mechanical_Gear|PU|UOEMD|UORED,8,Diagnosis,Cond_40_2,TABNET (TL),141,141,870,30,0.3333333333333333,0.3333333333333333,0.16666666666666666,0.57,42
E2_RMS_Detrend_Treino_Raw_Teste,RMS + detrend no treino; raw sem detrend no teste,rms_detrend,rms_detrend,raw,False,,HUST_Gearbox,CWRU_12k|CWRU_48k|Electric_Motor|HUST|Mechanical_Gear|PU|UOEMD|UORED,8,Diagnosis,Cond_40_3,MLP (TL),141,141,870,30,0.3333333333333333,0.3333333333333333,0.16666666666666666,0.5,42
E2_RMS_Detrend_Treino_Raw_Teste,RMS + detrend no treino; raw sem detrend no teste,rms_detrend,rms_detrend,raw,False,,HUST_Gearbox,CWRU_12k|CWRU_48k|Electric_Motor|HUST|Mechanical_Gear|PU|UOEMD|UORED,8,Diagnosis,Cond_40_3,TABNET (TL),141,141,870,30,0.5333333333333333,0.5333333333333333,0.44607843137254904,0.9249999999999999,42
E2_RMS_Detrend_Treino_Raw_Teste,RMS + detrend no treino; raw sem detrend no teste,rms_detrend,rms_detrend,raw,False,,HUST_Gearbox,CWRU_12k|CWRU_48k|Electric_Motor|HUST|Mechanical_Gear|PU|UOEMD|UORED,8,Diagnosis,Cond_40_4,MLP (TL),141,141,870,30,0.3333333333333333,0.3333333333333333,0.16666666666666666,0.5,42
E2_RMS_Detrend_Treino_Raw_Teste,RMS + detrend no treino; raw sem detrend no teste,rms_detrend,rms_detrend,raw,False,,HUST_Gearbox,CWRU_12k|CWRU_48k|Electric_Motor|HUST|Mechanical_Gear|PU|UOEMD|UORED,8,Diagnosis,Cond_40_4,TABNET (TL),141,141,870,30,0.3333333333333333,0.3333333333333333,0.16666666666666666,0.47833333333333333,42
E2_RMS_Detrend_Treino_Raw_Teste,RMS + detrend no treino; raw sem detrend no teste,rms_detrend,rms_detrend,raw,False,,HUST_Gearbox,CWRU_12k|CWRU_48k|Electric_Motor|HUST|Mechanical_Gear|PU|UOEMD|UORED,8,Diagnosis,Cond_L0_VS_0_40_0,MLP (TL),141,141,870,30,0.3333333333333333,0.3333333333333333,0.16666666666666666,0.5,42
E2_RMS_Detrend_Treino_Raw_Teste,RMS + detrend no treino; raw sem detrend no teste,rms_detrend,rms_detrend,raw,False,,HUST_Gearbox,CWRU_12k|CWRU_48k|Electric_Motor|HUST|Mechanical_Gear|PU|UOEMD|UORED,8,Diagnosis,Cond_L0_VS_0_40_0,TABNET (TL),141,141,870,30,0.4,0.39999999999999997,0.28654970760233917,0.6366666666666667,42
E2_RMS_Detrend_Treino_Raw_Teste,RMS + detrend no treino; raw sem detrend no teste,rms_detrend,rms_detrend,raw,False,,HUST_Gearbox,CWRU_12k|CWRU_48k|Electric_Motor|HUST|Mechanical_Gear|PU|UOEMD|UORED,8,Diagnosis,Cond_L1_VS_0_40_0,MLP (TL),141,141,870,30,0.3333333333333333,0.3333333333333333,0.16666666666666666,0.5,42
E2_RMS_Detrend_Treino_Raw_Teste,RMS + detrend no treino; raw sem detrend no teste,rms_detrend,rms_detrend,raw,False,,HUST_Gearbox,CWRU_12k|CWRU_48k|Electric_Motor|HUST|Mechanical_Gear|PU|UOEMD|UORED,8,Diagnosis,Cond_L1_VS_0_40_0,TABNET (TL),141,141,870,30,0.26666666666666666,0.26666666666666666,0.29545016387121653,0.45,42
E2_RMS_Detrend_Treino_Raw_Teste,RMS + detrend no treino; raw sem detrend no teste,rms_detrend,rms_detrend,raw,False,,HUST_Gearbox,CWRU_12k|CWRU_48k|Electric_Motor|HUST|Mechanical_Gear|PU|UOEMD|UORED,8,Diagnosis,Cond_L2_VS_0_40_0,MLP (TL),141,141,870,30,0.3333333333333333,0.3333333333333333,0.16666666666666666,0.5,42
E2_RMS_Detrend_Treino_Raw_Teste,RMS + detrend no treino; raw sem detrend no teste,rms_detrend,rms_detrend,raw,False,,HUST_Gearbox,CWRU_12k|CWRU_48k|Electric_Motor|HUST|Mechanical_Gear|PU|UOEMD|UORED,8,Diagnosis,Cond_L2_VS_0_40_0,TABNET (TL),141,141,870,30,0.4666666666666667,0.4666666666666666,0.37566137566137564,0.7733333333333334,42
E2_RMS_Detrend_Treino_Raw_Teste,RMS + detrend no treino; raw sem detrend no teste,rms_detrend,rms_detrend,raw,False,,HUST_Gearbox,CWRU_12k|CWRU_48k|Electric_Motor|HUST|Mechanical_Gear|PU|UOEMD|UORED,8,Diagnosis,Cond_L3_VS_0_40_0,MLP (TL),141,141,870,30,0.36666666666666664,0.3666666666666667,0.2930756843800322,0.5249999999999999,42
E2_RMS_Detrend_Treino_Raw_Teste,RMS + detrend no treino; raw sem detrend no teste,rms_detrend,rms_detrend,raw,False,,HUST_Gearbox,CWRU_12k|CWRU_48k|Electric_Motor|HUST|Mechanical_Gear|PU|UOEMD|UORED,8,Diagnosis,Cond_L3_VS_0_40_0,TABNET (TL),141,141,870,30,0.3,0.3,0.24787775891341254,0.7166666666666668,42
E2_RMS_Detrend_Treino_Raw_Teste,RMS + detrend no treino; raw sem detrend no teste,rms_detrend,rms_detrend,raw,False,,HUST_Gearbox,CWRU_12k|CWRU_48k|Electric_Motor|HUST|Mechanical_Gear|PU|UOEMD|UORED,8,Diagnosis,Cond_L4_VS_0_40_0,MLP (TL),141,141,870,30,0.3,0.3,0.23931623931623933,0.4749999999999999,42
E2_RMS_Detrend_Treino_Raw_Teste,RMS + detrend no treino; raw sem detrend no teste,rms_detrend,rms_detrend,raw,False,,HUST_Gearbox,CWRU_12k|CWRU_48k|Electric_Motor|HUST|Mechanical_Gear|PU|UOEMD|UORED,8,Diagnosis,Cond_L4_VS_0_40_0,TABNET (TL),141,141,870,30,0.4666666666666667,0.4666666666666666,0.37566137566137564,0.7341666666666667,42
E3_RMS_Detrend_Com_Parametros,"RMS + detrend com RMS, b1 e b2 como features",rms_detrend,rms_detrend,rms_detrend,True,"RMS,b1,b2",HUST_Gearbox,CWRU_12k|CWRU_48k|Electric_Motor|HUST|Mechanical_Gear|PU|UOEMD|UORED,8,Diagnosis,Cond_20_0,MLP (TL),141,144,870,30,1.0,1.0,1.0,1.0,42
E3_RMS_Detrend_Com_Parametros,"RMS + detrend com RMS, b1 e b2 como features",rms_detrend,rms_detrend,rms_detrend,True,"RMS,b1,b2",HUST_Gearbox,CWRU_12k|CWRU_48k|Electric_Motor|HUST|Mechanical_Gear|PU|UOEMD|UORED,8,Diagnosis,Cond_20_0,TABNET (TL),141,144,870,30,1.0,1.0,1.0,1.0,42
E3_RMS_Detrend_Com_Parametros,"RMS + detrend com RMS, b1 e b2 como features",rms_detrend,rms_detrend,rms_detrend,True,"RMS,b1,b2",HUST_Gearbox,CWRU_12k|CWRU_48k|Electric_Motor|HUST|Mechanical_Gear|PU|UOEMD|UORED,8,Diagnosis,Cond_20_1,MLP (TL),141,144,870,30,1.0,1.0,1.0,1.0,42
E3_RMS_Detrend_Com_Parametros,"RMS + detrend com RMS, b1 e b2 como features",rms_detrend,rms_detrend,rms_detrend,True,"RMS,b1,b2",HUST_Gearbox,CWRU_12k|CWRU_48k|Electric_Motor|HUST|Mechanical_Gear|PU|UOEMD|UORED,8,Diagnosis,Cond_20_1,TABNET (TL),141,144,870,30,0.6666666666666666,0.6666666666666666,0.5555555555555555,1.0,42
E3_RMS_Detrend_Com_Parametros,"RMS + detrend com RMS, b1 e b2 como features",rms_detrend,rms_detrend,rms_detrend,True,"RMS,b1,b2",HUST_Gearbox,CWRU_12k|CWRU_48k|Electric_Motor|HUST|Mechanical_Gear|PU|UOEMD|UORED,8,Diagnosis,Cond_20_2,MLP (TL),141,144,870,30,1.0,1.0,1.0,1.0,42
E3_RMS_Detrend_Com_Parametros,"RMS + detrend com RMS, b1 e b2 como features",rms_detrend,rms_detrend,rms_detrend,True,"RMS,b1,b2",HUST_Gearbox,CWRU_12k|CWRU_48k|Electric_Motor|HUST|Mechanical_Gear|PU|UOEMD|UORED,8,Diagnosis,Cond_20_2,TABNET (TL),141,144,870,30,0.9,0.9,0.8976982097186701,1.0,42
E3_RMS_Detrend_Com_Parametros,"RMS + detrend com RMS, b1 e b2 como features",rms_detrend,rms_detrend,rms_detrend,True,"RMS,b1,b2",HUST_Gearbox,CWRU_12k|CWRU_48k|Electric_Motor|HUST|Mechanical_Gear|PU|UOEMD|UORED,8,Diagnosis,Cond_20_3,MLP (TL),141,144,870,30,1.0,1.0,1.0,1.0,42
E3_RMS_Detrend_Com_Parametros,"RMS + detrend com RMS, b1 e b2 como features",rms_detrend,rms_detrend,rms_detrend,True,"RMS,b1,b2",HUST_Gearbox,CWRU_12k|CWRU_48k|Electric_Motor|HUST|Mechanical_Gear|PU|UOEMD|UORED,8,Diagnosis,Cond_20_3,TABNET (TL),141,144,870,30,0.8333333333333334,0.8333333333333334,0.8222222222222223,0.8333333333333334,42
E3_RMS_Detrend_Com_Parametros,"RMS + detrend com RMS, b1 e b2 como features",rms_detrend,rms_detrend,rms_detrend,True,"RMS,b1,b2",HUST_Gearbox,CWRU_12k|CWRU_48k|Electric_Motor|HUST|Mechanical_Gear|PU|UOEMD|UORED,8,Diagnosis,Cond_20_4,MLP (TL),141,144,870,30,0.6666666666666666,0.6666666666666666,0.5555555555555555,0.6866666666666666,42
E3_RMS_Detrend_Com_Parametros,"RMS + detrend com RMS, b1 e b2 como features",rms_detrend,rms_detrend,rms_detrend,True,"RMS,b1,b2",HUST_Gearbox,CWRU_12k|CWRU_48k|Electric_Motor|HUST|Mechanical_Gear|PU|UOEMD|UORED,8,Diagnosis,Cond_20_4,TABNET (TL),141,144,870,30,0.36666666666666664,0.3666666666666667,0.3650793650793651,0.5133333333333333,42
E3_RMS_Detrend_Com_Parametros,"RMS + detrend com RMS, b1 e b2 como features",rms_detrend,rms_detrend,rms_detrend,True,"RMS,b1,b2",HUST_Gearbox,CWRU_12k|CWRU_48k|Electric_Motor|HUST|Mechanical_Gear|PU|UOEMD|UORED,8,Diagnosis,Cond_25_0,MLP (TL),141,144,870,30,1.0,1.0,1.0,1.0,42
E3_RMS_Detrend_Com_Parametros,"RMS + detrend com RMS, b1 e b2 como features",rms_detrend,rms_detrend,rms_detrend,True,"RMS,b1,b2",HUST_Gearbox,CWRU_12k|CWRU_48k|Electric_Motor|HUST|Mechanical_Gear|PU|UOEMD|UORED,8,Diagnosis,Cond_25_0,TABNET (TL),141,144,870,30,1.0,1.0,1.0,1.0,42
E3_RMS_Detrend_Com_Parametros,"RMS + detrend com RMS, b1 e b2 como features",rms_detrend,rms_detrend,rms_detrend,True,"RMS,b1,b2",HUST_Gearbox,CWRU_12k|CWRU_48k|Electric_Motor|HUST|Mechanical_Gear|PU|UOEMD|UORED,8,Diagnosis,Cond_25_1,MLP (TL),141,144,870,30,1.0,1.0,1.0,1.0,42
E3_RMS_Detrend_Com_Parametros,"RMS + detrend com RMS, b1 e b2 como features",rms_detrend,rms_detrend,rms_detrend,True,"RMS,b1,b2",HUST_Gearbox,CWRU_12k|CWRU_48k|Electric_Motor|HUST|Mechanical_Gear|PU|UOEMD|UORED,8,Diagnosis,Cond_25_1,TABNET (TL),141,144,870,30,1.0,1.0,1.0,1.0,42
E3_RMS_Detrend_Com_Parametros,"RMS + detrend com RMS, b1 e b2 como features",rms_detrend,rms_detrend,rms_detrend,True,"RMS,b1,b2",HUST_Gearbox,CWRU_12k|CWRU_48k|Electric_Motor|HUST|Mechanical_Gear|PU|UOEMD|UORED,8,Diagnosis,Cond_25_2,MLP (TL),141,144,870,30,1.0,1.0,1.0,1.0,42
E3_RMS_Detrend_Com_Parametros,"RMS + detrend com RMS, b1 e b2 como features",rms_detrend,rms_detrend,rms_detrend,True,"RMS,b1,b2",HUST_Gearbox,CWRU_12k|CWRU_48k|Electric_Motor|HUST|Mechanical_Gear|PU|UOEMD|UORED,8,Diagnosis,Cond_25_2,TABNET (TL),141,144,870,30,0.9666666666666667,0.9666666666666667,0.9665831244778612,1.0,42
E3_RMS_Detrend_Com_Parametros,"RMS + detrend com RMS, b1 e b2 como features",rms_detrend,rms_detrend,rms_detrend,True,"RMS,b1,b2",HUST_Gearbox,CWRU_12k|CWRU_48k|Electric_Motor|HUST|Mechanical_Gear|PU|UOEMD|UORED,8,Diagnosis,Cond_25_3,MLP (TL),141,144,870,30,1.0,1.0,1.0,1.0,42
E3_RMS_Detrend_Com_Parametros,"RMS + detrend com RMS, b1 e b2 como features",rms_detrend,rms_detrend,rms_detrend,True,"RMS,b1,b2",HUST_Gearbox,CWRU_12k|CWRU_48k|Electric_Motor|HUST|Mechanical_Gear|PU|UOEMD|UORED,8,Diagnosis,Cond_25_3,TABNET (TL),141,144,870,30,1.0,1.0,1.0,1.0,42
E3_RMS_Detrend_Com_Parametros,"RMS + detrend com RMS, b1 e b2 como features",rms_detrend,rms_detrend,rms_detrend,True,"RMS,b1,b2",HUST_Gearbox,CWRU_12k|CWRU_48k|Electric_Motor|HUST|Mechanical_Gear|PU|UOEMD|UORED,8,Diagnosis,Cond_25_4,MLP (TL),141,144,870,30,0.7666666666666667,0.7666666666666666,0.7340930674264007,1.0,42
E3_RMS_Detrend_Com_Parametros,"RMS + detrend com RMS, b1 e b2 como features",rms_detrend,rms_detrend,rms_detrend,True,"RMS,b1,b2",HUST_Gearbox,CWRU_12k|CWRU_48k|Electric_Motor|HUST|Mechanical_Gear|PU|UOEMD|UORED,8,Diagnosis,Cond_25_4,TABNET (TL),141,144,870,30,0.6666666666666666,0.6666666666666666,0.5555555555555555,1.0,42
E3_RMS_Detrend_Com_Parametros,"RMS + detrend com RMS, b1 e b2 como features",rms_detrend,rms_detrend,rms_detrend,True,"RMS,b1,b2",HUST_Gearbox,CWRU_12k|CWRU_48k|Electric_Motor|HUST|Mechanical_Gear|PU|UOEMD|UORED,8,Diagnosis,Cond_30_0,MLP (TL),141,144,870,30,1.0,1.0,1.0,1.0,42
E3_RMS_Detrend_Com_Parametros,"RMS + detrend com RMS, b1 e b2 como features",rms_detrend,rms_detrend,rms_detrend,True,"RMS,b1,b2",HUST_Gearbox,CWRU_12k|CWRU_48k|Electric_Motor|HUST|Mechanical_Gear|PU|UOEMD|UORED,8,Diagnosis,Cond_30_0,TABNET (TL),141,144,870,30,1.0,1.0,1.0,1.0,42
E3_RMS_Detrend_Com_Parametros,"RMS + detrend com RMS, b1 e b2 como features",rms_detrend,rms_detrend,rms_detrend,True,"RMS,b1,b2",HUST_Gearbox,CWRU_12k|CWRU_48k|Electric_Motor|HUST|Mechanical_Gear|PU|UOEMD|UORED,8,Diagnosis,Cond_30_1,MLP (TL),141,144,870,30,1.0,1.0,1.0,1.0,42
E3_RMS_Detrend_Com_Parametros,"RMS + detrend com RMS, b1 e b2 como features",rms_detrend,rms_detrend,rms_detrend,True,"RMS,b1,b2",HUST_Gearbox,CWRU_12k|CWRU_48k|Electric_Motor|HUST|Mechanical_Gear|PU|UOEMD|UORED,8,Diagnosis,Cond_30_1,TABNET (TL),141,144,870,30,1.0,1.0,1.0,1.0,42
E3_RMS_Detrend_Com_Parametros,"RMS + detrend com RMS, b1 e b2 como features",rms_detrend,rms_detrend,rms_detrend,True,"RMS,b1,b2",HUST_Gearbox,CWRU_12k|CWRU_48k|Electric_Motor|HUST|Mechanical_Gear|PU|UOEMD|UORED,8,Diagnosis,Cond_30_2,MLP (TL),141,144,870,30,1.0,1.0,1.0,1.0,42
E3_RMS_Detrend_Com_Parametros,"RMS + detrend com RMS, b1 e b2 como features",rms_detrend,rms_detrend,rms_detrend,True,"RMS,b1,b2",HUST_Gearbox,CWRU_12k|CWRU_48k|Electric_Motor|HUST|Mechanical_Gear|PU|UOEMD|UORED,8,Diagnosis,Cond_30_2,TABNET (TL),141,144,870,30,1.0,1.0,1.0,1.0,42
E3_RMS_Detrend_Com_Parametros,"RMS + detrend com RMS, b1 e b2 como features",rms_detrend,rms_detrend,rms_detrend,True,"RMS,b1,b2",HUST_Gearbox,CWRU_12k|CWRU_48k|Electric_Motor|HUST|Mechanical_Gear|PU|UOEMD|UORED,8,Diagnosis,Cond_30_3,MLP (TL),141,144,870,30,1.0,1.0,1.0,1.0,42
E3_RMS_Detrend_Com_Parametros,"RMS + detrend com RMS, b1 e b2 como features",rms_detrend,rms_detrend,rms_detrend,True,"RMS,b1,b2",HUST_Gearbox,CWRU_12k|CWRU_48k|Electric_Motor|HUST|Mechanical_Gear|PU|UOEMD|UORED,8,Diagnosis,Cond_30_3,TABNET (TL),141,144,870,30,1.0,1.0,1.0,1.0,42
E3_RMS_Detrend_Com_Parametros,"RMS + detrend com RMS, b1 e b2 como features",rms_detrend,rms_detrend,rms_detrend,True,"RMS,b1,b2",HUST_Gearbox,CWRU_12k|CWRU_48k|Electric_Motor|HUST|Mechanical_Gear|PU|UOEMD|UORED,8,Diagnosis,Cond_30_4,MLP (TL),141,144,870,30,1.0,1.0,1.0,1.0,42
E3_RMS_Detrend_Com_Parametros,"RMS + detrend com RMS, b1 e b2 como features",rms_detrend,rms_detrend,rms_detrend,True,"RMS,b1,b2",HUST_Gearbox,CWRU_12k|CWRU_48k|Electric_Motor|HUST|Mechanical_Gear|PU|UOEMD|UORED,8,Diagnosis,Cond_30_4,TABNET (TL),141,144,870,30,1.0,1.0,1.0,1.0,42
E3_RMS_Detrend_Com_Parametros,"RMS + detrend com RMS, b1 e b2 como features",rms_detrend,rms_detrend,rms_detrend,True,"RMS,b1,b2",HUST_Gearbox,CWRU_12k|CWRU_48k|Electric_Motor|HUST|Mechanical_Gear|PU|UOEMD|UORED,8,Diagnosis,Cond_35_0,MLP (TL),141,144,870,30,0.7666666666666667,0.7666666666666666,0.7340930674264007,1.0,42
E3_RMS_Detrend_Com_Parametros,"RMS + detrend com RMS, b1 e b2 como features",rms_detrend,rms_detrend,rms_detrend,True,"RMS,b1,b2",HUST_Gearbox,CWRU_12k|CWRU_48k|Electric_Motor|HUST|Mechanical_Gear|PU|UOEMD|UORED,8,Diagnosis,Cond_35_0,TABNET (TL),141,144,870,30,0.6666666666666666,0.6666666666666666,0.5555555555555555,0.9966666666666667,42
E3_RMS_Detrend_Com_Parametros,"RMS + detrend com RMS, b1 e b2 como features",rms_detrend,rms_detrend,rms_detrend,True,"RMS,b1,b2",HUST_Gearbox,CWRU_12k|CWRU_48k|Electric_Motor|HUST|Mechanical_Gear|PU|UOEMD|UORED,8,Diagnosis,Cond_35_1,MLP (TL),141,144,870,30,1.0,1.0,1.0,1.0,42
E3_RMS_Detrend_Com_Parametros,"RMS + detrend com RMS, b1 e b2 como features",rms_detrend,rms_detrend,rms_detrend,True,"RMS,b1,b2",HUST_Gearbox,CWRU_12k|CWRU_48k|Electric_Motor|HUST|Mechanical_Gear|PU|UOEMD|UORED,8,Diagnosis,Cond_35_1,TABNET (TL),141,144,870,30,1.0,1.0,1.0,1.0,42
E3_RMS_Detrend_Com_Parametros,"RMS + detrend com RMS, b1 e b2 como features",rms_detrend,rms_detrend,rms_detrend,True,"RMS,b1,b2",HUST_Gearbox,CWRU_12k|CWRU_48k|Electric_Motor|HUST|Mechanical_Gear|PU|UOEMD|UORED,8,Diagnosis,Cond_35_2,MLP (TL),141,144,870,30,1.0,1.0,1.0,1.0,42
E3_RMS_Detrend_Com_Parametros,"RMS + detrend com RMS, b1 e b2 como features",rms_detrend,rms_detrend,rms_detrend,True,"RMS,b1,b2",HUST_Gearbox,CWRU_12k|CWRU_48k|Electric_Motor|HUST|Mechanical_Gear|PU|UOEMD|UORED,8,Diagnosis,Cond_35_2,TABNET (TL),141,144,870,30,1.0,1.0,1.0,1.0,42
E3_RMS_Detrend_Com_Parametros,"RMS + detrend com RMS, b1 e b2 como features",rms_detrend,rms_detrend,rms_detrend,True,"RMS,b1,b2",HUST_Gearbox,CWRU_12k|CWRU_48k|Electric_Motor|HUST|Mechanical_Gear|PU|UOEMD|UORED,8,Diagnosis,Cond_35_3,MLP (TL),141,144,870,30,1.0,1.0,1.0,1.0,42
E3_RMS_Detrend_Com_Parametros,"RMS + detrend com RMS, b1 e b2 como features",rms_detrend,rms_detrend,rms_detrend,True,"RMS,b1,b2",HUST_Gearbox,CWRU_12k|CWRU_48k|Electric_Motor|HUST|Mechanical_Gear|PU|UOEMD|UORED,8,Diagnosis,Cond_35_3,TABNET (TL),141,144,870,30,1.0,1.0,1.0,1.0,42
E3_RMS_Detrend_Com_Parametros,"RMS + detrend com RMS, b1 e b2 como features",rms_detrend,rms_detrend,rms_detrend,True,"RMS,b1,b2",HUST_Gearbox,CWRU_12k|CWRU_48k|Electric_Motor|HUST|Mechanical_Gear|PU|UOEMD|UORED,8,Diagnosis,Cond_35_4,MLP (TL),141,144,870,30,0.7,0.7000000000000001,0.6238244514106583,0.7966666666666667,42
E3_RMS_Detrend_Com_Parametros,"RMS + detrend com RMS, b1 e b2 como features",rms_detrend,rms_detrend,rms_detrend,True,"RMS,b1,b2",HUST_Gearbox,CWRU_12k|CWRU_48k|Electric_Motor|HUST|Mechanical_Gear|PU|UOEMD|UORED,8,Diagnosis,Cond_35_4,TABNET (TL),141,144,870,30,0.8333333333333334,0.8333333333333334,0.8151075977162933,0.7999999999999999,42
E3_RMS_Detrend_Com_Parametros,"RMS + detrend com RMS, b1 e b2 como features",rms_detrend,rms_detrend,rms_detrend,True,"RMS,b1,b2",HUST_Gearbox,CWRU_12k|CWRU_48k|Electric_Motor|HUST|Mechanical_Gear|PU|UOEMD|UORED,8,Diagnosis,Cond_40_0,MLP (TL),141,144,870,30,1.0,1.0,1.0,1.0,42
E3_RMS_Detrend_Com_Parametros,"RMS + detrend com RMS, b1 e b2 como features",rms_detrend,rms_detrend,rms_detrend,True,"RMS,b1,b2",HUST_Gearbox,CWRU_12k|CWRU_48k|Electric_Motor|HUST|Mechanical_Gear|PU|UOEMD|UORED,8,Diagnosis,Cond_40_0,TABNET (TL),141,144,870,30,0.9,0.9,0.8976982097186701,1.0,42
E3_RMS_Detrend_Com_Parametros,"RMS + detrend com RMS, b1 e b2 como features",rms_detrend,rms_detrend,rms_detrend,True,"RMS,b1,b2",HUST_Gearbox,CWRU_12k|CWRU_48k|Electric_Motor|HUST|Mechanical_Gear|PU|UOEMD|UORED,8,Diagnosis,Cond_40_1,MLP (TL),141,144,870,30,1.0,1.0,1.0,1.0,42
E3_RMS_Detrend_Com_Parametros,"RMS + detrend com RMS, b1 e b2 como features",rms_detrend,rms_detrend,rms_detrend,True,"RMS,b1,b2",HUST_Gearbox,CWRU_12k|CWRU_48k|Electric_Motor|HUST|Mechanical_Gear|PU|UOEMD|UORED,8,Diagnosis,Cond_40_1,TABNET (TL),141,144,870,30,1.0,1.0,1.0,1.0,42
E3_RMS_Detrend_Com_Parametros,"RMS + detrend com RMS, b1 e b2 como features",rms_detrend,rms_detrend,rms_detrend,True,"RMS,b1,b2",HUST_Gearbox,CWRU_12k|CWRU_48k|Electric_Motor|HUST|Mechanical_Gear|PU|UOEMD|UORED,8,Diagnosis,Cond_40_2,MLP (TL),141,144,870,30,0.8666666666666667,0.8666666666666667,0.8611111111111112,1.0,42
E3_RMS_Detrend_Com_Parametros,"RMS + detrend com RMS, b1 e b2 como features",rms_detrend,rms_detrend,rms_detrend,True,"RMS,b1,b2",HUST_Gearbox,CWRU_12k|CWRU_48k|Electric_Motor|HUST|Mechanical_Gear|PU|UOEMD|UORED,8,Diagnosis,Cond_40_2,TABNET (TL),141,144,870,30,0.7333333333333333,0.7333333333333334,0.6825396825396827,0.7133333333333334,42
E3_RMS_Detrend_Com_Parametros,"RMS + detrend com RMS, b1 e b2 como features",rms_detrend,rms_detrend,rms_detrend,True,"RMS,b1,b2",HUST_Gearbox,CWRU_12k|CWRU_48k|Electric_Motor|HUST|Mechanical_Gear|PU|UOEMD|UORED,8,Diagnosis,Cond_40_3,MLP (TL),141,144,870,30,1.0,1.0,1.0,1.0,42
E3_RMS_Detrend_Com_Parametros,"RMS + detrend com RMS, b1 e b2 como features",rms_detrend,rms_detrend,rms_detrend,True,"RMS,b1,b2",HUST_Gearbox,CWRU_12k|CWRU_48k|Electric_Motor|HUST|Mechanical_Gear|PU|UOEMD|UORED,8,Diagnosis,Cond_40_3,TABNET (TL),141,144,870,30,1.0,1.0,1.0,1.0,42
E3_RMS_Detrend_Com_Parametros,"RMS + detrend com RMS, b1 e b2 como features",rms_detrend,rms_detrend,rms_detrend,True,"RMS,b1,b2",HUST_Gearbox,CWRU_12k|CWRU_48k|Electric_Motor|HUST|Mechanical_Gear|PU|UOEMD|UORED,8,Diagnosis,Cond_40_4,MLP (TL),141,144,870,30,1.0,1.0,1.0,1.0,42
E3_RMS_Detrend_Com_Parametros,"RMS + detrend com RMS, b1 e b2 como features",rms_detrend,rms_detrend,rms_detrend,True,"RMS,b1,b2",HUST_Gearbox,CWRU_12k|CWRU_48k|Electric_Motor|HUST|Mechanical_Gear|PU|UOEMD|UORED,8,Diagnosis,Cond_40_4,TABNET (TL),141,144,870,30,0.9666666666666667,0.9666666666666667,0.9665831244778612,1.0,42
E3_RMS_Detrend_Com_Parametros,"RMS + detrend com RMS, b1 e b2 como features",rms_detrend,rms_detrend,rms_detrend,True,"RMS,b1,b2",HUST_Gearbox,CWRU_12k|CWRU_48k|Electric_Motor|HUST|Mechanical_Gear|PU|UOEMD|UORED,8,Diagnosis,Cond_L0_VS_0_40_0,MLP (TL),141,144,870,30,1.0,1.0,1.0,1.0,42
E3_RMS_Detrend_Com_Parametros,"RMS + detrend com RMS, b1 e b2 como features",rms_detrend,rms_detrend,rms_detrend,True,"RMS,b1,b2",HUST_Gearbox,CWRU_12k|CWRU_48k|Electric_Motor|HUST|Mechanical_Gear|PU|UOEMD|UORED,8,Diagnosis,Cond_L0_VS_0_40_0,TABNET (TL),141,144,870,30,0.8666666666666667,0.8666666666666667,0.8611111111111112,1.0,42
E3_RMS_Detrend_Com_Parametros,"RMS + detrend com RMS, b1 e b2 como features",rms_detrend,rms_detrend,rms_detrend,True,"RMS,b1,b2",HUST_Gearbox,CWRU_12k|CWRU_48k|Electric_Motor|HUST|Mechanical_Gear|PU|UOEMD|UORED,8,Diagnosis,Cond_L1_VS_0_40_0,MLP (TL),141,144,870,30,0.9666666666666667,0.9666666666666667,0.9665831244778613,1.0,42
E3_RMS_Detrend_Com_Parametros,"RMS + detrend com RMS, b1 e b2 como features",rms_detrend,rms_detrend,rms_detrend,True,"RMS,b1,b2",HUST_Gearbox,CWRU_12k|CWRU_48k|Electric_Motor|HUST|Mechanical_Gear|PU|UOEMD|UORED,8,Diagnosis,Cond_L1_VS_0_40_0,TABNET (TL),141,144,870,30,1.0,1.0,1.0,1.0,42
E3_RMS_Detrend_Com_Parametros,"RMS + detrend com RMS, b1 e b2 como features",rms_detrend,rms_detrend,rms_detrend,True,"RMS,b1,b2",HUST_Gearbox,CWRU_12k|CWRU_48k|Electric_Motor|HUST|Mechanical_Gear|PU|UOEMD|UORED,8,Diagnosis,Cond_L2_VS_0_40_0,MLP (TL),141,144,870,30,1.0,1.0,1.0,1.0,42
E3_RMS_Detrend_Com_Parametros,"RMS + detrend com RMS, b1 e b2 como features",rms_detrend,rms_detrend,rms_detrend,True,"RMS,b1,b2",HUST_Gearbox,CWRU_12k|CWRU_48k|Electric_Motor|HUST|Mechanical_Gear|PU|UOEMD|UORED,8,Diagnosis,Cond_L2_VS_0_40_0,TABNET (TL),141,144,870,30,1.0,1.0,1.0,1.0,42
E3_RMS_Detrend_Com_Parametros,"RMS + detrend com RMS, b1 e b2 como features",rms_detrend,rms_detrend,rms_detrend,True,"RMS,b1,b2",HUST_Gearbox,CWRU_12k|CWRU_48k|Electric_Motor|HUST|Mechanical_Gear|PU|UOEMD|UORED,8,Diagnosis,Cond_L3_VS_0_40_0,MLP (TL),141,144,870,30,1.0,1.0,1.0,1.0,42
E3_RMS_Detrend_Com_Parametros,"RMS + detrend com RMS, b1 e b2 como features",rms_detrend,rms_detrend,rms_detrend,True,"RMS,b1,b2",HUST_Gearbox,CWRU_12k|CWRU_48k|Electric_Motor|HUST|Mechanical_Gear|PU|UOEMD|UORED,8,Diagnosis,Cond_L3_VS_0_40_0,TABNET (TL),141,144,870,30,1.0,1.0,1.0,1.0,42
E3_RMS_Detrend_Com_Parametros,"RMS + detrend com RMS, b1 e b2 como features",rms_detrend,rms_detrend,rms_detrend,True,"RMS,b1,b2",HUST_Gearbox,CWRU_12k|CWRU_48k|Electric_Motor|HUST|Mechanical_Gear|PU|UOEMD|UORED,8,Diagnosis,Cond_L4_VS_0_40_0,MLP (TL),141,144,870,30,1.0,1.0,1.0,1.0,42
E3_RMS_Detrend_Com_Parametros,"RMS + detrend com RMS, b1 e b2 como features",rms_detrend,rms_detrend,rms_detrend,True,"RMS,b1,b2",HUST_Gearbox,CWRU_12k|CWRU_48k|Electric_Motor|HUST|Mechanical_Gear|PU|UOEMD|UORED,8,Diagnosis,Cond_L4_VS_0_40_0,TABNET (TL),141,144,870,30,1.0,1.0,1.0,1.0,42
E4_RMS_Detrend_Treino_Raw_Teste_Com_Parametros,"RMS + detrend no treino; raw sem detrend no teste; com RMS, b1 e b2",rms_detrend,rms_detrend,raw,True,"RMS,b1,b2",HUST_Gearbox,CWRU_12k|CWRU_48k|Electric_Motor|HUST|Mechanical_Gear|PU|UOEMD|UORED,8,Diagnosis,Cond_20_0,MLP (TL),141,144,870,30,0.3333333333333333,0.3333333333333333,0.16666666666666666,0.5,42
E4_RMS_Detrend_Treino_Raw_Teste_Com_Parametros,"RMS + detrend no treino; raw sem detrend no teste; com RMS, b1 e b2",rms_detrend,rms_detrend,raw,True,"RMS,b1,b2",HUST_Gearbox,CWRU_12k|CWRU_48k|Electric_Motor|HUST|Mechanical_Gear|PU|UOEMD|UORED,8,Diagnosis,Cond_20_0,TABNET (TL),141,144,870,30,0.5666666666666667,0.5666666666666668,0.5793650793650794,0.68,42
E4_RMS_Detrend_Treino_Raw_Teste_Com_Parametros,"RMS + detrend no treino; raw sem detrend no teste; com RMS, b1 e b2",rms_detrend,rms_detrend,raw,True,"RMS,b1,b2",HUST_Gearbox,CWRU_12k|CWRU_48k|Electric_Motor|HUST|Mechanical_Gear|PU|UOEMD|UORED,8,Diagnosis,Cond_20_1,MLP (TL),141,144,870,30,0.3333333333333333,0.3333333333333333,0.16666666666666666,0.5,42
E4_RMS_Detrend_Treino_Raw_Teste_Com_Parametros,"RMS + detrend no treino; raw sem detrend no teste; com RMS, b1 e b2",rms_detrend,rms_detrend,raw,True,"RMS,b1,b2",HUST_Gearbox,CWRU_12k|CWRU_48k|Electric_Motor|HUST|Mechanical_Gear|PU|UOEMD|UORED,8,Diagnosis,Cond_20_1,TABNET (TL),141,144,870,30,0.23333333333333334,0.2333333333333333,0.1858974358974359,0.6058333333333333,42
E4_RMS_Detrend_Treino_Raw_Teste_Com_Parametros,"RMS + detrend no treino; raw sem detrend no teste; com RMS, b1 e b2",rms_detrend,rms_detrend,raw,True,"RMS,b1,b2",HUST_Gearbox,CWRU_12k|CWRU_48k|Electric_Motor|HUST|Mechanical_Gear|PU|UOEMD|UORED,8,Diagnosis,Cond_20_2,MLP (TL),141,144,870,30,0.3333333333333333,0.3333333333333333,0.16666666666666666,0.5,42
E4_RMS_Detrend_Treino_Raw_Teste_Com_Parametros,"RMS + detrend no treino; raw sem detrend no teste; com RMS, b1 e b2",rms_detrend,rms_detrend,raw,True,"RMS,b1,b2",HUST_Gearbox,CWRU_12k|CWRU_48k|Electric_Motor|HUST|Mechanical_Gear|PU|UOEMD|UORED,8,Diagnosis,Cond_20_2,TABNET (TL),141,144,870,30,0.5666666666666667,0.5666666666666667,0.4765300059417707,0.6883333333333335,42
E4_RMS_Detrend_Treino_Raw_Teste_Com_Parametros,"RMS + detrend no treino; raw sem detrend no teste; com RMS, b1 e b2",rms_detrend,rms_detrend,raw,True,"RMS,b1,b2",HUST_Gearbox,CWRU_12k|CWRU_48k|Electric_Motor|HUST|Mechanical_Gear|PU|UOEMD|UORED,8,Diagnosis,Cond_20_3,MLP (TL),141,144,870,30,0.3333333333333333,0.3333333333333333,0.26666666666666666,0.5,42
E4_RMS_Detrend_Treino_Raw_Teste_Com_Parametros,"RMS + detrend no treino; raw sem detrend no teste; com RMS, b1 e b2",rms_detrend,rms_detrend,raw,True,"RMS,b1,b2",HUST_Gearbox,CWRU_12k|CWRU_48k|Electric_Motor|HUST|Mechanical_Gear|PU|UOEMD|UORED,8,Diagnosis,Cond_20_3,TABNET (TL),141,144,870,30,0.3333333333333333,0.3333333333333333,0.16666666666666666,0.6716666666666667,42
E4_RMS_Detrend_Treino_Raw_Teste_Com_Parametros,"RMS + detrend no treino; raw sem detrend no teste; com RMS, b1 e b2",rms_detrend,rms_detrend,raw,True,"RMS,b1,b2",HUST_Gearbox,CWRU_12k|CWRU_48k|Electric_Motor|HUST|Mechanical_Gear|PU|UOEMD|UORED,8,Diagnosis,Cond_20_4,MLP (TL),141,144,870,30,0.3333333333333333,0.3333333333333333,0.16666666666666666,0.5,42
E4_RMS_Detrend_Treino_Raw_Teste_Com_Parametros,"RMS + detrend no treino; raw sem detrend no teste; com RMS, b1 e b2",rms_detrend,rms_detrend,raw,True,"RMS,b1,b2",HUST_Gearbox,CWRU_12k|CWRU_48k|Electric_Motor|HUST|Mechanical_Gear|PU|UOEMD|UORED,8,Diagnosis,Cond_20_4,TABNET (TL),141,144,870,30,0.6666666666666666,0.6666666666666666,0.5555555555555555,0.6858333333333334,42
E4_RMS_Detrend_Treino_Raw_Teste_Com_Parametros,"RMS + detrend no treino; raw sem detrend no teste; com RMS, b1 e b2",rms_detrend,rms_detrend,raw,True,"RMS,b1,b2",HUST_Gearbox,CWRU_12k|CWRU_48k|Electric_Motor|HUST|Mechanical_Gear|PU|UOEMD|UORED,8,Diagnosis,Cond_25_0,MLP (TL),141,144,870,30,0.3333333333333333,0.3333333333333333,0.16666666666666666,0.5,42
E4_RMS_Detrend_Treino_Raw_Teste_Com_Parametros,"RMS + detrend no treino; raw sem detrend no teste; com RMS, b1 e b2",rms_detrend,rms_detrend,raw,True,"RMS,b1,b2",HUST_Gearbox,CWRU_12k|CWRU_48k|Electric_Motor|HUST|Mechanical_Gear|PU|UOEMD|UORED,8,Diagnosis,Cond_25_0,TABNET (TL),141,144,870,30,0.3333333333333333,0.3333333333333333,0.16666666666666666,0.7166666666666667,42
E4_RMS_Detrend_Treino_Raw_Teste_Com_Parametros,"RMS + detrend no treino; raw sem detrend no teste; com RMS, b1 e b2",rms_detrend,rms_detrend,raw,True,"RMS,b1,b2",HUST_Gearbox,CWRU_12k|CWRU_48k|Electric_Motor|HUST|Mechanical_Gear|PU|UOEMD|UORED,8,Diagnosis,Cond_25_1,MLP (TL),141,144,870,30,0.3333333333333333,0.3333333333333333,0.16666666666666666,0.5,42
E4_RMS_Detrend_Treino_Raw_Teste_Com_Parametros,"RMS + detrend no treino; raw sem detrend no teste; com RMS, b1 e b2",rms_detrend,rms_detrend,raw,True,"RMS,b1,b2",HUST_Gearbox,CWRU_12k|CWRU_48k|Electric_Motor|HUST|Mechanical_Gear|PU|UOEMD|UORED,8,Diagnosis,Cond_25_1,TABNET (TL),141,144,870,30,0.3333333333333333,0.3333333333333333,0.16666666666666666,0.575,42
E4_RMS_Detrend_Treino_Raw_Teste_Com_Parametros,"RMS + detrend no treino; raw sem detrend no teste; com RMS, b1 e b2",rms_detrend,rms_detrend,raw,True,"RMS,b1,b2",HUST_Gearbox,CWRU_12k|CWRU_48k|Electric_Motor|HUST|Mechanical_Gear|PU|UOEMD|UORED,8,Diagnosis,Cond_25_2,MLP (TL),141,144,870,30,0.3333333333333333,0.3333333333333333,0.16666666666666666,0.5,42
E4_RMS_Detrend_Treino_Raw_Teste_Com_Parametros,"RMS + detrend no treino; raw sem detrend no teste; com RMS, b1 e b2",rms_detrend,rms_detrend,raw,True,"RMS,b1,b2",HUST_Gearbox,CWRU_12k|CWRU_48k|Electric_Motor|HUST|Mechanical_Gear|PU|UOEMD|UORED,8,Diagnosis,Cond_25_2,TABNET (TL),141,144,870,30,0.4,0.39999999999999997,0.3893719806763285,0.7233333333333333,42
E4_RMS_Detrend_Treino_Raw_Teste_Com_Parametros,"RMS + detrend no treino; raw sem detrend no teste; com RMS, b1 e b2",rms_detrend,rms_detrend,raw,True,"RMS,b1,b2",HUST_Gearbox,CWRU_12k|CWRU_48k|Electric_Motor|HUST|Mechanical_Gear|PU|UOEMD|UORED,8,Diagnosis,Cond_25_3,MLP (TL),141,144,870,30,0.3333333333333333,0.3333333333333333,0.16666666666666666,0.5,42
E4_RMS_Detrend_Treino_Raw_Teste_Com_Parametros,"RMS + detrend no treino; raw sem detrend no teste; com RMS, b1 e b2",rms_detrend,rms_detrend,raw,True,"RMS,b1,b2",HUST_Gearbox,CWRU_12k|CWRU_48k|Electric_Motor|HUST|Mechanical_Gear|PU|UOEMD|UORED,8,Diagnosis,Cond_25_3,TABNET (TL),141,144,870,30,0.3333333333333333,0.3333333333333333,0.16666666666666666,0.6466666666666666,42
E4_RMS_Detrend_Treino_Raw_Teste_Com_Parametros,"RMS + detrend no treino; raw sem detrend no teste; com RMS, b1 e b2",rms_detrend,rms_detrend,raw,True,"RMS,b1,b2",HUST_Gearbox,CWRU_12k|CWRU_48k|Electric_Motor|HUST|Mechanical_Gear|PU|UOEMD|UORED,8,Diagnosis,Cond_25_4,MLP (TL),141,144,870,30,0.3333333333333333,0.3333333333333333,0.16666666666666666,0.5,42
E4_RMS_Detrend_Treino_Raw_Teste_Com_Parametros,"RMS + detrend no treino; raw sem detrend no teste; com RMS, b1 e b2",rms_detrend,rms_detrend,raw,True,"RMS,b1,b2",HUST_Gearbox,CWRU_12k|CWRU_48k|Electric_Motor|HUST|Mechanical_Gear|PU|UOEMD|UORED,8,Diagnosis,Cond_25_4,TABNET (TL),141,144,870,30,0.3333333333333333,0.3333333333333333,0.16666666666666666,0.64,42
E4_RMS_Detrend_Treino_Raw_Teste_Com_Parametros,"RMS + detrend no treino; raw sem detrend no teste; com RMS, b1 e b2",rms_detrend,rms_detrend,raw,True,"RMS,b1,b2",HUST_Gearbox,CWRU_12k|CWRU_48k|Electric_Motor|HUST|Mechanical_Gear|PU|UOEMD|UORED,8,Diagnosis,Cond_30_0,MLP (TL),141,144,870,30,0.3333333333333333,0.3333333333333333,0.16666666666666666,0.5,42
E4_RMS_Detrend_Treino_Raw_Teste_Com_Parametros,"RMS + detrend no treino; raw sem detrend no teste; com RMS, b1 e b2",rms_detrend,rms_detrend,raw,True,"RMS,b1,b2",HUST_Gearbox,CWRU_12k|CWRU_48k|Electric_Motor|HUST|Mechanical_Gear|PU|UOEMD|UORED,8,Diagnosis,Cond_30_0,TABNET (TL),141,144,870,30,0.3333333333333333,0.3333333333333333,0.16666666666666666,0.7216666666666667,42
E4_RMS_Detrend_Treino_Raw_Teste_Com_Parametros,"RMS + detrend no treino; raw sem detrend no teste; com RMS, b1 e b2",rms_detrend,rms_detrend,raw,True,"RMS,b1,b2",HUST_Gearbox,CWRU_12k|CWRU_48k|Electric_Motor|HUST|Mechanical_Gear|PU|UOEMD|UORED,8,Diagnosis,Cond_30_1,MLP (TL),141,144,870,30,0.3333333333333333,0.3333333333333333,0.16666666666666666,0.5,42
E4_RMS_Detrend_Treino_Raw_Teste_Com_Parametros,"RMS + detrend no treino; raw sem detrend no teste; com RMS, b1 e b2",rms_detrend,rms_detrend,raw,True,"RMS,b1,b2",HUST_Gearbox,CWRU_12k|CWRU_48k|Electric_Motor|HUST|Mechanical_Gear|PU|UOEMD|UORED,8,Diagnosis,Cond_30_1,TABNET (TL),141,144,870,30,0.3333333333333333,0.3333333333333333,0.16666666666666666,0.6166666666666667,42
E4_RMS_Detrend_Treino_Raw_Teste_Com_Parametros,"RMS + detrend no treino; raw sem detrend no teste; com RMS, b1 e b2",rms_detrend,rms_detrend,raw,True,"RMS,b1,b2",HUST_Gearbox,CWRU_12k|CWRU_48k|Electric_Motor|HUST|Mechanical_Gear|PU|UOEMD|UORED,8,Diagnosis,Cond_30_2,MLP (TL),141,144,870,30,0.3333333333333333,0.3333333333333333,0.16666666666666666,0.5,42
E4_RMS_Detrend_Treino_Raw_Teste_Com_Parametros,"RMS + detrend no treino; raw sem detrend no teste; com RMS, b1 e b2",rms_detrend,rms_detrend,raw,True,"RMS,b1,b2",HUST_Gearbox,CWRU_12k|CWRU_48k|Electric_Motor|HUST|Mechanical_Gear|PU|UOEMD|UORED,8,Diagnosis,Cond_30_2,TABNET (TL),141,144,870,30,0.4666666666666667,0.4666666666666666,0.37566137566137564,0.7533333333333333,42
E4_RMS_Detrend_Treino_Raw_Teste_Com_Parametros,"RMS + detrend no treino; raw sem detrend no teste; com RMS, b1 e b2",rms_detrend,rms_detrend,raw,True,"RMS,b1,b2",HUST_Gearbox,CWRU_12k|CWRU_48k|Electric_Motor|HUST|Mechanical_Gear|PU|UOEMD|UORED,8,Diagnosis,Cond_30_3,MLP (TL),141,144,870,30,0.3333333333333333,0.3333333333333333,0.16666666666666666,0.5,42
E4_RMS_Detrend_Treino_Raw_Teste_Com_Parametros,"RMS + detrend no treino; raw sem detrend no teste; com RMS, b1 e b2",rms_detrend,rms_detrend,raw,True,"RMS,b1,b2",HUST_Gearbox,CWRU_12k|CWRU_48k|Electric_Motor|HUST|Mechanical_Gear|PU|UOEMD|UORED,8,Diagnosis,Cond_30_3,TABNET (TL),141,144,870,30,0.2,0.19999999999999998,0.12903225806451613,0.3466666666666667,42
E4_RMS_Detrend_Treino_Raw_Teste_Com_Parametros,"RMS + detrend no treino; raw sem detrend no teste; com RMS, b1 e b2",rms_detrend,rms_detrend,raw,True,"RMS,b1,b2",HUST_Gearbox,CWRU_12k|CWRU_48k|Electric_Motor|HUST|Mechanical_Gear|PU|UOEMD|UORED,8,Diagnosis,Cond_30_4,MLP (TL),141,144,870,30,0.3333333333333333,0.3333333333333333,0.16666666666666666,0.5,42
E4_RMS_Detrend_Treino_Raw_Teste_Com_Parametros,"RMS + detrend no treino; raw sem detrend no teste; com RMS, b1 e b2",rms_detrend,rms_detrend,raw,True,"RMS,b1,b2",HUST_Gearbox,CWRU_12k|CWRU_48k|Electric_Motor|HUST|Mechanical_Gear|PU|UOEMD|UORED,8,Diagnosis,Cond_30_4,TABNET (TL),141,144,870,30,0.3333333333333333,0.3333333333333333,0.16666666666666666,0.7000000000000001,42
E4_RMS_Detrend_Treino_Raw_Teste_Com_Parametros,"RMS + detrend no treino; raw sem detrend no teste; com RMS, b1 e b2",rms_detrend,rms_detrend,raw,True,"RMS,b1,b2",HUST_Gearbox,CWRU_12k|CWRU_48k|Electric_Motor|HUST|Mechanical_Gear|PU|UOEMD|UORED,8,Diagnosis,Cond_35_0,MLP (TL),141,144,870,30,0.3333333333333333,0.3333333333333333,0.26495726495726496,0.5,42
E4_RMS_Detrend_Treino_Raw_Teste_Com_Parametros,"RMS + detrend no treino; raw sem detrend no teste; com RMS, b1 e b2",rms_detrend,rms_detrend,raw,True,"RMS,b1,b2",HUST_Gearbox,CWRU_12k|CWRU_48k|Electric_Motor|HUST|Mechanical_Gear|PU|UOEMD|UORED,8,Diagnosis,Cond_35_0,TABNET (TL),141,144,870,30,0.6666666666666666,0.6666666666666666,0.5555555555555555,0.5,42
E4_RMS_Detrend_Treino_Raw_Teste_Com_Parametros,"RMS + detrend no treino; raw sem detrend no teste; com RMS, b1 e b2",rms_detrend,rms_detrend,raw,True,"RMS,b1,b2",HUST_Gearbox,CWRU_12k|CWRU_48k|Electric_Motor|HUST|Mechanical_Gear|PU|UOEMD|UORED,8,Diagnosis,Cond_35_1,MLP (TL),141,144,870,30,0.3333333333333333,0.3333333333333333,0.16666666666666666,0.5,42
E4_RMS_Detrend_Treino_Raw_Teste_Com_Parametros,"RMS + detrend no treino; raw sem detrend no teste; com RMS, b1 e b2",rms_detrend,rms_detrend,raw,True,"RMS,b1,b2",HUST_Gearbox,CWRU_12k|CWRU_48k|Electric_Motor|HUST|Mechanical_Gear|PU|UOEMD|UORED,8,Diagnosis,Cond_35_1,TABNET (TL),141,144,870,30,0.3333333333333333,0.3333333333333333,0.16666666666666666,0.62,42
E4_RMS_Detrend_Treino_Raw_Teste_Com_Parametros,"RMS + detrend no treino; raw sem detrend no teste; com RMS, b1 e b2",rms_detrend,rms_detrend,raw,True,"RMS,b1,b2",HUST_Gearbox,CWRU_12k|CWRU_48k|Electric_Motor|HUST|Mechanical_Gear|PU|UOEMD|UORED,8,Diagnosis,Cond_35_2,MLP (TL),141,144,870,30,0.3333333333333333,0.3333333333333333,0.16666666666666666,0.5,42
E4_RMS_Detrend_Treino_Raw_Teste_Com_Parametros,"RMS + detrend no treino; raw sem detrend no teste; com RMS, b1 e b2",rms_detrend,rms_detrend,raw,True,"RMS,b1,b2",HUST_Gearbox,CWRU_12k|CWRU_48k|Electric_Motor|HUST|Mechanical_Gear|PU|UOEMD|UORED,8,Diagnosis,Cond_35_2,TABNET (TL),141,144,870,30,0.4666666666666667,0.4666666666666666,0.37566137566137564,0.7491666666666666,42
E4_RMS_Detrend_Treino_Raw_Teste_Com_Parametros,"RMS + detrend no treino; raw sem detrend no teste; com RMS, b1 e b2",rms_detrend,rms_detrend,raw,True,"RMS,b1,b2",HUST_Gearbox,CWRU_12k|CWRU_48k|Electric_Motor|HUST|Mechanical_Gear|PU|UOEMD|UORED,8,Diagnosis,Cond_35_3,MLP (TL),141,144,870,30,0.3333333333333333,0.3333333333333333,0.16666666666666666,0.5,42
E4_RMS_Detrend_Treino_Raw_Teste_Com_Parametros,"RMS + detrend no treino; raw sem detrend no teste; com RMS, b1 e b2",rms_detrend,rms_detrend,raw,True,"RMS,b1,b2",HUST_Gearbox,CWRU_12k|CWRU_48k|Electric_Motor|HUST|Mechanical_Gear|PU|UOEMD|UORED,8,Diagnosis,Cond_35_3,TABNET (TL),141,144,870,30,0.3333333333333333,0.3333333333333333,0.16666666666666666,0.605,42
E4_RMS_Detrend_Treino_Raw_Teste_Com_Parametros,"RMS + detrend no treino; raw sem detrend no teste; com RMS, b1 e b2",rms_detrend,rms_detrend,raw,True,"RMS,b1,b2",HUST_Gearbox,CWRU_12k|CWRU_48k|Electric_Motor|HUST|Mechanical_Gear|PU|UOEMD|UORED,8,Diagnosis,Cond_35_4,MLP (TL),141,144,870,30,0.3333333333333333,0.3333333333333333,0.16666666666666666,0.5,42
E4_RMS_Detrend_Treino_Raw_Teste_Com_Parametros,"RMS + detrend no treino; raw sem detrend no teste; com RMS, b1 e b2",rms_detrend,rms_detrend,raw,True,"RMS,b1,b2",HUST_Gearbox,CWRU_12k|CWRU_48k|Electric_Motor|HUST|Mechanical_Gear|PU|UOEMD|UORED,8,Diagnosis,Cond_35_4,TABNET (TL),141,144,870,30,0.4,0.4000000000000001,0.3235294117647059,0.6733333333333333,42
E4_RMS_Detrend_Treino_Raw_Teste_Com_Parametros,"RMS + detrend no treino; raw sem detrend no teste; com RMS, b1 e b2",rms_detrend,rms_detrend,raw,True,"RMS,b1,b2",HUST_Gearbox,CWRU_12k|CWRU_48k|Electric_Motor|HUST|Mechanical_Gear|PU|UOEMD|UORED,8,Diagnosis,Cond_40_0,MLP (TL),141,144,870,30,0.3333333333333333,0.3333333333333333,0.16666666666666666,0.5,42
E4_RMS_Detrend_Treino_Raw_Teste_Com_Parametros,"RMS + detrend no treino; raw sem detrend no teste; com RMS, b1 e b2",rms_detrend,rms_detrend,raw,True,"RMS,b1,b2",HUST_Gearbox,CWRU_12k|CWRU_48k|Electric_Motor|HUST|Mechanical_Gear|PU|UOEMD|UORED,8,Diagnosis,Cond_40_0,TABNET (TL),141,144,870,30,0.3333333333333333,0.3333333333333333,0.16666666666666666,0.7083333333333334,42
E4_RMS_Detrend_Treino_Raw_Teste_Com_Parametros,"RMS + detrend no treino; raw sem detrend no teste; com RMS, b1 e b2",rms_detrend,rms_detrend,raw,True,"RMS,b1,b2",HUST_Gearbox,CWRU_12k|CWRU_48k|Electric_Motor|HUST|Mechanical_Gear|PU|UOEMD|UORED,8,Diagnosis,Cond_40_1,MLP (TL),141,144,870,30,0.3333333333333333,0.3333333333333333,0.16666666666666666,0.5,42
E4_RMS_Detrend_Treino_Raw_Teste_Com_Parametros,"RMS + detrend no treino; raw sem detrend no teste; com RMS, b1 e b2",rms_detrend,rms_detrend,raw,True,"RMS,b1,b2",HUST_Gearbox,CWRU_12k|CWRU_48k|Electric_Motor|HUST|Mechanical_Gear|PU|UOEMD|UORED,8,Diagnosis,Cond_40_1,TABNET (TL),141,144,870,30,0.3333333333333333,0.3333333333333333,0.16666666666666666,0.5766666666666667,42
E4_RMS_Detrend_Treino_Raw_Teste_Com_Parametros,"RMS + detrend no treino; raw sem detrend no teste; com RMS, b1 e b2",rms_detrend,rms_detrend,raw,True,"RMS,b1,b2",HUST_Gearbox,CWRU_12k|CWRU_48k|Electric_Motor|HUST|Mechanical_Gear|PU|UOEMD|UORED,8,Diagnosis,Cond_40_2,MLP (TL),141,144,870,30,0.3333333333333333,0.3333333333333333,0.16666666666666666,0.5,42
E4_RMS_Detrend_Treino_Raw_Teste_Com_Parametros,"RMS + detrend no treino; raw sem detrend no teste; com RMS, b1 e b2",rms_detrend,rms_detrend,raw,True,"RMS,b1,b2",HUST_Gearbox,CWRU_12k|CWRU_48k|Electric_Motor|HUST|Mechanical_Gear|PU|UOEMD|UORED,8,Diagnosis,Cond_40_2,TABNET (TL),141,144,870,30,0.3333333333333333,0.3333333333333333,0.16666666666666666,0.66,42
E4_RMS_Detrend_Treino_Raw_Teste_Com_Parametros,"RMS + detrend no treino; raw sem detrend no teste; com RMS, b1 e b2",rms_detrend,rms_detrend,raw,True,"RMS,b1,b2",HUST_Gearbox,CWRU_12k|CWRU_48k|Electric_Motor|HUST|Mechanical_Gear|PU|UOEMD|UORED,8,Diagnosis,Cond_40_3,MLP (TL),141,144,870,30,0.3333333333333333,0.3333333333333333,0.16666666666666666,0.5,42
E4_RMS_Detrend_Treino_Raw_Teste_Com_Parametros,"RMS + detrend no treino; raw sem detrend no teste; com RMS, b1 e b2",rms_detrend,rms_detrend,raw,True,"RMS,b1,b2",HUST_Gearbox,CWRU_12k|CWRU_48k|Electric_Motor|HUST|Mechanical_Gear|PU|UOEMD|UORED,8,Diagnosis,Cond_40_3,TABNET (TL),141,144,870,30,0.3333333333333333,0.3333333333333333,0.16666666666666666,0.75,42
E4_RMS_Detrend_Treino_Raw_Teste_Com_Parametros,"RMS + detrend no treino; raw sem detrend no teste; com RMS, b1 e b2",rms_detrend,rms_detrend,raw,True,"RMS,b1,b2",HUST_Gearbox,CWRU_12k|CWRU_48k|Electric_Motor|HUST|Mechanical_Gear|PU|UOEMD|UORED,8,Diagnosis,Cond_40_4,MLP (TL),141,144,870,30,0.3333333333333333,0.3333333333333333,0.16666666666666666,0.5,42
E4_RMS_Detrend_Treino_Raw_Teste_Com_Parametros,"RMS + detrend no treino; raw sem detrend no teste; com RMS, b1 e b2",rms_detrend,rms_detrend,raw,True,"RMS,b1,b2",HUST_Gearbox,CWRU_12k|CWRU_48k|Electric_Motor|HUST|Mechanical_Gear|PU|UOEMD|UORED,8,Diagnosis,Cond_40_4,TABNET (TL),141,144,870,30,0.6666666666666666,0.6666666666666666,0.5555555555555555,0.8333333333333334,42
E4_RMS_Detrend_Treino_Raw_Teste_Com_Parametros,"RMS + detrend no treino; raw sem detrend no teste; com RMS, b1 e b2",rms_detrend,rms_detrend,raw,True,"RMS,b1,b2",HUST_Gearbox,CWRU_12k|CWRU_48k|Electric_Motor|HUST|Mechanical_Gear|PU|UOEMD|UORED,8,Diagnosis,Cond_L0_VS_0_40_0,MLP (TL),141,144,870,30,0.3333333333333333,0.3333333333333333,0.16666666666666666,0.5,42
E4_RMS_Detrend_Treino_Raw_Teste_Com_Parametros,"RMS + detrend no treino; raw sem detrend no teste; com RMS, b1 e b2",rms_detrend,rms_detrend,raw,True,"RMS,b1,b2",HUST_Gearbox,CWRU_12k|CWRU_48k|Electric_Motor|HUST|Mechanical_Gear|PU|UOEMD|UORED,8,Diagnosis,Cond_L0_VS_0_40_0,TABNET (TL),141,144,870,30,0.3333333333333333,0.3333333333333333,0.16666666666666666,0.6933333333333334,42
E4_RMS_Detrend_Treino_Raw_Teste_Com_Parametros,"RMS + detrend no treino; raw sem detrend no teste; com RMS, b1 e b2",rms_detrend,rms_detrend,raw,True,"RMS,b1,b2",HUST_Gearbox,CWRU_12k|CWRU_48k|Electric_Motor|HUST|Mechanical_Gear|PU|UOEMD|UORED,8,Diagnosis,Cond_L1_VS_0_40_0,MLP (TL),141,144,870,30,0.3333333333333333,0.3333333333333333,0.16666666666666666,0.5,42
E4_RMS_Detrend_Treino_Raw_Teste_Com_Parametros,"RMS + detrend no treino; raw sem detrend no teste; com RMS, b1 e b2",rms_detrend,rms_detrend,raw,True,"RMS,b1,b2",HUST_Gearbox,CWRU_12k|CWRU_48k|Electric_Motor|HUST|Mechanical_Gear|PU|UOEMD|UORED,8,Diagnosis,Cond_L1_VS_0_40_0,TABNET (TL),141,144,870,30,0.5666666666666667,0.5666666666666667,0.4765300059417707,0.8066666666666666,42
E4_RMS_Detrend_Treino_Raw_Teste_Com_Parametros,"RMS + detrend no treino; raw sem detrend no teste; com RMS, b1 e b2",rms_detrend,rms_detrend,raw,True,"RMS,b1,b2",HUST_Gearbox,CWRU_12k|CWRU_48k|Electric_Motor|HUST|Mechanical_Gear|PU|UOEMD|UORED,8,Diagnosis,Cond_L2_VS_0_40_0,MLP (TL),141,144,870,30,0.3,0.3,0.23376623376623376,0.47500000000000003,42
E4_RMS_Detrend_Treino_Raw_Teste_Com_Parametros,"RMS + detrend no treino; raw sem detrend no teste; com RMS, b1 e b2",rms_detrend,rms_detrend,raw,True,"RMS,b1,b2",HUST_Gearbox,CWRU_12k|CWRU_48k|Electric_Motor|HUST|Mechanical_Gear|PU|UOEMD|UORED,8,Diagnosis,Cond_L2_VS_0_40_0,TABNET (TL),141,144,870,30,0.3333333333333333,0.3333333333333333,0.27777777777777773,0.5316666666666666,42
E4_RMS_Detrend_Treino_Raw_Teste_Com_Parametros,"RMS + detrend no treino; raw sem detrend no teste; com RMS, b1 e b2",rms_detrend,rms_detrend,raw,True,"RMS,b1,b2",HUST_Gearbox,CWRU_12k|CWRU_48k|Electric_Motor|HUST|Mechanical_Gear|PU|UOEMD|UORED,8,Diagnosis,Cond_L3_VS_0_40_0,MLP (TL),141,144,870,30,0.3333333333333333,0.3333333333333333,0.16666666666666666,0.5,42
E4_RMS_Detrend_Treino_Raw_Teste_Com_Parametros,"RMS + detrend no treino; raw sem detrend no teste; com RMS, b1 e b2",rms_detrend,rms_detrend,raw,True,"RMS,b1,b2",HUST_Gearbox,CWRU_12k|CWRU_48k|Electric_Motor|HUST|Mechanical_Gear|PU|UOEMD|UORED,8,Diagnosis,Cond_L3_VS_0_40_0,TABNET (TL),141,144,870,30,0.3333333333333333,0.3333333333333333,0.16666666666666666,0.6216666666666667,42
E4_RMS_Detrend_Treino_Raw_Teste_Com_Parametros,"RMS + detrend no treino; raw sem detrend no teste; com RMS, b1 e b2",rms_detrend,rms_detrend,raw,True,"RMS,b1,b2",HUST_Gearbox,CWRU_12k|CWRU_48k|Electric_Motor|HUST|Mechanical_Gear|PU|UOEMD|UORED,8,Diagnosis,Cond_L4_VS_0_40_0,MLP (TL),141,144,870,30,0.3333333333333333,0.3333333333333333,0.16666666666666666,0.5,42
E4_RMS_Detrend_Treino_Raw_Teste_Com_Parametros,"RMS + detrend no treino; raw sem detrend no teste; com RMS, b1 e b2",rms_detrend,rms_detrend,raw,True,"RMS,b1,b2",HUST_Gearbox,CWRU_12k|CWRU_48k|Electric_Motor|HUST|Mechanical_Gear|PU|UOEMD|UORED,8,Diagnosis,Cond_L4_VS_0_40_0,TABNET (TL),141,144,870,30,0.4666666666666667,0.4666666666666666,0.37566137566137564,0.7600000000000001,42
E0_RMS_Detrend,"RMS + detrend em pretrain, fine-tune e teste",rms_detrend,rms_detrend,rms_detrend,False,,CWRU_48k,CWRU_12k|Electric_Motor|HUST|HUST_Gearbox|Mechanical_Gear|PU|UOEMD|UORED,8,Diagnosis,Load_0HP_Sev_0.007,MLP (TL),141,141,572,30,0.8333333333333334,0.8333333333333334,0.8222222222222223,0.9716666666666667,42
E0_RMS_Detrend,"RMS + detrend em pretrain, fine-tune e teste",rms_detrend,rms_detrend,rms_detrend,False,,CWRU_48k,CWRU_12k|Electric_Motor|HUST|HUST_Gearbox|Mechanical_Gear|PU|UOEMD|UORED,8,Diagnosis,Load_0HP_Sev_0.007,TABNET (TL),141,141,572,30,0.9666666666666667,0.9666666666666667,0.9665831244778613,1.0,42
E0_RMS_Detrend,"RMS + detrend em pretrain, fine-tune e teste",rms_detrend,rms_detrend,rms_detrend,False,,CWRU_48k,CWRU_12k|Electric_Motor|HUST|HUST_Gearbox|Mechanical_Gear|PU|UOEMD|UORED,8,Diagnosis,Load_0HP_Sev_0.014,MLP (TL),141,141,582,20,1.0,1.0,1.0,0.0,42
E0_RMS_Detrend,"RMS + detrend em pretrain, fine-tune e teste",rms_detrend,rms_detrend,rms_detrend,False,,CWRU_48k,CWRU_12k|Electric_Motor|HUST|HUST_Gearbox|Mechanical_Gear|PU|UOEMD|UORED,8,Diagnosis,Load_0HP_Sev_0.014,TABNET (TL),141,141,582,20,0.7,0.7,0.6703296703296704,0.0,42
E0_RMS_Detrend,"RMS + detrend em pretrain, fine-tune e teste",rms_detrend,rms_detrend,rms_detrend,False,,CWRU_48k,CWRU_12k|Electric_Motor|HUST|HUST_Gearbox|Mechanical_Gear|PU|UOEMD|UORED,8,Diagnosis,Load_0HP_Sev_0.021,MLP (TL),141,141,584,18,1.0,1.0,1.0,1.0,42
E0_RMS_Detrend,"RMS + detrend em pretrain, fine-tune e teste",rms_detrend,rms_detrend,rms_detrend,False,,CWRU_48k,CWRU_12k|Electric_Motor|HUST|HUST_Gearbox|Mechanical_Gear|PU|UOEMD|UORED,8,Diagnosis,Load_0HP_Sev_0.021,TABNET (TL),141,141,584,18,0.9444444444444444,0.9166666666666666,0.9365079365079364,0.9630952380952381,42
E0_RMS_Detrend,"RMS + detrend em pretrain, fine-tune e teste",rms_detrend,rms_detrend,rms_detrend,False,,CWRU_48k,CWRU_12k|Electric_Motor|HUST|HUST_Gearbox|Mechanical_Gear|PU|UOEMD|UORED,8,Diagnosis,Load_1HP_Sev_0.007,MLP (TL),141,141,542,60,1.0,1.0,1.0,1.0,42
E0_RMS_Detrend,"RMS + detrend em pretrain, fine-tune e teste",rms_detrend,rms_detrend,rms_detrend,False,,CWRU_48k,CWRU_12k|Electric_Motor|HUST|HUST_Gearbox|Mechanical_Gear|PU|UOEMD|UORED,8,Diagnosis,Load_1HP_Sev_0.007,TABNET (TL),141,141,542,60,0.9333333333333333,0.9333333333333332,0.9315770677086616,0.9987499999999999,42
E0_RMS_Detrend,"RMS + detrend em pretrain, fine-tune e teste",rms_detrend,rms_detrend,rms_detrend,False,,CWRU_48k,CWRU_12k|Electric_Motor|HUST|HUST_Gearbox|Mechanical_Gear|PU|UOEMD|UORED,8,Diagnosis,Load_1HP_Sev_0.014,MLP (TL),141,141,548,54,0.9444444444444444,0.9500000000000001,0.9497171590194845,1.0,42
E0_RMS_Detrend,"RMS + detrend em pretrain, fine-tune e teste",rms_detrend,rms_detrend,rms_detrend,False,,CWRU_48k,CWRU_12k|Electric_Motor|HUST|HUST_Gearbox|Mechanical_Gear|PU|UOEMD|UORED,8,Diagnosis,Load_1HP_Sev_0.014,TABNET (TL),141,141,548,54,0.9074074074074074,0.888095238095238,0.8974747474747474,0.9939775910364146,42
E0_RMS_Detrend,"RMS + detrend em pretrain, fine-tune e teste",rms_detrend,rms_detrend,rms_detrend,False,,CWRU_48k,CWRU_12k|Electric_Motor|HUST|HUST_Gearbox|Mechanical_Gear|PU|UOEMD|UORED,8,Diagnosis,Load_1HP_Sev_0.021,MLP (TL),141,141,542,60,1.0,1.0,1.0,1.0,42
E0_RMS_Detrend,"RMS + detrend em pretrain, fine-tune e teste",rms_detrend,rms_detrend,rms_detrend,False,,CWRU_48k,CWRU_12k|Electric_Motor|HUST|HUST_Gearbox|Mechanical_Gear|PU|UOEMD|UORED,8,Diagnosis,Load_1HP_Sev_0.021,TABNET (TL),141,141,542,60,1.0,1.0,1.0,1.0,42
E0_RMS_Detrend,"RMS + detrend em pretrain, fine-tune e teste",rms_detrend,rms_detrend,rms_detrend,False,,CWRU_48k,CWRU_12k|Electric_Motor|HUST|HUST_Gearbox|Mechanical_Gear|PU|UOEMD|UORED,8,Diagnosis,Load_2HP_Sev_0.007,MLP (TL),141,141,542,60,1.0,1.0,1.0,1.0,42
E0_RMS_Detrend,"RMS + detrend em pretrain, fine-tune e teste",rms_detrend,rms_detrend,rms_detrend,False,,CWRU_48k,CWRU_12k|Electric_Motor|HUST|HUST_Gearbox|Mechanical_Gear|PU|UOEMD|UORED,8,Diagnosis,Load_2HP_Sev_0.007,TABNET (TL),141,141,542,60,0.8,0.7999999999999999,0.7726625533934502,0.9712500000000001,42
E0_RMS_Detrend,"RMS + detrend em pretrain, fine-tune e teste",rms_detrend,rms_detrend,rms_detrend,False,,CWRU_48k,CWRU_12k|Electric_Motor|HUST|HUST_Gearbox|Mechanical_Gear|PU|UOEMD|UORED,8,Diagnosis,Load_2HP_Sev_0.014,MLP (TL),141,141,542,60,0.9666666666666667,0.9666666666666667,0.9666666666666667,0.9987499999999999,42
E0_RMS_Detrend,"RMS + detrend em pretrain, fine-tune e teste",rms_detrend,rms_detrend,rms_detrend,False,,CWRU_48k,CWRU_12k|Electric_Motor|HUST|HUST_Gearbox|Mechanical_Gear|PU|UOEMD|UORED,8,Diagnosis,Load_2HP_Sev_0.014,TABNET (TL),141,141,542,60,0.9166666666666666,0.9166666666666666,0.913947840777109,0.9958333333333332,42
E0_RMS_Detrend,"RMS + detrend em pretrain, fine-tune e teste",rms_detrend,rms_detrend,rms_detrend,False,,CWRU_48k,CWRU_12k|Electric_Motor|HUST|HUST_Gearbox|Mechanical_Gear|PU|UOEMD|UORED,8,Diagnosis,Load_2HP_Sev_0.021,MLP (TL),141,141,542,60,1.0,1.0,1.0,1.0,42
E0_RMS_Detrend,"RMS + detrend em pretrain, fine-tune e teste",rms_detrend,rms_detrend,rms_detrend,False,,CWRU_48k,CWRU_12k|Electric_Motor|HUST|HUST_Gearbox|Mechanical_Gear|PU|UOEMD|UORED,8,Diagnosis,Load_2HP_Sev_0.021,TABNET (TL),141,141,542,60,0.9833333333333333,0.9833333333333334,0.9833229101521784,1.0,42
E0_RMS_Detrend,"RMS + detrend em pretrain, fine-tune e teste",rms_detrend,rms_detrend,rms_detrend,False,,CWRU_48k,CWRU_12k|Electric_Motor|HUST|HUST_Gearbox|Mechanical_Gear|PU|UOEMD|UORED,8,Diagnosis,Load_3HP_Sev_0.007,MLP (TL),141,141,542,60,0.9833333333333333,0.9833333333333334,0.9833229101521784,0.9975,42
E0_RMS_Detrend,"RMS + detrend em pretrain, fine-tune e teste",rms_detrend,rms_detrend,rms_detrend,False,,CWRU_48k,CWRU_12k|Electric_Motor|HUST|HUST_Gearbox|Mechanical_Gear|PU|UOEMD|UORED,8,Diagnosis,Load_3HP_Sev_0.007,TABNET (TL),141,141,542,60,0.8333333333333334,0.8333333333333334,0.8222222222222223,0.75,42
E0_RMS_Detrend,"RMS + detrend em pretrain, fine-tune e teste",rms_detrend,rms_detrend,rms_detrend,False,,CWRU_48k,CWRU_12k|Electric_Motor|HUST|HUST_Gearbox|Mechanical_Gear|PU|UOEMD|UORED,8,Diagnosis,Load_3HP_Sev_0.014,MLP (TL),141,141,542,60,0.9666666666666667,0.9666666666666667,0.9665831244778612,0.9499999999999998,42
E0_RMS_Detrend,"RMS + detrend em pretrain, fine-tune e teste",rms_detrend,rms_detrend,rms_detrend,False,,CWRU_48k,CWRU_12k|Electric_Motor|HUST|HUST_Gearbox|Mechanical_Gear|PU|UOEMD|UORED,8,Diagnosis,Load_3HP_Sev_0.014,TABNET (TL),141,141,542,60,0.6333333333333333,0.6333333333333333,0.6214264662540524,0.8054166666666666,42
E0_RMS_Detrend,"RMS + detrend em pretrain, fine-tune e teste",rms_detrend,rms_detrend,rms_detrend,False,,CWRU_48k,CWRU_12k|Electric_Motor|HUST|HUST_Gearbox|Mechanical_Gear|PU|UOEMD|UORED,8,Diagnosis,Load_3HP_Sev_0.021,MLP (TL),141,141,542,60,0.9,0.9,0.8960093522503852,1.0,42
E0_RMS_Detrend,"RMS + detrend em pretrain, fine-tune e teste",rms_detrend,rms_detrend,rms_detrend,False,,CWRU_48k,CWRU_12k|Electric_Motor|HUST|HUST_Gearbox|Mechanical_Gear|PU|UOEMD|UORED,8,Diagnosis,Load_3HP_Sev_0.021,TABNET (TL),141,141,542,60,0.8833333333333333,0.8833333333333333,0.8796475392220073,0.99625,42
E1_RMS_Sem_Detrend,"RMS sem detrend em pretrain, fine-tune e teste",rms_raw,rms_raw,rms_raw,False,,CWRU_48k,CWRU_12k|Electric_Motor|HUST|HUST_Gearbox|Mechanical_Gear|PU|UOEMD|UORED,8,Diagnosis,Load_0HP_Sev_0.007,MLP (TL),141,141,572,30,0.8333333333333334,0.8333333333333334,0.8222222222222223,0.9866666666666667,42
E1_RMS_Sem_Detrend,"RMS sem detrend em pretrain, fine-tune e teste",rms_raw,rms_raw,rms_raw,False,,CWRU_48k,CWRU_12k|Electric_Motor|HUST|HUST_Gearbox|Mechanical_Gear|PU|UOEMD|UORED,8,Diagnosis,Load_0HP_Sev_0.007,TABNET (TL),141,141,572,30,0.8333333333333334,0.8333333333333334,0.8222222222222223,1.0,42
E1_RMS_Sem_Detrend,"RMS sem detrend em pretrain, fine-tune e teste",rms_raw,rms_raw,rms_raw,False,,CWRU_48k,CWRU_12k|Electric_Motor|HUST|HUST_Gearbox|Mechanical_Gear|PU|UOEMD|UORED,8,Diagnosis,Load_0HP_Sev_0.014,MLP (TL),141,141,582,20,0.9,0.9,0.898989898989899,0.0,42
E1_RMS_Sem_Detrend,"RMS sem detrend em pretrain, fine-tune e teste",rms_raw,rms_raw,rms_raw,False,,CWRU_48k,CWRU_12k|Electric_Motor|HUST|HUST_Gearbox|Mechanical_Gear|PU|UOEMD|UORED,8,Diagnosis,Load_0HP_Sev_0.014,TABNET (TL),141,141,582,20,0.7,0.7,0.6703296703296704,0.0,42
E1_RMS_Sem_Detrend,"RMS sem detrend em pretrain, fine-tune e teste",rms_raw,rms_raw,rms_raw,False,,CWRU_48k,CWRU_12k|Electric_Motor|HUST|HUST_Gearbox|Mechanical_Gear|PU|UOEMD|UORED,8,Diagnosis,Load_0HP_Sev_0.021,MLP (TL),141,141,584,18,1.0,1.0,1.0,1.0,42
E1_RMS_Sem_Detrend,"RMS sem detrend em pretrain, fine-tune e teste",rms_raw,rms_raw,rms_raw,False,,CWRU_48k,CWRU_12k|Electric_Motor|HUST|HUST_Gearbox|Mechanical_Gear|PU|UOEMD|UORED,8,Diagnosis,Load_0HP_Sev_0.021,TABNET (TL),141,141,584,18,0.4444444444444444,0.6666666666666666,0.48148148148148145,0.7488095238095238,42
E1_RMS_Sem_Detrend,"RMS sem detrend em pretrain, fine-tune e teste",rms_raw,rms_raw,rms_raw,False,,CWRU_48k,CWRU_12k|Electric_Motor|HUST|HUST_Gearbox|Mechanical_Gear|PU|UOEMD|UORED,8,Diagnosis,Load_1HP_Sev_0.007,MLP (TL),141,141,542,60,1.0,1.0,1.0,1.0,42
E1_RMS_Sem_Detrend,"RMS sem detrend em pretrain, fine-tune e teste",rms_raw,rms_raw,rms_raw,False,,CWRU_48k,CWRU_12k|Electric_Motor|HUST|HUST_Gearbox|Mechanical_Gear|PU|UOEMD|UORED,8,Diagnosis,Load_1HP_Sev_0.007,TABNET (TL),141,141,542,60,1.0,1.0,1.0,1.0,42
E1_RMS_Sem_Detrend,"RMS sem detrend em pretrain, fine-tune e teste",rms_raw,rms_raw,rms_raw,False,,CWRU_48k,CWRU_12k|Electric_Motor|HUST|HUST_Gearbox|Mechanical_Gear|PU|UOEMD|UORED,8,Diagnosis,Load_1HP_Sev_0.014,MLP (TL),141,141,548,54,1.0,1.0,1.0,1.0,42
E1_RMS_Sem_Detrend,"RMS sem detrend em pretrain, fine-tune e teste",rms_raw,rms_raw,rms_raw,False,,CWRU_48k,CWRU_12k|Electric_Motor|HUST|HUST_Gearbox|Mechanical_Gear|PU|UOEMD|UORED,8,Diagnosis,Load_1HP_Sev_0.014,TABNET (TL),141,141,548,54,1.0,1.0,1.0,1.0,42
E1_RMS_Sem_Detrend,"RMS sem detrend em pretrain, fine-tune e teste",rms_raw,rms_raw,rms_raw,False,,CWRU_48k,CWRU_12k|Electric_Motor|HUST|HUST_Gearbox|Mechanical_Gear|PU|UOEMD|UORED,8,Diagnosis,Load_1HP_Sev_0.021,MLP (TL),141,141,542,60,1.0,1.0,1.0,1.0,42
E1_RMS_Sem_Detrend,"RMS sem detrend em pretrain, fine-tune e teste",rms_raw,rms_raw,rms_raw,False,,CWRU_48k,CWRU_12k|Electric_Motor|HUST|HUST_Gearbox|Mechanical_Gear|PU|UOEMD|UORED,8,Diagnosis,Load_1HP_Sev_0.021,TABNET (TL),141,141,542,60,0.9833333333333333,0.9833333333333334,0.9833229101521784,0.9970833333333333,42
E1_RMS_Sem_Detrend,"RMS sem detrend em pretrain, fine-tune e teste",rms_raw,rms_raw,rms_raw,False,,CWRU_48k,CWRU_12k|Electric_Motor|HUST|HUST_Gearbox|Mechanical_Gear|PU|UOEMD|UORED,8,Diagnosis,Load_2HP_Sev_0.007,MLP (TL),141,141,542,60,1.0,1.0,1.0,1.0,42
E1_RMS_Sem_Detrend,"RMS sem detrend em pretrain, fine-tune e teste",rms_raw,rms_raw,rms_raw,False,,CWRU_48k,CWRU_12k|Electric_Motor|HUST|HUST_Gearbox|Mechanical_Gear|PU|UOEMD|UORED,8,Diagnosis,Load_2HP_Sev_0.007,TABNET (TL),141,141,542,60,0.7833333333333333,0.7833333333333333,0.7703703703703703,0.9874999999999999,42
E1_RMS_Sem_Detrend,"RMS sem detrend em pretrain, fine-tune e teste",rms_raw,rms_raw,rms_raw,False,,CWRU_48k,CWRU_12k|Electric_Motor|HUST|HUST_Gearbox|Mechanical_Gear|PU|UOEMD|UORED,8,Diagnosis,Load_2HP_Sev_0.014,MLP (TL),141,141,542,60,0.9666666666666667,0.9666666666666667,0.9666666666666667,0.9991666666666666,42
E1_RMS_Sem_Detrend,"RMS sem detrend em pretrain, fine-tune e teste",rms_raw,rms_raw,rms_raw,False,,CWRU_48k,CWRU_12k|Electric_Motor|HUST|HUST_Gearbox|Mechanical_Gear|PU|UOEMD|UORED,8,Diagnosis,Load_2HP_Sev_0.014,TABNET (TL),141,141,542,60,0.8666666666666667,0.8666666666666667,0.8658413658413658,0.9641666666666667,42
E1_RMS_Sem_Detrend,"RMS sem detrend em pretrain, fine-tune e teste",rms_raw,rms_raw,rms_raw,False,,CWRU_48k,CWRU_12k|Electric_Motor|HUST|HUST_Gearbox|Mechanical_Gear|PU|UOEMD|UORED,8,Diagnosis,Load_2HP_Sev_0.021,MLP (TL),141,141,542,60,1.0,1.0,1.0,1.0,42
E1_RMS_Sem_Detrend,"RMS sem detrend em pretrain, fine-tune e teste",rms_raw,rms_raw,rms_raw,False,,CWRU_48k,CWRU_12k|Electric_Motor|HUST|HUST_Gearbox|Mechanical_Gear|PU|UOEMD|UORED,8,Diagnosis,Load_2HP_Sev_0.021,TABNET (TL),141,141,542,60,1.0,1.0,1.0,1.0,42
E1_RMS_Sem_Detrend,"RMS sem detrend em pretrain, fine-tune e teste",rms_raw,rms_raw,rms_raw,False,,CWRU_48k,CWRU_12k|Electric_Motor|HUST|HUST_Gearbox|Mechanical_Gear|PU|UOEMD|UORED,8,Diagnosis,Load_3HP_Sev_0.007,MLP (TL),141,141,542,60,1.0,1.0,1.0,1.0,42
E1_RMS_Sem_Detrend,"RMS sem detrend em pretrain, fine-tune e teste",rms_raw,rms_raw,rms_raw,False,,CWRU_48k,CWRU_12k|Electric_Motor|HUST|HUST_Gearbox|Mechanical_Gear|PU|UOEMD|UORED,8,Diagnosis,Load_3HP_Sev_0.007,TABNET (TL),141,141,542,60,0.8333333333333334,0.8333333333333334,0.8222222222222223,0.7504166666666666,42
E1_RMS_Sem_Detrend,"RMS sem detrend em pretrain, fine-tune e teste",rms_raw,rms_raw,rms_raw,False,,CWRU_48k,CWRU_12k|Electric_Motor|HUST|HUST_Gearbox|Mechanical_Gear|PU|UOEMD|UORED,8,Diagnosis,Load_3HP_Sev_0.014,MLP (TL),141,141,542,60,0.95,0.9500000000000001,0.9489698757991439,0.9499999999999998,42
E1_RMS_Sem_Detrend,"RMS sem detrend em pretrain, fine-tune e teste",rms_raw,rms_raw,rms_raw,False,,CWRU_48k,CWRU_12k|Electric_Motor|HUST|HUST_Gearbox|Mechanical_Gear|PU|UOEMD|UORED,8,Diagnosis,Load_3HP_Sev_0.014,TABNET (TL),141,141,542,60,0.95,0.9500000000000001,0.9489698757991439,0.9845833333333335,42
E1_RMS_Sem_Detrend,"RMS sem detrend em pretrain, fine-tune e teste",rms_raw,rms_raw,rms_raw,False,,CWRU_48k,CWRU_12k|Electric_Motor|HUST|HUST_Gearbox|Mechanical_Gear|PU|UOEMD|UORED,8,Diagnosis,Load_3HP_Sev_0.021,MLP (TL),141,141,542,60,1.0,1.0,1.0,1.0,42
E1_RMS_Sem_Detrend,"RMS sem detrend em pretrain, fine-tune e teste",rms_raw,rms_raw,rms_raw,False,,CWRU_48k,CWRU_12k|Electric_Motor|HUST|HUST_Gearbox|Mechanical_Gear|PU|UOEMD|UORED,8,Diagnosis,Load_3HP_Sev_0.021,TABNET (TL),141,141,542,60,0.95,0.9500000000000001,0.9489698757991442,1.0,42
E2_RMS_Detrend_Treino_Raw_Teste,RMS + detrend no treino; raw sem detrend no teste,rms_detrend,rms_detrend,raw,False,,CWRU_48k,CWRU_12k|Electric_Motor|HUST|HUST_Gearbox|Mechanical_Gear|PU|UOEMD|UORED,8,Diagnosis,Load_0HP_Sev_0.007,MLP (TL),141,141,572,30,0.3333333333333333,0.3333333333333333,0.16666666666666666,0.5,42
E2_RMS_Detrend_Treino_Raw_Teste,RMS + detrend no treino; raw sem detrend no teste,rms_detrend,rms_detrend,raw,False,,CWRU_48k,CWRU_12k|Electric_Motor|HUST|HUST_Gearbox|Mechanical_Gear|PU|UOEMD|UORED,8,Diagnosis,Load_0HP_Sev_0.007,TABNET (TL),141,141,572,30,0.3333333333333333,0.3333333333333333,0.16666666666666666,0.7566666666666668,42
E2_RMS_Detrend_Treino_Raw_Teste,RMS + detrend no treino; raw sem detrend no teste,rms_detrend,rms_detrend,raw,False,,CWRU_48k,CWRU_12k|Electric_Motor|HUST|HUST_Gearbox|Mechanical_Gear|PU|UOEMD|UORED,8,Diagnosis,Load_0HP_Sev_0.014,MLP (TL),141,141,582,20,0.2,0.2,0.13333333333333333,0.0,42
E2_RMS_Detrend_Treino_Raw_Teste,RMS + detrend no treino; raw sem detrend no teste,rms_detrend,rms_detrend,raw,False,,CWRU_48k,CWRU_12k|Electric_Motor|HUST|HUST_Gearbox|Mechanical_Gear|PU|UOEMD|UORED,8,Diagnosis,Load_0HP_Sev_0.014,TABNET (TL),141,141,582,20,0.6,0.6,0.6,0.0,42
E2_RMS_Detrend_Treino_Raw_Teste,RMS + detrend no treino; raw sem detrend no teste,rms_detrend,rms_detrend,raw,False,,CWRU_48k,CWRU_12k|Electric_Motor|HUST|HUST_Gearbox|Mechanical_Gear|PU|UOEMD|UORED,8,Diagnosis,Load_0HP_Sev_0.021,MLP (TL),141,141,584,18,0.2222222222222222,0.3333333333333333,0.12121212121212122,0.5,42
E2_RMS_Detrend_Treino_Raw_Teste,RMS + detrend no treino; raw sem detrend no teste,rms_detrend,rms_detrend,raw,False,,CWRU_48k,CWRU_12k|Electric_Motor|HUST|HUST_Gearbox|Mechanical_Gear|PU|UOEMD|UORED,8,Diagnosis,Load_0HP_Sev_0.021,TABNET (TL),141,141,584,18,0.16666666666666666,0.25,0.09999999999999999,0.5154761904761904,42
E2_RMS_Detrend_Treino_Raw_Teste,RMS + detrend no treino; raw sem detrend no teste,rms_detrend,rms_detrend,raw,False,,CWRU_48k,CWRU_12k|Electric_Motor|HUST|HUST_Gearbox|Mechanical_Gear|PU|UOEMD|UORED,8,Diagnosis,Load_1HP_Sev_0.007,MLP (TL),141,141,542,60,0.3333333333333333,0.3333333333333333,0.16666666666666666,0.5,42
E2_RMS_Detrend_Treino_Raw_Teste,RMS + detrend no treino; raw sem detrend no teste,rms_detrend,rms_detrend,raw,False,,CWRU_48k,CWRU_12k|Electric_Motor|HUST|HUST_Gearbox|Mechanical_Gear|PU|UOEMD|UORED,8,Diagnosis,Load_1HP_Sev_0.007,TABNET (TL),141,141,542,60,0.43333333333333335,0.43333333333333335,0.341991341991342,0.4816666666666667,42
E2_RMS_Detrend_Treino_Raw_Teste,RMS + detrend no treino; raw sem detrend no teste,rms_detrend,rms_detrend,raw,False,,CWRU_48k,CWRU_12k|Electric_Motor|HUST|HUST_Gearbox|Mechanical_Gear|PU|UOEMD|UORED,8,Diagnosis,Load_1HP_Sev_0.014,MLP (TL),141,141,548,54,0.37037037037037035,0.3333333333333333,0.1801801801801802,0.5,42
E2_RMS_Detrend_Treino_Raw_Teste,RMS + detrend no treino; raw sem detrend no teste,rms_detrend,rms_detrend,raw,False,,CWRU_48k,CWRU_12k|Electric_Motor|HUST|HUST_Gearbox|Mechanical_Gear|PU|UOEMD|UORED,8,Diagnosis,Load_1HP_Sev_0.014,TABNET (TL),141,141,548,54,0.2222222222222222,0.22142857142857142,0.21611266438852647,0.4553221288515406,42
E2_RMS_Detrend_Treino_Raw_Teste,RMS + detrend no treino; raw sem detrend no teste,rms_detrend,rms_detrend,raw,False,,CWRU_48k,CWRU_12k|Electric_Motor|HUST|HUST_Gearbox|Mechanical_Gear|PU|UOEMD|UORED,8,Diagnosis,Load_1HP_Sev_0.021,MLP (TL),141,141,542,60,0.3333333333333333,0.3333333333333333,0.16666666666666666,0.5,42
E2_RMS_Detrend_Treino_Raw_Teste,RMS + detrend no treino; raw sem detrend no teste,rms_detrend,rms_detrend,raw,False,,CWRU_48k,CWRU_12k|Electric_Motor|HUST|HUST_Gearbox|Mechanical_Gear|PU|UOEMD|UORED,8,Diagnosis,Load_1HP_Sev_0.021,TABNET (TL),141,141,542,60,0.5,0.5,0.48293954331690186,0.7291666666666666,42
E2_RMS_Detrend_Treino_Raw_Teste,RMS + detrend no treino; raw sem detrend no teste,rms_detrend,rms_detrend,raw,False,,CWRU_48k,CWRU_12k|Electric_Motor|HUST|HUST_Gearbox|Mechanical_Gear|PU|UOEMD|UORED,8,Diagnosis,Load_2HP_Sev_0.007,MLP (TL),141,141,542,60,0.3333333333333333,0.3333333333333333,0.16666666666666666,0.5,42
E2_RMS_Detrend_Treino_Raw_Teste,RMS + detrend no treino; raw sem detrend no teste,rms_detrend,rms_detrend,raw,False,,CWRU_48k,CWRU_12k|Electric_Motor|HUST|HUST_Gearbox|Mechanical_Gear|PU|UOEMD|UORED,8,Diagnosis,Load_2HP_Sev_0.007,TABNET (TL),141,141,542,60,0.1,0.09999999999999999,0.06153846153846154,0.2504166666666667,42
E2_RMS_Detrend_Treino_Raw_Teste,RMS + detrend no treino; raw sem detrend no teste,rms_detrend,rms_detrend,raw,False,,CWRU_48k,CWRU_12k|Electric_Motor|HUST|HUST_Gearbox|Mechanical_Gear|PU|UOEMD|UORED,8,Diagnosis,Load_2HP_Sev_0.014,MLP (TL),141,141,542,60,0.3333333333333333,0.3333333333333333,0.16666666666666666,0.5,42
E2_RMS_Detrend_Treino_Raw_Teste,RMS + detrend no treino; raw sem detrend no teste,rms_detrend,rms_detrend,raw,False,,CWRU_48k,CWRU_12k|Electric_Motor|HUST|HUST_Gearbox|Mechanical_Gear|PU|UOEMD|UORED,8,Diagnosis,Load_2HP_Sev_0.014,TABNET (TL),141,141,542,60,0.3333333333333333,0.3333333333333333,0.17094017094017092,0.6891666666666666,42
E2_RMS_Detrend_Treino_Raw_Teste,RMS + detrend no treino; raw sem detrend no teste,rms_detrend,rms_detrend,raw,False,,CWRU_48k,CWRU_12k|Electric_Motor|HUST|HUST_Gearbox|Mechanical_Gear|PU|UOEMD|UORED,8,Diagnosis,Load_2HP_Sev_0.021,MLP (TL),141,141,542,60,0.3333333333333333,0.3333333333333333,0.16666666666666666,0.5,42
E2_RMS_Detrend_Treino_Raw_Teste,RMS + detrend no treino; raw sem detrend no teste,rms_detrend,rms_detrend,raw,False,,CWRU_48k,CWRU_12k|Electric_Motor|HUST|HUST_Gearbox|Mechanical_Gear|PU|UOEMD|UORED,8,Diagnosis,Load_2HP_Sev_0.021,TABNET (TL),141,141,542,60,0.4166666666666667,0.4166666666666667,0.37373737373737376,0.5985416666666666,42
E2_RMS_Detrend_Treino_Raw_Teste,RMS + detrend no treino; raw sem detrend no teste,rms_detrend,rms_detrend,raw,False,,CWRU_48k,CWRU_12k|Electric_Motor|HUST|HUST_Gearbox|Mechanical_Gear|PU|UOEMD|UORED,8,Diagnosis,Load_3HP_Sev_0.007,MLP (TL),141,141,542,60,0.31666666666666665,0.31666666666666665,0.25316793384020275,0.4875,42
E2_RMS_Detrend_Treino_Raw_Teste,RMS + detrend no treino; raw sem detrend no teste,rms_detrend,rms_detrend,raw,False,,CWRU_48k,CWRU_12k|Electric_Motor|HUST|HUST_Gearbox|Mechanical_Gear|PU|UOEMD|UORED,8,Diagnosis,Load_3HP_Sev_0.007,TABNET (TL),141,141,542,60,0.3333333333333333,0.3333333333333333,0.16666666666666666,0.53625,42
E2_RMS_Detrend_Treino_Raw_Teste,RMS + detrend no treino; raw sem detrend no teste,rms_detrend,rms_detrend,raw,False,,CWRU_48k,CWRU_12k|Electric_Motor|HUST|HUST_Gearbox|Mechanical_Gear|PU|UOEMD|UORED,8,Diagnosis,Load_3HP_Sev_0.014,MLP (TL),141,141,542,60,0.3333333333333333,0.3333333333333333,0.16666666666666666,0.5,42
E2_RMS_Detrend_Treino_Raw_Teste,RMS + detrend no treino; raw sem detrend no teste,rms_detrend,rms_detrend,raw,False,,CWRU_48k,CWRU_12k|Electric_Motor|HUST|HUST_Gearbox|Mechanical_Gear|PU|UOEMD|UORED,8,Diagnosis,Load_3HP_Sev_0.014,TABNET (TL),141,141,542,60,0.3333333333333333,0.3333333333333333,0.17094017094017092,0.44645833333333335,42
E2_RMS_Detrend_Treino_Raw_Teste,RMS + detrend no treino; raw sem detrend no teste,rms_detrend,rms_detrend,raw,False,,CWRU_48k,CWRU_12k|Electric_Motor|HUST|HUST_Gearbox|Mechanical_Gear|PU|UOEMD|UORED,8,Diagnosis,Load_3HP_Sev_0.021,MLP (TL),141,141,542,60,0.36666666666666664,0.3666666666666667,0.29090909090909095,0.525,42
E2_RMS_Detrend_Treino_Raw_Teste,RMS + detrend no treino; raw sem detrend no teste,rms_detrend,rms_detrend,raw,False,,CWRU_48k,CWRU_12k|Electric_Motor|HUST|HUST_Gearbox|Mechanical_Gear|PU|UOEMD|UORED,8,Diagnosis,Load_3HP_Sev_0.021,TABNET (TL),141,141,542,60,0.3333333333333333,0.3333333333333333,0.24761904761904763,0.64375,42
E3_RMS_Detrend_Com_Parametros,"RMS + detrend com RMS, b1 e b2 como features",rms_detrend,rms_detrend,rms_detrend,True,"RMS,b1,b2",CWRU_48k,CWRU_12k|Electric_Motor|HUST|HUST_Gearbox|Mechanical_Gear|PU|UOEMD|UORED,8,Diagnosis,Load_0HP_Sev_0.007,MLP (TL),141,144,572,30,0.8333333333333334,0.8333333333333334,0.8222222222222223,0.985,42
E3_RMS_Detrend_Com_Parametros,"RMS + detrend com RMS, b1 e b2 como features",rms_detrend,rms_detrend,rms_detrend,True,"RMS,b1,b2",CWRU_48k,CWRU_12k|Electric_Motor|HUST|HUST_Gearbox|Mechanical_Gear|PU|UOEMD|UORED,8,Diagnosis,Load_0HP_Sev_0.007,TABNET (TL),141,144,572,30,0.8333333333333334,0.8333333333333334,0.8222222222222223,0.93,42
E3_RMS_Detrend_Com_Parametros,"RMS + detrend com RMS, b1 e b2 como features",rms_detrend,rms_detrend,rms_detrend,True,"RMS,b1,b2",CWRU_48k,CWRU_12k|Electric_Motor|HUST|HUST_Gearbox|Mechanical_Gear|PU|UOEMD|UORED,8,Diagnosis,Load_0HP_Sev_0.014,MLP (TL),141,144,582,20,1.0,1.0,1.0,0.0,42
E3_RMS_Detrend_Com_Parametros,"RMS + detrend com RMS, b1 e b2 como features",rms_detrend,rms_detrend,rms_detrend,True,"RMS,b1,b2",CWRU_48k,CWRU_12k|Electric_Motor|HUST|HUST_Gearbox|Mechanical_Gear|PU|UOEMD|UORED,8,Diagnosis,Load_0HP_Sev_0.014,TABNET (TL),141,144,582,20,1.0,1.0,1.0,0.0,42
E3_RMS_Detrend_Com_Parametros,"RMS + detrend com RMS, b1 e b2 como features",rms_detrend,rms_detrend,rms_detrend,True,"RMS,b1,b2",CWRU_48k,CWRU_12k|Electric_Motor|HUST|HUST_Gearbox|Mechanical_Gear|PU|UOEMD|UORED,8,Diagnosis,Load_0HP_Sev_0.021,MLP (TL),141,144,584,18,1.0,1.0,1.0,1.0,42
E3_RMS_Detrend_Com_Parametros,"RMS + detrend com RMS, b1 e b2 como features",rms_detrend,rms_detrend,rms_detrend,True,"RMS,b1,b2",CWRU_48k,CWRU_12k|Electric_Motor|HUST|HUST_Gearbox|Mechanical_Gear|PU|UOEMD|UORED,8,Diagnosis,Load_0HP_Sev_0.021,TABNET (TL),141,144,584,18,0.8333333333333334,0.85,0.8362573099415204,0.9696428571428571,42
E3_RMS_Detrend_Com_Parametros,"RMS + detrend com RMS, b1 e b2 como features",rms_detrend,rms_detrend,rms_detrend,True,"RMS,b1,b2",CWRU_48k,CWRU_12k|Electric_Motor|HUST|HUST_Gearbox|Mechanical_Gear|PU|UOEMD|UORED,8,Diagnosis,Load_1HP_Sev_0.007,MLP (TL),141,144,542,60,1.0,1.0,1.0,1.0,42
E3_RMS_Detrend_Com_Parametros,"RMS + detrend com RMS, b1 e b2 como features",rms_detrend,rms_detrend,rms_detrend,True,"RMS,b1,b2",CWRU_48k,CWRU_12k|Electric_Motor|HUST|HUST_Gearbox|Mechanical_Gear|PU|UOEMD|UORED,8,Diagnosis,Load_1HP_Sev_0.007,TABNET (TL),141,144,542,60,0.95,0.9500000000000001,0.9497171590194845,0.9933333333333333,42
E3_RMS_Detrend_Com_Parametros,"RMS + detrend com RMS, b1 e b2 como features",rms_detrend,rms_detrend,rms_detrend,True,"RMS,b1,b2",CWRU_48k,CWRU_12k|Electric_Motor|HUST|HUST_Gearbox|Mechanical_Gear|PU|UOEMD|UORED,8,Diagnosis,Load_1HP_Sev_0.014,MLP (TL),141,144,548,54,0.9444444444444444,0.9500000000000001,0.9497171590194845,1.0,42
E3_RMS_Detrend_Com_Parametros,"RMS + detrend com RMS, b1 e b2 como features",rms_detrend,rms_detrend,rms_detrend,True,"RMS,b1,b2",CWRU_48k,CWRU_12k|Electric_Motor|HUST|HUST_Gearbox|Mechanical_Gear|PU|UOEMD|UORED,8,Diagnosis,Load_1HP_Sev_0.014,TABNET (TL),141,144,548,54,0.8148148148148148,0.8333333333333334,0.8222222222222223,0.9676470588235294,42
E3_RMS_Detrend_Com_Parametros,"RMS + detrend com RMS, b1 e b2 como features",rms_detrend,rms_detrend,rms_detrend,True,"RMS,b1,b2",CWRU_48k,CWRU_12k|Electric_Motor|HUST|HUST_Gearbox|Mechanical_Gear|PU|UOEMD|UORED,8,Diagnosis,Load_1HP_Sev_0.021,MLP (TL),141,144,542,60,1.0,1.0,1.0,1.0,42
E3_RMS_Detrend_Com_Parametros,"RMS + detrend com RMS, b1 e b2 como features",rms_detrend,rms_detrend,rms_detrend,True,"RMS,b1,b2",CWRU_48k,CWRU_12k|Electric_Motor|HUST|HUST_Gearbox|Mechanical_Gear|PU|UOEMD|UORED,8,Diagnosis,Load_1HP_Sev_0.021,TABNET (TL),141,144,542,60,1.0,1.0,1.0,1.0,42
E3_RMS_Detrend_Com_Parametros,"RMS + detrend com RMS, b1 e b2 como features",rms_detrend,rms_detrend,rms_detrend,True,"RMS,b1,b2",CWRU_48k,CWRU_12k|Electric_Motor|HUST|HUST_Gearbox|Mechanical_Gear|PU|UOEMD|UORED,8,Diagnosis,Load_2HP_Sev_0.007,MLP (TL),141,144,542,60,0.9666666666666667,0.9666666666666667,0.9665831244778612,1.0,42
E3_RMS_Detrend_Com_Parametros,"RMS + detrend com RMS, b1 e b2 como features",rms_detrend,rms_detrend,rms_detrend,True,"RMS,b1,b2",CWRU_48k,CWRU_12k|Electric_Motor|HUST|HUST_Gearbox|Mechanical_Gear|PU|UOEMD|UORED,8,Diagnosis,Load_2HP_Sev_0.007,TABNET (TL),141,144,542,60,0.6666666666666666,0.6666666666666666,0.6666666666666666,0.9029166666666667,42
E3_RMS_Detrend_Com_Parametros,"RMS + detrend com RMS, b1 e b2 como features",rms_detrend,rms_detrend,rms_detrend,True,"RMS,b1,b2",CWRU_48k,CWRU_12k|Electric_Motor|HUST|HUST_Gearbox|Mechanical_Gear|PU|UOEMD|UORED,8,Diagnosis,Load_2HP_Sev_0.014,MLP (TL),141,144,542,60,0.9666666666666667,0.9666666666666667,0.9666666666666667,0.9925,42
E3_RMS_Detrend_Com_Parametros,"RMS + detrend com RMS, b1 e b2 como features",rms_detrend,rms_detrend,rms_detrend,True,"RMS,b1,b2",CWRU_48k,CWRU_12k|Electric_Motor|HUST|HUST_Gearbox|Mechanical_Gear|PU|UOEMD|UORED,8,Diagnosis,Load_2HP_Sev_0.014,TABNET (TL),141,144,542,60,1.0,1.0,1.0,1.0,42
E3_RMS_Detrend_Com_Parametros,"RMS + detrend com RMS, b1 e b2 como features",rms_detrend,rms_detrend,rms_detrend,True,"RMS,b1,b2",CWRU_48k,CWRU_12k|Electric_Motor|HUST|HUST_Gearbox|Mechanical_Gear|PU|UOEMD|UORED,8,Diagnosis,Load_2HP_Sev_0.021,MLP (TL),141,144,542,60,1.0,1.0,1.0,1.0,42
E3_RMS_Detrend_Com_Parametros,"RMS + detrend com RMS, b1 e b2 como features",rms_detrend,rms_detrend,rms_detrend,True,"RMS,b1,b2",CWRU_48k,CWRU_12k|Electric_Motor|HUST|HUST_Gearbox|Mechanical_Gear|PU|UOEMD|UORED,8,Diagnosis,Load_2HP_Sev_0.021,TABNET (TL),141,144,542,60,1.0,1.0,1.0,1.0,42
E3_RMS_Detrend_Com_Parametros,"RMS + detrend com RMS, b1 e b2 como features",rms_detrend,rms_detrend,rms_detrend,True,"RMS,b1,b2",CWRU_48k,CWRU_12k|Electric_Motor|HUST|HUST_Gearbox|Mechanical_Gear|PU|UOEMD|UORED,8,Diagnosis,Load_3HP_Sev_0.007,MLP (TL),141,144,542,60,0.8166666666666667,0.8166666666666668,0.8068904981347377,0.9829166666666667,42
E3_RMS_Detrend_Com_Parametros,"RMS + detrend com RMS, b1 e b2 como features",rms_detrend,rms_detrend,rms_detrend,True,"RMS,b1,b2",CWRU_48k,CWRU_12k|Electric_Motor|HUST|HUST_Gearbox|Mechanical_Gear|PU|UOEMD|UORED,8,Diagnosis,Load_3HP_Sev_0.007,TABNET (TL),141,144,542,60,0.75,0.75,0.6962962962962963,0.9608333333333334,42
E3_RMS_Detrend_Com_Parametros,"RMS + detrend com RMS, b1 e b2 como features",rms_detrend,rms_detrend,rms_detrend,True,"RMS,b1,b2",CWRU_48k,CWRU_12k|Electric_Motor|HUST|HUST_Gearbox|Mechanical_Gear|PU|UOEMD|UORED,8,Diagnosis,Load_3HP_Sev_0.014,MLP (TL),141,144,542,60,0.9666666666666667,0.9666666666666667,0.9665831244778612,0.9499999999999998,42
E3_RMS_Detrend_Com_Parametros,"RMS + detrend com RMS, b1 e b2 como features",rms_detrend,rms_detrend,rms_detrend,True,"RMS,b1,b2",CWRU_48k,CWRU_12k|Electric_Motor|HUST|HUST_Gearbox|Mechanical_Gear|PU|UOEMD|UORED,8,Diagnosis,Load_3HP_Sev_0.014,TABNET (TL),141,144,542,60,0.8666666666666667,0.8666666666666667,0.8650793650793651,0.8695833333333334,42
E3_RMS_Detrend_Com_Parametros,"RMS + detrend com RMS, b1 e b2 como features",rms_detrend,rms_detrend,rms_detrend,True,"RMS,b1,b2",CWRU_48k,CWRU_12k|Electric_Motor|HUST|HUST_Gearbox|Mechanical_Gear|PU|UOEMD|UORED,8,Diagnosis,Load_3HP_Sev_0.021,MLP (TL),141,144,542,60,0.9833333333333333,0.9833333333333334,0.9833229101521784,1.0,42
E3_RMS_Detrend_Com_Parametros,"RMS + detrend com RMS, b1 e b2 como features",rms_detrend,rms_detrend,rms_detrend,True,"RMS,b1,b2",CWRU_48k,CWRU_12k|Electric_Motor|HUST|HUST_Gearbox|Mechanical_Gear|PU|UOEMD|UORED,8,Diagnosis,Load_3HP_Sev_0.021,TABNET (TL),141,144,542,60,0.9666666666666667,0.9666666666666667,0.9665831244778613,1.0,42
E4_RMS_Detrend_Treino_Raw_Teste_Com_Parametros,"RMS + detrend no treino; raw sem detrend no teste; com RMS, b1 e b2",rms_detrend,rms_detrend,raw,True,"RMS,b1,b2",CWRU_48k,CWRU_12k|Electric_Motor|HUST|HUST_Gearbox|Mechanical_Gear|PU|UOEMD|UORED,8,Diagnosis,Load_0HP_Sev_0.007,MLP (TL),141,144,572,30,0.26666666666666666,0.26666666666666666,0.2104133118625872,0.45,42
E4_RMS_Detrend_Treino_Raw_Teste_Com_Parametros,"RMS + detrend no treino; raw sem detrend no teste; com RMS, b1 e b2",rms_detrend,rms_detrend,raw,True,"RMS,b1,b2",CWRU_48k,CWRU_12k|Electric_Motor|HUST|HUST_Gearbox|Mechanical_Gear|PU|UOEMD|UORED,8,Diagnosis,Load_0HP_Sev_0.007,TABNET (TL),141,144,572,30,0.4666666666666667,0.4666666666666666,0.44565116494941054,0.61,42
E4_RMS_Detrend_Treino_Raw_Teste_Com_Parametros,"RMS + detrend no treino; raw sem detrend no teste; com RMS, b1 e b2",rms_detrend,rms_detrend,raw,True,"RMS,b1,b2",CWRU_48k,CWRU_12k|Electric_Motor|HUST|HUST_Gearbox|Mechanical_Gear|PU|UOEMD|UORED,8,Diagnosis,Load_0HP_Sev_0.014,MLP (TL),141,144,582,20,0.5,0.5,0.3333333333333333,0.0,42
E4_RMS_Detrend_Treino_Raw_Teste_Com_Parametros,"RMS + detrend no treino; raw sem detrend no teste; com RMS, b1 e b2",rms_detrend,rms_detrend,raw,True,"RMS,b1,b2",CWRU_48k,CWRU_12k|Electric_Motor|HUST|HUST_Gearbox|Mechanical_Gear|PU|UOEMD|UORED,8,Diagnosis,Load_0HP_Sev_0.014,TABNET (TL),141,144,582,20,0.5,0.5,0.45054945054945056,0.0,42
E4_RMS_Detrend_Treino_Raw_Teste_Com_Parametros,"RMS + detrend no treino; raw sem detrend no teste; com RMS, b1 e b2",rms_detrend,rms_detrend,raw,True,"RMS,b1,b2",CWRU_48k,CWRU_12k|Electric_Motor|HUST|HUST_Gearbox|Mechanical_Gear|PU|UOEMD|UORED,8,Diagnosis,Load_0HP_Sev_0.021,MLP (TL),141,144,584,18,0.2222222222222222,0.3333333333333333,0.12121212121212122,0.5,42
E4_RMS_Detrend_Treino_Raw_Teste_Com_Parametros,"RMS + detrend no treino; raw sem detrend no teste; com RMS, b1 e b2",rms_detrend,rms_detrend,raw,True,"RMS,b1,b2",CWRU_48k,CWRU_12k|Electric_Motor|HUST|HUST_Gearbox|Mechanical_Gear|PU|UOEMD|UORED,8,Diagnosis,Load_0HP_Sev_0.021,TABNET (TL),141,144,584,18,0.5555555555555556,0.6333333333333333,0.5793650793650794,0.7749999999999999,42
E4_RMS_Detrend_Treino_Raw_Teste_Com_Parametros,"RMS + detrend no treino; raw sem detrend no teste; com RMS, b1 e b2",rms_detrend,rms_detrend,raw,True,"RMS,b1,b2",CWRU_48k,CWRU_12k|Electric_Motor|HUST|HUST_Gearbox|Mechanical_Gear|PU|UOEMD|UORED,8,Diagnosis,Load_1HP_Sev_0.007,MLP (TL),141,144,542,60,0.3333333333333333,0.3333333333333333,0.16666666666666666,0.5,42
E4_RMS_Detrend_Treino_Raw_Teste_Com_Parametros,"RMS + detrend no treino; raw sem detrend no teste; com RMS, b1 e b2",rms_detrend,rms_detrend,raw,True,"RMS,b1,b2",CWRU_48k,CWRU_12k|Electric_Motor|HUST|HUST_Gearbox|Mechanical_Gear|PU|UOEMD|UORED,8,Diagnosis,Load_1HP_Sev_0.007,TABNET (TL),141,144,542,60,0.3,0.3,0.25068418171866447,0.41041666666666665,42
E4_RMS_Detrend_Treino_Raw_Teste_Com_Parametros,"RMS + detrend no treino; raw sem detrend no teste; com RMS, b1 e b2",rms_detrend,rms_detrend,raw,True,"RMS,b1,b2",CWRU_48k,CWRU_12k|Electric_Motor|HUST|HUST_Gearbox|Mechanical_Gear|PU|UOEMD|UORED,8,Diagnosis,Load_1HP_Sev_0.014,MLP (TL),141,144,548,54,0.37037037037037035,0.3976190476190477,0.3022774327122153,0.5461134453781512,42
E4_RMS_Detrend_Treino_Raw_Teste_Com_Parametros,"RMS + detrend no treino; raw sem detrend no teste; com RMS, b1 e b2",rms_detrend,rms_detrend,raw,True,"RMS,b1,b2",CWRU_48k,CWRU_12k|Electric_Motor|HUST|HUST_Gearbox|Mechanical_Gear|PU|UOEMD|UORED,8,Diagnosis,Load_1HP_Sev_0.014,TABNET (TL),141,144,548,54,0.5,0.5285714285714286,0.45577951460304406,0.7353641456582632,42
E4_RMS_Detrend_Treino_Raw_Teste_Com_Parametros,"RMS + detrend no treino; raw sem detrend no teste; com RMS, b1 e b2",rms_detrend,rms_detrend,raw,True,"RMS,b1,b2",CWRU_48k,CWRU_12k|Electric_Motor|HUST|HUST_Gearbox|Mechanical_Gear|PU|UOEMD|UORED,8,Diagnosis,Load_1HP_Sev_0.021,MLP (TL),141,144,542,60,0.31666666666666665,0.31666666666666665,0.25333333333333335,0.4875,42
E4_RMS_Detrend_Treino_Raw_Teste_Com_Parametros,"RMS + detrend no treino; raw sem detrend no teste; com RMS, b1 e b2",rms_detrend,rms_detrend,raw,True,"RMS,b1,b2",CWRU_48k,CWRU_12k|Electric_Motor|HUST|HUST_Gearbox|Mechanical_Gear|PU|UOEMD|UORED,8,Diagnosis,Load_1HP_Sev_0.021,TABNET (TL),141,144,542,60,0.4,0.39999999999999997,0.3081232492997199,0.6074999999999999,42
E4_RMS_Detrend_Treino_Raw_Teste_Com_Parametros,"RMS + detrend no treino; raw sem detrend no teste; com RMS, b1 e b2",rms_detrend,rms_detrend,raw,True,"RMS,b1,b2",CWRU_48k,CWRU_12k|Electric_Motor|HUST|HUST_Gearbox|Mechanical_Gear|PU|UOEMD|UORED,8,Diagnosis,Load_2HP_Sev_0.007,MLP (TL),141,144,542,60,0.3333333333333333,0.3333333333333333,0.16666666666666666,0.5,42
E4_RMS_Detrend_Treino_Raw_Teste_Com_Parametros,"RMS + detrend no treino; raw sem detrend no teste; com RMS, b1 e b2",rms_detrend,rms_detrend,raw,True,"RMS,b1,b2",CWRU_48k,CWRU_12k|Electric_Motor|HUST|HUST_Gearbox|Mechanical_Gear|PU|UOEMD|UORED,8,Diagnosis,Load_2HP_Sev_0.007,TABNET (TL),141,144,542,60,0.43333333333333335,0.43333333333333335,0.341991341991342,0.6429166666666667,42
E4_RMS_Detrend_Treino_Raw_Teste_Com_Parametros,"RMS + detrend no treino; raw sem detrend no teste; com RMS, b1 e b2",rms_detrend,rms_detrend,raw,True,"RMS,b1,b2",CWRU_48k,CWRU_12k|Electric_Motor|HUST|HUST_Gearbox|Mechanical_Gear|PU|UOEMD|UORED,8,Diagnosis,Load_2HP_Sev_0.014,MLP (TL),141,144,542,60,0.3333333333333333,0.3333333333333333,0.16666666666666666,0.5,42
E4_RMS_Detrend_Treino_Raw_Teste_Com_Parametros,"RMS + detrend no treino; raw sem detrend no teste; com RMS, b1 e b2",rms_detrend,rms_detrend,raw,True,"RMS,b1,b2",CWRU_48k,CWRU_12k|Electric_Motor|HUST|HUST_Gearbox|Mechanical_Gear|PU|UOEMD|UORED,8,Diagnosis,Load_2HP_Sev_0.014,TABNET (TL),141,144,542,60,0.5333333333333333,0.5333333333333333,0.5364173651407694,0.6695833333333333,42
E4_RMS_Detrend_Treino_Raw_Teste_Com_Parametros,"RMS + detrend no treino; raw sem detrend no teste; com RMS, b1 e b2",rms_detrend,rms_detrend,raw,True,"RMS,b1,b2",CWRU_48k,CWRU_12k|Electric_Motor|HUST|HUST_Gearbox|Mechanical_Gear|PU|UOEMD|UORED,8,Diagnosis,Load_2HP_Sev_0.021,MLP (TL),141,144,542,60,0.3333333333333333,0.3333333333333333,0.16666666666666666,0.5,42
E4_RMS_Detrend_Treino_Raw_Teste_Com_Parametros,"RMS + detrend no treino; raw sem detrend no teste; com RMS, b1 e b2",rms_detrend,rms_detrend,raw,True,"RMS,b1,b2",CWRU_48k,CWRU_12k|Electric_Motor|HUST|HUST_Gearbox|Mechanical_Gear|PU|UOEMD|UORED,8,Diagnosis,Load_2HP_Sev_0.021,TABNET (TL),141,144,542,60,0.65,0.65,0.6393799437277697,0.7539583333333333,42
E4_RMS_Detrend_Treino_Raw_Teste_Com_Parametros,"RMS + detrend no treino; raw sem detrend no teste; com RMS, b1 e b2",rms_detrend,rms_detrend,raw,True,"RMS,b1,b2",CWRU_48k,CWRU_12k|Electric_Motor|HUST|HUST_Gearbox|Mechanical_Gear|PU|UOEMD|UORED,8,Diagnosis,Load_3HP_Sev_0.007,MLP (TL),141,144,542,60,0.35,0.35000000000000003,0.2798452714419101,0.5125000000000001,42
E4_RMS_Detrend_Treino_Raw_Teste_Com_Parametros,"RMS + detrend no treino; raw sem detrend no teste; com RMS, b1 e b2",rms_detrend,rms_detrend,raw,True,"RMS,b1,b2",CWRU_48k,CWRU_12k|Electric_Motor|HUST|HUST_Gearbox|Mechanical_Gear|PU|UOEMD|UORED,8,Diagnosis,Load_3HP_Sev_0.007,TABNET (TL),141,144,542,60,0.5,0.5000000000000001,0.4910653256517919,0.703125,42
E4_RMS_Detrend_Treino_Raw_Teste_Com_Parametros,"RMS + detrend no treino; raw sem detrend no teste; com RMS, b1 e b2",rms_detrend,rms_detrend,raw,True,"RMS,b1,b2",CWRU_48k,CWRU_12k|Electric_Motor|HUST|HUST_Gearbox|Mechanical_Gear|PU|UOEMD|UORED,8,Diagnosis,Load_3HP_Sev_0.014,MLP (TL),141,144,542,60,0.3333333333333333,0.3333333333333333,0.16666666666666666,0.5,42
E4_RMS_Detrend_Treino_Raw_Teste_Com_Parametros,"RMS + detrend no treino; raw sem detrend no teste; com RMS, b1 e b2",rms_detrend,rms_detrend,raw,True,"RMS,b1,b2",CWRU_48k,CWRU_12k|Electric_Motor|HUST|HUST_Gearbox|Mechanical_Gear|PU|UOEMD|UORED,8,Diagnosis,Load_3HP_Sev_0.014,TABNET (TL),141,144,542,60,0.4666666666666667,0.46666666666666673,0.45088916459884204,0.6329166666666667,42
E4_RMS_Detrend_Treino_Raw_Teste_Com_Parametros,"RMS + detrend no treino; raw sem detrend no teste; com RMS, b1 e b2",rms_detrend,rms_detrend,raw,True,"RMS,b1,b2",CWRU_48k,CWRU_12k|Electric_Motor|HUST|HUST_Gearbox|Mechanical_Gear|PU|UOEMD|UORED,8,Diagnosis,Load_3HP_Sev_0.021,MLP (TL),141,144,542,60,0.3333333333333333,0.3333333333333333,0.16666666666666666,0.5,42
E4_RMS_Detrend_Treino_Raw_Teste_Com_Parametros,"RMS + detrend no treino; raw sem detrend no teste; com RMS, b1 e b2",rms_detrend,rms_detrend,raw,True,"RMS,b1,b2",CWRU_48k,CWRU_12k|Electric_Motor|HUST|HUST_Gearbox|Mechanical_Gear|PU|UOEMD|UORED,8,Diagnosis,Load_3HP_Sev_0.021,TABNET (TL),141,144,542,60,0.48333333333333334,0.48333333333333334,0.4275764036958067,0.6110416666666666,42
