Experiment ID,Pretrain Strategy,Finetune Strategy,Target Dataset,Source Datasets,N Sources,Task,Test Condition,Model,N Features,N Train Target,N Test,ACC,Bal Acc,Macro F1,ROC-AUC,Seed
0_Baseline,raw,raw,CWRU_12k,CWRU_48k|Electric_Motor|HUST|HUST_Gearbox|Mechanical_Gear|PU|UOEMD|UORED,8,Diagnosis,Load_0HP,MLP (TL),141,1920,600,0.755,0.8040204678362574,0.7990676988317702,0.9095734678838017,42
0_Baseline,raw,raw,CWRU_12k,CWRU_48k|Electric_Motor|HUST|HUST_Gearbox|Mechanical_Gear|PU|UOEMD|UORED,8,Diagnosis,Load_0HP,TABNET (TL),141,1920,600,0.7533333333333333,0.8028508771929825,0.799416225050033,0.9275725348262254,42
0_Baseline,raw,raw,CWRU_12k,CWRU_48k|Electric_Motor|HUST|HUST_Gearbox|Mechanical_Gear|PU|UOEMD|UORED,8,Diagnosis,Load_1HP,MLP (TL),141,1880,640,0.9109375,0.922514619883041,0.922259720919438,0.9789617022629036,42
0_Baseline,raw,raw,CWRU_12k,CWRU_48k|Electric_Motor|HUST|HUST_Gearbox|Mechanical_Gear|PU|UOEMD|UORED,8,Diagnosis,Load_1HP,TABNET (TL),141,1880,640,0.9,0.9122076023391813,0.9112165838448111,0.9832525425883549,42
0_Baseline,raw,raw,CWRU_12k,CWRU_48k|Electric_Motor|HUST|HUST_Gearbox|Mechanical_Gear|PU|UOEMD|UORED,8,Diagnosis,Load_2HP,MLP (TL),141,1880,640,0.9875,0.989327485380117,0.9892213640728738,0.9997204741927281,42
0_Baseline,raw,raw,CWRU_12k,CWRU_48k|Electric_Motor|HUST|HUST_Gearbox|Mechanical_Gear|PU|UOEMD|UORED,8,Diagnosis,Load_2HP,TABNET (TL),141,1880,640,0.9625,0.9676169590643275,0.967584728729197,0.997005752606153,42
0_Baseline,raw,raw,CWRU_12k,CWRU_48k|Electric_Motor|HUST|HUST_Gearbox|Mechanical_Gear|PU|UOEMD|UORED,8,Diagnosis,Load_3HP,MLP (TL),141,1880,640,0.93125,0.9404239766081871,0.9415165364144955,0.9840921052631578,42
0_Baseline,raw,raw,CWRU_12k,CWRU_48k|Electric_Motor|HUST|HUST_Gearbox|Mechanical_Gear|PU|UOEMD|UORED,8,Diagnosis,Load_3HP,TABNET (TL),141,1880,640,0.925,0.9328399122807018,0.93540114120819,0.9684373887617594,42
1_ZScore_Puro,window_zscore,window_zscore,CWRU_12k,CWRU_48k|Electric_Motor|HUST|HUST_Gearbox|Mechanical_Gear|PU|UOEMD|UORED,8,Diagnosis,Load_0HP,MLP (TL),141,1920,600,0.7816666666666666,0.8261695906432749,0.821090624267286,0.9293907745311789,42
1_ZScore_Puro,window_zscore,window_zscore,CWRU_12k,CWRU_48k|Electric_Motor|HUST|HUST_Gearbox|Mechanical_Gear|PU|UOEMD|UORED,8,Diagnosis,Load_0HP,TABNET (TL),141,1920,600,0.715,0.5748538011695906,0.552632070355702,0.9007998458841887,42
1_ZScore_Puro,window_zscore,window_zscore,CWRU_12k,CWRU_48k|Electric_Motor|HUST|HUST_Gearbox|Mechanical_Gear|PU|UOEMD|UORED,8,Diagnosis,Load_1HP,MLP (TL),141,1880,640,0.8953125,0.9096491228070176,0.9099228333992877,0.9844262649377066,42
1_ZScore_Puro,window_zscore,window_zscore,CWRU_12k,CWRU_48k|Electric_Motor|HUST|HUST_Gearbox|Mechanical_Gear|PU|UOEMD|UORED,8,Diagnosis,Load_1HP,TABNET (TL),141,1880,640,0.915625,0.9277046783625731,0.9272448103985257,0.9933174739384694,42
1_ZScore_Puro,window_zscore,window_zscore,CWRU_12k,CWRU_48k|Electric_Motor|HUST|HUST_Gearbox|Mechanical_Gear|PU|UOEMD|UORED,8,Diagnosis,Load_2HP,MLP (TL),141,1880,640,0.9640625,0.9692982456140351,0.9690695193049212,0.997817442156115,42
1_ZScore_Puro,window_zscore,window_zscore,CWRU_12k,CWRU_48k|Electric_Motor|HUST|HUST_Gearbox|Mechanical_Gear|PU|UOEMD|UORED,8,Diagnosis,Load_2HP,TABNET (TL),141,1880,640,0.9484375,0.9557017543859649,0.9560099677513927,0.9962584541062802,42
1_ZScore_Puro,window_zscore,window_zscore,CWRU_12k,CWRU_48k|Electric_Motor|HUST|HUST_Gearbox|Mechanical_Gear|PU|UOEMD|UORED,8,Diagnosis,Load_3HP,MLP (TL),141,1880,640,0.925,0.9350146198830409,0.9357925472747498,0.980073417238749,42
1_ZScore_Puro,window_zscore,window_zscore,CWRU_12k,CWRU_48k|Electric_Motor|HUST|HUST_Gearbox|Mechanical_Gear|PU|UOEMD|UORED,8,Diagnosis,Load_3HP,TABNET (TL),141,1880,640,0.8609375,0.8804824561403509,0.8822626359979682,0.9646860856852275,42
2_RMS_Puro,window_rms,window_rms,CWRU_12k,CWRU_48k|Electric_Motor|HUST|HUST_Gearbox|Mechanical_Gear|PU|UOEMD|UORED,8,Diagnosis,Load_0HP,MLP (TL),141,1920,600,0.7833333333333333,0.8273391812865497,0.8210226460003318,0.9380133047727719,42
2_RMS_Puro,window_rms,window_rms,CWRU_12k,CWRU_48k|Electric_Motor|HUST|HUST_Gearbox|Mechanical_Gear|PU|UOEMD|UORED,8,Diagnosis,Load_0HP,TABNET (TL),141,1920,600,0.665,0.5732456140350877,0.5864661627881216,0.9031826475062996,42
2_RMS_Puro,window_rms,window_rms,CWRU_12k,CWRU_48k|Electric_Motor|HUST|HUST_Gearbox|Mechanical_Gear|PU|UOEMD|UORED,8,Diagnosis,Load_1HP,MLP (TL),141,1880,640,0.8859375,0.9008040935672514,0.9003258233859537,0.9763734108822782,42
2_RMS_Puro,window_rms,window_rms,CWRU_12k,CWRU_48k|Electric_Motor|HUST|HUST_Gearbox|Mechanical_Gear|PU|UOEMD|UORED,8,Diagnosis,Load_1HP,TABNET (TL),141,1880,640,0.928125,0.9387426900584794,0.9384815893860273,0.9917215547927791,42
2_RMS_Puro,window_rms,window_rms,CWRU_12k,CWRU_48k|Electric_Motor|HUST|HUST_Gearbox|Mechanical_Gear|PU|UOEMD|UORED,8,Diagnosis,Load_2HP,MLP (TL),141,1880,640,0.95625,0.9624999999999999,0.9622666266553219,0.9965359140605136,42
2_RMS_Puro,window_rms,window_rms,CWRU_12k,CWRU_48k|Electric_Motor|HUST|HUST_Gearbox|Mechanical_Gear|PU|UOEMD|UORED,8,Diagnosis,Load_2HP,TABNET (TL),141,1880,640,0.953125,0.9598684210526316,0.959591397157363,0.994262077294686,42
2_RMS_Puro,window_rms,window_rms,CWRU_12k,CWRU_48k|Electric_Motor|HUST|HUST_Gearbox|Mechanical_Gear|PU|UOEMD|UORED,8,Diagnosis,Load_3HP,MLP (TL),141,1880,640,0.925,0.9351608187134504,0.9361031547897674,0.9788225908975337,42
2_RMS_Puro,window_rms,window_rms,CWRU_12k,CWRU_48k|Electric_Motor|HUST|HUST_Gearbox|Mechanical_Gear|PU|UOEMD|UORED,8,Diagnosis,Load_3HP,TABNET (TL),141,1880,640,0.8734375,0.8902046783625731,0.8910460528643541,0.9681229977116704,42
3_ZScore_Raw,window_zscore,raw,CWRU_12k,CWRU_48k|Electric_Motor|HUST|HUST_Gearbox|Mechanical_Gear|PU|UOEMD|UORED,8,Diagnosis,Load_0HP,MLP (TL),141,1920,600,0.755,0.8040204678362574,0.7989361767413924,0.9148161413866644,42
3_ZScore_Raw,window_zscore,raw,CWRU_12k,CWRU_48k|Electric_Motor|HUST|HUST_Gearbox|Mechanical_Gear|PU|UOEMD|UORED,8,Diagnosis,Load_0HP,TABNET (TL),141,1920,600,0.7533333333333333,0.7682383040935673,0.7793623096713644,0.9150665365989499,42
3_ZScore_Raw,window_zscore,raw,CWRU_12k,CWRU_48k|Electric_Motor|HUST|HUST_Gearbox|Mechanical_Gear|PU|UOEMD|UORED,8,Diagnosis,Load_1HP,MLP (TL),141,1880,640,0.9140625,0.925,0.92474643730124,0.9757253051106027,42
3_ZScore_Raw,window_zscore,raw,CWRU_12k,CWRU_48k|Electric_Motor|HUST|HUST_Gearbox|Mechanical_Gear|PU|UOEMD|UORED,8,Diagnosis,Load_1HP,TABNET (TL),141,1880,640,0.909375,0.9211988304093567,0.9212209733059805,0.9758191901856089,42
3_ZScore_Raw,window_zscore,raw,CWRU_12k,CWRU_48k|Electric_Motor|HUST|HUST_Gearbox|Mechanical_Gear|PU|UOEMD|UORED,8,Diagnosis,Load_2HP,MLP (TL),141,1880,640,0.9828125,0.9855263157894737,0.9852432432432433,0.9999324624968218,42
3_ZScore_Raw,window_zscore,raw,CWRU_12k,CWRU_48k|Electric_Motor|HUST|HUST_Gearbox|Mechanical_Gear|PU|UOEMD|UORED,8,Diagnosis,Load_2HP,TABNET (TL),141,1880,640,0.9546875,0.9603801169590642,0.960823778567628,0.9949401538265954,42
3_ZScore_Raw,window_zscore,raw,CWRU_12k,CWRU_48k|Electric_Motor|HUST|HUST_Gearbox|Mechanical_Gear|PU|UOEMD|UORED,8,Diagnosis,Load_3HP,MLP (TL),141,1880,640,0.9375,0.9453216374269006,0.9468063645777145,0.9742589308415968,42
3_ZScore_Raw,window_zscore,raw,CWRU_12k,CWRU_48k|Electric_Motor|HUST|HUST_Gearbox|Mechanical_Gear|PU|UOEMD|UORED,8,Diagnosis,Load_3HP,TABNET (TL),141,1880,640,0.84375,0.8656432748538012,0.8675017884870497,0.9521033721078058,42
4_RMS_Raw,window_rms,raw,CWRU_12k,CWRU_48k|Electric_Motor|HUST|HUST_Gearbox|Mechanical_Gear|PU|UOEMD|UORED,8,Diagnosis,Load_0HP,MLP (TL),141,1920,600,0.7566666666666667,0.8051900584795321,0.800812858346953,0.9334412356263286,42
4_RMS_Raw,window_rms,raw,CWRU_12k,CWRU_48k|Electric_Motor|HUST|HUST_Gearbox|Mechanical_Gear|PU|UOEMD|UORED,8,Diagnosis,Load_0HP,TABNET (TL),141,1920,600,0.7533333333333333,0.7682383040935673,0.7793623096713644,0.9150665365989499,42
4_RMS_Raw,window_rms,raw,CWRU_12k,CWRU_48k|Electric_Motor|HUST|HUST_Gearbox|Mechanical_Gear|PU|UOEMD|UORED,8,Diagnosis,Load_1HP,MLP (TL),141,1880,640,0.9109375,0.9222953216374269,0.9221030383033788,0.9752544813119756,42
4_RMS_Raw,window_rms,raw,CWRU_12k,CWRU_48k|Electric_Motor|HUST|HUST_Gearbox|Mechanical_Gear|PU|UOEMD|UORED,8,Diagnosis,Load_1HP,TABNET (TL),141,1880,640,0.909375,0.9211988304093567,0.9212209733059805,0.9758191901856089,42
4_RMS_Raw,window_rms,raw,CWRU_12k,CWRU_48k|Electric_Motor|HUST|HUST_Gearbox|Mechanical_Gear|PU|UOEMD|UORED,8,Diagnosis,Load_2HP,MLP (TL),141,1880,640,0.978125,0.981578947368421,0.9812366456225315,0.9996678426137808,42
4_RMS_Raw,window_rms,raw,CWRU_12k,CWRU_48k|Electric_Motor|HUST|HUST_Gearbox|Mechanical_Gear|PU|UOEMD|UORED,8,Diagnosis,Load_2HP,TABNET (TL),141,1880,640,0.9546875,0.9603801169590642,0.960823778567628,0.9949401538265954,42
4_RMS_Raw,window_rms,raw,CWRU_12k,CWRU_48k|Electric_Motor|HUST|HUST_Gearbox|Mechanical_Gear|PU|UOEMD|UORED,8,Diagnosis,Load_3HP,MLP (TL),141,1880,640,0.9421875,0.9494883040935673,0.9510088554724034,0.9703258009153317,42
4_RMS_Raw,window_rms,raw,CWRU_12k,CWRU_48k|Electric_Motor|HUST|HUST_Gearbox|Mechanical_Gear|PU|UOEMD|UORED,8,Diagnosis,Load_3HP,TABNET (TL),141,1880,640,0.84375,0.8656432748538012,0.8675017884870497,0.9521033721078058,42
0_Baseline,raw,raw,PU,CWRU_12k|CWRU_48k|Electric_Motor|HUST|HUST_Gearbox|Mechanical_Gear|UOEMD|UORED,8,Diagnosis,C1_1500rpm_0.7Nm_1000N,MLP (TL),141,6765,1629,0.7065684468999386,0.6680555555555556,0.5020746887966805,0.0,42
0_Baseline,raw,raw,PU,CWRU_12k|CWRU_48k|Electric_Motor|HUST|HUST_Gearbox|Mechanical_Gear|UOEMD|UORED,8,Diagnosis,C1_1500rpm_0.7Nm_1000N,TABNET (TL),141,6765,1629,0.7120933087783916,0.6743055555555556,0.5112016293279023,0.0,42
0_Baseline,raw,raw,PU,CWRU_12k|CWRU_48k|Electric_Motor|HUST|HUST_Gearbox|Mechanical_Gear|UOEMD|UORED,8,Diagnosis,C2_900rpm_0.7Nm_1000N,MLP (TL),141,6782,1612,0.1513647642679901,0.09126027021197325,0.10691227237989828,0.0,42
0_Baseline,raw,raw,PU,CWRU_12k|CWRU_48k|Electric_Motor|HUST|HUST_Gearbox|Mechanical_Gear|UOEMD|UORED,8,Diagnosis,C2_900rpm_0.7Nm_1000N,TABNET (TL),141,6782,1612,0.271712158808933,0.274769104064945,0.2904583915222213,0.0,42
0_Baseline,raw,raw,PU,CWRU_12k|CWRU_48k|Electric_Motor|HUST|HUST_Gearbox|Mechanical_Gear|UOEMD|UORED,8,Diagnosis,C3_1500rpm_0.1Nm_1000N,MLP (TL),141,6773,1621,0.6927822331893893,0.6603508771929825,0.48635892667375136,0.0,42
0_Baseline,raw,raw,PU,CWRU_12k|CWRU_48k|Electric_Motor|HUST|HUST_Gearbox|Mechanical_Gear|UOEMD|UORED,8,Diagnosis,C3_1500rpm_0.1Nm_1000N,TABNET (TL),141,6773,1621,0.5965453423812461,0.6168915908882153,0.4183862756720946,0.0,42
0_Baseline,raw,raw,PU,CWRU_12k|CWRU_48k|Electric_Motor|HUST|HUST_Gearbox|Mechanical_Gear|UOEMD|UORED,8,Diagnosis,C4_1500rpm_0.7Nm_400N,MLP (TL),141,6780,1614,0.6363073110285006,0.5964817621037486,0.45302208048113657,0.0,42
0_Baseline,raw,raw,PU,CWRU_12k|CWRU_48k|Electric_Motor|HUST|HUST_Gearbox|Mechanical_Gear|UOEMD|UORED,8,Diagnosis,C4_1500rpm_0.7Nm_400N,TABNET (TL),141,6780,1614,0.6449814126394052,0.6322821478318104,0.45844209729137464,0.0,42
1_ZScore_Puro,window_zscore,window_zscore,PU,CWRU_12k|CWRU_48k|Electric_Motor|HUST|HUST_Gearbox|Mechanical_Gear|UOEMD|UORED,8,Diagnosis,C1_1500rpm_0.7Nm_1000N,MLP (TL),141,6765,1629,0.6998158379373849,0.6635220125786163,0.4988151658767772,0.0,42
1_ZScore_Puro,window_zscore,window_zscore,PU,CWRU_12k|CWRU_48k|Electric_Motor|HUST|HUST_Gearbox|Mechanical_Gear|UOEMD|UORED,8,Diagnosis,C1_1500rpm_0.7Nm_1000N,TABNET (TL),141,6765,1629,0.6936771025168815,0.6600279524807827,0.49369756324494285,0.0,42
1_ZScore_Puro,window_zscore,window_zscore,PU,CWRU_12k|CWRU_48k|Electric_Motor|HUST|HUST_Gearbox|Mechanical_Gear|UOEMD|UORED,8,Diagnosis,C2_900rpm_0.7Nm_1000N,MLP (TL),141,6782,1612,0.15632754342431762,0.19461144773221953,0.17547296166080695,0.0,42
1_ZScore_Puro,window_zscore,window_zscore,PU,CWRU_12k|CWRU_48k|Electric_Motor|HUST|HUST_Gearbox|Mechanical_Gear|UOEMD|UORED,8,Diagnosis,C2_900rpm_0.7Nm_1000N,TABNET (TL),141,6782,1612,0.17493796526054592,0.22793693746690982,0.17997240968751968,0.0,42
1_ZScore_Puro,window_zscore,window_zscore,PU,CWRU_12k|CWRU_48k|Electric_Motor|HUST|HUST_Gearbox|Mechanical_Gear|UOEMD|UORED,8,Diagnosis,C3_1500rpm_0.1Nm_1000N,MLP (TL),141,6773,1621,0.7020357803824799,0.6642197115826215,0.497778340261977,0.0,42
1_ZScore_Puro,window_zscore,window_zscore,PU,CWRU_12k|CWRU_48k|Electric_Motor|HUST|HUST_Gearbox|Mechanical_Gear|UOEMD|UORED,8,Diagnosis,C3_1500rpm_0.1Nm_1000N,TABNET (TL),141,6773,1621,0.7069710055521283,0.6711695906432747,0.5058533082669554,0.0,42
1_ZScore_Puro,window_zscore,window_zscore,PU,CWRU_12k|CWRU_48k|Electric_Motor|HUST|HUST_Gearbox|Mechanical_Gear|UOEMD|UORED,8,Diagnosis,C4_1500rpm_0.7Nm_400N,MLP (TL),141,6780,1614,0.48946716232961585,0.4914282652951891,0.39767551384263466,0.0,42
1_ZScore_Puro,window_zscore,window_zscore,PU,CWRU_12k|CWRU_48k|Electric_Motor|HUST|HUST_Gearbox|Mechanical_Gear|UOEMD|UORED,8,Diagnosis,C4_1500rpm_0.7Nm_400N,TABNET (TL),141,6780,1614,0.5346964064436184,0.5361160857785737,0.436019536019536,0.0,42
2_RMS_Puro,window_rms,window_rms,PU,CWRU_12k|CWRU_48k|Electric_Motor|HUST|HUST_Gearbox|Mechanical_Gear|UOEMD|UORED,8,Diagnosis,C1_1500rpm_0.7Nm_1000N,MLP (TL),141,6765,1629,0.7016574585635359,0.6645702306079665,0.499211356466877,0.0,42
2_RMS_Puro,window_rms,window_rms,PU,CWRU_12k|CWRU_48k|Electric_Motor|HUST|HUST_Gearbox|Mechanical_Gear|UOEMD|UORED,8,Diagnosis,C1_1500rpm_0.7Nm_1000N,TABNET (TL),141,6765,1629,0.6998158379373849,0.6676624737945492,0.5005784878008942,0.0,42
2_RMS_Puro,window_rms,window_rms,PU,CWRU_12k|CWRU_48k|Electric_Motor|HUST|HUST_Gearbox|Mechanical_Gear|UOEMD|UORED,8,Diagnosis,C2_900rpm_0.7Nm_1000N,MLP (TL),141,6782,1612,0.19478908188585609,0.28633841206345473,0.21222429372584983,0.0,42
2_RMS_Puro,window_rms,window_rms,PU,CWRU_12k|CWRU_48k|Electric_Motor|HUST|HUST_Gearbox|Mechanical_Gear|UOEMD|UORED,8,Diagnosis,C2_900rpm_0.7Nm_1000N,TABNET (TL),141,6782,1612,0.20595533498759305,0.23777084926564307,0.21147901109900524,0.0,42
2_RMS_Puro,window_rms,window_rms,PU,CWRU_12k|CWRU_48k|Electric_Motor|HUST|HUST_Gearbox|Mechanical_Gear|UOEMD|UORED,8,Diagnosis,C3_1500rpm_0.1Nm_1000N,MLP (TL),141,6773,1621,0.7008019740900678,0.6635179571966566,0.4962258205929092,0.0,42
2_RMS_Puro,window_rms,window_rms,PU,CWRU_12k|CWRU_48k|Electric_Motor|HUST|HUST_Gearbox|Mechanical_Gear|UOEMD|UORED,8,Diagnosis,C3_1500rpm_0.1Nm_1000N,TABNET (TL),141,6773,1621,0.6847624922887107,0.6557894736842105,0.48049713218252543,0.0,42
2_RMS_Puro,window_rms,window_rms,PU,CWRU_12k|CWRU_48k|Electric_Motor|HUST|HUST_Gearbox|Mechanical_Gear|UOEMD|UORED,8,Diagnosis,C4_1500rpm_0.7Nm_400N,MLP (TL),141,6780,1614,0.4838909541511772,0.48680565122223757,0.41250451340019306,0.0,42
2_RMS_Puro,window_rms,window_rms,PU,CWRU_12k|CWRU_48k|Electric_Motor|HUST|HUST_Gearbox|Mechanical_Gear|UOEMD|UORED,8,Diagnosis,C4_1500rpm_0.7Nm_400N,TABNET (TL),141,6780,1614,0.6294919454770755,0.5600837691819487,0.4403322790122154,0.0,42
3_ZScore_Raw,window_zscore,raw,PU,CWRU_12k|CWRU_48k|Electric_Motor|HUST|HUST_Gearbox|Mechanical_Gear|UOEMD|UORED,8,Diagnosis,C1_1500rpm_0.7Nm_1000N,MLP (TL),141,6765,1629,0.7053406998158379,0.6666666666666666,0.5,0.0,42
3_ZScore_Raw,window_zscore,raw,PU,CWRU_12k|CWRU_48k|Electric_Motor|HUST|HUST_Gearbox|Mechanical_Gear|UOEMD|UORED,8,Diagnosis,C1_1500rpm_0.7Nm_1000N,TABNET (TL),141,6765,1629,0.7059545733578882,0.6677061495457722,0.5013042066451778,0.0,42
3_ZScore_Raw,window_zscore,raw,PU,CWRU_12k|CWRU_48k|Electric_Motor|HUST|HUST_Gearbox|Mechanical_Gear|UOEMD|UORED,8,Diagnosis,C2_900rpm_0.7Nm_1000N,MLP (TL),141,6782,1612,0.14392059553349876,0.08097731239092495,0.09020217729393468,0.0,42
3_ZScore_Raw,window_zscore,raw,PU,CWRU_12k|CWRU_48k|Electric_Motor|HUST|HUST_Gearbox|Mechanical_Gear|UOEMD|UORED,8,Diagnosis,C2_900rpm_0.7Nm_1000N,TABNET (TL),141,6782,1612,0.19168734491315137,0.10785340314136126,0.10774058577405858,0.0,42
3_ZScore_Raw,window_zscore,raw,PU,CWRU_12k|CWRU_48k|Electric_Motor|HUST|HUST_Gearbox|Mechanical_Gear|UOEMD|UORED,8,Diagnosis,C3_1500rpm_0.1Nm_1000N,MLP (TL),141,6773,1621,0.6995681677976557,0.6642105263157895,0.4945768268156121,0.0,42
3_ZScore_Raw,window_zscore,raw,PU,CWRU_12k|CWRU_48k|Electric_Motor|HUST|HUST_Gearbox|Mechanical_Gear|UOEMD|UORED,8,Diagnosis,C3_1500rpm_0.1Nm_1000N,TABNET (TL),141,6773,1621,0.7063541024059222,0.6687372554422706,0.5046007810878758,0.0,42
3_ZScore_Raw,window_zscore,raw,PU,CWRU_12k|CWRU_48k|Electric_Motor|HUST|HUST_Gearbox|Mechanical_Gear|UOEMD|UORED,8,Diagnosis,C4_1500rpm_0.7Nm_400N,MLP (TL),141,6780,1614,0.6127633209417596,0.5802337328373972,0.4608110978105572,0.0,42
3_ZScore_Raw,window_zscore,raw,PU,CWRU_12k|CWRU_48k|Electric_Motor|HUST|HUST_Gearbox|Mechanical_Gear|UOEMD|UORED,8,Diagnosis,C4_1500rpm_0.7Nm_400N,TABNET (TL),141,6780,1614,0.6270136307311028,0.5868156005571628,0.4679748193324429,0.0,42
4_RMS_Raw,window_rms,raw,PU,CWRU_12k|CWRU_48k|Electric_Motor|HUST|HUST_Gearbox|Mechanical_Gear|UOEMD|UORED,8,Diagnosis,C1_1500rpm_0.7Nm_1000N,MLP (TL),141,6765,1629,0.7053406998158379,0.6666666666666666,0.5,0.0,42
4_RMS_Raw,window_rms,raw,PU,CWRU_12k|CWRU_48k|Electric_Motor|HUST|HUST_Gearbox|Mechanical_Gear|UOEMD|UORED,8,Diagnosis,C1_1500rpm_0.7Nm_1000N,TABNET (TL),141,6765,1629,0.7059545733578882,0.6677061495457722,0.5013042066451778,0.0,42
4_RMS_Raw,window_rms,raw,PU,CWRU_12k|CWRU_48k|Electric_Motor|HUST|HUST_Gearbox|Mechanical_Gear|UOEMD|UORED,8,Diagnosis,C2_900rpm_0.7Nm_1000N,MLP (TL),141,6782,1612,0.14826302729528537,0.08342059336823736,0.08864985163204747,0.0,42
4_RMS_Raw,window_rms,raw,PU,CWRU_12k|CWRU_48k|Electric_Motor|HUST|HUST_Gearbox|Mechanical_Gear|UOEMD|UORED,8,Diagnosis,C2_900rpm_0.7Nm_1000N,TABNET (TL),141,6782,1612,0.19168734491315137,0.10785340314136126,0.10774058577405858,0.0,42
4_RMS_Raw,window_rms,raw,PU,CWRU_12k|CWRU_48k|Electric_Motor|HUST|HUST_Gearbox|Mechanical_Gear|UOEMD|UORED,8,Diagnosis,C3_1500rpm_0.1Nm_1000N,MLP (TL),141,6773,1621,0.7014188772362739,0.6652631578947369,0.49688190026453294,0.0,42
4_RMS_Raw,window_rms,raw,PU,CWRU_12k|CWRU_48k|Electric_Motor|HUST|HUST_Gearbox|Mechanical_Gear|UOEMD|UORED,8,Diagnosis,C3_1500rpm_0.1Nm_1000N,TABNET (TL),141,6773,1621,0.7063541024059222,0.6687372554422706,0.5046007810878758,0.0,42
4_RMS_Raw,window_rms,raw,PU,CWRU_12k|CWRU_48k|Electric_Motor|HUST|HUST_Gearbox|Mechanical_Gear|UOEMD|UORED,8,Diagnosis,C4_1500rpm_0.7Nm_400N,MLP (TL),141,6780,1614,0.5966542750929368,0.5593592628308154,0.4512066755656499,0.0,42
4_RMS_Raw,window_rms,raw,PU,CWRU_12k|CWRU_48k|Electric_Motor|HUST|HUST_Gearbox|Mechanical_Gear|UOEMD|UORED,8,Diagnosis,C4_1500rpm_0.7Nm_400N,TABNET (TL),141,6780,1614,0.6270136307311028,0.5868156005571628,0.4679748193324429,0.0,42
0_Baseline,raw,raw,HUST_Gearbox,CWRU_12k|CWRU_48k|Electric_Motor|HUST|Mechanical_Gear|PU|UOEMD|UORED,8,Diagnosis,Cond_20_0,MLP (TL),141,870,30,1.0,1.0,1.0,1.0,42
0_Baseline,raw,raw,HUST_Gearbox,CWRU_12k|CWRU_48k|Electric_Motor|HUST|Mechanical_Gear|PU|UOEMD|UORED,8,Diagnosis,Cond_20_0,TABNET (TL),141,870,30,0.9666666666666667,0.9666666666666667,0.9665831244778612,1.0,42
0_Baseline,raw,raw,HUST_Gearbox,CWRU_12k|CWRU_48k|Electric_Motor|HUST|Mechanical_Gear|PU|UOEMD|UORED,8,Diagnosis,Cond_20_1,MLP (TL),141,870,30,1.0,1.0,1.0,1.0,42
0_Baseline,raw,raw,HUST_Gearbox,CWRU_12k|CWRU_48k|Electric_Motor|HUST|Mechanical_Gear|PU|UOEMD|UORED,8,Diagnosis,Cond_20_1,TABNET (TL),141,870,30,0.8333333333333334,0.8333333333333334,0.8222222222222223,0.9766666666666667,42
0_Baseline,raw,raw,HUST_Gearbox,CWRU_12k|CWRU_48k|Electric_Motor|HUST|Mechanical_Gear|PU|UOEMD|UORED,8,Diagnosis,Cond_20_2,MLP (TL),141,870,30,1.0,1.0,1.0,1.0,42
0_Baseline,raw,raw,HUST_Gearbox,CWRU_12k|CWRU_48k|Electric_Motor|HUST|Mechanical_Gear|PU|UOEMD|UORED,8,Diagnosis,Cond_20_2,TABNET (TL),141,870,30,1.0,1.0,1.0,1.0,42
0_Baseline,raw,raw,HUST_Gearbox,CWRU_12k|CWRU_48k|Electric_Motor|HUST|Mechanical_Gear|PU|UOEMD|UORED,8,Diagnosis,Cond_20_3,MLP (TL),141,870,30,1.0,1.0,1.0,1.0,42
0_Baseline,raw,raw,HUST_Gearbox,CWRU_12k|CWRU_48k|Electric_Motor|HUST|Mechanical_Gear|PU|UOEMD|UORED,8,Diagnosis,Cond_20_3,TABNET (TL),141,870,30,0.8666666666666667,0.8666666666666667,0.8611111111111112,1.0,42
0_Baseline,raw,raw,HUST_Gearbox,CWRU_12k|CWRU_48k|Electric_Motor|HUST|Mechanical_Gear|PU|UOEMD|UORED,8,Diagnosis,Cond_20_4,MLP (TL),141,870,30,0.36666666666666664,0.3666666666666667,0.3650793650793651,0.6666666666666666,42
0_Baseline,raw,raw,HUST_Gearbox,CWRU_12k|CWRU_48k|Electric_Motor|HUST|Mechanical_Gear|PU|UOEMD|UORED,8,Diagnosis,Cond_20_4,TABNET (TL),141,870,30,0.36666666666666664,0.3666666666666667,0.3650793650793651,0.48333333333333334,42
0_Baseline,raw,raw,HUST_Gearbox,CWRU_12k|CWRU_48k|Electric_Motor|HUST|Mechanical_Gear|PU|UOEMD|UORED,8,Diagnosis,Cond_25_0,MLP (TL),141,870,30,1.0,1.0,1.0,1.0,42
0_Baseline,raw,raw,HUST_Gearbox,CWRU_12k|CWRU_48k|Electric_Motor|HUST|Mechanical_Gear|PU|UOEMD|UORED,8,Diagnosis,Cond_25_0,TABNET (TL),141,870,30,1.0,1.0,1.0,1.0,42
0_Baseline,raw,raw,HUST_Gearbox,CWRU_12k|CWRU_48k|Electric_Motor|HUST|Mechanical_Gear|PU|UOEMD|UORED,8,Diagnosis,Cond_25_1,MLP (TL),141,870,30,1.0,1.0,1.0,1.0,42
0_Baseline,raw,raw,HUST_Gearbox,CWRU_12k|CWRU_48k|Electric_Motor|HUST|Mechanical_Gear|PU|UOEMD|UORED,8,Diagnosis,Cond_25_1,TABNET (TL),141,870,30,1.0,1.0,1.0,1.0,42
0_Baseline,raw,raw,HUST_Gearbox,CWRU_12k|CWRU_48k|Electric_Motor|HUST|Mechanical_Gear|PU|UOEMD|UORED,8,Diagnosis,Cond_25_2,MLP (TL),141,870,30,0.9666666666666667,0.9666666666666667,0.9665831244778612,1.0,42
0_Baseline,raw,raw,HUST_Gearbox,CWRU_12k|CWRU_48k|Electric_Motor|HUST|Mechanical_Gear|PU|UOEMD|UORED,8,Diagnosis,Cond_25_2,TABNET (TL),141,870,30,1.0,1.0,1.0,1.0,42
0_Baseline,raw,raw,HUST_Gearbox,CWRU_12k|CWRU_48k|Electric_Motor|HUST|Mechanical_Gear|PU|UOEMD|UORED,8,Diagnosis,Cond_25_3,MLP (TL),141,870,30,1.0,1.0,1.0,1.0,42
0_Baseline,raw,raw,HUST_Gearbox,CWRU_12k|CWRU_48k|Electric_Motor|HUST|Mechanical_Gear|PU|UOEMD|UORED,8,Diagnosis,Cond_25_3,TABNET (TL),141,870,30,1.0,1.0,1.0,1.0,42
0_Baseline,raw,raw,HUST_Gearbox,CWRU_12k|CWRU_48k|Electric_Motor|HUST|Mechanical_Gear|PU|UOEMD|UORED,8,Diagnosis,Cond_25_4,MLP (TL),141,870,30,0.6666666666666666,0.6666666666666666,0.5555555555555555,1.0,42
0_Baseline,raw,raw,HUST_Gearbox,CWRU_12k|CWRU_48k|Electric_Motor|HUST|Mechanical_Gear|PU|UOEMD|UORED,8,Diagnosis,Cond_25_4,TABNET (TL),141,870,30,0.6666666666666666,0.6666666666666666,0.5555555555555555,1.0,42
0_Baseline,raw,raw,HUST_Gearbox,CWRU_12k|CWRU_48k|Electric_Motor|HUST|Mechanical_Gear|PU|UOEMD|UORED,8,Diagnosis,Cond_30_0,MLP (TL),141,870,30,1.0,1.0,1.0,1.0,42
0_Baseline,raw,raw,HUST_Gearbox,CWRU_12k|CWRU_48k|Electric_Motor|HUST|Mechanical_Gear|PU|UOEMD|UORED,8,Diagnosis,Cond_30_0,TABNET (TL),141,870,30,1.0,1.0,1.0,1.0,42
0_Baseline,raw,raw,HUST_Gearbox,CWRU_12k|CWRU_48k|Electric_Motor|HUST|Mechanical_Gear|PU|UOEMD|UORED,8,Diagnosis,Cond_30_1,MLP (TL),141,870,30,1.0,1.0,1.0,1.0,42
0_Baseline,raw,raw,HUST_Gearbox,CWRU_12k|CWRU_48k|Electric_Motor|HUST|Mechanical_Gear|PU|UOEMD|UORED,8,Diagnosis,Cond_30_1,TABNET (TL),141,870,30,1.0,1.0,1.0,1.0,42
0_Baseline,raw,raw,HUST_Gearbox,CWRU_12k|CWRU_48k|Electric_Motor|HUST|Mechanical_Gear|PU|UOEMD|UORED,8,Diagnosis,Cond_30_2,MLP (TL),141,870,30,1.0,1.0,1.0,1.0,42
0_Baseline,raw,raw,HUST_Gearbox,CWRU_12k|CWRU_48k|Electric_Motor|HUST|Mechanical_Gear|PU|UOEMD|UORED,8,Diagnosis,Cond_30_2,TABNET (TL),141,870,30,1.0,1.0,1.0,1.0,42
0_Baseline,raw,raw,HUST_Gearbox,CWRU_12k|CWRU_48k|Electric_Motor|HUST|Mechanical_Gear|PU|UOEMD|UORED,8,Diagnosis,Cond_30_3,MLP (TL),141,870,30,1.0,1.0,1.0,1.0,42
0_Baseline,raw,raw,HUST_Gearbox,CWRU_12k|CWRU_48k|Electric_Motor|HUST|Mechanical_Gear|PU|UOEMD|UORED,8,Diagnosis,Cond_30_3,TABNET (TL),141,870,30,1.0,1.0,1.0,1.0,42
0_Baseline,raw,raw,HUST_Gearbox,CWRU_12k|CWRU_48k|Electric_Motor|HUST|Mechanical_Gear|PU|UOEMD|UORED,8,Diagnosis,Cond_30_4,MLP (TL),141,870,30,1.0,1.0,1.0,1.0,42
0_Baseline,raw,raw,HUST_Gearbox,CWRU_12k|CWRU_48k|Electric_Motor|HUST|Mechanical_Gear|PU|UOEMD|UORED,8,Diagnosis,Cond_30_4,TABNET (TL),141,870,30,1.0,1.0,1.0,1.0,42
0_Baseline,raw,raw,HUST_Gearbox,CWRU_12k|CWRU_48k|Electric_Motor|HUST|Mechanical_Gear|PU|UOEMD|UORED,8,Diagnosis,Cond_35_0,MLP (TL),141,870,30,1.0,1.0,1.0,1.0,42
0_Baseline,raw,raw,HUST_Gearbox,CWRU_12k|CWRU_48k|Electric_Motor|HUST|Mechanical_Gear|PU|UOEMD|UORED,8,Diagnosis,Cond_35_0,TABNET (TL),141,870,30,1.0,1.0,1.0,1.0,42
0_Baseline,raw,raw,HUST_Gearbox,CWRU_12k|CWRU_48k|Electric_Motor|HUST|Mechanical_Gear|PU|UOEMD|UORED,8,Diagnosis,Cond_35_1,MLP (TL),141,870,30,1.0,1.0,1.0,1.0,42
0_Baseline,raw,raw,HUST_Gearbox,CWRU_12k|CWRU_48k|Electric_Motor|HUST|Mechanical_Gear|PU|UOEMD|UORED,8,Diagnosis,Cond_35_1,TABNET (TL),141,870,30,1.0,1.0,1.0,1.0,42
0_Baseline,raw,raw,HUST_Gearbox,CWRU_12k|CWRU_48k|Electric_Motor|HUST|Mechanical_Gear|PU|UOEMD|UORED,8,Diagnosis,Cond_35_2,MLP (TL),141,870,30,1.0,1.0,1.0,1.0,42
0_Baseline,raw,raw,HUST_Gearbox,CWRU_12k|CWRU_48k|Electric_Motor|HUST|Mechanical_Gear|PU|UOEMD|UORED,8,Diagnosis,Cond_35_2,TABNET (TL),141,870,30,1.0,1.0,1.0,1.0,42
0_Baseline,raw,raw,HUST_Gearbox,CWRU_12k|CWRU_48k|Electric_Motor|HUST|Mechanical_Gear|PU|UOEMD|UORED,8,Diagnosis,Cond_35_3,MLP (TL),141,870,30,1.0,1.0,1.0,1.0,42
0_Baseline,raw,raw,HUST_Gearbox,CWRU_12k|CWRU_48k|Electric_Motor|HUST|Mechanical_Gear|PU|UOEMD|UORED,8,Diagnosis,Cond_35_3,TABNET (TL),141,870,30,1.0,1.0,1.0,1.0,42
0_Baseline,raw,raw,HUST_Gearbox,CWRU_12k|CWRU_48k|Electric_Motor|HUST|Mechanical_Gear|PU|UOEMD|UORED,8,Diagnosis,Cond_35_4,MLP (TL),141,870,30,0.8333333333333334,0.8333333333333334,0.8222222222222223,0.85,42
0_Baseline,raw,raw,HUST_Gearbox,CWRU_12k|CWRU_48k|Electric_Motor|HUST|Mechanical_Gear|PU|UOEMD|UORED,8,Diagnosis,Cond_35_4,TABNET (TL),141,870,30,0.9,0.9,0.8950004244121891,0.8766666666666666,42
0_Baseline,raw,raw,HUST_Gearbox,CWRU_12k|CWRU_48k|Electric_Motor|HUST|Mechanical_Gear|PU|UOEMD|UORED,8,Diagnosis,Cond_40_0,MLP (TL),141,870,30,1.0,1.0,1.0,1.0,42
0_Baseline,raw,raw,HUST_Gearbox,CWRU_12k|CWRU_48k|Electric_Motor|HUST|Mechanical_Gear|PU|UOEMD|UORED,8,Diagnosis,Cond_40_0,TABNET (TL),141,870,30,1.0,1.0,1.0,1.0,42
0_Baseline,raw,raw,HUST_Gearbox,CWRU_12k|CWRU_48k|Electric_Motor|HUST|Mechanical_Gear|PU|UOEMD|UORED,8,Diagnosis,Cond_40_1,MLP (TL),141,870,30,1.0,1.0,1.0,1.0,42
0_Baseline,raw,raw,HUST_Gearbox,CWRU_12k|CWRU_48k|Electric_Motor|HUST|Mechanical_Gear|PU|UOEMD|UORED,8,Diagnosis,Cond_40_1,TABNET (TL),141,870,30,1.0,1.0,1.0,1.0,42
0_Baseline,raw,raw,HUST_Gearbox,CWRU_12k|CWRU_48k|Electric_Motor|HUST|Mechanical_Gear|PU|UOEMD|UORED,8,Diagnosis,Cond_40_2,MLP (TL),141,870,30,1.0,1.0,1.0,1.0,42
0_Baseline,raw,raw,HUST_Gearbox,CWRU_12k|CWRU_48k|Electric_Motor|HUST|Mechanical_Gear|PU|UOEMD|UORED,8,Diagnosis,Cond_40_2,TABNET (TL),141,870,30,1.0,1.0,1.0,1.0,42
0_Baseline,raw,raw,HUST_Gearbox,CWRU_12k|CWRU_48k|Electric_Motor|HUST|Mechanical_Gear|PU|UOEMD|UORED,8,Diagnosis,Cond_40_3,MLP (TL),141,870,30,1.0,1.0,1.0,1.0,42
0_Baseline,raw,raw,HUST_Gearbox,CWRU_12k|CWRU_48k|Electric_Motor|HUST|Mechanical_Gear|PU|UOEMD|UORED,8,Diagnosis,Cond_40_3,TABNET (TL),141,870,30,1.0,1.0,1.0,1.0,42
0_Baseline,raw,raw,HUST_Gearbox,CWRU_12k|CWRU_48k|Electric_Motor|HUST|Mechanical_Gear|PU|UOEMD|UORED,8,Diagnosis,Cond_40_4,MLP (TL),141,870,30,1.0,1.0,1.0,1.0,42
0_Baseline,raw,raw,HUST_Gearbox,CWRU_12k|CWRU_48k|Electric_Motor|HUST|Mechanical_Gear|PU|UOEMD|UORED,8,Diagnosis,Cond_40_4,TABNET (TL),141,870,30,1.0,1.0,1.0,1.0,42
0_Baseline,raw,raw,HUST_Gearbox,CWRU_12k|CWRU_48k|Electric_Motor|HUST|Mechanical_Gear|PU|UOEMD|UORED,8,Diagnosis,Cond_L0_VS_0_40_0,MLP (TL),141,870,30,1.0,1.0,1.0,1.0,42
0_Baseline,raw,raw,HUST_Gearbox,CWRU_12k|CWRU_48k|Electric_Motor|HUST|Mechanical_Gear|PU|UOEMD|UORED,8,Diagnosis,Cond_L0_VS_0_40_0,TABNET (TL),141,870,30,0.8,0.7999999999999999,0.7802197802197802,1.0,42
0_Baseline,raw,raw,HUST_Gearbox,CWRU_12k|CWRU_48k|Electric_Motor|HUST|Mechanical_Gear|PU|UOEMD|UORED,8,Diagnosis,Cond_L1_VS_0_40_0,MLP (TL),141,870,30,1.0,1.0,1.0,1.0,42
0_Baseline,raw,raw,HUST_Gearbox,CWRU_12k|CWRU_48k|Electric_Motor|HUST|Mechanical_Gear|PU|UOEMD|UORED,8,Diagnosis,Cond_L1_VS_0_40_0,TABNET (TL),141,870,30,0.9,0.9,0.8976982097186701,0.9966666666666667,42
0_Baseline,raw,raw,HUST_Gearbox,CWRU_12k|CWRU_48k|Electric_Motor|HUST|Mechanical_Gear|PU|UOEMD|UORED,8,Diagnosis,Cond_L2_VS_0_40_0,MLP (TL),141,870,30,1.0,1.0,1.0,1.0,42
0_Baseline,raw,raw,HUST_Gearbox,CWRU_12k|CWRU_48k|Electric_Motor|HUST|Mechanical_Gear|PU|UOEMD|UORED,8,Diagnosis,Cond_L2_VS_0_40_0,TABNET (TL),141,870,30,0.9,0.9,0.8976982097186701,1.0,42
0_Baseline,raw,raw,HUST_Gearbox,CWRU_12k|CWRU_48k|Electric_Motor|HUST|Mechanical_Gear|PU|UOEMD|UORED,8,Diagnosis,Cond_L3_VS_0_40_0,MLP (TL),141,870,30,1.0,1.0,1.0,1.0,42
0_Baseline,raw,raw,HUST_Gearbox,CWRU_12k|CWRU_48k|Electric_Motor|HUST|Mechanical_Gear|PU|UOEMD|UORED,8,Diagnosis,Cond_L3_VS_0_40_0,TABNET (TL),141,870,30,0.9666666666666667,0.9666666666666667,0.9665831244778613,1.0,42
0_Baseline,raw,raw,HUST_Gearbox,CWRU_12k|CWRU_48k|Electric_Motor|HUST|Mechanical_Gear|PU|UOEMD|UORED,8,Diagnosis,Cond_L4_VS_0_40_0,MLP (TL),141,870,30,1.0,1.0,1.0,1.0,42
0_Baseline,raw,raw,HUST_Gearbox,CWRU_12k|CWRU_48k|Electric_Motor|HUST|Mechanical_Gear|PU|UOEMD|UORED,8,Diagnosis,Cond_L4_VS_0_40_0,TABNET (TL),141,870,30,1.0,1.0,1.0,1.0,42
1_ZScore_Puro,window_zscore,window_zscore,HUST_Gearbox,CWRU_12k|CWRU_48k|Electric_Motor|HUST|Mechanical_Gear|PU|UOEMD|UORED,8,Diagnosis,Cond_20_0,MLP (TL),141,870,30,1.0,1.0,1.0,1.0,42
1_ZScore_Puro,window_zscore,window_zscore,HUST_Gearbox,CWRU_12k|CWRU_48k|Electric_Motor|HUST|Mechanical_Gear|PU|UOEMD|UORED,8,Diagnosis,Cond_20_0,TABNET (TL),141,870,30,1.0,1.0,1.0,1.0,42
1_ZScore_Puro,window_zscore,window_zscore,HUST_Gearbox,CWRU_12k|CWRU_48k|Electric_Motor|HUST|Mechanical_Gear|PU|UOEMD|UORED,8,Diagnosis,Cond_20_1,MLP (TL),141,870,30,1.0,1.0,1.0,1.0,42
1_ZScore_Puro,window_zscore,window_zscore,HUST_Gearbox,CWRU_12k|CWRU_48k|Electric_Motor|HUST|Mechanical_Gear|PU|UOEMD|UORED,8,Diagnosis,Cond_20_1,TABNET (TL),141,870,30,1.0,1.0,1.0,1.0,42
1_ZScore_Puro,window_zscore,window_zscore,HUST_Gearbox,CWRU_12k|CWRU_48k|Electric_Motor|HUST|Mechanical_Gear|PU|UOEMD|UORED,8,Diagnosis,Cond_20_2,MLP (TL),141,870,30,1.0,1.0,1.0,1.0,42
1_ZScore_Puro,window_zscore,window_zscore,HUST_Gearbox,CWRU_12k|CWRU_48k|Electric_Motor|HUST|Mechanical_Gear|PU|UOEMD|UORED,8,Diagnosis,Cond_20_2,TABNET (TL),141,870,30,0.6666666666666666,0.6666666666666666,0.5555555555555555,0.9933333333333333,42
1_ZScore_Puro,window_zscore,window_zscore,HUST_Gearbox,CWRU_12k|CWRU_48k|Electric_Motor|HUST|Mechanical_Gear|PU|UOEMD|UORED,8,Diagnosis,Cond_20_3,MLP (TL),141,870,30,1.0,1.0,1.0,1.0,42
1_ZScore_Puro,window_zscore,window_zscore,HUST_Gearbox,CWRU_12k|CWRU_48k|Electric_Motor|HUST|Mechanical_Gear|PU|UOEMD|UORED,8,Diagnosis,Cond_20_3,TABNET (TL),141,870,30,1.0,1.0,1.0,1.0,42
1_ZScore_Puro,window_zscore,window_zscore,HUST_Gearbox,CWRU_12k|CWRU_48k|Electric_Motor|HUST|Mechanical_Gear|PU|UOEMD|UORED,8,Diagnosis,Cond_20_4,MLP (TL),141,870,30,0.6666666666666666,0.6666666666666666,0.5555555555555555,0.6666666666666666,42
1_ZScore_Puro,window_zscore,window_zscore,HUST_Gearbox,CWRU_12k|CWRU_48k|Electric_Motor|HUST|Mechanical_Gear|PU|UOEMD|UORED,8,Diagnosis,Cond_20_4,TABNET (TL),141,870,30,0.6666666666666666,0.6666666666666666,0.5555555555555555,0.8733333333333334,42
1_ZScore_Puro,window_zscore,window_zscore,HUST_Gearbox,CWRU_12k|CWRU_48k|Electric_Motor|HUST|Mechanical_Gear|PU|UOEMD|UORED,8,Diagnosis,Cond_25_0,MLP (TL),141,870,30,1.0,1.0,1.0,1.0,42
1_ZScore_Puro,window_zscore,window_zscore,HUST_Gearbox,CWRU_12k|CWRU_48k|Electric_Motor|HUST|Mechanical_Gear|PU|UOEMD|UORED,8,Diagnosis,Cond_25_0,TABNET (TL),141,870,30,1.0,1.0,1.0,1.0,42
1_ZScore_Puro,window_zscore,window_zscore,HUST_Gearbox,CWRU_12k|CWRU_48k|Electric_Motor|HUST|Mechanical_Gear|PU|UOEMD|UORED,8,Diagnosis,Cond_25_1,MLP (TL),141,870,30,1.0,1.0,1.0,1.0,42
1_ZScore_Puro,window_zscore,window_zscore,HUST_Gearbox,CWRU_12k|CWRU_48k|Electric_Motor|HUST|Mechanical_Gear|PU|UOEMD|UORED,8,Diagnosis,Cond_25_1,TABNET (TL),141,870,30,1.0,1.0,1.0,1.0,42
1_ZScore_Puro,window_zscore,window_zscore,HUST_Gearbox,CWRU_12k|CWRU_48k|Electric_Motor|HUST|Mechanical_Gear|PU|UOEMD|UORED,8,Diagnosis,Cond_25_2,MLP (TL),141,870,30,0.7,0.7000000000000001,0.6238244514106583,1.0,42
1_ZScore_Puro,window_zscore,window_zscore,HUST_Gearbox,CWRU_12k|CWRU_48k|Electric_Motor|HUST|Mechanical_Gear|PU|UOEMD|UORED,8,Diagnosis,Cond_25_2,TABNET (TL),141,870,30,0.7333333333333333,0.7333333333333334,0.6825396825396824,0.9983333333333334,42
1_ZScore_Puro,window_zscore,window_zscore,HUST_Gearbox,CWRU_12k|CWRU_48k|Electric_Motor|HUST|Mechanical_Gear|PU|UOEMD|UORED,8,Diagnosis,Cond_25_3,MLP (TL),141,870,30,0.8,0.7999999999999999,0.7802197802197802,1.0,42
1_ZScore_Puro,window_zscore,window_zscore,HUST_Gearbox,CWRU_12k|CWRU_48k|Electric_Motor|HUST|Mechanical_Gear|PU|UOEMD|UORED,8,Diagnosis,Cond_25_3,TABNET (TL),141,870,30,0.8,0.7999999999999999,0.7802197802197802,1.0,42
1_ZScore_Puro,window_zscore,window_zscore,HUST_Gearbox,CWRU_12k|CWRU_48k|Electric_Motor|HUST|Mechanical_Gear|PU|UOEMD|UORED,8,Diagnosis,Cond_25_4,MLP (TL),141,870,30,0.8333333333333334,0.8333333333333334,0.8222222222222223,1.0,42
1_ZScore_Puro,window_zscore,window_zscore,HUST_Gearbox,CWRU_12k|CWRU_48k|Electric_Motor|HUST|Mechanical_Gear|PU|UOEMD|UORED,8,Diagnosis,Cond_25_4,TABNET (TL),141,870,30,0.7,0.7000000000000001,0.6238244514106583,0.9983333333333334,42
1_ZScore_Puro,window_zscore,window_zscore,HUST_Gearbox,CWRU_12k|CWRU_48k|Electric_Motor|HUST|Mechanical_Gear|PU|UOEMD|UORED,8,Diagnosis,Cond_30_0,MLP (TL),141,870,30,1.0,1.0,1.0,1.0,42
1_ZScore_Puro,window_zscore,window_zscore,HUST_Gearbox,CWRU_12k|CWRU_48k|Electric_Motor|HUST|Mechanical_Gear|PU|UOEMD|UORED,8,Diagnosis,Cond_30_0,TABNET (TL),141,870,30,1.0,1.0,1.0,1.0,42
1_ZScore_Puro,window_zscore,window_zscore,HUST_Gearbox,CWRU_12k|CWRU_48k|Electric_Motor|HUST|Mechanical_Gear|PU|UOEMD|UORED,8,Diagnosis,Cond_30_1,MLP (TL),141,870,30,1.0,1.0,1.0,1.0,42
1_ZScore_Puro,window_zscore,window_zscore,HUST_Gearbox,CWRU_12k|CWRU_48k|Electric_Motor|HUST|Mechanical_Gear|PU|UOEMD|UORED,8,Diagnosis,Cond_30_1,TABNET (TL),141,870,30,1.0,1.0,1.0,1.0,42
1_ZScore_Puro,window_zscore,window_zscore,HUST_Gearbox,CWRU_12k|CWRU_48k|Electric_Motor|HUST|Mechanical_Gear|PU|UOEMD|UORED,8,Diagnosis,Cond_30_2,MLP (TL),141,870,30,1.0,1.0,1.0,1.0,42
1_ZScore_Puro,window_zscore,window_zscore,HUST_Gearbox,CWRU_12k|CWRU_48k|Electric_Motor|HUST|Mechanical_Gear|PU|UOEMD|UORED,8,Diagnosis,Cond_30_2,TABNET (TL),141,870,30,1.0,1.0,1.0,1.0,42
1_ZScore_Puro,window_zscore,window_zscore,HUST_Gearbox,CWRU_12k|CWRU_48k|Electric_Motor|HUST|Mechanical_Gear|PU|UOEMD|UORED,8,Diagnosis,Cond_30_3,MLP (TL),141,870,30,1.0,1.0,1.0,1.0,42
1_ZScore_Puro,window_zscore,window_zscore,HUST_Gearbox,CWRU_12k|CWRU_48k|Electric_Motor|HUST|Mechanical_Gear|PU|UOEMD|UORED,8,Diagnosis,Cond_30_3,TABNET (TL),141,870,30,1.0,1.0,1.0,1.0,42
1_ZScore_Puro,window_zscore,window_zscore,HUST_Gearbox,CWRU_12k|CWRU_48k|Electric_Motor|HUST|Mechanical_Gear|PU|UOEMD|UORED,8,Diagnosis,Cond_30_4,MLP (TL),141,870,30,1.0,1.0,1.0,1.0,42
1_ZScore_Puro,window_zscore,window_zscore,HUST_Gearbox,CWRU_12k|CWRU_48k|Electric_Motor|HUST|Mechanical_Gear|PU|UOEMD|UORED,8,Diagnosis,Cond_30_4,TABNET (TL),141,870,30,1.0,1.0,1.0,1.0,42
1_ZScore_Puro,window_zscore,window_zscore,HUST_Gearbox,CWRU_12k|CWRU_48k|Electric_Motor|HUST|Mechanical_Gear|PU|UOEMD|UORED,8,Diagnosis,Cond_35_0,MLP (TL),141,870,30,0.6666666666666666,0.6666666666666666,0.5555555555555555,1.0,42
1_ZScore_Puro,window_zscore,window_zscore,HUST_Gearbox,CWRU_12k|CWRU_48k|Electric_Motor|HUST|Mechanical_Gear|PU|UOEMD|UORED,8,Diagnosis,Cond_35_0,TABNET (TL),141,870,30,0.6666666666666666,0.6666666666666666,0.5555555555555555,0.8883333333333333,42
1_ZScore_Puro,window_zscore,window_zscore,HUST_Gearbox,CWRU_12k|CWRU_48k|Electric_Motor|HUST|Mechanical_Gear|PU|UOEMD|UORED,8,Diagnosis,Cond_35_1,MLP (TL),141,870,30,1.0,1.0,1.0,1.0,42
1_ZScore_Puro,window_zscore,window_zscore,HUST_Gearbox,CWRU_12k|CWRU_48k|Electric_Motor|HUST|Mechanical_Gear|PU|UOEMD|UORED,8,Diagnosis,Cond_35_1,TABNET (TL),141,870,30,1.0,1.0,1.0,1.0,42
1_ZScore_Puro,window_zscore,window_zscore,HUST_Gearbox,CWRU_12k|CWRU_48k|Electric_Motor|HUST|Mechanical_Gear|PU|UOEMD|UORED,8,Diagnosis,Cond_35_2,MLP (TL),141,870,30,1.0,1.0,1.0,1.0,42
1_ZScore_Puro,window_zscore,window_zscore,HUST_Gearbox,CWRU_12k|CWRU_48k|Electric_Motor|HUST|Mechanical_Gear|PU|UOEMD|UORED,8,Diagnosis,Cond_35_2,TABNET (TL),141,870,30,1.0,1.0,1.0,1.0,42
1_ZScore_Puro,window_zscore,window_zscore,HUST_Gearbox,CWRU_12k|CWRU_48k|Electric_Motor|HUST|Mechanical_Gear|PU|UOEMD|UORED,8,Diagnosis,Cond_35_3,MLP (TL),141,870,30,1.0,1.0,1.0,1.0,42
1_ZScore_Puro,window_zscore,window_zscore,HUST_Gearbox,CWRU_12k|CWRU_48k|Electric_Motor|HUST|Mechanical_Gear|PU|UOEMD|UORED,8,Diagnosis,Cond_35_3,TABNET (TL),141,870,30,0.8666666666666667,0.8666666666666667,0.8611111111111112,0.9333333333333335,42
1_ZScore_Puro,window_zscore,window_zscore,HUST_Gearbox,CWRU_12k|CWRU_48k|Electric_Motor|HUST|Mechanical_Gear|PU|UOEMD|UORED,8,Diagnosis,Cond_35_4,MLP (TL),141,870,30,0.7333333333333333,0.7333333333333334,0.667632850241546,0.9083333333333333,42
1_ZScore_Puro,window_zscore,window_zscore,HUST_Gearbox,CWRU_12k|CWRU_48k|Electric_Motor|HUST|Mechanical_Gear|PU|UOEMD|UORED,8,Diagnosis,Cond_35_4,TABNET (TL),141,870,30,0.8666666666666667,0.8666666666666667,0.8573153899240856,0.9016666666666667,42
1_ZScore_Puro,window_zscore,window_zscore,HUST_Gearbox,CWRU_12k|CWRU_48k|Electric_Motor|HUST|Mechanical_Gear|PU|UOEMD|UORED,8,Diagnosis,Cond_40_0,MLP (TL),141,870,30,0.8666666666666667,0.8666666666666667,0.8611111111111112,1.0,42
1_ZScore_Puro,window_zscore,window_zscore,HUST_Gearbox,CWRU_12k|CWRU_48k|Electric_Motor|HUST|Mechanical_Gear|PU|UOEMD|UORED,8,Diagnosis,Cond_40_0,TABNET (TL),141,870,30,0.6666666666666666,0.6666666666666666,0.5555555555555555,0.9416666666666668,42
1_ZScore_Puro,window_zscore,window_zscore,HUST_Gearbox,CWRU_12k|CWRU_48k|Electric_Motor|HUST|Mechanical_Gear|PU|UOEMD|UORED,8,Diagnosis,Cond_40_1,MLP (TL),141,870,30,1.0,1.0,1.0,1.0,42
1_ZScore_Puro,window_zscore,window_zscore,HUST_Gearbox,CWRU_12k|CWRU_48k|Electric_Motor|HUST|Mechanical_Gear|PU|UOEMD|UORED,8,Diagnosis,Cond_40_1,TABNET (TL),141,870,30,1.0,1.0,1.0,1.0,42
1_ZScore_Puro,window_zscore,window_zscore,HUST_Gearbox,CWRU_12k|CWRU_48k|Electric_Motor|HUST|Mechanical_Gear|PU|UOEMD|UORED,8,Diagnosis,Cond_40_2,MLP (TL),141,870,30,0.8666666666666667,0.8666666666666667,0.8611111111111112,1.0,42
1_ZScore_Puro,window_zscore,window_zscore,HUST_Gearbox,CWRU_12k|CWRU_48k|Electric_Motor|HUST|Mechanical_Gear|PU|UOEMD|UORED,8,Diagnosis,Cond_40_2,TABNET (TL),141,870,30,0.7333333333333333,0.7333333333333334,0.6825396825396827,0.9466666666666667,42
1_ZScore_Puro,window_zscore,window_zscore,HUST_Gearbox,CWRU_12k|CWRU_48k|Electric_Motor|HUST|Mechanical_Gear|PU|UOEMD|UORED,8,Diagnosis,Cond_40_3,MLP (TL),141,870,30,1.0,1.0,1.0,1.0,42
1_ZScore_Puro,window_zscore,window_zscore,HUST_Gearbox,CWRU_12k|CWRU_48k|Electric_Motor|HUST|Mechanical_Gear|PU|UOEMD|UORED,8,Diagnosis,Cond_40_3,TABNET (TL),141,870,30,1.0,1.0,1.0,1.0,42
1_ZScore_Puro,window_zscore,window_zscore,HUST_Gearbox,CWRU_12k|CWRU_48k|Electric_Motor|HUST|Mechanical_Gear|PU|UOEMD|UORED,8,Diagnosis,Cond_40_4,MLP (TL),141,870,30,1.0,1.0,1.0,1.0,42
1_ZScore_Puro,window_zscore,window_zscore,HUST_Gearbox,CWRU_12k|CWRU_48k|Electric_Motor|HUST|Mechanical_Gear|PU|UOEMD|UORED,8,Diagnosis,Cond_40_4,TABNET (TL),141,870,30,1.0,1.0,1.0,1.0,42
1_ZScore_Puro,window_zscore,window_zscore,HUST_Gearbox,CWRU_12k|CWRU_48k|Electric_Motor|HUST|Mechanical_Gear|PU|UOEMD|UORED,8,Diagnosis,Cond_L0_VS_0_40_0,MLP (TL),141,870,30,1.0,1.0,1.0,1.0,42
1_ZScore_Puro,window_zscore,window_zscore,HUST_Gearbox,CWRU_12k|CWRU_48k|Electric_Motor|HUST|Mechanical_Gear|PU|UOEMD|UORED,8,Diagnosis,Cond_L0_VS_0_40_0,TABNET (TL),141,870,30,0.8666666666666667,0.8666666666666667,0.8611111111111112,1.0,42
1_ZScore_Puro,window_zscore,window_zscore,HUST_Gearbox,CWRU_12k|CWRU_48k|Electric_Motor|HUST|Mechanical_Gear|PU|UOEMD|UORED,8,Diagnosis,Cond_L1_VS_0_40_0,MLP (TL),141,870,30,1.0,1.0,1.0,1.0,42
1_ZScore_Puro,window_zscore,window_zscore,HUST_Gearbox,CWRU_12k|CWRU_48k|Electric_Motor|HUST|Mechanical_Gear|PU|UOEMD|UORED,8,Diagnosis,Cond_L1_VS_0_40_0,TABNET (TL),141,870,30,0.9333333333333333,0.9333333333333332,0.9326599326599326,1.0,42
1_ZScore_Puro,window_zscore,window_zscore,HUST_Gearbox,CWRU_12k|CWRU_48k|Electric_Motor|HUST|Mechanical_Gear|PU|UOEMD|UORED,8,Diagnosis,Cond_L2_VS_0_40_0,MLP (TL),141,870,30,0.9666666666666667,0.9666666666666667,0.9665831244778612,1.0,42
1_ZScore_Puro,window_zscore,window_zscore,HUST_Gearbox,CWRU_12k|CWRU_48k|Electric_Motor|HUST|Mechanical_Gear|PU|UOEMD|UORED,8,Diagnosis,Cond_L2_VS_0_40_0,TABNET (TL),141,870,30,1.0,1.0,1.0,1.0,42
1_ZScore_Puro,window_zscore,window_zscore,HUST_Gearbox,CWRU_12k|CWRU_48k|Electric_Motor|HUST|Mechanical_Gear|PU|UOEMD|UORED,8,Diagnosis,Cond_L3_VS_0_40_0,MLP (TL),141,870,30,0.9333333333333333,0.9333333333333332,0.9326599326599326,1.0,42
1_ZScore_Puro,window_zscore,window_zscore,HUST_Gearbox,CWRU_12k|CWRU_48k|Electric_Motor|HUST|Mechanical_Gear|PU|UOEMD|UORED,8,Diagnosis,Cond_L3_VS_0_40_0,TABNET (TL),141,870,30,1.0,1.0,1.0,1.0,42
1_ZScore_Puro,window_zscore,window_zscore,HUST_Gearbox,CWRU_12k|CWRU_48k|Electric_Motor|HUST|Mechanical_Gear|PU|UOEMD|UORED,8,Diagnosis,Cond_L4_VS_0_40_0,MLP (TL),141,870,30,1.0,1.0,1.0,1.0,42
1_ZScore_Puro,window_zscore,window_zscore,HUST_Gearbox,CWRU_12k|CWRU_48k|Electric_Motor|HUST|Mechanical_Gear|PU|UOEMD|UORED,8,Diagnosis,Cond_L4_VS_0_40_0,TABNET (TL),141,870,30,1.0,1.0,1.0,1.0,42
2_RMS_Puro,window_rms,window_rms,HUST_Gearbox,CWRU_12k|CWRU_48k|Electric_Motor|HUST|Mechanical_Gear|PU|UOEMD|UORED,8,Diagnosis,Cond_20_0,MLP (TL),141,870,30,1.0,1.0,1.0,1.0,42
2_RMS_Puro,window_rms,window_rms,HUST_Gearbox,CWRU_12k|CWRU_48k|Electric_Motor|HUST|Mechanical_Gear|PU|UOEMD|UORED,8,Diagnosis,Cond_20_0,TABNET (TL),141,870,30,1.0,1.0,1.0,1.0,42
2_RMS_Puro,window_rms,window_rms,HUST_Gearbox,CWRU_12k|CWRU_48k|Electric_Motor|HUST|Mechanical_Gear|PU|UOEMD|UORED,8,Diagnosis,Cond_20_1,MLP (TL),141,870,30,1.0,1.0,1.0,1.0,42
2_RMS_Puro,window_rms,window_rms,HUST_Gearbox,CWRU_12k|CWRU_48k|Electric_Motor|HUST|Mechanical_Gear|PU|UOEMD|UORED,8,Diagnosis,Cond_20_1,TABNET (TL),141,870,30,1.0,1.0,1.0,1.0,42
2_RMS_Puro,window_rms,window_rms,HUST_Gearbox,CWRU_12k|CWRU_48k|Electric_Motor|HUST|Mechanical_Gear|PU|UOEMD|UORED,8,Diagnosis,Cond_20_2,MLP (TL),141,870,30,1.0,1.0,1.0,1.0,42
2_RMS_Puro,window_rms,window_rms,HUST_Gearbox,CWRU_12k|CWRU_48k|Electric_Motor|HUST|Mechanical_Gear|PU|UOEMD|UORED,8,Diagnosis,Cond_20_2,TABNET (TL),141,870,30,0.6333333333333333,0.6333333333333333,0.5402298850574713,0.9616666666666666,42
2_RMS_Puro,window_rms,window_rms,HUST_Gearbox,CWRU_12k|CWRU_48k|Electric_Motor|HUST|Mechanical_Gear|PU|UOEMD|UORED,8,Diagnosis,Cond_20_3,MLP (TL),141,870,30,1.0,1.0,1.0,1.0,42
2_RMS_Puro,window_rms,window_rms,HUST_Gearbox,CWRU_12k|CWRU_48k|Electric_Motor|HUST|Mechanical_Gear|PU|UOEMD|UORED,8,Diagnosis,Cond_20_3,TABNET (TL),141,870,30,1.0,1.0,1.0,1.0,42
2_RMS_Puro,window_rms,window_rms,HUST_Gearbox,CWRU_12k|CWRU_48k|Electric_Motor|HUST|Mechanical_Gear|PU|UOEMD|UORED,8,Diagnosis,Cond_20_4,MLP (TL),141,870,30,0.6666666666666666,0.6666666666666666,0.5555555555555555,0.6933333333333334,42
2_RMS_Puro,window_rms,window_rms,HUST_Gearbox,CWRU_12k|CWRU_48k|Electric_Motor|HUST|Mechanical_Gear|PU|UOEMD|UORED,8,Diagnosis,Cond_20_4,TABNET (TL),141,870,30,0.3333333333333333,0.3333333333333333,0.3333333333333333,0.6666666666666666,42
2_RMS_Puro,window_rms,window_rms,HUST_Gearbox,CWRU_12k|CWRU_48k|Electric_Motor|HUST|Mechanical_Gear|PU|UOEMD|UORED,8,Diagnosis,Cond_25_0,MLP (TL),141,870,30,1.0,1.0,1.0,1.0,42
2_RMS_Puro,window_rms,window_rms,HUST_Gearbox,CWRU_12k|CWRU_48k|Electric_Motor|HUST|Mechanical_Gear|PU|UOEMD|UORED,8,Diagnosis,Cond_25_0,TABNET (TL),141,870,30,1.0,1.0,1.0,1.0,42
2_RMS_Puro,window_rms,window_rms,HUST_Gearbox,CWRU_12k|CWRU_48k|Electric_Motor|HUST|Mechanical_Gear|PU|UOEMD|UORED,8,Diagnosis,Cond_25_1,MLP (TL),141,870,30,1.0,1.0,1.0,1.0,42
2_RMS_Puro,window_rms,window_rms,HUST_Gearbox,CWRU_12k|CWRU_48k|Electric_Motor|HUST|Mechanical_Gear|PU|UOEMD|UORED,8,Diagnosis,Cond_25_1,TABNET (TL),141,870,30,0.9666666666666667,0.9666666666666667,0.9665831244778613,1.0,42
2_RMS_Puro,window_rms,window_rms,HUST_Gearbox,CWRU_12k|CWRU_48k|Electric_Motor|HUST|Mechanical_Gear|PU|UOEMD|UORED,8,Diagnosis,Cond_25_2,MLP (TL),141,870,30,0.6666666666666666,0.6666666666666666,0.5555555555555555,1.0,42
2_RMS_Puro,window_rms,window_rms,HUST_Gearbox,CWRU_12k|CWRU_48k|Electric_Motor|HUST|Mechanical_Gear|PU|UOEMD|UORED,8,Diagnosis,Cond_25_2,TABNET (TL),141,870,30,0.6666666666666666,0.6666666666666666,0.5555555555555555,0.985,42
2_RMS_Puro,window_rms,window_rms,HUST_Gearbox,CWRU_12k|CWRU_48k|Electric_Motor|HUST|Mechanical_Gear|PU|UOEMD|UORED,8,Diagnosis,Cond_25_3,MLP (TL),141,870,30,0.8666666666666667,0.8666666666666667,0.8611111111111112,1.0,42
2_RMS_Puro,window_rms,window_rms,HUST_Gearbox,CWRU_12k|CWRU_48k|Electric_Motor|HUST|Mechanical_Gear|PU|UOEMD|UORED,8,Diagnosis,Cond_25_3,TABNET (TL),141,870,30,0.8,0.7999999999999999,0.7802197802197802,1.0,42
2_RMS_Puro,window_rms,window_rms,HUST_Gearbox,CWRU_12k|CWRU_48k|Electric_Motor|HUST|Mechanical_Gear|PU|UOEMD|UORED,8,Diagnosis,Cond_25_4,MLP (TL),141,870,30,0.8,0.7999999999999999,0.7802197802197802,1.0,42
2_RMS_Puro,window_rms,window_rms,HUST_Gearbox,CWRU_12k|CWRU_48k|Electric_Motor|HUST|Mechanical_Gear|PU|UOEMD|UORED,8,Diagnosis,Cond_25_4,TABNET (TL),141,870,30,0.8666666666666667,0.8666666666666667,0.8611111111111112,0.9583333333333334,42
2_RMS_Puro,window_rms,window_rms,HUST_Gearbox,CWRU_12k|CWRU_48k|Electric_Motor|HUST|Mechanical_Gear|PU|UOEMD|UORED,8,Diagnosis,Cond_30_0,MLP (TL),141,870,30,1.0,1.0,1.0,1.0,42
2_RMS_Puro,window_rms,window_rms,HUST_Gearbox,CWRU_12k|CWRU_48k|Electric_Motor|HUST|Mechanical_Gear|PU|UOEMD|UORED,8,Diagnosis,Cond_30_0,TABNET (TL),141,870,30,1.0,1.0,1.0,1.0,42
2_RMS_Puro,window_rms,window_rms,HUST_Gearbox,CWRU_12k|CWRU_48k|Electric_Motor|HUST|Mechanical_Gear|PU|UOEMD|UORED,8,Diagnosis,Cond_30_1,MLP (TL),141,870,30,1.0,1.0,1.0,1.0,42
2_RMS_Puro,window_rms,window_rms,HUST_Gearbox,CWRU_12k|CWRU_48k|Electric_Motor|HUST|Mechanical_Gear|PU|UOEMD|UORED,8,Diagnosis,Cond_30_1,TABNET (TL),141,870,30,1.0,1.0,1.0,1.0,42
2_RMS_Puro,window_rms,window_rms,HUST_Gearbox,CWRU_12k|CWRU_48k|Electric_Motor|HUST|Mechanical_Gear|PU|UOEMD|UORED,8,Diagnosis,Cond_30_2,MLP (TL),141,870,30,1.0,1.0,1.0,1.0,42
2_RMS_Puro,window_rms,window_rms,HUST_Gearbox,CWRU_12k|CWRU_48k|Electric_Motor|HUST|Mechanical_Gear|PU|UOEMD|UORED,8,Diagnosis,Cond_30_2,TABNET (TL),141,870,30,1.0,1.0,1.0,1.0,42
2_RMS_Puro,window_rms,window_rms,HUST_Gearbox,CWRU_12k|CWRU_48k|Electric_Motor|HUST|Mechanical_Gear|PU|UOEMD|UORED,8,Diagnosis,Cond_30_3,MLP (TL),141,870,30,1.0,1.0,1.0,1.0,42
2_RMS_Puro,window_rms,window_rms,HUST_Gearbox,CWRU_12k|CWRU_48k|Electric_Motor|HUST|Mechanical_Gear|PU|UOEMD|UORED,8,Diagnosis,Cond_30_3,TABNET (TL),141,870,30,1.0,1.0,1.0,1.0,42
2_RMS_Puro,window_rms,window_rms,HUST_Gearbox,CWRU_12k|CWRU_48k|Electric_Motor|HUST|Mechanical_Gear|PU|UOEMD|UORED,8,Diagnosis,Cond_30_4,MLP (TL),141,870,30,1.0,1.0,1.0,1.0,42
2_RMS_Puro,window_rms,window_rms,HUST_Gearbox,CWRU_12k|CWRU_48k|Electric_Motor|HUST|Mechanical_Gear|PU|UOEMD|UORED,8,Diagnosis,Cond_30_4,TABNET (TL),141,870,30,1.0,1.0,1.0,1.0,42
2_RMS_Puro,window_rms,window_rms,HUST_Gearbox,CWRU_12k|CWRU_48k|Electric_Motor|HUST|Mechanical_Gear|PU|UOEMD|UORED,8,Diagnosis,Cond_35_0,MLP (TL),141,870,30,0.6666666666666666,0.6666666666666666,0.5555555555555555,1.0,42
2_RMS_Puro,window_rms,window_rms,HUST_Gearbox,CWRU_12k|CWRU_48k|Electric_Motor|HUST|Mechanical_Gear|PU|UOEMD|UORED,8,Diagnosis,Cond_35_0,TABNET (TL),141,870,30,0.6666666666666666,0.6666666666666666,0.5555555555555555,1.0,42
2_RMS_Puro,window_rms,window_rms,HUST_Gearbox,CWRU_12k|CWRU_48k|Electric_Motor|HUST|Mechanical_Gear|PU|UOEMD|UORED,8,Diagnosis,Cond_35_1,MLP (TL),141,870,30,1.0,1.0,1.0,1.0,42
2_RMS_Puro,window_rms,window_rms,HUST_Gearbox,CWRU_12k|CWRU_48k|Electric_Motor|HUST|Mechanical_Gear|PU|UOEMD|UORED,8,Diagnosis,Cond_35_1,TABNET (TL),141,870,30,1.0,1.0,1.0,1.0,42
2_RMS_Puro,window_rms,window_rms,HUST_Gearbox,CWRU_12k|CWRU_48k|Electric_Motor|HUST|Mechanical_Gear|PU|UOEMD|UORED,8,Diagnosis,Cond_35_2,MLP (TL),141,870,30,1.0,1.0,1.0,1.0,42
2_RMS_Puro,window_rms,window_rms,HUST_Gearbox,CWRU_12k|CWRU_48k|Electric_Motor|HUST|Mechanical_Gear|PU|UOEMD|UORED,8,Diagnosis,Cond_35_2,TABNET (TL),141,870,30,0.9666666666666667,0.9666666666666667,0.9665831244778613,1.0,42
2_RMS_Puro,window_rms,window_rms,HUST_Gearbox,CWRU_12k|CWRU_48k|Electric_Motor|HUST|Mechanical_Gear|PU|UOEMD|UORED,8,Diagnosis,Cond_35_3,MLP (TL),141,870,30,1.0,1.0,1.0,1.0,42
2_RMS_Puro,window_rms,window_rms,HUST_Gearbox,CWRU_12k|CWRU_48k|Electric_Motor|HUST|Mechanical_Gear|PU|UOEMD|UORED,8,Diagnosis,Cond_35_3,TABNET (TL),141,870,30,1.0,1.0,1.0,1.0,42
2_RMS_Puro,window_rms,window_rms,HUST_Gearbox,CWRU_12k|CWRU_48k|Electric_Motor|HUST|Mechanical_Gear|PU|UOEMD|UORED,8,Diagnosis,Cond_35_4,MLP (TL),141,870,30,0.7333333333333333,0.7333333333333334,0.667632850241546,0.9,42
2_RMS_Puro,window_rms,window_rms,HUST_Gearbox,CWRU_12k|CWRU_48k|Electric_Motor|HUST|Mechanical_Gear|PU|UOEMD|UORED,8,Diagnosis,Cond_35_4,TABNET (TL),141,870,30,0.7333333333333333,0.7333333333333334,0.667632850241546,0.7816666666666666,42
2_RMS_Puro,window_rms,window_rms,HUST_Gearbox,CWRU_12k|CWRU_48k|Electric_Motor|HUST|Mechanical_Gear|PU|UOEMD|UORED,8,Diagnosis,Cond_40_0,MLP (TL),141,870,30,0.9333333333333333,0.9333333333333332,0.9326599326599326,1.0,42
2_RMS_Puro,window_rms,window_rms,HUST_Gearbox,CWRU_12k|CWRU_48k|Electric_Motor|HUST|Mechanical_Gear|PU|UOEMD|UORED,8,Diagnosis,Cond_40_0,TABNET (TL),141,870,30,0.6666666666666666,0.6666666666666666,0.5555555555555555,0.8133333333333334,42
2_RMS_Puro,window_rms,window_rms,HUST_Gearbox,CWRU_12k|CWRU_48k|Electric_Motor|HUST|Mechanical_Gear|PU|UOEMD|UORED,8,Diagnosis,Cond_40_1,MLP (TL),141,870,30,1.0,1.0,1.0,1.0,42
2_RMS_Puro,window_rms,window_rms,HUST_Gearbox,CWRU_12k|CWRU_48k|Electric_Motor|HUST|Mechanical_Gear|PU|UOEMD|UORED,8,Diagnosis,Cond_40_1,TABNET (TL),141,870,30,1.0,1.0,1.0,1.0,42
2_RMS_Puro,window_rms,window_rms,HUST_Gearbox,CWRU_12k|CWRU_48k|Electric_Motor|HUST|Mechanical_Gear|PU|UOEMD|UORED,8,Diagnosis,Cond_40_2,MLP (TL),141,870,30,0.7333333333333333,0.7333333333333334,0.6825396825396827,1.0,42
2_RMS_Puro,window_rms,window_rms,HUST_Gearbox,CWRU_12k|CWRU_48k|Electric_Motor|HUST|Mechanical_Gear|PU|UOEMD|UORED,8,Diagnosis,Cond_40_2,TABNET (TL),141,870,30,0.7333333333333333,0.7333333333333334,0.6825396825396827,0.7533333333333333,42
2_RMS_Puro,window_rms,window_rms,HUST_Gearbox,CWRU_12k|CWRU_48k|Electric_Motor|HUST|Mechanical_Gear|PU|UOEMD|UORED,8,Diagnosis,Cond_40_3,MLP (TL),141,870,30,1.0,1.0,1.0,1.0,42
2_RMS_Puro,window_rms,window_rms,HUST_Gearbox,CWRU_12k|CWRU_48k|Electric_Motor|HUST|Mechanical_Gear|PU|UOEMD|UORED,8,Diagnosis,Cond_40_3,TABNET (TL),141,870,30,1.0,1.0,1.0,1.0,42
2_RMS_Puro,window_rms,window_rms,HUST_Gearbox,CWRU_12k|CWRU_48k|Electric_Motor|HUST|Mechanical_Gear|PU|UOEMD|UORED,8,Diagnosis,Cond_40_4,MLP (TL),141,870,30,1.0,1.0,1.0,1.0,42
2_RMS_Puro,window_rms,window_rms,HUST_Gearbox,CWRU_12k|CWRU_48k|Electric_Motor|HUST|Mechanical_Gear|PU|UOEMD|UORED,8,Diagnosis,Cond_40_4,TABNET (TL),141,870,30,1.0,1.0,1.0,1.0,42
2_RMS_Puro,window_rms,window_rms,HUST_Gearbox,CWRU_12k|CWRU_48k|Electric_Motor|HUST|Mechanical_Gear|PU|UOEMD|UORED,8,Diagnosis,Cond_L0_VS_0_40_0,MLP (TL),141,870,30,1.0,1.0,1.0,1.0,42
2_RMS_Puro,window_rms,window_rms,HUST_Gearbox,CWRU_12k|CWRU_48k|Electric_Motor|HUST|Mechanical_Gear|PU|UOEMD|UORED,8,Diagnosis,Cond_L0_VS_0_40_0,TABNET (TL),141,870,30,0.8666666666666667,0.8666666666666667,0.8611111111111112,0.9966666666666667,42
2_RMS_Puro,window_rms,window_rms,HUST_Gearbox,CWRU_12k|CWRU_48k|Electric_Motor|HUST|Mechanical_Gear|PU|UOEMD|UORED,8,Diagnosis,Cond_L1_VS_0_40_0,MLP (TL),141,870,30,1.0,1.0,1.0,1.0,42
2_RMS_Puro,window_rms,window_rms,HUST_Gearbox,CWRU_12k|CWRU_48k|Electric_Motor|HUST|Mechanical_Gear|PU|UOEMD|UORED,8,Diagnosis,Cond_L1_VS_0_40_0,TABNET (TL),141,870,30,0.9333333333333333,0.9333333333333332,0.9326599326599326,1.0,42
2_RMS_Puro,window_rms,window_rms,HUST_Gearbox,CWRU_12k|CWRU_48k|Electric_Motor|HUST|Mechanical_Gear|PU|UOEMD|UORED,8,Diagnosis,Cond_L2_VS_0_40_0,MLP (TL),141,870,30,0.9666666666666667,0.9666666666666667,0.9665831244778612,1.0,42
2_RMS_Puro,window_rms,window_rms,HUST_Gearbox,CWRU_12k|CWRU_48k|Electric_Motor|HUST|Mechanical_Gear|PU|UOEMD|UORED,8,Diagnosis,Cond_L2_VS_0_40_0,TABNET (TL),141,870,30,0.9666666666666667,0.9666666666666667,0.9665831244778612,1.0,42
2_RMS_Puro,window_rms,window_rms,HUST_Gearbox,CWRU_12k|CWRU_48k|Electric_Motor|HUST|Mechanical_Gear|PU|UOEMD|UORED,8,Diagnosis,Cond_L3_VS_0_40_0,MLP (TL),141,870,30,1.0,1.0,1.0,1.0,42
2_RMS_Puro,window_rms,window_rms,HUST_Gearbox,CWRU_12k|CWRU_48k|Electric_Motor|HUST|Mechanical_Gear|PU|UOEMD|UORED,8,Diagnosis,Cond_L3_VS_0_40_0,TABNET (TL),141,870,30,1.0,1.0,1.0,1.0,42
2_RMS_Puro,window_rms,window_rms,HUST_Gearbox,CWRU_12k|CWRU_48k|Electric_Motor|HUST|Mechanical_Gear|PU|UOEMD|UORED,8,Diagnosis,Cond_L4_VS_0_40_0,MLP (TL),141,870,30,1.0,1.0,1.0,1.0,42
2_RMS_Puro,window_rms,window_rms,HUST_Gearbox,CWRU_12k|CWRU_48k|Electric_Motor|HUST|Mechanical_Gear|PU|UOEMD|UORED,8,Diagnosis,Cond_L4_VS_0_40_0,TABNET (TL),141,870,30,1.0,1.0,1.0,1.0,42
3_ZScore_Raw,window_zscore,raw,HUST_Gearbox,CWRU_12k|CWRU_48k|Electric_Motor|HUST|Mechanical_Gear|PU|UOEMD|UORED,8,Diagnosis,Cond_20_0,MLP (TL),141,870,30,1.0,1.0,1.0,1.0,42
3_ZScore_Raw,window_zscore,raw,HUST_Gearbox,CWRU_12k|CWRU_48k|Electric_Motor|HUST|Mechanical_Gear|PU|UOEMD|UORED,8,Diagnosis,Cond_20_0,TABNET (TL),141,870,30,1.0,1.0,1.0,1.0,42
3_ZScore_Raw,window_zscore,raw,HUST_Gearbox,CWRU_12k|CWRU_48k|Electric_Motor|HUST|Mechanical_Gear|PU|UOEMD|UORED,8,Diagnosis,Cond_20_1,MLP (TL),141,870,30,1.0,1.0,1.0,1.0,42
3_ZScore_Raw,window_zscore,raw,HUST_Gearbox,CWRU_12k|CWRU_48k|Electric_Motor|HUST|Mechanical_Gear|PU|UOEMD|UORED,8,Diagnosis,Cond_20_1,TABNET (TL),141,870,30,1.0,1.0,1.0,1.0,42
3_ZScore_Raw,window_zscore,raw,HUST_Gearbox,CWRU_12k|CWRU_48k|Electric_Motor|HUST|Mechanical_Gear|PU|UOEMD|UORED,8,Diagnosis,Cond_20_2,MLP (TL),141,870,30,1.0,1.0,1.0,1.0,42
3_ZScore_Raw,window_zscore,raw,HUST_Gearbox,CWRU_12k|CWRU_48k|Electric_Motor|HUST|Mechanical_Gear|PU|UOEMD|UORED,8,Diagnosis,Cond_20_2,TABNET (TL),141,870,30,1.0,1.0,1.0,1.0,42
3_ZScore_Raw,window_zscore,raw,HUST_Gearbox,CWRU_12k|CWRU_48k|Electric_Motor|HUST|Mechanical_Gear|PU|UOEMD|UORED,8,Diagnosis,Cond_20_3,MLP (TL),141,870,30,1.0,1.0,1.0,1.0,42
3_ZScore_Raw,window_zscore,raw,HUST_Gearbox,CWRU_12k|CWRU_48k|Electric_Motor|HUST|Mechanical_Gear|PU|UOEMD|UORED,8,Diagnosis,Cond_20_3,TABNET (TL),141,870,30,0.8666666666666667,0.8666666666666667,0.8611111111111112,0.9866666666666667,42
3_ZScore_Raw,window_zscore,raw,HUST_Gearbox,CWRU_12k|CWRU_48k|Electric_Motor|HUST|Mechanical_Gear|PU|UOEMD|UORED,8,Diagnosis,Cond_20_4,MLP (TL),141,870,30,0.3333333333333333,0.3333333333333333,0.3333333333333333,0.6666666666666666,42
3_ZScore_Raw,window_zscore,raw,HUST_Gearbox,CWRU_12k|CWRU_48k|Electric_Motor|HUST|Mechanical_Gear|PU|UOEMD|UORED,8,Diagnosis,Cond_20_4,TABNET (TL),141,870,30,0.5666666666666667,0.5666666666666667,0.5061728395061729,0.625,42
3_ZScore_Raw,window_zscore,raw,HUST_Gearbox,CWRU_12k|CWRU_48k|Electric_Motor|HUST|Mechanical_Gear|PU|UOEMD|UORED,8,Diagnosis,Cond_25_0,MLP (TL),141,870,30,1.0,1.0,1.0,1.0,42
3_ZScore_Raw,window_zscore,raw,HUST_Gearbox,CWRU_12k|CWRU_48k|Electric_Motor|HUST|Mechanical_Gear|PU|UOEMD|UORED,8,Diagnosis,Cond_25_0,TABNET (TL),141,870,30,0.9666666666666667,0.9666666666666667,0.9665831244778612,1.0,42
3_ZScore_Raw,window_zscore,raw,HUST_Gearbox,CWRU_12k|CWRU_48k|Electric_Motor|HUST|Mechanical_Gear|PU|UOEMD|UORED,8,Diagnosis,Cond_25_1,MLP (TL),141,870,30,1.0,1.0,1.0,1.0,42
3_ZScore_Raw,window_zscore,raw,HUST_Gearbox,CWRU_12k|CWRU_48k|Electric_Motor|HUST|Mechanical_Gear|PU|UOEMD|UORED,8,Diagnosis,Cond_25_1,TABNET (TL),141,870,30,1.0,1.0,1.0,1.0,42
3_ZScore_Raw,window_zscore,raw,HUST_Gearbox,CWRU_12k|CWRU_48k|Electric_Motor|HUST|Mechanical_Gear|PU|UOEMD|UORED,8,Diagnosis,Cond_25_2,MLP (TL),141,870,30,0.9666666666666667,0.9666666666666667,0.9665831244778612,1.0,42
3_ZScore_Raw,window_zscore,raw,HUST_Gearbox,CWRU_12k|CWRU_48k|Electric_Motor|HUST|Mechanical_Gear|PU|UOEMD|UORED,8,Diagnosis,Cond_25_2,TABNET (TL),141,870,30,0.9666666666666667,0.9666666666666667,0.9665831244778612,1.0,42
3_ZScore_Raw,window_zscore,raw,HUST_Gearbox,CWRU_12k|CWRU_48k|Electric_Motor|HUST|Mechanical_Gear|PU|UOEMD|UORED,8,Diagnosis,Cond_25_3,MLP (TL),141,870,30,1.0,1.0,1.0,1.0,42
3_ZScore_Raw,window_zscore,raw,HUST_Gearbox,CWRU_12k|CWRU_48k|Electric_Motor|HUST|Mechanical_Gear|PU|UOEMD|UORED,8,Diagnosis,Cond_25_3,TABNET (TL),141,870,30,1.0,1.0,1.0,1.0,42
3_ZScore_Raw,window_zscore,raw,HUST_Gearbox,CWRU_12k|CWRU_48k|Electric_Motor|HUST|Mechanical_Gear|PU|UOEMD|UORED,8,Diagnosis,Cond_25_4,MLP (TL),141,870,30,0.6666666666666666,0.6666666666666666,0.5555555555555555,0.9983333333333334,42
3_ZScore_Raw,window_zscore,raw,HUST_Gearbox,CWRU_12k|CWRU_48k|Electric_Motor|HUST|Mechanical_Gear|PU|UOEMD|UORED,8,Diagnosis,Cond_25_4,TABNET (TL),141,870,30,0.6666666666666666,0.6666666666666666,0.5555555555555555,0.9866666666666667,42
3_ZScore_Raw,window_zscore,raw,HUST_Gearbox,CWRU_12k|CWRU_48k|Electric_Motor|HUST|Mechanical_Gear|PU|UOEMD|UORED,8,Diagnosis,Cond_30_0,MLP (TL),141,870,30,1.0,1.0,1.0,1.0,42
3_ZScore_Raw,window_zscore,raw,HUST_Gearbox,CWRU_12k|CWRU_48k|Electric_Motor|HUST|Mechanical_Gear|PU|UOEMD|UORED,8,Diagnosis,Cond_30_0,TABNET (TL),141,870,30,1.0,1.0,1.0,1.0,42
3_ZScore_Raw,window_zscore,raw,HUST_Gearbox,CWRU_12k|CWRU_48k|Electric_Motor|HUST|Mechanical_Gear|PU|UOEMD|UORED,8,Diagnosis,Cond_30_1,MLP (TL),141,870,30,1.0,1.0,1.0,1.0,42
3_ZScore_Raw,window_zscore,raw,HUST_Gearbox,CWRU_12k|CWRU_48k|Electric_Motor|HUST|Mechanical_Gear|PU|UOEMD|UORED,8,Diagnosis,Cond_30_1,TABNET (TL),141,870,30,1.0,1.0,1.0,1.0,42
3_ZScore_Raw,window_zscore,raw,HUST_Gearbox,CWRU_12k|CWRU_48k|Electric_Motor|HUST|Mechanical_Gear|PU|UOEMD|UORED,8,Diagnosis,Cond_30_2,MLP (TL),141,870,30,1.0,1.0,1.0,1.0,42
3_ZScore_Raw,window_zscore,raw,HUST_Gearbox,CWRU_12k|CWRU_48k|Electric_Motor|HUST|Mechanical_Gear|PU|UOEMD|UORED,8,Diagnosis,Cond_30_2,TABNET (TL),141,870,30,1.0,1.0,1.0,1.0,42
3_ZScore_Raw,window_zscore,raw,HUST_Gearbox,CWRU_12k|CWRU_48k|Electric_Motor|HUST|Mechanical_Gear|PU|UOEMD|UORED,8,Diagnosis,Cond_30_3,MLP (TL),141,870,30,1.0,1.0,1.0,1.0,42
3_ZScore_Raw,window_zscore,raw,HUST_Gearbox,CWRU_12k|CWRU_48k|Electric_Motor|HUST|Mechanical_Gear|PU|UOEMD|UORED,8,Diagnosis,Cond_30_3,TABNET (TL),141,870,30,1.0,1.0,1.0,1.0,42
3_ZScore_Raw,window_zscore,raw,HUST_Gearbox,CWRU_12k|CWRU_48k|Electric_Motor|HUST|Mechanical_Gear|PU|UOEMD|UORED,8,Diagnosis,Cond_30_4,MLP (TL),141,870,30,1.0,1.0,1.0,1.0,42
3_ZScore_Raw,window_zscore,raw,HUST_Gearbox,CWRU_12k|CWRU_48k|Electric_Motor|HUST|Mechanical_Gear|PU|UOEMD|UORED,8,Diagnosis,Cond_30_4,TABNET (TL),141,870,30,1.0,1.0,1.0,1.0,42
3_ZScore_Raw,window_zscore,raw,HUST_Gearbox,CWRU_12k|CWRU_48k|Electric_Motor|HUST|Mechanical_Gear|PU|UOEMD|UORED,8,Diagnosis,Cond_35_0,MLP (TL),141,870,30,1.0,1.0,1.0,1.0,42
3_ZScore_Raw,window_zscore,raw,HUST_Gearbox,CWRU_12k|CWRU_48k|Electric_Motor|HUST|Mechanical_Gear|PU|UOEMD|UORED,8,Diagnosis,Cond_35_0,TABNET (TL),141,870,30,1.0,1.0,1.0,1.0,42
3_ZScore_Raw,window_zscore,raw,HUST_Gearbox,CWRU_12k|CWRU_48k|Electric_Motor|HUST|Mechanical_Gear|PU|UOEMD|UORED,8,Diagnosis,Cond_35_1,MLP (TL),141,870,30,1.0,1.0,1.0,1.0,42
3_ZScore_Raw,window_zscore,raw,HUST_Gearbox,CWRU_12k|CWRU_48k|Electric_Motor|HUST|Mechanical_Gear|PU|UOEMD|UORED,8,Diagnosis,Cond_35_1,TABNET (TL),141,870,30,1.0,1.0,1.0,1.0,42
3_ZScore_Raw,window_zscore,raw,HUST_Gearbox,CWRU_12k|CWRU_48k|Electric_Motor|HUST|Mechanical_Gear|PU|UOEMD|UORED,8,Diagnosis,Cond_35_2,MLP (TL),141,870,30,1.0,1.0,1.0,1.0,42
3_ZScore_Raw,window_zscore,raw,HUST_Gearbox,CWRU_12k|CWRU_48k|Electric_Motor|HUST|Mechanical_Gear|PU|UOEMD|UORED,8,Diagnosis,Cond_35_2,TABNET (TL),141,870,30,1.0,1.0,1.0,1.0,42
3_ZScore_Raw,window_zscore,raw,HUST_Gearbox,CWRU_12k|CWRU_48k|Electric_Motor|HUST|Mechanical_Gear|PU|UOEMD|UORED,8,Diagnosis,Cond_35_3,MLP (TL),141,870,30,1.0,1.0,1.0,1.0,42
3_ZScore_Raw,window_zscore,raw,HUST_Gearbox,CWRU_12k|CWRU_48k|Electric_Motor|HUST|Mechanical_Gear|PU|UOEMD|UORED,8,Diagnosis,Cond_35_3,TABNET (TL),141,870,30,1.0,1.0,1.0,1.0,42
3_ZScore_Raw,window_zscore,raw,HUST_Gearbox,CWRU_12k|CWRU_48k|Electric_Motor|HUST|Mechanical_Gear|PU|UOEMD|UORED,8,Diagnosis,Cond_35_4,MLP (TL),141,870,30,0.8666666666666667,0.8666666666666667,0.8611111111111112,0.9133333333333334,42
3_ZScore_Raw,window_zscore,raw,HUST_Gearbox,CWRU_12k|CWRU_48k|Electric_Motor|HUST|Mechanical_Gear|PU|UOEMD|UORED,8,Diagnosis,Cond_35_4,TABNET (TL),141,870,30,0.9333333333333333,0.9333333333333332,0.9326599326599326,0.9666666666666667,42
3_ZScore_Raw,window_zscore,raw,HUST_Gearbox,CWRU_12k|CWRU_48k|Electric_Motor|HUST|Mechanical_Gear|PU|UOEMD|UORED,8,Diagnosis,Cond_40_0,MLP (TL),141,870,30,1.0,1.0,1.0,1.0,42
3_ZScore_Raw,window_zscore,raw,HUST_Gearbox,CWRU_12k|CWRU_48k|Electric_Motor|HUST|Mechanical_Gear|PU|UOEMD|UORED,8,Diagnosis,Cond_40_0,TABNET (TL),141,870,30,1.0,1.0,1.0,1.0,42
3_ZScore_Raw,window_zscore,raw,HUST_Gearbox,CWRU_12k|CWRU_48k|Electric_Motor|HUST|Mechanical_Gear|PU|UOEMD|UORED,8,Diagnosis,Cond_40_1,MLP (TL),141,870,30,1.0,1.0,1.0,1.0,42
3_ZScore_Raw,window_zscore,raw,HUST_Gearbox,CWRU_12k|CWRU_48k|Electric_Motor|HUST|Mechanical_Gear|PU|UOEMD|UORED,8,Diagnosis,Cond_40_1,TABNET (TL),141,870,30,1.0,1.0,1.0,1.0,42
3_ZScore_Raw,window_zscore,raw,HUST_Gearbox,CWRU_12k|CWRU_48k|Electric_Motor|HUST|Mechanical_Gear|PU|UOEMD|UORED,8,Diagnosis,Cond_40_2,MLP (TL),141,870,30,1.0,1.0,1.0,1.0,42
3_ZScore_Raw,window_zscore,raw,HUST_Gearbox,CWRU_12k|CWRU_48k|Electric_Motor|HUST|Mechanical_Gear|PU|UOEMD|UORED,8,Diagnosis,Cond_40_2,TABNET (TL),141,870,30,0.7666666666666667,0.7666666666666666,0.7340930674264007,1.0,42
3_ZScore_Raw,window_zscore,raw,HUST_Gearbox,CWRU_12k|CWRU_48k|Electric_Motor|HUST|Mechanical_Gear|PU|UOEMD|UORED,8,Diagnosis,Cond_40_3,MLP (TL),141,870,30,1.0,1.0,1.0,1.0,42
3_ZScore_Raw,window_zscore,raw,HUST_Gearbox,CWRU_12k|CWRU_48k|Electric_Motor|HUST|Mechanical_Gear|PU|UOEMD|UORED,8,Diagnosis,Cond_40_3,TABNET (TL),141,870,30,1.0,1.0,1.0,1.0,42
3_ZScore_Raw,window_zscore,raw,HUST_Gearbox,CWRU_12k|CWRU_48k|Electric_Motor|HUST|Mechanical_Gear|PU|UOEMD|UORED,8,Diagnosis,Cond_40_4,MLP (TL),141,870,30,1.0,1.0,1.0,1.0,42
3_ZScore_Raw,window_zscore,raw,HUST_Gearbox,CWRU_12k|CWRU_48k|Electric_Motor|HUST|Mechanical_Gear|PU|UOEMD|UORED,8,Diagnosis,Cond_40_4,TABNET (TL),141,870,30,1.0,1.0,1.0,1.0,42
3_ZScore_Raw,window_zscore,raw,HUST_Gearbox,CWRU_12k|CWRU_48k|Electric_Motor|HUST|Mechanical_Gear|PU|UOEMD|UORED,8,Diagnosis,Cond_L0_VS_0_40_0,MLP (TL),141,870,30,0.9333333333333333,0.9333333333333332,0.9326599326599326,1.0,42
3_ZScore_Raw,window_zscore,raw,HUST_Gearbox,CWRU_12k|CWRU_48k|Electric_Motor|HUST|Mechanical_Gear|PU|UOEMD|UORED,8,Diagnosis,Cond_L0_VS_0_40_0,TABNET (TL),141,870,30,0.9,0.9,0.8976982097186701,0.9416666666666668,42
3_ZScore_Raw,window_zscore,raw,HUST_Gearbox,CWRU_12k|CWRU_48k|Electric_Motor|HUST|Mechanical_Gear|PU|UOEMD|UORED,8,Diagnosis,Cond_L1_VS_0_40_0,MLP (TL),141,870,30,1.0,1.0,1.0,1.0,42
3_ZScore_Raw,window_zscore,raw,HUST_Gearbox,CWRU_12k|CWRU_48k|Electric_Motor|HUST|Mechanical_Gear|PU|UOEMD|UORED,8,Diagnosis,Cond_L1_VS_0_40_0,TABNET (TL),141,870,30,0.9,0.9,0.8976982097186701,0.9899999999999999,42
3_ZScore_Raw,window_zscore,raw,HUST_Gearbox,CWRU_12k|CWRU_48k|Electric_Motor|HUST|Mechanical_Gear|PU|UOEMD|UORED,8,Diagnosis,Cond_L2_VS_0_40_0,MLP (TL),141,870,30,1.0,1.0,1.0,1.0,42
3_ZScore_Raw,window_zscore,raw,HUST_Gearbox,CWRU_12k|CWRU_48k|Electric_Motor|HUST|Mechanical_Gear|PU|UOEMD|UORED,8,Diagnosis,Cond_L2_VS_0_40_0,TABNET (TL),141,870,30,1.0,1.0,1.0,1.0,42
3_ZScore_Raw,window_zscore,raw,HUST_Gearbox,CWRU_12k|CWRU_48k|Electric_Motor|HUST|Mechanical_Gear|PU|UOEMD|UORED,8,Diagnosis,Cond_L3_VS_0_40_0,MLP (TL),141,870,30,1.0,1.0,1.0,1.0,42
3_ZScore_Raw,window_zscore,raw,HUST_Gearbox,CWRU_12k|CWRU_48k|Electric_Motor|HUST|Mechanical_Gear|PU|UOEMD|UORED,8,Diagnosis,Cond_L3_VS_0_40_0,TABNET (TL),141,870,30,0.9,0.9,0.899749373433584,0.98,42
3_ZScore_Raw,window_zscore,raw,HUST_Gearbox,CWRU_12k|CWRU_48k|Electric_Motor|HUST|Mechanical_Gear|PU|UOEMD|UORED,8,Diagnosis,Cond_L4_VS_0_40_0,MLP (TL),141,870,30,1.0,1.0,1.0,1.0,42
3_ZScore_Raw,window_zscore,raw,HUST_Gearbox,CWRU_12k|CWRU_48k|Electric_Motor|HUST|Mechanical_Gear|PU|UOEMD|UORED,8,Diagnosis,Cond_L4_VS_0_40_0,TABNET (TL),141,870,30,1.0,1.0,1.0,1.0,42
4_RMS_Raw,window_rms,raw,HUST_Gearbox,CWRU_12k|CWRU_48k|Electric_Motor|HUST|Mechanical_Gear|PU|UOEMD|UORED,8,Diagnosis,Cond_20_0,MLP (TL),141,870,30,1.0,1.0,1.0,1.0,42
4_RMS_Raw,window_rms,raw,HUST_Gearbox,CWRU_12k|CWRU_48k|Electric_Motor|HUST|Mechanical_Gear|PU|UOEMD|UORED,8,Diagnosis,Cond_20_0,TABNET (TL),141,870,30,1.0,1.0,1.0,1.0,42
4_RMS_Raw,window_rms,raw,HUST_Gearbox,CWRU_12k|CWRU_48k|Electric_Motor|HUST|Mechanical_Gear|PU|UOEMD|UORED,8,Diagnosis,Cond_20_1,MLP (TL),141,870,30,1.0,1.0,1.0,1.0,42
4_RMS_Raw,window_rms,raw,HUST_Gearbox,CWRU_12k|CWRU_48k|Electric_Motor|HUST|Mechanical_Gear|PU|UOEMD|UORED,8,Diagnosis,Cond_20_1,TABNET (TL),141,870,30,1.0,1.0,1.0,1.0,42
4_RMS_Raw,window_rms,raw,HUST_Gearbox,CWRU_12k|CWRU_48k|Electric_Motor|HUST|Mechanical_Gear|PU|UOEMD|UORED,8,Diagnosis,Cond_20_2,MLP (TL),141,870,30,1.0,1.0,1.0,1.0,42
4_RMS_Raw,window_rms,raw,HUST_Gearbox,CWRU_12k|CWRU_48k|Electric_Motor|HUST|Mechanical_Gear|PU|UOEMD|UORED,8,Diagnosis,Cond_20_2,TABNET (TL),141,870,30,1.0,1.0,1.0,1.0,42
4_RMS_Raw,window_rms,raw,HUST_Gearbox,CWRU_12k|CWRU_48k|Electric_Motor|HUST|Mechanical_Gear|PU|UOEMD|UORED,8,Diagnosis,Cond_20_3,MLP (TL),141,870,30,1.0,1.0,1.0,1.0,42
4_RMS_Raw,window_rms,raw,HUST_Gearbox,CWRU_12k|CWRU_48k|Electric_Motor|HUST|Mechanical_Gear|PU|UOEMD|UORED,8,Diagnosis,Cond_20_3,TABNET (TL),141,870,30,0.8666666666666667,0.8666666666666667,0.8611111111111112,0.9866666666666667,42
4_RMS_Raw,window_rms,raw,HUST_Gearbox,CWRU_12k|CWRU_48k|Electric_Motor|HUST|Mechanical_Gear|PU|UOEMD|UORED,8,Diagnosis,Cond_20_4,MLP (TL),141,870,30,0.3333333333333333,0.3333333333333333,0.3333333333333333,0.6666666666666666,42
4_RMS_Raw,window_rms,raw,HUST_Gearbox,CWRU_12k|CWRU_48k|Electric_Motor|HUST|Mechanical_Gear|PU|UOEMD|UORED,8,Diagnosis,Cond_20_4,TABNET (TL),141,870,30,0.5666666666666667,0.5666666666666667,0.5061728395061729,0.625,42
4_RMS_Raw,window_rms,raw,HUST_Gearbox,CWRU_12k|CWRU_48k|Electric_Motor|HUST|Mechanical_Gear|PU|UOEMD|UORED,8,Diagnosis,Cond_25_0,MLP (TL),141,870,30,1.0,1.0,1.0,1.0,42
4_RMS_Raw,window_rms,raw,HUST_Gearbox,CWRU_12k|CWRU_48k|Electric_Motor|HUST|Mechanical_Gear|PU|UOEMD|UORED,8,Diagnosis,Cond_25_0,TABNET (TL),141,870,30,0.9666666666666667,0.9666666666666667,0.9665831244778612,1.0,42
4_RMS_Raw,window_rms,raw,HUST_Gearbox,CWRU_12k|CWRU_48k|Electric_Motor|HUST|Mechanical_Gear|PU|UOEMD|UORED,8,Diagnosis,Cond_25_1,MLP (TL),141,870,30,1.0,1.0,1.0,1.0,42
4_RMS_Raw,window_rms,raw,HUST_Gearbox,CWRU_12k|CWRU_48k|Electric_Motor|HUST|Mechanical_Gear|PU|UOEMD|UORED,8,Diagnosis,Cond_25_1,TABNET (TL),141,870,30,1.0,1.0,1.0,1.0,42
4_RMS_Raw,window_rms,raw,HUST_Gearbox,CWRU_12k|CWRU_48k|Electric_Motor|HUST|Mechanical_Gear|PU|UOEMD|UORED,8,Diagnosis,Cond_25_2,MLP (TL),141,870,30,1.0,1.0,1.0,1.0,42
4_RMS_Raw,window_rms,raw,HUST_Gearbox,CWRU_12k|CWRU_48k|Electric_Motor|HUST|Mechanical_Gear|PU|UOEMD|UORED,8,Diagnosis,Cond_25_2,TABNET (TL),141,870,30,0.9666666666666667,0.9666666666666667,0.9665831244778612,1.0,42
4_RMS_Raw,window_rms,raw,HUST_Gearbox,CWRU_12k|CWRU_48k|Electric_Motor|HUST|Mechanical_Gear|PU|UOEMD|UORED,8,Diagnosis,Cond_25_3,MLP (TL),141,870,30,1.0,1.0,1.0,1.0,42
4_RMS_Raw,window_rms,raw,HUST_Gearbox,CWRU_12k|CWRU_48k|Electric_Motor|HUST|Mechanical_Gear|PU|UOEMD|UORED,8,Diagnosis,Cond_25_3,TABNET (TL),141,870,30,1.0,1.0,1.0,1.0,42
4_RMS_Raw,window_rms,raw,HUST_Gearbox,CWRU_12k|CWRU_48k|Electric_Motor|HUST|Mechanical_Gear|PU|UOEMD|UORED,8,Diagnosis,Cond_25_4,MLP (TL),141,870,30,0.6666666666666666,0.6666666666666666,0.5555555555555555,0.9883333333333333,42
4_RMS_Raw,window_rms,raw,HUST_Gearbox,CWRU_12k|CWRU_48k|Electric_Motor|HUST|Mechanical_Gear|PU|UOEMD|UORED,8,Diagnosis,Cond_25_4,TABNET (TL),141,870,30,0.6666666666666666,0.6666666666666666,0.5555555555555555,0.9866666666666667,42
4_RMS_Raw,window_rms,raw,HUST_Gearbox,CWRU_12k|CWRU_48k|Electric_Motor|HUST|Mechanical_Gear|PU|UOEMD|UORED,8,Diagnosis,Cond_30_0,MLP (TL),141,870,30,1.0,1.0,1.0,1.0,42
4_RMS_Raw,window_rms,raw,HUST_Gearbox,CWRU_12k|CWRU_48k|Electric_Motor|HUST|Mechanical_Gear|PU|UOEMD|UORED,8,Diagnosis,Cond_30_0,TABNET (TL),141,870,30,1.0,1.0,1.0,1.0,42
4_RMS_Raw,window_rms,raw,HUST_Gearbox,CWRU_12k|CWRU_48k|Electric_Motor|HUST|Mechanical_Gear|PU|UOEMD|UORED,8,Diagnosis,Cond_30_1,MLP (TL),141,870,30,1.0,1.0,1.0,1.0,42
4_RMS_Raw,window_rms,raw,HUST_Gearbox,CWRU_12k|CWRU_48k|Electric_Motor|HUST|Mechanical_Gear|PU|UOEMD|UORED,8,Diagnosis,Cond_30_1,TABNET (TL),141,870,30,1.0,1.0,1.0,1.0,42
4_RMS_Raw,window_rms,raw,HUST_Gearbox,CWRU_12k|CWRU_48k|Electric_Motor|HUST|Mechanical_Gear|PU|UOEMD|UORED,8,Diagnosis,Cond_30_2,MLP (TL),141,870,30,1.0,1.0,1.0,1.0,42
4_RMS_Raw,window_rms,raw,HUST_Gearbox,CWRU_12k|CWRU_48k|Electric_Motor|HUST|Mechanical_Gear|PU|UOEMD|UORED,8,Diagnosis,Cond_30_2,TABNET (TL),141,870,30,1.0,1.0,1.0,1.0,42
4_RMS_Raw,window_rms,raw,HUST_Gearbox,CWRU_12k|CWRU_48k|Electric_Motor|HUST|Mechanical_Gear|PU|UOEMD|UORED,8,Diagnosis,Cond_30_3,MLP (TL),141,870,30,1.0,1.0,1.0,1.0,42
4_RMS_Raw,window_rms,raw,HUST_Gearbox,CWRU_12k|CWRU_48k|Electric_Motor|HUST|Mechanical_Gear|PU|UOEMD|UORED,8,Diagnosis,Cond_30_3,TABNET (TL),141,870,30,1.0,1.0,1.0,1.0,42
4_RMS_Raw,window_rms,raw,HUST_Gearbox,CWRU_12k|CWRU_48k|Electric_Motor|HUST|Mechanical_Gear|PU|UOEMD|UORED,8,Diagnosis,Cond_30_4,MLP (TL),141,870,30,1.0,1.0,1.0,1.0,42
4_RMS_Raw,window_rms,raw,HUST_Gearbox,CWRU_12k|CWRU_48k|Electric_Motor|HUST|Mechanical_Gear|PU|UOEMD|UORED,8,Diagnosis,Cond_30_4,TABNET (TL),141,870,30,1.0,1.0,1.0,1.0,42
4_RMS_Raw,window_rms,raw,HUST_Gearbox,CWRU_12k|CWRU_48k|Electric_Motor|HUST|Mechanical_Gear|PU|UOEMD|UORED,8,Diagnosis,Cond_35_0,MLP (TL),141,870,30,1.0,1.0,1.0,1.0,42
4_RMS_Raw,window_rms,raw,HUST_Gearbox,CWRU_12k|CWRU_48k|Electric_Motor|HUST|Mechanical_Gear|PU|UOEMD|UORED,8,Diagnosis,Cond_35_0,TABNET (TL),141,870,30,1.0,1.0,1.0,1.0,42
4_RMS_Raw,window_rms,raw,HUST_Gearbox,CWRU_12k|CWRU_48k|Electric_Motor|HUST|Mechanical_Gear|PU|UOEMD|UORED,8,Diagnosis,Cond_35_1,MLP (TL),141,870,30,1.0,1.0,1.0,1.0,42
4_RMS_Raw,window_rms,raw,HUST_Gearbox,CWRU_12k|CWRU_48k|Electric_Motor|HUST|Mechanical_Gear|PU|UOEMD|UORED,8,Diagnosis,Cond_35_1,TABNET (TL),141,870,30,1.0,1.0,1.0,1.0,42
4_RMS_Raw,window_rms,raw,HUST_Gearbox,CWRU_12k|CWRU_48k|Electric_Motor|HUST|Mechanical_Gear|PU|UOEMD|UORED,8,Diagnosis,Cond_35_2,MLP (TL),141,870,30,1.0,1.0,1.0,1.0,42
4_RMS_Raw,window_rms,raw,HUST_Gearbox,CWRU_12k|CWRU_48k|Electric_Motor|HUST|Mechanical_Gear|PU|UOEMD|UORED,8,Diagnosis,Cond_35_2,TABNET (TL),141,870,30,1.0,1.0,1.0,1.0,42
4_RMS_Raw,window_rms,raw,HUST_Gearbox,CWRU_12k|CWRU_48k|Electric_Motor|HUST|Mechanical_Gear|PU|UOEMD|UORED,8,Diagnosis,Cond_35_3,MLP (TL),141,870,30,1.0,1.0,1.0,1.0,42
4_RMS_Raw,window_rms,raw,HUST_Gearbox,CWRU_12k|CWRU_48k|Electric_Motor|HUST|Mechanical_Gear|PU|UOEMD|UORED,8,Diagnosis,Cond_35_3,TABNET (TL),141,870,30,1.0,1.0,1.0,1.0,42
4_RMS_Raw,window_rms,raw,HUST_Gearbox,CWRU_12k|CWRU_48k|Electric_Motor|HUST|Mechanical_Gear|PU|UOEMD|UORED,8,Diagnosis,Cond_35_4,MLP (TL),141,870,30,0.8666666666666667,0.8666666666666667,0.8611111111111112,0.9333333333333332,42
4_RMS_Raw,window_rms,raw,HUST_Gearbox,CWRU_12k|CWRU_48k|Electric_Motor|HUST|Mechanical_Gear|PU|UOEMD|UORED,8,Diagnosis,Cond_35_4,TABNET (TL),141,870,30,0.9333333333333333,0.9333333333333332,0.9326599326599326,0.9666666666666667,42
4_RMS_Raw,window_rms,raw,HUST_Gearbox,CWRU_12k|CWRU_48k|Electric_Motor|HUST|Mechanical_Gear|PU|UOEMD|UORED,8,Diagnosis,Cond_40_0,MLP (TL),141,870,30,1.0,1.0,1.0,1.0,42
4_RMS_Raw,window_rms,raw,HUST_Gearbox,CWRU_12k|CWRU_48k|Electric_Motor|HUST|Mechanical_Gear|PU|UOEMD|UORED,8,Diagnosis,Cond_40_0,TABNET (TL),141,870,30,1.0,1.0,1.0,1.0,42
4_RMS_Raw,window_rms,raw,HUST_Gearbox,CWRU_12k|CWRU_48k|Electric_Motor|HUST|Mechanical_Gear|PU|UOEMD|UORED,8,Diagnosis,Cond_40_1,MLP (TL),141,870,30,1.0,1.0,1.0,1.0,42
4_RMS_Raw,window_rms,raw,HUST_Gearbox,CWRU_12k|CWRU_48k|Electric_Motor|HUST|Mechanical_Gear|PU|UOEMD|UORED,8,Diagnosis,Cond_40_1,TABNET (TL),141,870,30,1.0,1.0,1.0,1.0,42
4_RMS_Raw,window_rms,raw,HUST_Gearbox,CWRU_12k|CWRU_48k|Electric_Motor|HUST|Mechanical_Gear|PU|UOEMD|UORED,8,Diagnosis,Cond_40_2,MLP (TL),141,870,30,1.0,1.0,1.0,1.0,42
4_RMS_Raw,window_rms,raw,HUST_Gearbox,CWRU_12k|CWRU_48k|Electric_Motor|HUST|Mechanical_Gear|PU|UOEMD|UORED,8,Diagnosis,Cond_40_2,TABNET (TL),141,870,30,0.7666666666666667,0.7666666666666666,0.7340930674264007,1.0,42
4_RMS_Raw,window_rms,raw,HUST_Gearbox,CWRU_12k|CWRU_48k|Electric_Motor|HUST|Mechanical_Gear|PU|UOEMD|UORED,8,Diagnosis,Cond_40_3,MLP (TL),141,870,30,1.0,1.0,1.0,1.0,42
4_RMS_Raw,window_rms,raw,HUST_Gearbox,CWRU_12k|CWRU_48k|Electric_Motor|HUST|Mechanical_Gear|PU|UOEMD|UORED,8,Diagnosis,Cond_40_3,TABNET (TL),141,870,30,1.0,1.0,1.0,1.0,42
4_RMS_Raw,window_rms,raw,HUST_Gearbox,CWRU_12k|CWRU_48k|Electric_Motor|HUST|Mechanical_Gear|PU|UOEMD|UORED,8,Diagnosis,Cond_40_4,MLP (TL),141,870,30,1.0,1.0,1.0,1.0,42
4_RMS_Raw,window_rms,raw,HUST_Gearbox,CWRU_12k|CWRU_48k|Electric_Motor|HUST|Mechanical_Gear|PU|UOEMD|UORED,8,Diagnosis,Cond_40_4,TABNET (TL),141,870,30,1.0,1.0,1.0,1.0,42
4_RMS_Raw,window_rms,raw,HUST_Gearbox,CWRU_12k|CWRU_48k|Electric_Motor|HUST|Mechanical_Gear|PU|UOEMD|UORED,8,Diagnosis,Cond_L0_VS_0_40_0,MLP (TL),141,870,30,0.8666666666666667,0.8666666666666667,0.8611111111111112,1.0,42
4_RMS_Raw,window_rms,raw,HUST_Gearbox,CWRU_12k|CWRU_48k|Electric_Motor|HUST|Mechanical_Gear|PU|UOEMD|UORED,8,Diagnosis,Cond_L0_VS_0_40_0,TABNET (TL),141,870,30,0.9,0.9,0.8976982097186701,0.9416666666666668,42
4_RMS_Raw,window_rms,raw,HUST_Gearbox,CWRU_12k|CWRU_48k|Electric_Motor|HUST|Mechanical_Gear|PU|UOEMD|UORED,8,Diagnosis,Cond_L1_VS_0_40_0,MLP (TL),141,870,30,1.0,1.0,1.0,1.0,42
4_RMS_Raw,window_rms,raw,HUST_Gearbox,CWRU_12k|CWRU_48k|Electric_Motor|HUST|Mechanical_Gear|PU|UOEMD|UORED,8,Diagnosis,Cond_L1_VS_0_40_0,TABNET (TL),141,870,30,0.9,0.9,0.8976982097186701,0.9899999999999999,42
4_RMS_Raw,window_rms,raw,HUST_Gearbox,CWRU_12k|CWRU_48k|Electric_Motor|HUST|Mechanical_Gear|PU|UOEMD|UORED,8,Diagnosis,Cond_L2_VS_0_40_0,MLP (TL),141,870,30,1.0,1.0,1.0,1.0,42
4_RMS_Raw,window_rms,raw,HUST_Gearbox,CWRU_12k|CWRU_48k|Electric_Motor|HUST|Mechanical_Gear|PU|UOEMD|UORED,8,Diagnosis,Cond_L2_VS_0_40_0,TABNET (TL),141,870,30,1.0,1.0,1.0,1.0,42
4_RMS_Raw,window_rms,raw,HUST_Gearbox,CWRU_12k|CWRU_48k|Electric_Motor|HUST|Mechanical_Gear|PU|UOEMD|UORED,8,Diagnosis,Cond_L3_VS_0_40_0,MLP (TL),141,870,30,1.0,1.0,1.0,1.0,42
4_RMS_Raw,window_rms,raw,HUST_Gearbox,CWRU_12k|CWRU_48k|Electric_Motor|HUST|Mechanical_Gear|PU|UOEMD|UORED,8,Diagnosis,Cond_L3_VS_0_40_0,TABNET (TL),141,870,30,0.9,0.9,0.899749373433584,0.98,42
4_RMS_Raw,window_rms,raw,HUST_Gearbox,CWRU_12k|CWRU_48k|Electric_Motor|HUST|Mechanical_Gear|PU|UOEMD|UORED,8,Diagnosis,Cond_L4_VS_0_40_0,MLP (TL),141,870,30,1.0,1.0,1.0,1.0,42
4_RMS_Raw,window_rms,raw,HUST_Gearbox,CWRU_12k|CWRU_48k|Electric_Motor|HUST|Mechanical_Gear|PU|UOEMD|UORED,8,Diagnosis,Cond_L4_VS_0_40_0,TABNET (TL),141,870,30,1.0,1.0,1.0,1.0,42
0_Baseline,raw,raw,CWRU_48k,CWRU_12k|Electric_Motor|HUST|HUST_Gearbox|Mechanical_Gear|PU|UOEMD|UORED,8,Diagnosis,Load_0HP_Sev_0.007,MLP (TL),141,572,30,0.5666666666666667,0.5666666666666667,0.4626945786366076,0.8883333333333333,42
0_Baseline,raw,raw,CWRU_48k,CWRU_12k|Electric_Motor|HUST|HUST_Gearbox|Mechanical_Gear|PU|UOEMD|UORED,8,Diagnosis,Load_0HP_Sev_0.007,TABNET (TL),141,572,30,0.8333333333333334,0.8333333333333334,0.8222222222222223,0.9216666666666665,42
0_Baseline,raw,raw,CWRU_48k,CWRU_12k|Electric_Motor|HUST|HUST_Gearbox|Mechanical_Gear|PU|UOEMD|UORED,8,Diagnosis,Load_0HP_Sev_0.014,MLP (TL),141,582,20,0.9,0.9,0.898989898989899,0.0,42
0_Baseline,raw,raw,CWRU_48k,CWRU_12k|Electric_Motor|HUST|HUST_Gearbox|Mechanical_Gear|PU|UOEMD|UORED,8,Diagnosis,Load_0HP_Sev_0.014,TABNET (TL),141,582,20,0.8,0.8,0.562962962962963,0.0,42
0_Baseline,raw,raw,CWRU_48k,CWRU_12k|Electric_Motor|HUST|HUST_Gearbox|Mechanical_Gear|PU|UOEMD|UORED,8,Diagnosis,Load_0HP_Sev_0.021,MLP (TL),141,584,18,0.8888888888888888,0.9333333333333332,0.8962962962962964,1.0,42
0_Baseline,raw,raw,CWRU_48k,CWRU_12k|Electric_Motor|HUST|HUST_Gearbox|Mechanical_Gear|PU|UOEMD|UORED,8,Diagnosis,Load_0HP_Sev_0.021,TABNET (TL),141,584,18,0.7222222222222222,0.6833333333333332,0.6825396825396824,0.9249999999999999,42
0_Baseline,raw,raw,CWRU_48k,CWRU_12k|Electric_Motor|HUST|HUST_Gearbox|Mechanical_Gear|PU|UOEMD|UORED,8,Diagnosis,Load_1HP_Sev_0.007,MLP (TL),141,542,60,0.9666666666666667,0.9666666666666667,0.9665831244778613,1.0,42
0_Baseline,raw,raw,CWRU_48k,CWRU_12k|Electric_Motor|HUST|HUST_Gearbox|Mechanical_Gear|PU|UOEMD|UORED,8,Diagnosis,Load_1HP_Sev_0.007,TABNET (TL),141,542,60,0.7833333333333333,0.7833333333333333,0.7764882871265849,0.9504166666666668,42
0_Baseline,raw,raw,CWRU_48k,CWRU_12k|Electric_Motor|HUST|HUST_Gearbox|Mechanical_Gear|PU|UOEMD|UORED,8,Diagnosis,Load_1HP_Sev_0.014,MLP (TL),141,548,54,0.8333333333333334,0.7999999999999999,0.8064110830068277,0.9553921568627451,42
0_Baseline,raw,raw,CWRU_48k,CWRU_12k|Electric_Motor|HUST|HUST_Gearbox|Mechanical_Gear|PU|UOEMD|UORED,8,Diagnosis,Load_1HP_Sev_0.014,TABNET (TL),141,548,54,0.8148148148148148,0.7833333333333333,0.7885544407283538,0.9106442577030812,42
0_Baseline,raw,raw,CWRU_48k,CWRU_12k|Electric_Motor|HUST|HUST_Gearbox|Mechanical_Gear|PU|UOEMD|UORED,8,Diagnosis,Load_1HP_Sev_0.021,MLP (TL),141,542,60,1.0,1.0,1.0,1.0,42
0_Baseline,raw,raw,CWRU_48k,CWRU_12k|Electric_Motor|HUST|HUST_Gearbox|Mechanical_Gear|PU|UOEMD|UORED,8,Diagnosis,Load_1HP_Sev_0.021,TABNET (TL),141,542,60,0.9666666666666667,0.9666666666666667,0.9665831244778613,1.0,42
0_Baseline,raw,raw,CWRU_48k,CWRU_12k|Electric_Motor|HUST|HUST_Gearbox|Mechanical_Gear|PU|UOEMD|UORED,8,Diagnosis,Load_2HP_Sev_0.007,MLP (TL),141,542,60,0.9833333333333333,0.9833333333333334,0.9833229101521784,0.9995833333333334,42
0_Baseline,raw,raw,CWRU_48k,CWRU_12k|Electric_Motor|HUST|HUST_Gearbox|Mechanical_Gear|PU|UOEMD|UORED,8,Diagnosis,Load_2HP_Sev_0.007,TABNET (TL),141,542,60,0.8833333333333333,0.8833333333333333,0.8796475392220073,0.9895833333333334,42
0_Baseline,raw,raw,CWRU_48k,CWRU_12k|Electric_Motor|HUST|HUST_Gearbox|Mechanical_Gear|PU|UOEMD|UORED,8,Diagnosis,Load_2HP_Sev_0.014,MLP (TL),141,542,60,0.9666666666666667,0.9666666666666667,0.9661959777492511,0.9791666666666666,42
0_Baseline,raw,raw,CWRU_48k,CWRU_12k|Electric_Motor|HUST|HUST_Gearbox|Mechanical_Gear|PU|UOEMD|UORED,8,Diagnosis,Load_2HP_Sev_0.014,TABNET (TL),141,542,60,0.8,0.7999999999999999,0.7931734215605184,0.9562499999999999,42
0_Baseline,raw,raw,CWRU_48k,CWRU_12k|Electric_Motor|HUST|HUST_Gearbox|Mechanical_Gear|PU|UOEMD|UORED,8,Diagnosis,Load_2HP_Sev_0.021,MLP (TL),141,542,60,1.0,1.0,1.0,1.0,42
0_Baseline,raw,raw,CWRU_48k,CWRU_12k|Electric_Motor|HUST|HUST_Gearbox|Mechanical_Gear|PU|UOEMD|UORED,8,Diagnosis,Load_2HP_Sev_0.021,TABNET (TL),141,542,60,0.9833333333333333,0.9833333333333334,0.9833229101521784,1.0,42
0_Baseline,raw,raw,CWRU_48k,CWRU_12k|Electric_Motor|HUST|HUST_Gearbox|Mechanical_Gear|PU|UOEMD|UORED,8,Diagnosis,Load_3HP_Sev_0.007,MLP (TL),141,542,60,0.8833333333333333,0.8833333333333333,0.8796475392220072,1.0,42
0_Baseline,raw,raw,CWRU_48k,CWRU_12k|Electric_Motor|HUST|HUST_Gearbox|Mechanical_Gear|PU|UOEMD|UORED,8,Diagnosis,Load_3HP_Sev_0.007,TABNET (TL),141,542,60,0.8333333333333334,0.8333333333333334,0.8151075977162933,0.985,42
0_Baseline,raw,raw,CWRU_48k,CWRU_12k|Electric_Motor|HUST|HUST_Gearbox|Mechanical_Gear|PU|UOEMD|UORED,8,Diagnosis,Load_3HP_Sev_0.014,MLP (TL),141,542,60,0.9666666666666667,0.9666666666666667,0.9665831244778612,0.9499999999999998,42
0_Baseline,raw,raw,CWRU_48k,CWRU_12k|Electric_Motor|HUST|HUST_Gearbox|Mechanical_Gear|PU|UOEMD|UORED,8,Diagnosis,Load_3HP_Sev_0.014,TABNET (TL),141,542,60,0.8166666666666667,0.8166666666666668,0.8084464555052789,0.975,42
0_Baseline,raw,raw,CWRU_48k,CWRU_12k|Electric_Motor|HUST|HUST_Gearbox|Mechanical_Gear|PU|UOEMD|UORED,8,Diagnosis,Load_3HP_Sev_0.021,MLP (TL),141,542,60,0.9833333333333333,0.9833333333333334,0.9833229101521784,0.9995833333333334,42
0_Baseline,raw,raw,CWRU_48k,CWRU_12k|Electric_Motor|HUST|HUST_Gearbox|Mechanical_Gear|PU|UOEMD|UORED,8,Diagnosis,Load_3HP_Sev_0.021,TABNET (TL),141,542,60,0.9833333333333333,0.9833333333333334,0.9833229101521784,1.0,42
1_ZScore_Puro,window_zscore,window_zscore,CWRU_48k,CWRU_12k|Electric_Motor|HUST|HUST_Gearbox|Mechanical_Gear|PU|UOEMD|UORED,8,Diagnosis,Load_0HP_Sev_0.007,MLP (TL),141,572,30,0.8666666666666667,0.8666666666666667,0.8611111111111112,1.0,42
1_ZScore_Puro,window_zscore,window_zscore,CWRU_48k,CWRU_12k|Electric_Motor|HUST|HUST_Gearbox|Mechanical_Gear|PU|UOEMD|UORED,8,Diagnosis,Load_0HP_Sev_0.007,TABNET (TL),141,572,30,0.8333333333333334,0.8333333333333334,0.8222222222222223,0.8666666666666667,42
1_ZScore_Puro,window_zscore,window_zscore,CWRU_48k,CWRU_12k|Electric_Motor|HUST|HUST_Gearbox|Mechanical_Gear|PU|UOEMD|UORED,8,Diagnosis,Load_0HP_Sev_0.014,MLP (TL),141,582,20,1.0,1.0,1.0,0.0,42
1_ZScore_Puro,window_zscore,window_zscore,CWRU_48k,CWRU_12k|Electric_Motor|HUST|HUST_Gearbox|Mechanical_Gear|PU|UOEMD|UORED,8,Diagnosis,Load_0HP_Sev_0.014,TABNET (TL),141,582,20,0.6,0.6,0.36752136752136755,0.0,42
1_ZScore_Puro,window_zscore,window_zscore,CWRU_48k,CWRU_12k|Electric_Motor|HUST|HUST_Gearbox|Mechanical_Gear|PU|UOEMD|UORED,8,Diagnosis,Load_0HP_Sev_0.021,MLP (TL),141,584,18,0.8888888888888888,0.9333333333333332,0.8962962962962964,1.0,42
1_ZScore_Puro,window_zscore,window_zscore,CWRU_48k,CWRU_12k|Electric_Motor|HUST|HUST_Gearbox|Mechanical_Gear|PU|UOEMD|UORED,8,Diagnosis,Load_0HP_Sev_0.021,TABNET (TL),141,584,18,0.8888888888888888,0.8333333333333334,0.8222222222222223,1.0,42
1_ZScore_Puro,window_zscore,window_zscore,CWRU_48k,CWRU_12k|Electric_Motor|HUST|HUST_Gearbox|Mechanical_Gear|PU|UOEMD|UORED,8,Diagnosis,Load_1HP_Sev_0.007,MLP (TL),141,542,60,1.0,1.0,1.0,1.0,42
1_ZScore_Puro,window_zscore,window_zscore,CWRU_48k,CWRU_12k|Electric_Motor|HUST|HUST_Gearbox|Mechanical_Gear|PU|UOEMD|UORED,8,Diagnosis,Load_1HP_Sev_0.007,TABNET (TL),141,542,60,0.8333333333333334,0.8333333333333334,0.8222222222222223,1.0,42
1_ZScore_Puro,window_zscore,window_zscore,CWRU_48k,CWRU_12k|Electric_Motor|HUST|HUST_Gearbox|Mechanical_Gear|PU|UOEMD|UORED,8,Diagnosis,Load_1HP_Sev_0.014,MLP (TL),141,548,54,0.9814814814814815,0.9833333333333334,0.9833229101521784,0.9975490196078431,42
1_ZScore_Puro,window_zscore,window_zscore,CWRU_48k,CWRU_12k|Electric_Motor|HUST|HUST_Gearbox|Mechanical_Gear|PU|UOEMD|UORED,8,Diagnosis,Load_1HP_Sev_0.014,TABNET (TL),141,548,54,0.8333333333333334,0.8428571428571429,0.8352340169784389,0.9733543417366947,42
1_ZScore_Puro,window_zscore,window_zscore,CWRU_48k,CWRU_12k|Electric_Motor|HUST|HUST_Gearbox|Mechanical_Gear|PU|UOEMD|UORED,8,Diagnosis,Load_1HP_Sev_0.021,MLP (TL),141,542,60,1.0,1.0,1.0,1.0,42
1_ZScore_Puro,window_zscore,window_zscore,CWRU_48k,CWRU_12k|Electric_Motor|HUST|HUST_Gearbox|Mechanical_Gear|PU|UOEMD|UORED,8,Diagnosis,Load_1HP_Sev_0.021,TABNET (TL),141,542,60,1.0,1.0,1.0,1.0,42
1_ZScore_Puro,window_zscore,window_zscore,CWRU_48k,CWRU_12k|Electric_Motor|HUST|HUST_Gearbox|Mechanical_Gear|PU|UOEMD|UORED,8,Diagnosis,Load_2HP_Sev_0.007,MLP (TL),141,542,60,1.0,1.0,1.0,1.0,42
1_ZScore_Puro,window_zscore,window_zscore,CWRU_48k,CWRU_12k|Electric_Motor|HUST|HUST_Gearbox|Mechanical_Gear|PU|UOEMD|UORED,8,Diagnosis,Load_2HP_Sev_0.007,TABNET (TL),141,542,60,0.8333333333333334,0.8333333333333334,0.8195343177921575,0.9758333333333334,42
1_ZScore_Puro,window_zscore,window_zscore,CWRU_48k,CWRU_12k|Electric_Motor|HUST|HUST_Gearbox|Mechanical_Gear|PU|UOEMD|UORED,8,Diagnosis,Load_2HP_Sev_0.014,MLP (TL),141,542,60,0.9666666666666667,0.9666666666666667,0.9666666666666667,0.9983333333333334,42
1_ZScore_Puro,window_zscore,window_zscore,CWRU_48k,CWRU_12k|Electric_Motor|HUST|HUST_Gearbox|Mechanical_Gear|PU|UOEMD|UORED,8,Diagnosis,Load_2HP_Sev_0.014,TABNET (TL),141,542,60,0.95,0.9500000000000001,0.9499389499389498,0.9845833333333335,42
1_ZScore_Puro,window_zscore,window_zscore,CWRU_48k,CWRU_12k|Electric_Motor|HUST|HUST_Gearbox|Mechanical_Gear|PU|UOEMD|UORED,8,Diagnosis,Load_2HP_Sev_0.021,MLP (TL),141,542,60,1.0,1.0,1.0,1.0,42
1_ZScore_Puro,window_zscore,window_zscore,CWRU_48k,CWRU_12k|Electric_Motor|HUST|HUST_Gearbox|Mechanical_Gear|PU|UOEMD|UORED,8,Diagnosis,Load_2HP_Sev_0.021,TABNET (TL),141,542,60,1.0,1.0,1.0,1.0,42
1_ZScore_Puro,window_zscore,window_zscore,CWRU_48k,CWRU_12k|Electric_Motor|HUST|HUST_Gearbox|Mechanical_Gear|PU|UOEMD|UORED,8,Diagnosis,Load_3HP_Sev_0.007,MLP (TL),141,542,60,0.8333333333333334,0.8333333333333334,0.8222222222222223,1.0,42
1_ZScore_Puro,window_zscore,window_zscore,CWRU_48k,CWRU_12k|Electric_Motor|HUST|HUST_Gearbox|Mechanical_Gear|PU|UOEMD|UORED,8,Diagnosis,Load_3HP_Sev_0.007,TABNET (TL),141,542,60,0.9833333333333333,0.9833333333333334,0.9833229101521784,1.0,42
1_ZScore_Puro,window_zscore,window_zscore,CWRU_48k,CWRU_12k|Electric_Motor|HUST|HUST_Gearbox|Mechanical_Gear|PU|UOEMD|UORED,8,Diagnosis,Load_3HP_Sev_0.014,MLP (TL),141,542,60,0.9666666666666667,0.9666666666666667,0.9665831244778612,0.9499999999999998,42
1_ZScore_Puro,window_zscore,window_zscore,CWRU_48k,CWRU_12k|Electric_Motor|HUST|HUST_Gearbox|Mechanical_Gear|PU|UOEMD|UORED,8,Diagnosis,Load_3HP_Sev_0.014,TABNET (TL),141,542,60,0.8833333333333333,0.8833333333333334,0.8823277706461274,0.9862500000000001,42
1_ZScore_Puro,window_zscore,window_zscore,CWRU_48k,CWRU_12k|Electric_Motor|HUST|HUST_Gearbox|Mechanical_Gear|PU|UOEMD|UORED,8,Diagnosis,Load_3HP_Sev_0.021,MLP (TL),141,542,60,1.0,1.0,1.0,1.0,42
1_ZScore_Puro,window_zscore,window_zscore,CWRU_48k,CWRU_12k|Electric_Motor|HUST|HUST_Gearbox|Mechanical_Gear|PU|UOEMD|UORED,8,Diagnosis,Load_3HP_Sev_0.021,TABNET (TL),141,542,60,0.9333333333333333,0.9333333333333332,0.9315770677086616,0.9983333333333334,42
2_RMS_Puro,window_rms,window_rms,CWRU_48k,CWRU_12k|Electric_Motor|HUST|HUST_Gearbox|Mechanical_Gear|PU|UOEMD|UORED,8,Diagnosis,Load_0HP_Sev_0.007,MLP (TL),141,572,30,0.8333333333333334,0.8333333333333334,0.8222222222222223,0.9983333333333334,42
2_RMS_Puro,window_rms,window_rms,CWRU_48k,CWRU_12k|Electric_Motor|HUST|HUST_Gearbox|Mechanical_Gear|PU|UOEMD|UORED,8,Diagnosis,Load_0HP_Sev_0.007,TABNET (TL),141,572,30,0.8333333333333334,0.8333333333333334,0.8222222222222223,0.8666666666666667,42
2_RMS_Puro,window_rms,window_rms,CWRU_48k,CWRU_12k|Electric_Motor|HUST|HUST_Gearbox|Mechanical_Gear|PU|UOEMD|UORED,8,Diagnosis,Load_0HP_Sev_0.014,MLP (TL),141,582,20,1.0,1.0,1.0,0.0,42
2_RMS_Puro,window_rms,window_rms,CWRU_48k,CWRU_12k|Electric_Motor|HUST|HUST_Gearbox|Mechanical_Gear|PU|UOEMD|UORED,8,Diagnosis,Load_0HP_Sev_0.014,TABNET (TL),141,582,20,0.6,0.6,0.36752136752136755,0.0,42
2_RMS_Puro,window_rms,window_rms,CWRU_48k,CWRU_12k|Electric_Motor|HUST|HUST_Gearbox|Mechanical_Gear|PU|UOEMD|UORED,8,Diagnosis,Load_0HP_Sev_0.021,MLP (TL),141,584,18,0.8888888888888888,0.9333333333333332,0.8962962962962964,1.0,42
2_RMS_Puro,window_rms,window_rms,CWRU_48k,CWRU_12k|Electric_Motor|HUST|HUST_Gearbox|Mechanical_Gear|PU|UOEMD|UORED,8,Diagnosis,Load_0HP_Sev_0.021,TABNET (TL),141,584,18,0.8888888888888888,0.8333333333333334,0.8222222222222223,1.0,42
2_RMS_Puro,window_rms,window_rms,CWRU_48k,CWRU_12k|Electric_Motor|HUST|HUST_Gearbox|Mechanical_Gear|PU|UOEMD|UORED,8,Diagnosis,Load_1HP_Sev_0.007,MLP (TL),141,542,60,1.0,1.0,1.0,1.0,42
2_RMS_Puro,window_rms,window_rms,CWRU_48k,CWRU_12k|Electric_Motor|HUST|HUST_Gearbox|Mechanical_Gear|PU|UOEMD|UORED,8,Diagnosis,Load_1HP_Sev_0.007,TABNET (TL),141,542,60,0.8333333333333334,0.8333333333333334,0.8222222222222223,1.0,42
2_RMS_Puro,window_rms,window_rms,CWRU_48k,CWRU_12k|Electric_Motor|HUST|HUST_Gearbox|Mechanical_Gear|PU|UOEMD|UORED,8,Diagnosis,Load_1HP_Sev_0.014,MLP (TL),141,548,54,0.9814814814814815,0.9833333333333334,0.9833229101521784,0.9990196078431373,42
2_RMS_Puro,window_rms,window_rms,CWRU_48k,CWRU_12k|Electric_Motor|HUST|HUST_Gearbox|Mechanical_Gear|PU|UOEMD|UORED,8,Diagnosis,Load_1HP_Sev_0.014,TABNET (TL),141,548,54,0.8333333333333334,0.8428571428571429,0.8352340169784389,0.9733543417366947,42
2_RMS_Puro,window_rms,window_rms,CWRU_48k,CWRU_12k|Electric_Motor|HUST|HUST_Gearbox|Mechanical_Gear|PU|UOEMD|UORED,8,Diagnosis,Load_1HP_Sev_0.021,MLP (TL),141,542,60,1.0,1.0,1.0,1.0,42
2_RMS_Puro,window_rms,window_rms,CWRU_48k,CWRU_12k|Electric_Motor|HUST|HUST_Gearbox|Mechanical_Gear|PU|UOEMD|UORED,8,Diagnosis,Load_1HP_Sev_0.021,TABNET (TL),141,542,60,1.0,1.0,1.0,1.0,42
2_RMS_Puro,window_rms,window_rms,CWRU_48k,CWRU_12k|Electric_Motor|HUST|HUST_Gearbox|Mechanical_Gear|PU|UOEMD|UORED,8,Diagnosis,Load_2HP_Sev_0.007,MLP (TL),141,542,60,1.0,1.0,1.0,1.0,42
2_RMS_Puro,window_rms,window_rms,CWRU_48k,CWRU_12k|Electric_Motor|HUST|HUST_Gearbox|Mechanical_Gear|PU|UOEMD|UORED,8,Diagnosis,Load_2HP_Sev_0.007,TABNET (TL),141,542,60,0.8333333333333334,0.8333333333333334,0.8195343177921575,0.9758333333333334,42
2_RMS_Puro,window_rms,window_rms,CWRU_48k,CWRU_12k|Electric_Motor|HUST|HUST_Gearbox|Mechanical_Gear|PU|UOEMD|UORED,8,Diagnosis,Load_2HP_Sev_0.014,MLP (TL),141,542,60,0.9666666666666667,0.9666666666666667,0.9666666666666667,0.9991666666666666,42
2_RMS_Puro,window_rms,window_rms,CWRU_48k,CWRU_12k|Electric_Motor|HUST|HUST_Gearbox|Mechanical_Gear|PU|UOEMD|UORED,8,Diagnosis,Load_2HP_Sev_0.014,TABNET (TL),141,542,60,0.95,0.9500000000000001,0.9499389499389498,0.9845833333333335,42
2_RMS_Puro,window_rms,window_rms,CWRU_48k,CWRU_12k|Electric_Motor|HUST|HUST_Gearbox|Mechanical_Gear|PU|UOEMD|UORED,8,Diagnosis,Load_2HP_Sev_0.021,MLP (TL),141,542,60,1.0,1.0,1.0,1.0,42
2_RMS_Puro,window_rms,window_rms,CWRU_48k,CWRU_12k|Electric_Motor|HUST|HUST_Gearbox|Mechanical_Gear|PU|UOEMD|UORED,8,Diagnosis,Load_2HP_Sev_0.021,TABNET (TL),141,542,60,1.0,1.0,1.0,1.0,42
2_RMS_Puro,window_rms,window_rms,CWRU_48k,CWRU_12k|Electric_Motor|HUST|HUST_Gearbox|Mechanical_Gear|PU|UOEMD|UORED,8,Diagnosis,Load_3HP_Sev_0.007,MLP (TL),141,542,60,0.8333333333333334,0.8333333333333334,0.8222222222222223,0.76625,42
2_RMS_Puro,window_rms,window_rms,CWRU_48k,CWRU_12k|Electric_Motor|HUST|HUST_Gearbox|Mechanical_Gear|PU|UOEMD|UORED,8,Diagnosis,Load_3HP_Sev_0.007,TABNET (TL),141,542,60,0.9833333333333333,0.9833333333333334,0.9833229101521784,1.0,42
2_RMS_Puro,window_rms,window_rms,CWRU_48k,CWRU_12k|Electric_Motor|HUST|HUST_Gearbox|Mechanical_Gear|PU|UOEMD|UORED,8,Diagnosis,Load_3HP_Sev_0.014,MLP (TL),141,542,60,0.9666666666666667,0.9666666666666667,0.9665831244778612,0.9499999999999998,42
2_RMS_Puro,window_rms,window_rms,CWRU_48k,CWRU_12k|Electric_Motor|HUST|HUST_Gearbox|Mechanical_Gear|PU|UOEMD|UORED,8,Diagnosis,Load_3HP_Sev_0.014,TABNET (TL),141,542,60,0.8833333333333333,0.8833333333333334,0.8823277706461274,0.9862500000000001,42
2_RMS_Puro,window_rms,window_rms,CWRU_48k,CWRU_12k|Electric_Motor|HUST|HUST_Gearbox|Mechanical_Gear|PU|UOEMD|UORED,8,Diagnosis,Load_3HP_Sev_0.021,MLP (TL),141,542,60,0.9833333333333333,0.9833333333333334,0.9833229101521784,1.0,42
2_RMS_Puro,window_rms,window_rms,CWRU_48k,CWRU_12k|Electric_Motor|HUST|HUST_Gearbox|Mechanical_Gear|PU|UOEMD|UORED,8,Diagnosis,Load_3HP_Sev_0.021,TABNET (TL),141,542,60,0.9333333333333333,0.9333333333333332,0.9315770677086616,0.9983333333333334,42
3_ZScore_Raw,window_zscore,raw,CWRU_48k,CWRU_12k|Electric_Motor|HUST|HUST_Gearbox|Mechanical_Gear|PU|UOEMD|UORED,8,Diagnosis,Load_0HP_Sev_0.007,MLP (TL),141,572,30,0.5,0.5,0.4000000000000001,0.8566666666666666,42
3_ZScore_Raw,window_zscore,raw,CWRU_48k,CWRU_12k|Electric_Motor|HUST|HUST_Gearbox|Mechanical_Gear|PU|UOEMD|UORED,8,Diagnosis,Load_0HP_Sev_0.007,TABNET (TL),141,572,30,0.6333333333333333,0.6333333333333333,0.6153508771929824,0.8966666666666666,42
3_ZScore_Raw,window_zscore,raw,CWRU_48k,CWRU_12k|Electric_Motor|HUST|HUST_Gearbox|Mechanical_Gear|PU|UOEMD|UORED,8,Diagnosis,Load_0HP_Sev_0.014,MLP (TL),141,582,20,0.8,0.8,0.5530303030303031,0.0,42
3_ZScore_Raw,window_zscore,raw,CWRU_48k,CWRU_12k|Electric_Motor|HUST|HUST_Gearbox|Mechanical_Gear|PU|UOEMD|UORED,8,Diagnosis,Load_0HP_Sev_0.014,TABNET (TL),141,582,20,0.9,0.9,0.6296296296296297,0.0,42
3_ZScore_Raw,window_zscore,raw,CWRU_48k,CWRU_12k|Electric_Motor|HUST|HUST_Gearbox|Mechanical_Gear|PU|UOEMD|UORED,8,Diagnosis,Load_0HP_Sev_0.021,MLP (TL),141,584,18,1.0,1.0,1.0,1.0,42
3_ZScore_Raw,window_zscore,raw,CWRU_48k,CWRU_12k|Electric_Motor|HUST|HUST_Gearbox|Mechanical_Gear|PU|UOEMD|UORED,8,Diagnosis,Load_0HP_Sev_0.021,TABNET (TL),141,584,18,0.8888888888888888,0.8333333333333334,0.8585858585858586,0.9464285714285715,42
3_ZScore_Raw,window_zscore,raw,CWRU_48k,CWRU_12k|Electric_Motor|HUST|HUST_Gearbox|Mechanical_Gear|PU|UOEMD|UORED,8,Diagnosis,Load_1HP_Sev_0.007,MLP (TL),141,542,60,0.9833333333333333,0.9833333333333334,0.9833229101521784,0.9991666666666666,42
3_ZScore_Raw,window_zscore,raw,CWRU_48k,CWRU_12k|Electric_Motor|HUST|HUST_Gearbox|Mechanical_Gear|PU|UOEMD|UORED,8,Diagnosis,Load_1HP_Sev_0.007,TABNET (TL),141,542,60,0.85,0.85,0.8420013166556947,0.9925,42
3_ZScore_Raw,window_zscore,raw,CWRU_48k,CWRU_12k|Electric_Motor|HUST|HUST_Gearbox|Mechanical_Gear|PU|UOEMD|UORED,8,Diagnosis,Load_1HP_Sev_0.014,MLP (TL),141,548,54,0.9259259259259259,0.9333333333333332,0.9241072076386168,0.9955882352941177,42
3_ZScore_Raw,window_zscore,raw,CWRU_48k,CWRU_12k|Electric_Motor|HUST|HUST_Gearbox|Mechanical_Gear|PU|UOEMD|UORED,8,Diagnosis,Load_1HP_Sev_0.014,TABNET (TL),141,548,54,0.7962962962962963,0.7738095238095237,0.7742338961851157,0.9394607843137255,42
3_ZScore_Raw,window_zscore,raw,CWRU_48k,CWRU_12k|Electric_Motor|HUST|HUST_Gearbox|Mechanical_Gear|PU|UOEMD|UORED,8,Diagnosis,Load_1HP_Sev_0.021,MLP (TL),141,542,60,1.0,1.0,1.0,1.0,42
3_ZScore_Raw,window_zscore,raw,CWRU_48k,CWRU_12k|Electric_Motor|HUST|HUST_Gearbox|Mechanical_Gear|PU|UOEMD|UORED,8,Diagnosis,Load_1HP_Sev_0.021,TABNET (TL),141,542,60,1.0,1.0,1.0,1.0,42
3_ZScore_Raw,window_zscore,raw,CWRU_48k,CWRU_12k|Electric_Motor|HUST|HUST_Gearbox|Mechanical_Gear|PU|UOEMD|UORED,8,Diagnosis,Load_2HP_Sev_0.007,MLP (TL),141,542,60,1.0,1.0,1.0,1.0,42
3_ZScore_Raw,window_zscore,raw,CWRU_48k,CWRU_12k|Electric_Motor|HUST|HUST_Gearbox|Mechanical_Gear|PU|UOEMD|UORED,8,Diagnosis,Load_2HP_Sev_0.007,TABNET (TL),141,542,60,0.95,0.9500000000000001,0.9497171590194847,0.9987499999999999,42
3_ZScore_Raw,window_zscore,raw,CWRU_48k,CWRU_12k|Electric_Motor|HUST|HUST_Gearbox|Mechanical_Gear|PU|UOEMD|UORED,8,Diagnosis,Load_2HP_Sev_0.014,MLP (TL),141,542,60,0.9833333333333333,0.9833333333333334,0.9833229101521784,0.9925,42
3_ZScore_Raw,window_zscore,raw,CWRU_48k,CWRU_12k|Electric_Motor|HUST|HUST_Gearbox|Mechanical_Gear|PU|UOEMD|UORED,8,Diagnosis,Load_2HP_Sev_0.014,TABNET (TL),141,542,60,0.7333333333333333,0.7333333333333334,0.7278006546299229,0.80625,42
3_ZScore_Raw,window_zscore,raw,CWRU_48k,CWRU_12k|Electric_Motor|HUST|HUST_Gearbox|Mechanical_Gear|PU|UOEMD|UORED,8,Diagnosis,Load_2HP_Sev_0.021,MLP (TL),141,542,60,1.0,1.0,1.0,1.0,42
3_ZScore_Raw,window_zscore,raw,CWRU_48k,CWRU_12k|Electric_Motor|HUST|HUST_Gearbox|Mechanical_Gear|PU|UOEMD|UORED,8,Diagnosis,Load_2HP_Sev_0.021,TABNET (TL),141,542,60,1.0,1.0,1.0,1.0,42
3_ZScore_Raw,window_zscore,raw,CWRU_48k,CWRU_12k|Electric_Motor|HUST|HUST_Gearbox|Mechanical_Gear|PU|UOEMD|UORED,8,Diagnosis,Load_3HP_Sev_0.007,MLP (TL),141,542,60,0.85,0.85,0.8420013166556947,1.0,42
3_ZScore_Raw,window_zscore,raw,CWRU_48k,CWRU_12k|Electric_Motor|HUST|HUST_Gearbox|Mechanical_Gear|PU|UOEMD|UORED,8,Diagnosis,Load_3HP_Sev_0.007,TABNET (TL),141,542,60,0.9,0.9,0.8976982097186701,0.9516666666666667,42
3_ZScore_Raw,window_zscore,raw,CWRU_48k,CWRU_12k|Electric_Motor|HUST|HUST_Gearbox|Mechanical_Gear|PU|UOEMD|UORED,8,Diagnosis,Load_3HP_Sev_0.014,MLP (TL),141,542,60,0.9666666666666667,0.9666666666666667,0.9665831244778612,0.9499999999999998,42
3_ZScore_Raw,window_zscore,raw,CWRU_48k,CWRU_12k|Electric_Motor|HUST|HUST_Gearbox|Mechanical_Gear|PU|UOEMD|UORED,8,Diagnosis,Load_3HP_Sev_0.014,TABNET (TL),141,542,60,0.75,0.75,0.7469135802469135,0.8708333333333332,42
3_ZScore_Raw,window_zscore,raw,CWRU_48k,CWRU_12k|Electric_Motor|HUST|HUST_Gearbox|Mechanical_Gear|PU|UOEMD|UORED,8,Diagnosis,Load_3HP_Sev_0.021,MLP (TL),141,542,60,1.0,1.0,1.0,1.0,42
3_ZScore_Raw,window_zscore,raw,CWRU_48k,CWRU_12k|Electric_Motor|HUST|HUST_Gearbox|Mechanical_Gear|PU|UOEMD|UORED,8,Diagnosis,Load_3HP_Sev_0.021,TABNET (TL),141,542,60,0.9833333333333333,0.9833333333333334,0.9833229101521784,0.9991666666666666,42
4_RMS_Raw,window_rms,raw,CWRU_48k,CWRU_12k|Electric_Motor|HUST|HUST_Gearbox|Mechanical_Gear|PU|UOEMD|UORED,8,Diagnosis,Load_0HP_Sev_0.007,MLP (TL),141,572,30,0.4666666666666667,0.4666666666666666,0.36752136752136755,0.8550000000000001,42
4_RMS_Raw,window_rms,raw,CWRU_48k,CWRU_12k|Electric_Motor|HUST|HUST_Gearbox|Mechanical_Gear|PU|UOEMD|UORED,8,Diagnosis,Load_0HP_Sev_0.007,TABNET (TL),141,572,30,0.6333333333333333,0.6333333333333333,0.6153508771929824,0.8966666666666666,42
4_RMS_Raw,window_rms,raw,CWRU_48k,CWRU_12k|Electric_Motor|HUST|HUST_Gearbox|Mechanical_Gear|PU|UOEMD|UORED,8,Diagnosis,Load_0HP_Sev_0.014,MLP (TL),141,582,20,0.9,0.9,0.6296296296296297,0.0,42
4_RMS_Raw,window_rms,raw,CWRU_48k,CWRU_12k|Electric_Motor|HUST|HUST_Gearbox|Mechanical_Gear|PU|UOEMD|UORED,8,Diagnosis,Load_0HP_Sev_0.014,TABNET (TL),141,582,20,0.9,0.9,0.6296296296296297,0.0,42
4_RMS_Raw,window_rms,raw,CWRU_48k,CWRU_12k|Electric_Motor|HUST|HUST_Gearbox|Mechanical_Gear|PU|UOEMD|UORED,8,Diagnosis,Load_0HP_Sev_0.021,MLP (TL),141,584,18,1.0,1.0,1.0,1.0,42
4_RMS_Raw,window_rms,raw,CWRU_48k,CWRU_12k|Electric_Motor|HUST|HUST_Gearbox|Mechanical_Gear|PU|UOEMD|UORED,8,Diagnosis,Load_0HP_Sev_0.021,TABNET (TL),141,584,18,0.8888888888888888,0.8333333333333334,0.8585858585858586,0.9464285714285715,42
4_RMS_Raw,window_rms,raw,CWRU_48k,CWRU_12k|Electric_Motor|HUST|HUST_Gearbox|Mechanical_Gear|PU|UOEMD|UORED,8,Diagnosis,Load_1HP_Sev_0.007,MLP (TL),141,542,60,0.9833333333333333,0.9833333333333334,0.9833229101521784,1.0,42
4_RMS_Raw,window_rms,raw,CWRU_48k,CWRU_12k|Electric_Motor|HUST|HUST_Gearbox|Mechanical_Gear|PU|UOEMD|UORED,8,Diagnosis,Load_1HP_Sev_0.007,TABNET (TL),141,542,60,0.85,0.85,0.8420013166556947,0.9925,42
4_RMS_Raw,window_rms,raw,CWRU_48k,CWRU_12k|Electric_Motor|HUST|HUST_Gearbox|Mechanical_Gear|PU|UOEMD|UORED,8,Diagnosis,Load_1HP_Sev_0.014,MLP (TL),141,548,54,0.9259259259259259,0.9333333333333332,0.9241072076386168,0.9980392156862745,42
4_RMS_Raw,window_rms,raw,CWRU_48k,CWRU_12k|Electric_Motor|HUST|HUST_Gearbox|Mechanical_Gear|PU|UOEMD|UORED,8,Diagnosis,Load_1HP_Sev_0.014,TABNET (TL),141,548,54,0.7962962962962963,0.7738095238095237,0.7742338961851157,0.9394607843137255,42
4_RMS_Raw,window_rms,raw,CWRU_48k,CWRU_12k|Electric_Motor|HUST|HUST_Gearbox|Mechanical_Gear|PU|UOEMD|UORED,8,Diagnosis,Load_1HP_Sev_0.021,MLP (TL),141,542,60,1.0,1.0,1.0,1.0,42
4_RMS_Raw,window_rms,raw,CWRU_48k,CWRU_12k|Electric_Motor|HUST|HUST_Gearbox|Mechanical_Gear|PU|UOEMD|UORED,8,Diagnosis,Load_1HP_Sev_0.021,TABNET (TL),141,542,60,1.0,1.0,1.0,1.0,42
4_RMS_Raw,window_rms,raw,CWRU_48k,CWRU_12k|Electric_Motor|HUST|HUST_Gearbox|Mechanical_Gear|PU|UOEMD|UORED,8,Diagnosis,Load_2HP_Sev_0.007,MLP (TL),141,542,60,0.9666666666666667,0.9666666666666667,0.9665831244778613,0.9995833333333334,42
4_RMS_Raw,window_rms,raw,CWRU_48k,CWRU_12k|Electric_Motor|HUST|HUST_Gearbox|Mechanical_Gear|PU|UOEMD|UORED,8,Diagnosis,Load_2HP_Sev_0.007,TABNET (TL),141,542,60,0.95,0.9500000000000001,0.9497171590194847,0.9987499999999999,42
4_RMS_Raw,window_rms,raw,CWRU_48k,CWRU_12k|Electric_Motor|HUST|HUST_Gearbox|Mechanical_Gear|PU|UOEMD|UORED,8,Diagnosis,Load_2HP_Sev_0.014,MLP (TL),141,542,60,0.9666666666666667,0.9666666666666667,0.9666562434855117,0.9991666666666666,42
4_RMS_Raw,window_rms,raw,CWRU_48k,CWRU_12k|Electric_Motor|HUST|HUST_Gearbox|Mechanical_Gear|PU|UOEMD|UORED,8,Diagnosis,Load_2HP_Sev_0.014,TABNET (TL),141,542,60,0.7333333333333333,0.7333333333333334,0.7278006546299229,0.80625,42
4_RMS_Raw,window_rms,raw,CWRU_48k,CWRU_12k|Electric_Motor|HUST|HUST_Gearbox|Mechanical_Gear|PU|UOEMD|UORED,8,Diagnosis,Load_2HP_Sev_0.021,MLP (TL),141,542,60,1.0,1.0,1.0,1.0,42
4_RMS_Raw,window_rms,raw,CWRU_48k,CWRU_12k|Electric_Motor|HUST|HUST_Gearbox|Mechanical_Gear|PU|UOEMD|UORED,8,Diagnosis,Load_2HP_Sev_0.021,TABNET (TL),141,542,60,1.0,1.0,1.0,1.0,42
4_RMS_Raw,window_rms,raw,CWRU_48k,CWRU_12k|Electric_Motor|HUST|HUST_Gearbox|Mechanical_Gear|PU|UOEMD|UORED,8,Diagnosis,Load_3HP_Sev_0.007,MLP (TL),141,542,60,0.8333333333333334,0.8333333333333334,0.8222222222222223,0.9670833333333334,42
4_RMS_Raw,window_rms,raw,CWRU_48k,CWRU_12k|Electric_Motor|HUST|HUST_Gearbox|Mechanical_Gear|PU|UOEMD|UORED,8,Diagnosis,Load_3HP_Sev_0.007,TABNET (TL),141,542,60,0.9,0.9,0.8976982097186701,0.9516666666666667,42
4_RMS_Raw,window_rms,raw,CWRU_48k,CWRU_12k|Electric_Motor|HUST|HUST_Gearbox|Mechanical_Gear|PU|UOEMD|UORED,8,Diagnosis,Load_3HP_Sev_0.014,MLP (TL),141,542,60,0.9166666666666666,0.9166666666666666,0.9183920762868132,0.9491666666666667,42
4_RMS_Raw,window_rms,raw,CWRU_48k,CWRU_12k|Electric_Motor|HUST|HUST_Gearbox|Mechanical_Gear|PU|UOEMD|UORED,8,Diagnosis,Load_3HP_Sev_0.014,TABNET (TL),141,542,60,0.75,0.75,0.7469135802469135,0.8708333333333332,42
4_RMS_Raw,window_rms,raw,CWRU_48k,CWRU_12k|Electric_Motor|HUST|HUST_Gearbox|Mechanical_Gear|PU|UOEMD|UORED,8,Diagnosis,Load_3HP_Sev_0.021,MLP (TL),141,542,60,1.0,1.0,1.0,1.0,42
4_RMS_Raw,window_rms,raw,CWRU_48k,CWRU_12k|Electric_Motor|HUST|HUST_Gearbox|Mechanical_Gear|PU|UOEMD|UORED,8,Diagnosis,Load_3HP_Sev_0.021,TABNET (TL),141,542,60,0.9833333333333333,0.9833333333333334,0.9833229101521784,0.9991666666666666,42
