Target Dataset,Task,Test Condition,Source Combo,Model,Bal Acc,Macro F1,ROC-AUC
UOEMD,Diagnosis,Load_Loaded_Speed_15Hz,CWRU_12k,Multi-Head DL (TABNET),0.6,0.5279631689531579,0.8251785714285714
UOEMD,Diagnosis,Load_Loaded_Speed_15Hz,CWRU_48k,Multi-Head DL (TABNET),0.55,0.5093954248366013,0.8180357142857143
UOEMD,Diagnosis,Load_Loaded_Speed_15Hz,HUST_Gearbox,Multi-Head DL (TABNET),0.5125,0.44497282608695654,0.8519642857142857
UOEMD,Diagnosis,Load_Loaded_Speed_15Hz,HUST,Multi-Head DL (TABNET),0.3875,0.3314144736842105,0.7808928571428572
UOEMD,Diagnosis,Load_Loaded_Speed_15Hz,PU,Multi-Head DL (TABNET),0.475,0.40789473684210525,0.8126785714285714
UOEMD,Diagnosis,Load_Loaded_Speed_15Hz,UORED,Multi-Head DL (TABNET),0.4875,0.4879416180886769,0.8676785714285715
UOEMD,Diagnosis,Load_Loaded_Speed_15Hz,Mechanical_Gear,Multi-Head DL (TABNET),0.525,0.4640151515151515,0.8519642857142857
UOEMD,Diagnosis,Load_Loaded_Speed_15Hz,Electric_Motor,Multi-Head DL (TABNET),0.5625,0.5221405228758169,0.7869642857142857
UOEMD,Diagnosis,Load_Loaded_Speed_15Hz,CWRU_12k + CWRU_48k,Multi-Head DL (TABNET),0.625,0.5544258373205742,0.85125
UOEMD,Diagnosis,Load_Loaded_Speed_15Hz,CWRU_12k + HUST_Gearbox,Multi-Head DL (TABNET),0.3875,0.3433395872420263,0.8289285714285715
UOEMD,Diagnosis,Load_Loaded_Speed_15Hz,CWRU_12k + HUST,Multi-Head DL (TABNET),0.4875,0.40940465918895597,0.6294642857142857
UOEMD,Diagnosis,Load_Loaded_Speed_15Hz,CWRU_12k + PU,Multi-Head DL (TABNET),0.35,0.32291666666666663,0.7301785714285713
UOEMD,Diagnosis,Load_Loaded_Speed_15Hz,CWRU_12k + UORED,Multi-Head DL (TABNET),0.55,0.4813311688311688,0.8001785714285714
UOEMD,Diagnosis,Load_Loaded_Speed_15Hz,CWRU_12k + Mechanical_Gear,Multi-Head DL (TABNET),0.5625,0.5220394736842106,0.8383928571428572
UOEMD,Diagnosis,Load_Loaded_Speed_15Hz,CWRU_12k + Electric_Motor,Multi-Head DL (TABNET),0.6125,0.5396252922489804,0.9117857142857143
UOEMD,Diagnosis,Load_Loaded_Speed_15Hz,CWRU_48k + HUST_Gearbox,Multi-Head DL (TABNET),0.4625,0.4303571428571429,0.7939285714285714
UOEMD,Diagnosis,Load_Loaded_Speed_15Hz,CWRU_48k + HUST,Multi-Head DL (TABNET),0.625,0.5208333333333333,0.7355357142857143
UOEMD,Diagnosis,Load_Loaded_Speed_15Hz,CWRU_48k + PU,Multi-Head DL (TABNET),0.4875,0.4265605875152999,0.8444642857142857
UOEMD,Diagnosis,Load_Loaded_Speed_15Hz,CWRU_48k + UORED,Multi-Head DL (TABNET),0.375,0.28968253968253965,0.7032142857142858
UOEMD,Diagnosis,Load_Loaded_Speed_15Hz,CWRU_48k + Mechanical_Gear,Multi-Head DL (TABNET),0.675,0.6228369331817608,0.900892857142857
UOEMD,Diagnosis,Load_Loaded_Speed_15Hz,CWRU_48k + Electric_Motor,Multi-Head DL (TABNET),0.625,0.5208333333333333,0.8392857142857142
UOEMD,Diagnosis,Load_Loaded_Speed_15Hz,HUST_Gearbox + HUST,Multi-Head DL (TABNET),0.575,0.48258172555309214,0.8682142857142857
UOEMD,Diagnosis,Load_Loaded_Speed_15Hz,HUST_Gearbox + PU,Multi-Head DL (TABNET),0.45,0.3909198113207547,0.7639285714285714
UOEMD,Diagnosis,Load_Loaded_Speed_15Hz,HUST_Gearbox + UORED,Multi-Head DL (TABNET),0.5,0.3762626262626263,0.8839285714285714
UOEMD,Diagnosis,Load_Loaded_Speed_15Hz,HUST_Gearbox + Mechanical_Gear,Multi-Head DL (TABNET),0.5,0.4391025641025641,0.7601785714285715
UOEMD,Diagnosis,Load_Loaded_Speed_15Hz,HUST_Gearbox + Electric_Motor,Multi-Head DL (TABNET),0.4375,0.37575757575757573,0.8060714285714285
UOEMD,Diagnosis,Load_Loaded_Speed_15Hz,HUST + PU,Multi-Head DL (TABNET),0.475,0.3943627450980392,0.8328571428571429
UOEMD,Diagnosis,Load_Loaded_Speed_15Hz,HUST + UORED,Multi-Head DL (TABNET),0.2625,0.2727272727272727,0.6542857142857144
UOEMD,Diagnosis,Load_Loaded_Speed_15Hz,HUST + Mechanical_Gear,Multi-Head DL (TABNET),0.3875,0.32272727272727275,0.7528571428571429
UOEMD,Diagnosis,Load_Loaded_Speed_15Hz,HUST + Electric_Motor,Multi-Head DL (TABNET),0.3875,0.3611111111111111,0.6614285714285715
UOEMD,Diagnosis,Load_Loaded_Speed_15Hz,PU + UORED,Multi-Head DL (TABNET),0.375,0.3,0.7769642857142858
UOEMD,Diagnosis,Load_Loaded_Speed_15Hz,PU + Mechanical_Gear,Multi-Head DL (TABNET),0.3875,0.34404761904761905,0.8162499999999999
UOEMD,Diagnosis,Load_Loaded_Speed_15Hz,PU + Electric_Motor,Multi-Head DL (TABNET),0.45,0.3729166666666667,0.6939285714285715
UOEMD,Diagnosis,Load_Loaded_Speed_15Hz,UORED + Mechanical_Gear,Multi-Head DL (TABNET),0.425,0.3660714285714286,0.8373214285714285
UOEMD,Diagnosis,Load_Loaded_Speed_15Hz,UORED + Electric_Motor,Multi-Head DL (TABNET),0.5375000000000001,0.47943722943722944,0.8466071428571428
UOEMD,Diagnosis,Load_Loaded_Speed_15Hz,Mechanical_Gear + Electric_Motor,Multi-Head DL (TABNET),0.5375000000000001,0.5061639014580191,0.8092857142857144
UOEMD,Diagnosis,Load_Loaded_Speed_15Hz,CWRU_12k + CWRU_48k + HUST_Gearbox,Multi-Head DL (TABNET),0.55,0.484375,0.8478571428571429
UOEMD,Diagnosis,Load_Loaded_Speed_15Hz,CWRU_12k + CWRU_48k + HUST,Multi-Head DL (TABNET),0.375,0.3,0.8175
UOEMD,Diagnosis,Load_Loaded_Speed_15Hz,CWRU_12k + CWRU_48k + PU,Multi-Head DL (TABNET),0.5375,0.4882478632478633,0.8935714285714286
UOEMD,Diagnosis,Load_Loaded_Speed_15Hz,CWRU_12k + CWRU_48k + UORED,Multi-Head DL (TABNET),0.4625,0.39839572192513373,0.852857142857143
UOEMD,Diagnosis,Load_Loaded_Speed_15Hz,CWRU_12k + CWRU_48k + Mechanical_Gear,Multi-Head DL (TABNET),0.575,0.5175578812760802,0.8755357142857143
UOEMD,Diagnosis,Load_Loaded_Speed_15Hz,CWRU_12k + CWRU_48k + Electric_Motor,Multi-Head DL (TABNET),0.7125,0.6948470775870157,0.9228571428571428
UOEMD,Diagnosis,Load_Loaded_Speed_15Hz,CWRU_12k + HUST_Gearbox + HUST,Multi-Head DL (TABNET),0.375,0.2857142857142857,0.7591071428571429
UOEMD,Diagnosis,Load_Loaded_Speed_15Hz,CWRU_12k + HUST_Gearbox + PU,Multi-Head DL (TABNET),0.4375,0.3762335526315789,0.6719642857142858
UOEMD,Diagnosis,Load_Loaded_Speed_15Hz,CWRU_12k + HUST_Gearbox + UORED,Multi-Head DL (TABNET),0.575,0.5322871572871573,0.85375
UOEMD,Diagnosis,Load_Loaded_Speed_15Hz,CWRU_12k + HUST_Gearbox + Mechanical_Gear,Multi-Head DL (TABNET),0.625,0.5208333333333333,0.7985714285714286
UOEMD,Diagnosis,Load_Loaded_Speed_15Hz,CWRU_12k + HUST_Gearbox + Electric_Motor,Multi-Head DL (TABNET),0.525,0.48851495726495725,0.8678571428571429
UOEMD,Diagnosis,Load_Loaded_Speed_15Hz,CWRU_12k + HUST + PU,Multi-Head DL (TABNET),0.375,0.30292275347869435,0.6694642857142857
UOEMD,Diagnosis,Load_Loaded_Speed_15Hz,CWRU_12k + HUST + UORED,Multi-Head DL (TABNET),0.75,0.7182907170173723,0.9446428571428571
UOEMD,Diagnosis,Load_Loaded_Speed_15Hz,CWRU_12k + HUST + Mechanical_Gear,Multi-Head DL (TABNET),0.375,0.29166666666666663,0.70375
UOEMD,Diagnosis,Load_Loaded_Speed_15Hz,CWRU_12k + HUST + Electric_Motor,Multi-Head DL (TABNET),0.4875,0.4285714285714286,0.8726785714285714
UOEMD,Diagnosis,Load_Loaded_Speed_15Hz,CWRU_12k + PU + UORED,Multi-Head DL (TABNET),0.25,0.161231884057971,0.6598214285714286
UOEMD,Diagnosis,Load_Loaded_Speed_15Hz,CWRU_12k + PU + Mechanical_Gear,Multi-Head DL (TABNET),0.475,0.4027777777777778,0.7725000000000001
UOEMD,Diagnosis,Load_Loaded_Speed_15Hz,CWRU_12k + PU + Electric_Motor,Multi-Head DL (TABNET),0.3375,0.2696078431372549,0.6994642857142858
UOEMD,Diagnosis,Load_Loaded_Speed_15Hz,CWRU_12k + UORED + Mechanical_Gear,Multi-Head DL (TABNET),0.4625,0.385042735042735,0.8026785714285715
UOEMD,Diagnosis,Load_Loaded_Speed_15Hz,CWRU_12k + UORED + Electric_Motor,Multi-Head DL (TABNET),0.4625,0.44573643410852715,0.8330357142857143
UOEMD,Diagnosis,Load_Loaded_Speed_15Hz,CWRU_12k + Mechanical_Gear + Electric_Motor,Multi-Head DL (TABNET),0.4875,0.4125494071146245,0.8123214285714286
UOEMD,Diagnosis,Load_Loaded_Speed_15Hz,CWRU_48k + HUST_Gearbox + HUST,Multi-Head DL (TABNET),0.5,0.41433189655172414,0.750357142857143
UOEMD,Diagnosis,Load_Loaded_Speed_15Hz,CWRU_48k + HUST_Gearbox + PU,Multi-Head DL (TABNET),0.3875,0.32338152105593965,0.6407142857142857
UOEMD,Diagnosis,Load_Loaded_Speed_15Hz,CWRU_48k + HUST_Gearbox + UORED,Multi-Head DL (TABNET),0.45,0.36594202898550726,0.82375
UOEMD,Diagnosis,Load_Loaded_Speed_15Hz,CWRU_48k + HUST_Gearbox + Mechanical_Gear,Multi-Head DL (TABNET),0.525,0.46212121212121215,0.8264285714285714
UOEMD,Diagnosis,Load_Loaded_Speed_15Hz,CWRU_48k + HUST_Gearbox + Electric_Motor,Multi-Head DL (TABNET),0.5625,0.5245354239256679,0.75125
UOEMD,Diagnosis,Load_Loaded_Speed_15Hz,CWRU_48k + HUST + PU,Multi-Head DL (TABNET),0.1625,0.108712715855573,0.64375
UOEMD,Diagnosis,Load_Loaded_Speed_15Hz,CWRU_48k + HUST + UORED,Multi-Head DL (TABNET),0.3875,0.3137108792846498,0.80875
UOEMD,Diagnosis,Load_Loaded_Speed_15Hz,CWRU_48k + HUST + Mechanical_Gear,Multi-Head DL (TABNET),0.48750000000000004,0.4120283510527413,0.7741071428571428
UOEMD,Diagnosis,Load_Loaded_Speed_15Hz,CWRU_48k + HUST + Electric_Motor,Multi-Head DL (TABNET),0.5,0.42708333333333337,0.7433928571428572
UOEMD,Diagnosis,Load_Loaded_Speed_15Hz,CWRU_48k + PU + UORED,Multi-Head DL (TABNET),0.25,0.15664556962025317,0.7296428571428571
UOEMD,Diagnosis,Load_Loaded_Speed_15Hz,CWRU_48k + PU + Mechanical_Gear,Multi-Head DL (TABNET),0.4875,0.4174406604747162,0.7960714285714285
UOEMD,Diagnosis,Load_Loaded_Speed_15Hz,CWRU_48k + PU + Electric_Motor,Multi-Head DL (TABNET),0.475,0.402073732718894,0.6851785714285715
UOEMD,Diagnosis,Load_Loaded_Speed_15Hz,CWRU_48k + UORED + Mechanical_Gear,Multi-Head DL (TABNET),0.6625,0.5930200562553505,0.8367857142857144
UOEMD,Diagnosis,Load_Loaded_Speed_15Hz,CWRU_48k + UORED + Electric_Motor,Multi-Head DL (TABNET),0.55,0.4855747322852586,0.7980357142857143
UOEMD,Diagnosis,Load_Loaded_Speed_15Hz,CWRU_48k + Mechanical_Gear + Electric_Motor,Multi-Head DL (TABNET),0.275,0.27666666666666667,0.7748214285714285
UOEMD,Diagnosis,Load_Loaded_Speed_15Hz,HUST_Gearbox + HUST + PU,Multi-Head DL (TABNET),0.3625,0.29192654192654194,0.7746428571428572
UOEMD,Diagnosis,Load_Loaded_Speed_15Hz,HUST_Gearbox + HUST + UORED,Multi-Head DL (TABNET),0.41250000000000003,0.41185897435897434,0.7324999999999999
UOEMD,Diagnosis,Load_Loaded_Speed_15Hz,HUST_Gearbox + HUST + Mechanical_Gear,Multi-Head DL (TABNET),0.375,0.30319148936170215,0.7978571428571428
UOEMD,Diagnosis,Load_Loaded_Speed_15Hz,HUST_Gearbox + HUST + Electric_Motor,Multi-Head DL (TABNET),0.375,0.3125,0.83125
UOEMD,Diagnosis,Load_Loaded_Speed_15Hz,HUST_Gearbox + PU + UORED,Multi-Head DL (TABNET),0.375,0.3309210526315789,0.6989285714285715
UOEMD,Diagnosis,Load_Loaded_Speed_15Hz,HUST_Gearbox + PU + Mechanical_Gear,Multi-Head DL (TABNET),0.5125,0.45319823545629995,0.74375
UOEMD,Diagnosis,Load_Loaded_Speed_15Hz,HUST_Gearbox + PU + Electric_Motor,Multi-Head DL (TABNET),0.35,0.2718253968253968,0.9141071428571428
UOEMD,Diagnosis,Load_Loaded_Speed_15Hz,HUST_Gearbox + UORED + Mechanical_Gear,Multi-Head DL (TABNET),0.4,0.37220916568742657,0.8042857142857143
UOEMD,Diagnosis,Load_Loaded_Speed_15Hz,HUST_Gearbox + UORED + Electric_Motor,Multi-Head DL (TABNET),0.6375,0.551521164021164,0.8578571428571429
UOEMD,Diagnosis,Load_Loaded_Speed_15Hz,HUST_Gearbox + Mechanical_Gear + Electric_Motor,Multi-Head DL (TABNET),0.6,0.5413093920953962,0.8108928571428572
UOEMD,Diagnosis,Load_Loaded_Speed_15Hz,HUST + PU + UORED,Multi-Head DL (TABNET),0.3875,0.34625668449197866,0.7639285714285714
UOEMD,Diagnosis,Load_Loaded_Speed_15Hz,HUST + PU + Mechanical_Gear,Multi-Head DL (TABNET),0.4,0.3193139097744361,0.6323214285714286
UOEMD,Diagnosis,Load_Loaded_Speed_15Hz,HUST + PU + Electric_Motor,Multi-Head DL (TABNET),0.4,0.33477011494252873,0.7669642857142858
UOEMD,Diagnosis,Load_Loaded_Speed_15Hz,HUST + UORED + Mechanical_Gear,Multi-Head DL (TABNET),0.375,0.3333333333333333,0.7544642857142858
UOEMD,Diagnosis,Load_Loaded_Speed_15Hz,HUST + UORED + Electric_Motor,Multi-Head DL (TABNET),0.4125,0.3574277168494516,0.7828571428571428
UOEMD,Diagnosis,Load_Loaded_Speed_15Hz,HUST + Mechanical_Gear + Electric_Motor,Multi-Head DL (TABNET),0.2625,0.26,0.7608928571428571
UOEMD,Diagnosis,Load_Loaded_Speed_15Hz,PU + UORED + Mechanical_Gear,Multi-Head DL (TABNET),0.325,0.2650462962962963,0.7280357142857143
UOEMD,Diagnosis,Load_Loaded_Speed_15Hz,PU + UORED + Electric_Motor,Multi-Head DL (TABNET),0.4,0.33890577507598785,0.7716071428571429
UOEMD,Diagnosis,Load_Loaded_Speed_15Hz,PU + Mechanical_Gear + Electric_Motor,Multi-Head DL (TABNET),0.4625,0.37768416927899684,0.7964285714285715
UOEMD,Diagnosis,Load_Loaded_Speed_15Hz,UORED + Mechanical_Gear + Electric_Motor,Multi-Head DL (TABNET),0.2875,0.3076923076923077,0.7748214285714287
UOEMD,Diagnosis,Load_Loaded_Speed_15Hz,CWRU_12k + CWRU_48k + HUST_Gearbox + HUST,Multi-Head DL (TABNET),0.4625,0.4118039664378337,0.8153571428571429
UOEMD,Diagnosis,Load_Loaded_Speed_15Hz,CWRU_12k + CWRU_48k + HUST_Gearbox + PU,Multi-Head DL (TABNET),0.375,0.2583333333333333,0.7457142857142858
UOEMD,Diagnosis,Load_Loaded_Speed_15Hz,CWRU_12k + CWRU_48k + HUST_Gearbox + UORED,Multi-Head DL (TABNET),0.6125,0.5352731104736257,0.8341071428571428
UOEMD,Diagnosis,Load_Loaded_Speed_15Hz,CWRU_12k + CWRU_48k + HUST_Gearbox + Mechanical_Gear,Multi-Head DL (TABNET),0.6625,0.6062580437580437,0.8217857142857143
UOEMD,Diagnosis,Load_Loaded_Speed_15Hz,CWRU_12k + CWRU_48k + HUST_Gearbox + Electric_Motor,Multi-Head DL (TABNET),0.5125,0.4754286283891547,0.8010714285714285
UOEMD,Diagnosis,Load_Loaded_Speed_15Hz,CWRU_12k + CWRU_48k + HUST + PU,Multi-Head DL (TABNET),0.35,0.3583759590792839,0.6569642857142857
UOEMD,Diagnosis,Load_Loaded_Speed_15Hz,CWRU_12k + CWRU_48k + HUST + UORED,Multi-Head DL (TABNET),0.425,0.43333333333333335,0.7898214285714286
UOEMD,Diagnosis,Load_Loaded_Speed_15Hz,CWRU_12k + CWRU_48k + HUST + Mechanical_Gear,Multi-Head DL (TABNET),0.5875,0.54375,0.8730357142857142
UOEMD,Diagnosis,Load_Loaded_Speed_15Hz,CWRU_12k + CWRU_48k + HUST + Electric_Motor,Multi-Head DL (TABNET),0.6125,0.5385737009544008,0.7914285714285714
UOEMD,Diagnosis,Load_Loaded_Speed_15Hz,CWRU_12k + CWRU_48k + PU + UORED,Multi-Head DL (TABNET),0.35,0.3033390738614619,0.88375
UOEMD,Diagnosis,Load_Loaded_Speed_15Hz,CWRU_12k + CWRU_48k + PU + Mechanical_Gear,Multi-Head DL (TABNET),0.5,0.3833333333333333,0.74
UOEMD,Diagnosis,Load_Loaded_Speed_15Hz,CWRU_12k + CWRU_48k + PU + Electric_Motor,Multi-Head DL (TABNET),0.375,0.3027777777777778,0.6369642857142856
UOEMD,Diagnosis,Load_Loaded_Speed_15Hz,CWRU_12k + CWRU_48k + UORED + Mechanical_Gear,Multi-Head DL (TABNET),0.5375,0.4622823984526112,0.8175
UOEMD,Diagnosis,Load_Loaded_Speed_15Hz,CWRU_12k + CWRU_48k + UORED + Electric_Motor,Multi-Head DL (TABNET),0.5,0.425,0.7669642857142858
UOEMD,Diagnosis,Load_Loaded_Speed_15Hz,CWRU_12k + CWRU_48k + Mechanical_Gear + Electric_Motor,Multi-Head DL (TABNET),0.375,0.3333333333333333,0.7758928571428572
UOEMD,Diagnosis,Load_Loaded_Speed_15Hz,CWRU_12k + HUST_Gearbox + HUST + PU,Multi-Head DL (TABNET),0.05,0.08041958041958042,0.6433928571428571
UOEMD,Diagnosis,Load_Loaded_Speed_15Hz,CWRU_12k + HUST_Gearbox + HUST + UORED,Multi-Head DL (TABNET),0.475,0.36979166666666663,0.8167857142857142
UOEMD,Diagnosis,Load_Loaded_Speed_15Hz,CWRU_12k + HUST_Gearbox + HUST + Mechanical_Gear,Multi-Head DL (TABNET),0.5,0.42401960784313725,0.8346428571428571
UOEMD,Diagnosis,Load_Loaded_Speed_15Hz,CWRU_12k + HUST_Gearbox + HUST + Electric_Motor,Multi-Head DL (TABNET),0.3875,0.319023569023569,0.6423214285714286
UOEMD,Diagnosis,Load_Loaded_Speed_15Hz,CWRU_12k + HUST_Gearbox + PU + UORED,Multi-Head DL (TABNET),0.4875,0.37329931972789115,0.75
UOEMD,Diagnosis,Load_Loaded_Speed_15Hz,CWRU_12k + HUST_Gearbox + PU + Mechanical_Gear,Multi-Head DL (TABNET),0.6,0.48549478535047297,0.7207142857142858
UOEMD,Diagnosis,Load_Loaded_Speed_15Hz,CWRU_12k + HUST_Gearbox + PU + Electric_Motor,Multi-Head DL (TABNET),0.475,0.4175531914893617,0.8398214285714286
UOEMD,Diagnosis,Load_Loaded_Speed_15Hz,CWRU_12k + HUST_Gearbox + UORED + Mechanical_Gear,Multi-Head DL (TABNET),0.4375,0.3787878787878788,0.7610714285714286
UOEMD,Diagnosis,Load_Loaded_Speed_15Hz,CWRU_12k + HUST_Gearbox + UORED + Electric_Motor,Multi-Head DL (TABNET),0.3625,0.288135593220339,0.8198214285714285
UOEMD,Diagnosis,Load_Loaded_Speed_15Hz,CWRU_12k + HUST_Gearbox + Mechanical_Gear + Electric_Motor,Multi-Head DL (TABNET),0.325,0.29054054054054057,0.7714285714285715
UOEMD,Diagnosis,Load_Loaded_Speed_15Hz,CWRU_12k + HUST + PU + UORED,Multi-Head DL (TABNET),0.5,0.42401960784313725,0.7941071428571429
UOEMD,Diagnosis,Load_Loaded_Speed_15Hz,CWRU_12k + HUST + PU + Mechanical_Gear,Multi-Head DL (TABNET),0.3125,0.23204022988505746,0.7285714285714286
UOEMD,Diagnosis,Load_Loaded_Speed_15Hz,CWRU_12k + HUST + PU + Electric_Motor,Multi-Head DL (TABNET),0.45,0.40691489361702127,0.8005357142857144
UOEMD,Diagnosis,Load_Loaded_Speed_15Hz,CWRU_12k + HUST + UORED + Mechanical_Gear,Multi-Head DL (TABNET),0.5,0.4375,0.9276785714285715
UOEMD,Diagnosis,Load_Loaded_Speed_15Hz,CWRU_12k + HUST + UORED + Electric_Motor,Multi-Head DL (TABNET),0.5,0.4411483253588517,0.9080357142857143
UOEMD,Diagnosis,Load_Loaded_Speed_15Hz,CWRU_12k + HUST + Mechanical_Gear + Electric_Motor,Multi-Head DL (TABNET),0.675,0.6126923076923076,0.8794642857142858
UOEMD,Diagnosis,Load_Loaded_Speed_15Hz,CWRU_12k + PU + UORED + Mechanical_Gear,Multi-Head DL (TABNET),0.05,0.07142857142857142,0.5944642857142857
UOEMD,Diagnosis,Load_Loaded_Speed_15Hz,CWRU_12k + PU + UORED + Electric_Motor,Multi-Head DL (TABNET),0.35,0.30078659370725036,0.7185714285714286
UOEMD,Diagnosis,Load_Loaded_Speed_15Hz,CWRU_12k + PU + Mechanical_Gear + Electric_Motor,Multi-Head DL (TABNET),0.42500000000000004,0.372276688453159,0.7353571428571429
UOEMD,Diagnosis,Load_Loaded_Speed_15Hz,CWRU_12k + UORED + Mechanical_Gear + Electric_Motor,Multi-Head DL (TABNET),0.425,0.3865367965367965,0.7492857142857143
UOEMD,Diagnosis,Load_Loaded_Speed_15Hz,CWRU_48k + HUST_Gearbox + HUST + PU,Multi-Head DL (TABNET),0.3875,0.2883558220889555,0.7621428571428571
UOEMD,Diagnosis,Load_Loaded_Speed_15Hz,CWRU_48k + HUST_Gearbox + HUST + UORED,Multi-Head DL (TABNET),0.4,0.37006410256410255,0.8267857142857142
UOEMD,Diagnosis,Load_Loaded_Speed_15Hz,CWRU_48k + HUST_Gearbox + HUST + Mechanical_Gear,Multi-Head DL (TABNET),0.3625,0.3180896565814486,0.7292857142857143
UOEMD,Diagnosis,Load_Loaded_Speed_15Hz,CWRU_48k + HUST_Gearbox + HUST + Electric_Motor,Multi-Head DL (TABNET),0.5,0.3839285714285714,0.8475
UOEMD,Diagnosis,Load_Loaded_Speed_15Hz,CWRU_48k + HUST_Gearbox + PU + UORED,Multi-Head DL (TABNET),0.4125,0.34867591424968475,0.75125
UOEMD,Diagnosis,Load_Loaded_Speed_15Hz,CWRU_48k + HUST_Gearbox + PU + Mechanical_Gear,Multi-Head DL (TABNET),0.3375,0.24849759615384615,0.8791071428571429
UOEMD,Diagnosis,Load_Loaded_Speed_15Hz,CWRU_48k + HUST_Gearbox + PU + Electric_Motor,Multi-Head DL (TABNET),0.6125,0.5111019736842105,0.8669642857142857
UOEMD,Diagnosis,Load_Loaded_Speed_15Hz,CWRU_48k + HUST_Gearbox + UORED + Mechanical_Gear,Multi-Head DL (TABNET),0.4,0.3300634550634551,0.8144642857142856
UOEMD,Diagnosis,Load_Loaded_Speed_15Hz,CWRU_48k + HUST_Gearbox + UORED + Electric_Motor,Multi-Head DL (TABNET),0.5375,0.4449148972025615,0.7564285714285715
UOEMD,Diagnosis,Load_Loaded_Speed_15Hz,CWRU_48k + HUST_Gearbox + Mechanical_Gear + Electric_Motor,Multi-Head DL (TABNET),0.5625,0.531710861602166,0.8644642857142857
UOEMD,Diagnosis,Load_Loaded_Speed_15Hz,CWRU_48k + HUST + PU + UORED,Multi-Head DL (TABNET),0.55,0.46961152882205515,0.8655357142857143
UOEMD,Diagnosis,Load_Loaded_Speed_15Hz,CWRU_48k + HUST + PU + Mechanical_Gear,Multi-Head DL (TABNET),0.4375,0.37243589743589745,0.8041071428571429
UOEMD,Diagnosis,Load_Loaded_Speed_15Hz,CWRU_48k + HUST + PU + Electric_Motor,Multi-Head DL (TABNET),0.25,0.16810344827586207,0.6396428571428572
UOEMD,Diagnosis,Load_Loaded_Speed_15Hz,CWRU_48k + HUST + UORED + Mechanical_Gear,Multi-Head DL (TABNET),0.35,0.3016381766381766,0.7783928571428571
UOEMD,Diagnosis,Load_Loaded_Speed_15Hz,CWRU_48k + HUST + UORED + Electric_Motor,Multi-Head DL (TABNET),0.275,0.26529605263157896,0.7180357142857143
UOEMD,Diagnosis,Load_Loaded_Speed_15Hz,CWRU_48k + HUST + Mechanical_Gear + Electric_Motor,Multi-Head DL (TABNET),0.65,0.5911879212196558,0.8516071428571428
UOEMD,Diagnosis,Load_Loaded_Speed_15Hz,CWRU_48k + PU + UORED + Mechanical_Gear,Multi-Head DL (TABNET),0.6875,0.6070893124866138,0.8925
UOEMD,Diagnosis,Load_Loaded_Speed_15Hz,CWRU_48k + PU + UORED + Electric_Motor,Multi-Head DL (TABNET),0.3875,0.3158307210031348,0.791607142857143
UOEMD,Diagnosis,Load_Loaded_Speed_15Hz,CWRU_48k + PU + Mechanical_Gear + Electric_Motor,Multi-Head DL (TABNET),0.375,0.375,0.749642857142857
UOEMD,Diagnosis,Load_Loaded_Speed_15Hz,CWRU_48k + UORED + Mechanical_Gear + Electric_Motor,Multi-Head DL (TABNET),0.625,0.5292933810375671,0.8625
UOEMD,Diagnosis,Load_Loaded_Speed_15Hz,HUST_Gearbox + HUST + PU + UORED,Multi-Head DL (TABNET),0.325,0.3382352941176471,0.6405357142857142
UOEMD,Diagnosis,Load_Loaded_Speed_15Hz,HUST_Gearbox + HUST + PU + Mechanical_Gear,Multi-Head DL (TABNET),0.375,0.2923728813559322,0.7278571428571429
UOEMD,Diagnosis,Load_Loaded_Speed_15Hz,HUST_Gearbox + HUST + PU + Electric_Motor,Multi-Head DL (TABNET),0.375,0.2485294117647059,0.6282142857142857
UOEMD,Diagnosis,Load_Loaded_Speed_15Hz,HUST_Gearbox + HUST + UORED + Mechanical_Gear,Multi-Head DL (TABNET),0.25,0.25,0.6971428571428572
UOEMD,Diagnosis,Load_Loaded_Speed_15Hz,HUST_Gearbox + HUST + UORED + Electric_Motor,Multi-Head DL (TABNET),0.5,0.4121510673234811,0.8651785714285715
UOEMD,Diagnosis,Load_Loaded_Speed_15Hz,HUST_Gearbox + HUST + Mechanical_Gear + Electric_Motor,Multi-Head DL (TABNET),0.5,0.39087301587301587,0.8455357142857143
UOEMD,Diagnosis,Load_Loaded_Speed_15Hz,HUST_Gearbox + PU + UORED + Mechanical_Gear,Multi-Head DL (TABNET),0.4375,0.3914728682170543,0.7496428571428572
UOEMD,Diagnosis,Load_Loaded_Speed_15Hz,HUST_Gearbox + PU + UORED + Electric_Motor,Multi-Head DL (TABNET),0.475,0.3734737484737485,0.7758928571428572
UOEMD,Diagnosis,Load_Loaded_Speed_15Hz,HUST_Gearbox + PU + Mechanical_Gear + Electric_Motor,Multi-Head DL (TABNET),0.38749999999999996,0.3190938013136289,0.7741071428571429
UOEMD,Diagnosis,Load_Loaded_Speed_15Hz,HUST_Gearbox + UORED + Mechanical_Gear + Electric_Motor,Multi-Head DL (TABNET),0.375,0.3141025641025641,0.8542857142857143
UOEMD,Diagnosis,Load_Loaded_Speed_15Hz,HUST + PU + UORED + Mechanical_Gear,Multi-Head DL (TABNET),0.45,0.3836538461538461,0.8521428571428571
UOEMD,Diagnosis,Load_Loaded_Speed_15Hz,HUST + PU + UORED + Electric_Motor,Multi-Head DL (TABNET),0.375,0.29166666666666663,0.8116071428571429
UOEMD,Diagnosis,Load_Loaded_Speed_15Hz,HUST + PU + Mechanical_Gear + Electric_Motor,Multi-Head DL (TABNET),0.375,0.2802795031055901,0.6055357142857143
UOEMD,Diagnosis,Load_Loaded_Speed_15Hz,HUST + UORED + Mechanical_Gear + Electric_Motor,Multi-Head DL (TABNET),0.5,0.425,0.7289285714285714
UOEMD,Diagnosis,Load_Loaded_Speed_15Hz,PU + UORED + Mechanical_Gear + Electric_Motor,Multi-Head DL (TABNET),0.475,0.3798116298116298,0.864642857142857
UOEMD,Diagnosis,Load_Loaded_Speed_15Hz,CWRU_12k + CWRU_48k + HUST_Gearbox + HUST + PU,Multi-Head DL (TABNET),0.4625,0.36722689075630255,0.8083928571428571
UOEMD,Diagnosis,Load_Loaded_Speed_15Hz,CWRU_12k + CWRU_48k + HUST_Gearbox + HUST + UORED,Multi-Head DL (TABNET),0.42500000000000004,0.4052599249967671,0.7969642857142858
UOEMD,Diagnosis,Load_Loaded_Speed_15Hz,CWRU_12k + CWRU_48k + HUST_Gearbox + HUST + Mechanical_Gear,Multi-Head DL (TABNET),0.45,0.4066849816849817,0.81
UOEMD,Diagnosis,Load_Loaded_Speed_15Hz,CWRU_12k + CWRU_48k + HUST_Gearbox + HUST + Electric_Motor,Multi-Head DL (TABNET),0.5125,0.4214341692789969,0.8382142857142858
UOEMD,Diagnosis,Load_Loaded_Speed_15Hz,CWRU_12k + CWRU_48k + HUST_Gearbox + PU + UORED,Multi-Head DL (TABNET),0.42500000000000004,0.3641098484848485,0.7846428571428571
UOEMD,Diagnosis,Load_Loaded_Speed_15Hz,CWRU_12k + CWRU_48k + HUST_Gearbox + PU + Mechanical_Gear,Multi-Head DL (TABNET),0.3625,0.3023255813953488,0.7771428571428571
UOEMD,Diagnosis,Load_Loaded_Speed_15Hz,CWRU_12k + CWRU_48k + HUST_Gearbox + PU + Electric_Motor,Multi-Head DL (TABNET),0.375,0.2375,0.696607142857143
UOEMD,Diagnosis,Load_Loaded_Speed_15Hz,CWRU_12k + CWRU_48k + HUST_Gearbox + UORED + Mechanical_Gear,Multi-Head DL (TABNET),0.3875,0.325,0.8032142857142857
UOEMD,Diagnosis,Load_Loaded_Speed_15Hz,CWRU_12k + CWRU_48k + HUST_Gearbox + UORED + Electric_Motor,Multi-Head DL (TABNET),0.375,0.28846153846153844,0.7541071428571429
UOEMD,Diagnosis,Load_Loaded_Speed_15Hz,CWRU_12k + CWRU_48k + HUST_Gearbox + Mechanical_Gear + Electric_Motor,Multi-Head DL (TABNET),0.5,0.38499298737727905,0.7828571428571429
UOEMD,Diagnosis,Load_Loaded_Speed_15Hz,CWRU_12k + CWRU_48k + HUST + PU + UORED,Multi-Head DL (TABNET),0.32499999999999996,0.23018162393162395,0.7798214285714286
UOEMD,Diagnosis,Load_Loaded_Speed_15Hz,CWRU_12k + CWRU_48k + HUST + PU + Mechanical_Gear,Multi-Head DL (TABNET),0.375,0.2857142857142857,0.7483928571428571
UOEMD,Diagnosis,Load_Loaded_Speed_15Hz,CWRU_12k + CWRU_48k + HUST + PU + Electric_Motor,Multi-Head DL (TABNET),0.4,0.3329124579124579,0.8701785714285715
UOEMD,Diagnosis,Load_Loaded_Speed_15Hz,CWRU_12k + CWRU_48k + HUST + UORED + Mechanical_Gear,Multi-Head DL (TABNET),0.6,0.5247474747474747,0.8685714285714285
UOEMD,Diagnosis,Load_Loaded_Speed_15Hz,CWRU_12k + CWRU_48k + HUST + UORED + Electric_Motor,Multi-Head DL (TABNET),0.4375,0.3762626262626263,0.80125
UOEMD,Diagnosis,Load_Loaded_Speed_15Hz,CWRU_12k + CWRU_48k + HUST + Mechanical_Gear + Electric_Motor,Multi-Head DL (TABNET),0.375,0.25219298245614036,0.8023214285714285
UOEMD,Diagnosis,Load_Loaded_Speed_15Hz,CWRU_12k + CWRU_48k + PU + UORED + Mechanical_Gear,Multi-Head DL (TABNET),0.4,0.3217703349282297,0.8714285714285714
UOEMD,Diagnosis,Load_Loaded_Speed_15Hz,CWRU_12k + CWRU_48k + PU + UORED + Electric_Motor,Multi-Head DL (TABNET),0.275,0.20148072266716335,0.7291071428571428
UOEMD,Diagnosis,Load_Loaded_Speed_15Hz,CWRU_12k + CWRU_48k + PU + Mechanical_Gear + Electric_Motor,Multi-Head DL (TABNET),0.525,0.4666666666666667,0.84625
UOEMD,Diagnosis,Load_Loaded_Speed_15Hz,CWRU_12k + CWRU_48k + UORED + Mechanical_Gear + Electric_Motor,Multi-Head DL (TABNET),0.5,0.419047619047619,0.7798214285714287
UOEMD,Diagnosis,Load_Loaded_Speed_15Hz,CWRU_12k + HUST_Gearbox + HUST + PU + UORED,Multi-Head DL (TABNET),0.3875,0.31750572082379863,0.6676785714285715
UOEMD,Diagnosis,Load_Loaded_Speed_15Hz,CWRU_12k + HUST_Gearbox + HUST + PU + Mechanical_Gear,Multi-Head DL (TABNET),0.5125,0.4767928150281092,0.9266071428571429
UOEMD,Diagnosis,Load_Loaded_Speed_15Hz,CWRU_12k + HUST_Gearbox + HUST + PU + Electric_Motor,Multi-Head DL (TABNET),0.225,0.22976190476190475,0.6723214285714285
UOEMD,Diagnosis,Load_Loaded_Speed_15Hz,CWRU_12k + HUST_Gearbox + HUST + UORED + Mechanical_Gear,Multi-Head DL (TABNET),0.55,0.47101449275362317,0.8630357142857144
UOEMD,Diagnosis,Load_Loaded_Speed_15Hz,CWRU_12k + HUST_Gearbox + HUST + UORED + Electric_Motor,Multi-Head DL (TABNET),0.25,0.2661483253588517,0.7507142857142857
UOEMD,Diagnosis,Load_Loaded_Speed_15Hz,CWRU_12k + HUST_Gearbox + HUST + Mechanical_Gear + Electric_Motor,Multi-Head DL (TABNET),0.4375,0.3472222222222222,0.8116071428571427
UOEMD,Diagnosis,Load_Loaded_Speed_15Hz,CWRU_12k + HUST_Gearbox + PU + UORED + Mechanical_Gear,Multi-Head DL (TABNET),0.4,0.32707509881422925,0.8635714285714287
UOEMD,Diagnosis,Load_Loaded_Speed_15Hz,CWRU_12k + HUST_Gearbox + PU + UORED + Electric_Motor,Multi-Head DL (TABNET),0.475,0.4444444444444444,0.8189285714285715
UOEMD,Diagnosis,Load_Loaded_Speed_15Hz,CWRU_12k + HUST_Gearbox + PU + Mechanical_Gear + Electric_Motor,Multi-Head DL (TABNET),0.1875,0.17493535875888816,0.656607142857143
UOEMD,Diagnosis,Load_Loaded_Speed_15Hz,CWRU_12k + HUST_Gearbox + UORED + Mechanical_Gear + Electric_Motor,Multi-Head DL (TABNET),0.425,0.3589341692789969,0.79125
UOEMD,Diagnosis,Load_Loaded_Speed_15Hz,CWRU_12k + HUST + PU + UORED + Mechanical_Gear,Multi-Head DL (TABNET),0.3375,0.32954545454545453,0.7089285714285715
UOEMD,Diagnosis,Load_Loaded_Speed_15Hz,CWRU_12k + HUST + PU + UORED + Electric_Motor,Multi-Head DL (TABNET),0.475,0.4164578111946533,0.6926785714285715
UOEMD,Diagnosis,Load_Loaded_Speed_15Hz,CWRU_12k + HUST + PU + Mechanical_Gear + Electric_Motor,Multi-Head DL (TABNET),0.22499999999999998,0.16729323308270677,0.6971428571428572
UOEMD,Diagnosis,Load_Loaded_Speed_15Hz,CWRU_12k + HUST + UORED + Mechanical_Gear + Electric_Motor,Multi-Head DL (TABNET),0.3875,0.319023569023569,0.7839285714285714
UOEMD,Diagnosis,Load_Loaded_Speed_15Hz,CWRU_12k + PU + UORED + Mechanical_Gear + Electric_Motor,Multi-Head DL (TABNET),0.375,0.2916666666666667,0.5364285714285715
UOEMD,Diagnosis,Load_Loaded_Speed_15Hz,CWRU_48k + HUST_Gearbox + HUST + PU + UORED,Multi-Head DL (TABNET),0.25,0.1607142857142857,0.7114285714285715
UOEMD,Diagnosis,Load_Loaded_Speed_15Hz,CWRU_48k + HUST_Gearbox + HUST + PU + Mechanical_Gear,Multi-Head DL (TABNET),0.5,0.41666666666666663,0.7007142857142857
UOEMD,Diagnosis,Load_Loaded_Speed_15Hz,CWRU_48k + HUST_Gearbox + HUST + PU + Electric_Motor,Multi-Head DL (TABNET),0.4375,0.3401988375087371,0.6310714285714286
UOEMD,Diagnosis,Load_Loaded_Speed_15Hz,CWRU_48k + HUST_Gearbox + HUST + UORED + Mechanical_Gear,Multi-Head DL (TABNET),0.375,0.3214285714285714,0.7135714285714285
UOEMD,Diagnosis,Load_Loaded_Speed_15Hz,CWRU_48k + HUST_Gearbox + HUST + UORED + Electric_Motor,Multi-Head DL (TABNET),0.4375,0.369047619047619,0.7783928571428571
UOEMD,Diagnosis,Load_Loaded_Speed_15Hz,CWRU_48k + HUST_Gearbox + HUST + Mechanical_Gear + Electric_Motor,Multi-Head DL (TABNET),0.375,0.2931034482758621,0.8251785714285714
UOEMD,Diagnosis,Load_Loaded_Speed_15Hz,CWRU_48k + HUST_Gearbox + PU + UORED + Mechanical_Gear,Multi-Head DL (TABNET),0.3875,0.2722069597069597,0.8369642857142856
UOEMD,Diagnosis,Load_Loaded_Speed_15Hz,CWRU_48k + HUST_Gearbox + PU + UORED + Electric_Motor,Multi-Head DL (TABNET),0.45,0.3952991452991453,0.8142857142857143
UOEMD,Diagnosis,Load_Loaded_Speed_15Hz,CWRU_48k + HUST_Gearbox + PU + Mechanical_Gear + Electric_Motor,Multi-Head DL (TABNET),0.3125,0.3125,0.7096428571428571
UOEMD,Diagnosis,Load_Loaded_Speed_15Hz,CWRU_48k + HUST_Gearbox + UORED + Mechanical_Gear + Electric_Motor,Multi-Head DL (TABNET),0.5,0.3873626373626374,0.7853571428571429
UOEMD,Diagnosis,Load_Loaded_Speed_15Hz,CWRU_48k + HUST + PU + UORED + Mechanical_Gear,Multi-Head DL (TABNET),0.375,0.3094532279314888,0.77625
UOEMD,Diagnosis,Load_Loaded_Speed_15Hz,CWRU_48k + HUST + PU + UORED + Electric_Motor,Multi-Head DL (TABNET),0.6125,0.5495697290774018,0.8460714285714286
UOEMD,Diagnosis,Load_Loaded_Speed_15Hz,CWRU_48k + HUST + PU + Mechanical_Gear + Electric_Motor,Multi-Head DL (TABNET),0.375,0.2891156462585034,0.6989285714285713
UOEMD,Diagnosis,Load_Loaded_Speed_15Hz,CWRU_48k + HUST + UORED + Mechanical_Gear + Electric_Motor,Multi-Head DL (TABNET),0.6125,0.5198402948402948,0.9114285714285715
UOEMD,Diagnosis,Load_Loaded_Speed_15Hz,CWRU_48k + PU + UORED + Mechanical_Gear + Electric_Motor,Multi-Head DL (TABNET),0.425,0.33563134978229314,0.7773214285714286
UOEMD,Diagnosis,Load_Loaded_Speed_15Hz,HUST_Gearbox + HUST + PU + UORED + Mechanical_Gear,Multi-Head DL (TABNET),0.325,0.29285714285714287,0.7089285714285715
UOEMD,Diagnosis,Load_Loaded_Speed_15Hz,HUST_Gearbox + HUST + PU + UORED + Electric_Motor,Multi-Head DL (TABNET),0.375,0.3143408134642356,0.6098214285714285
UOEMD,Diagnosis,Load_Loaded_Speed_15Hz,HUST_Gearbox + HUST + PU + Mechanical_Gear + Electric_Motor,Multi-Head DL (TABNET),0.275,0.20135382635382637,0.78
UOEMD,Diagnosis,Load_Loaded_Speed_15Hz,HUST_Gearbox + HUST + UORED + Mechanical_Gear + Electric_Motor,Multi-Head DL (TABNET),0.27499999999999997,0.22004528039010798,0.695
UOEMD,Diagnosis,Load_Loaded_Speed_15Hz,HUST_Gearbox + PU + UORED + Mechanical_Gear + Electric_Motor,Multi-Head DL (TABNET),0.4875,0.4184210526315789,0.7467857142857143
UOEMD,Diagnosis,Load_Loaded_Speed_15Hz,HUST + PU + UORED + Mechanical_Gear + Electric_Motor,Multi-Head DL (TABNET),0.3875,0.35895770668125054,0.6332142857142857
UOEMD,Diagnosis,Load_Loaded_Speed_15Hz,CWRU_12k + CWRU_48k + HUST_Gearbox + HUST + PU + UORED,Multi-Head DL (TABNET),0.2625,0.21395498332370644,0.7367857142857144
UOEMD,Diagnosis,Load_Loaded_Speed_15Hz,CWRU_12k + CWRU_48k + HUST_Gearbox + HUST + PU + Mechanical_Gear,Multi-Head DL (TABNET),0.25,0.16666666666666666,0.7716071428571428
UOEMD,Diagnosis,Load_Loaded_Speed_15Hz,CWRU_12k + CWRU_48k + HUST_Gearbox + HUST + PU + Electric_Motor,Multi-Head DL (TABNET),0.325,0.26552287581699346,0.6414285714285713
UOEMD,Diagnosis,Load_Loaded_Speed_15Hz,CWRU_12k + CWRU_48k + HUST_Gearbox + HUST + UORED + Mechanical_Gear,Multi-Head DL (TABNET),0.575,0.499883504193849,0.80875
UOEMD,Diagnosis,Load_Loaded_Speed_15Hz,CWRU_12k + CWRU_48k + HUST_Gearbox + HUST + UORED + Electric_Motor,Multi-Head DL (TABNET),0.45,0.3891010949834479,0.8044642857142856
UOEMD,Diagnosis,Load_Loaded_Speed_15Hz,CWRU_12k + CWRU_48k + HUST_Gearbox + HUST + Mechanical_Gear + Electric_Motor,Multi-Head DL (TABNET),0.45,0.35245128849780016,0.8257142857142857
UOEMD,Diagnosis,Load_Loaded_Speed_15Hz,CWRU_12k + CWRU_48k + HUST_Gearbox + PU + UORED + Mechanical_Gear,Multi-Head DL (TABNET),0.5125,0.4384469696969697,0.8228571428571428
UOEMD,Diagnosis,Load_Loaded_Speed_15Hz,CWRU_12k + CWRU_48k + HUST_Gearbox + PU + UORED + Electric_Motor,Multi-Head DL (TABNET),0.5,0.46952639751552794,0.8605357142857143
UOEMD,Diagnosis,Load_Loaded_Speed_15Hz,CWRU_12k + CWRU_48k + HUST_Gearbox + PU + Mechanical_Gear + Electric_Motor,Multi-Head DL (TABNET),0.375,0.3055555555555556,0.7728571428571429
UOEMD,Diagnosis,Load_Loaded_Speed_15Hz,CWRU_12k + CWRU_48k + HUST_Gearbox + UORED + Mechanical_Gear + Electric_Motor,Multi-Head DL (TABNET),0.425,0.37222222222222223,0.80625
UOEMD,Diagnosis,Load_Loaded_Speed_15Hz,CWRU_12k + CWRU_48k + HUST + PU + UORED + Mechanical_Gear,Multi-Head DL (TABNET),0.525,0.45728291316526615,0.8344642857142857
UOEMD,Diagnosis,Load_Loaded_Speed_15Hz,CWRU_12k + CWRU_48k + HUST + PU + UORED + Electric_Motor,Multi-Head DL (TABNET),0.3375,0.27896158463385357,0.7414285714285714
UOEMD,Diagnosis,Load_Loaded_Speed_15Hz,CWRU_12k + CWRU_48k + HUST + PU + Mechanical_Gear + Electric_Motor,Multi-Head DL (TABNET),0.7125,0.6875,0.8500000000000001
UOEMD,Diagnosis,Load_Loaded_Speed_15Hz,CWRU_12k + CWRU_48k + HUST + UORED + Mechanical_Gear + Electric_Motor,Multi-Head DL (TABNET),0.5,0.425,0.7221428571428572
UOEMD,Diagnosis,Load_Loaded_Speed_15Hz,CWRU_12k + CWRU_48k + PU + UORED + Mechanical_Gear + Electric_Motor,Multi-Head DL (TABNET),0.375,0.28846153846153844,0.6867857142857143
UOEMD,Diagnosis,Load_Loaded_Speed_15Hz,CWRU_12k + HUST_Gearbox + HUST + PU + UORED + Mechanical_Gear,Multi-Head DL (TABNET),0.4125,0.3455546026300743,0.7851785714285715
UOEMD,Diagnosis,Load_Loaded_Speed_15Hz,CWRU_12k + HUST_Gearbox + HUST + PU + UORED + Electric_Motor,Multi-Head DL (TABNET),0.425,0.38361106978128257,0.8680357142857142
UOEMD,Diagnosis,Load_Loaded_Speed_15Hz,CWRU_12k + HUST_Gearbox + HUST + PU + Mechanical_Gear + Electric_Motor,Multi-Head DL (TABNET),0.25,0.25,0.6371428571428572
UOEMD,Diagnosis,Load_Loaded_Speed_15Hz,CWRU_12k + HUST_Gearbox + HUST + UORED + Mechanical_Gear + Electric_Motor,Multi-Head DL (TABNET),0.5625,0.5021645021645021,0.8789285714285714
UOEMD,Diagnosis,Load_Loaded_Speed_15Hz,CWRU_12k + HUST_Gearbox + PU + UORED + Mechanical_Gear + Electric_Motor,Multi-Head DL (TABNET),0.4875,0.4184210526315789,0.8083928571428571
UOEMD,Diagnosis,Load_Loaded_Speed_15Hz,CWRU_12k + HUST + PU + UORED + Mechanical_Gear + Electric_Motor,Multi-Head DL (TABNET),0.275,0.19848560079443894,0.6830357142857143
UOEMD,Diagnosis,Load_Loaded_Speed_15Hz,CWRU_48k + HUST_Gearbox + HUST + PU + UORED + Mechanical_Gear,Multi-Head DL (TABNET),0.2875,0.2647058823529412,0.708392857142857
UOEMD,Diagnosis,Load_Loaded_Speed_15Hz,CWRU_48k + HUST_Gearbox + HUST + PU + UORED + Electric_Motor,Multi-Head DL (TABNET),0.375,0.3,0.7853571428571429
UOEMD,Diagnosis,Load_Loaded_Speed_15Hz,CWRU_48k + HUST_Gearbox + HUST + PU + Mechanical_Gear + Electric_Motor,Multi-Head DL (TABNET),0.2875,0.213996138996139,0.7241071428571428
UOEMD,Diagnosis,Load_Loaded_Speed_15Hz,CWRU_48k + HUST_Gearbox + HUST + UORED + Mechanical_Gear + Electric_Motor,Multi-Head DL (TABNET),0.375,0.30952380952380953,0.7383928571428572
UOEMD,Diagnosis,Load_Loaded_Speed_15Hz,CWRU_48k + HUST_Gearbox + PU + UORED + Mechanical_Gear + Electric_Motor,Multi-Head DL (TABNET),0.2875,0.3076923076923077,0.6675
UOEMD,Diagnosis,Load_Loaded_Speed_15Hz,CWRU_48k + HUST + PU + UORED + Mechanical_Gear + Electric_Motor,Multi-Head DL (TABNET),0.375,0.3345821783321783,0.8405357142857143
UOEMD,Diagnosis,Load_Loaded_Speed_15Hz,HUST_Gearbox + HUST + PU + UORED + Mechanical_Gear + Electric_Motor,Multi-Head DL (TABNET),0.4,0.34178321678321677,0.8898214285714285
UOEMD,Diagnosis,Load_Loaded_Speed_15Hz,CWRU_12k + CWRU_48k + HUST_Gearbox + HUST + PU + UORED + Mechanical_Gear,Multi-Head DL (TABNET),0.5,0.41964285714285715,0.8060714285714285
UOEMD,Diagnosis,Load_Loaded_Speed_15Hz,CWRU_12k + CWRU_48k + HUST_Gearbox + HUST + PU + UORED + Electric_Motor,Multi-Head DL (TABNET),0.4125,0.33418803418803417,0.7873214285714285
UOEMD,Diagnosis,Load_Loaded_Speed_15Hz,CWRU_12k + CWRU_48k + HUST_Gearbox + HUST + PU + Mechanical_Gear + Electric_Motor,Multi-Head DL (TABNET),0.375,0.29166666666666663,0.7075
UOEMD,Diagnosis,Load_Loaded_Speed_15Hz,CWRU_12k + CWRU_48k + HUST_Gearbox + HUST + UORED + Mechanical_Gear + Electric_Motor,Multi-Head DL (TABNET),0.4875,0.4375,0.7403571428571429
UOEMD,Diagnosis,Load_Loaded_Speed_15Hz,CWRU_12k + CWRU_48k + HUST_Gearbox + PU + UORED + Mechanical_Gear + Electric_Motor,Multi-Head DL (TABNET),0.225,0.17763157894736842,0.7114285714285715
UOEMD,Diagnosis,Load_Loaded_Speed_15Hz,CWRU_12k + CWRU_48k + HUST + PU + UORED + Mechanical_Gear + Electric_Motor,Multi-Head DL (TABNET),0.325,0.34375,0.6446428571428572
UOEMD,Diagnosis,Load_Loaded_Speed_15Hz,CWRU_12k + HUST_Gearbox + HUST + PU + UORED + Mechanical_Gear + Electric_Motor,Multi-Head DL (TABNET),0.55,0.4567099567099567,0.8589285714285714
UOEMD,Diagnosis,Load_Loaded_Speed_15Hz,CWRU_48k + HUST_Gearbox + HUST + PU + UORED + Mechanical_Gear + Electric_Motor,Multi-Head DL (TABNET),0.375,0.30434782608695654,0.84375
UOEMD,Diagnosis,Load_Loaded_Speed_15Hz,CWRU_12k + CWRU_48k + HUST_Gearbox + HUST + PU + UORED + Mechanical_Gear + Electric_Motor,Multi-Head DL (TABNET),0.4625,0.4154411764705882,0.7032142857142858
UOEMD,Diagnosis,Load_Loaded_Speed_30Hz,CWRU_12k,Multi-Head DL (TABNET),0.5,0.41666666666666663,0.9241071428571429
UOEMD,Diagnosis,Load_Loaded_Speed_30Hz,CWRU_48k,Multi-Head DL (TABNET),0.6000000000000001,0.5601785714285714,0.8871428571428571
UOEMD,Diagnosis,Load_Loaded_Speed_30Hz,HUST_Gearbox,Multi-Head DL (TABNET),0.6125,0.4979247104247104,0.8880357142857143
UOEMD,Diagnosis,Load_Loaded_Speed_30Hz,HUST,Multi-Head DL (TABNET),0.625,0.5318627450980392,0.8805357142857142
UOEMD,Diagnosis,Load_Loaded_Speed_30Hz,PU,Multi-Head DL (TABNET),0.375,0.2931034482758621,0.7723214285714286
UOEMD,Diagnosis,Load_Loaded_Speed_30Hz,UORED,Multi-Head DL (TABNET),0.75,0.6886363636363637,0.9541071428571428
UOEMD,Diagnosis,Load_Loaded_Speed_30Hz,Mechanical_Gear,Multi-Head DL (TABNET),0.55,0.48075858250276854,0.8625
UOEMD,Diagnosis,Load_Loaded_Speed_30Hz,Electric_Motor,Multi-Head DL (TABNET),0.7375,0.6643907563025211,0.8733928571428571
UOEMD,Diagnosis,Load_Loaded_Speed_30Hz,CWRU_12k + CWRU_48k,Multi-Head DL (TABNET),0.475,0.4126729249011858,0.8267857142857142
UOEMD,Diagnosis,Load_Loaded_Speed_30Hz,CWRU_12k + HUST_Gearbox,Multi-Head DL (TABNET),0.625,0.5221825063078217,0.9135714285714286
UOEMD,Diagnosis,Load_Loaded_Speed_30Hz,CWRU_12k + HUST,Multi-Head DL (TABNET),0.6125,0.5923202614379085,0.9721428571428572
UOEMD,Diagnosis,Load_Loaded_Speed_30Hz,CWRU_12k + PU,Multi-Head DL (TABNET),0.475,0.47010869565217395,0.8514285714285714
UOEMD,Diagnosis,Load_Loaded_Speed_30Hz,CWRU_12k + UORED,Multi-Head DL (TABNET),0.45,0.3693609022556391,0.9116071428571428
UOEMD,Diagnosis,Load_Loaded_Speed_30Hz,CWRU_12k + Mechanical_Gear,Multi-Head DL (TABNET),0.875,0.8723856209150327,0.9948214285714285
UOEMD,Diagnosis,Load_Loaded_Speed_30Hz,CWRU_12k + Electric_Motor,Multi-Head DL (TABNET),0.55,0.49153116531165314,0.9075
UOEMD,Diagnosis,Load_Loaded_Speed_30Hz,CWRU_48k + HUST_Gearbox,Multi-Head DL (TABNET),0.6125,0.5576923076923077,0.8660714285714286
UOEMD,Diagnosis,Load_Loaded_Speed_30Hz,CWRU_48k + HUST,Multi-Head DL (TABNET),0.625,0.527073732718894,0.9737500000000001
UOEMD,Diagnosis,Load_Loaded_Speed_30Hz,CWRU_48k + PU,Multi-Head DL (TABNET),0.375,0.3,0.7321428571428572
UOEMD,Diagnosis,Load_Loaded_Speed_30Hz,CWRU_48k + UORED,Multi-Head DL (TABNET),0.725,0.6578976578976579,0.93125
UOEMD,Diagnosis,Load_Loaded_Speed_30Hz,CWRU_48k + Mechanical_Gear,Multi-Head DL (TABNET),0.48750000000000004,0.39503910068426196,0.8483928571428572
UOEMD,Diagnosis,Load_Loaded_Speed_30Hz,CWRU_48k + Electric_Motor,Multi-Head DL (TABNET),0.625,0.555433064643591,0.8739285714285714
UOEMD,Diagnosis,Load_Loaded_Speed_30Hz,HUST_Gearbox + HUST,Multi-Head DL (TABNET),0.8125,0.7784462269756387,0.9978571428571429
UOEMD,Diagnosis,Load_Loaded_Speed_30Hz,HUST_Gearbox + PU,Multi-Head DL (TABNET),0.325,0.29465334900117507,0.8314285714285714
UOEMD,Diagnosis,Load_Loaded_Speed_30Hz,HUST_Gearbox + UORED,Multi-Head DL (TABNET),0.5875,0.5539772727272727,0.9110714285714285
UOEMD,Diagnosis,Load_Loaded_Speed_30Hz,HUST_Gearbox + Mechanical_Gear,Multi-Head DL (TABNET),0.625,0.540719696969697,0.9758928571428571
UOEMD,Diagnosis,Load_Loaded_Speed_30Hz,HUST_Gearbox + Electric_Motor,Multi-Head DL (TABNET),0.75,0.678125,0.93625
UOEMD,Diagnosis,Load_Loaded_Speed_30Hz,HUST + PU,Multi-Head DL (TABNET),0.4,0.32876867602268056,0.8298214285714285
UOEMD,Diagnosis,Load_Loaded_Speed_30Hz,HUST + UORED,Multi-Head DL (TABNET),0.5,0.4583333333333333,0.8480357142857142
UOEMD,Diagnosis,Load_Loaded_Speed_30Hz,HUST + Mechanical_Gear,Multi-Head DL (TABNET),0.525,0.48255148741418763,0.7607142857142857
UOEMD,Diagnosis,Load_Loaded_Speed_30Hz,HUST + Electric_Motor,Multi-Head DL (TABNET),0.75,0.6831501831501832,0.9335714285714285
UOEMD,Diagnosis,Load_Loaded_Speed_30Hz,PU + UORED,Multi-Head DL (TABNET),0.8125,0.7666666666666666,0.8973214285714286
UOEMD,Diagnosis,Load_Loaded_Speed_30Hz,PU + Mechanical_Gear,Multi-Head DL (TABNET),0.5,0.4335212067147839,0.6951785714285714
UOEMD,Diagnosis,Load_Loaded_Speed_30Hz,PU + Electric_Motor,Multi-Head DL (TABNET),0.625,0.5208333333333333,0.9135714285714286
UOEMD,Diagnosis,Load_Loaded_Speed_30Hz,UORED + Mechanical_Gear,Multi-Head DL (TABNET),0.775,0.7391520013802622,0.9439285714285715
UOEMD,Diagnosis,Load_Loaded_Speed_30Hz,UORED + Electric_Motor,Multi-Head DL (TABNET),0.525,0.4777056277056277,0.9417857142857142
UOEMD,Diagnosis,Load_Loaded_Speed_30Hz,Mechanical_Gear + Electric_Motor,Multi-Head DL (TABNET),0.6,0.5422161172161172,0.9603571428571429
UOEMD,Diagnosis,Load_Loaded_Speed_30Hz,CWRU_12k + CWRU_48k + HUST_Gearbox,Multi-Head DL (TABNET),0.375,0.2923728813559322,0.8096428571428571
UOEMD,Diagnosis,Load_Loaded_Speed_30Hz,CWRU_12k + CWRU_48k + HUST,Multi-Head DL (TABNET),0.5,0.4166666666666667,0.76875
UOEMD,Diagnosis,Load_Loaded_Speed_30Hz,CWRU_12k + CWRU_48k + PU,Multi-Head DL (TABNET),0.4125,0.4013282732447818,0.7362500000000001
UOEMD,Diagnosis,Load_Loaded_Speed_30Hz,CWRU_12k + CWRU_48k + UORED,Multi-Head DL (TABNET),0.6375,0.5645793305693194,0.8633928571428571
UOEMD,Diagnosis,Load_Loaded_Speed_30Hz,CWRU_12k + CWRU_48k + Mechanical_Gear,Multi-Head DL (TABNET),0.4,0.33748114630467574,0.8742857142857143
UOEMD,Diagnosis,Load_Loaded_Speed_30Hz,CWRU_12k + CWRU_48k + Electric_Motor,Multi-Head DL (TABNET),0.5375,0.4826923076923077,0.7666071428571428
UOEMD,Diagnosis,Load_Loaded_Speed_30Hz,CWRU_12k + HUST_Gearbox + HUST,Multi-Head DL (TABNET),0.5,0.4166666666666667,0.8335714285714286
UOEMD,Diagnosis,Load_Loaded_Speed_30Hz,CWRU_12k + HUST_Gearbox + PU,Multi-Head DL (TABNET),0.5125,0.4547305764411027,0.7910714285714285
UOEMD,Diagnosis,Load_Loaded_Speed_30Hz,CWRU_12k + HUST_Gearbox + UORED,Multi-Head DL (TABNET),0.6125,0.5650949220558728,0.9580357142857143
UOEMD,Diagnosis,Load_Loaded_Speed_30Hz,CWRU_12k + HUST_Gearbox + Mechanical_Gear,Multi-Head DL (TABNET),0.725,0.6411030595813204,0.9337500000000001
UOEMD,Diagnosis,Load_Loaded_Speed_30Hz,CWRU_12k + HUST_Gearbox + Electric_Motor,Multi-Head DL (TABNET),0.675,0.612107797452625,0.91125
UOEMD,Diagnosis,Load_Loaded_Speed_30Hz,CWRU_12k + HUST + PU,Multi-Head DL (TABNET),0.5,0.41142050040355127,0.8264285714285715
UOEMD,Diagnosis,Load_Loaded_Speed_30Hz,CWRU_12k + HUST + UORED,Multi-Head DL (TABNET),0.575,0.5214460784313726,0.9733928571428572
UOEMD,Diagnosis,Load_Loaded_Speed_30Hz,CWRU_12k + HUST + Mechanical_Gear,Multi-Head DL (TABNET),0.5,0.3833333333333333,0.8767857142857143
UOEMD,Diagnosis,Load_Loaded_Speed_30Hz,CWRU_12k + HUST + Electric_Motor,Multi-Head DL (TABNET),0.35,0.2893026004728132,0.8830357142857143
UOEMD,Diagnosis,Load_Loaded_Speed_30Hz,CWRU_12k + PU + UORED,Multi-Head DL (TABNET),0.4125,0.34557109557109555,0.8053571428571428
UOEMD,Diagnosis,Load_Loaded_Speed_30Hz,CWRU_12k + PU + Mechanical_Gear,Multi-Head DL (TABNET),0.44999999999999996,0.37584422657952066,0.7942857142857143
UOEMD,Diagnosis,Load_Loaded_Speed_30Hz,CWRU_12k + PU + Electric_Motor,Multi-Head DL (TABNET),0.6125,0.5083333333333333,0.9066071428571428
UOEMD,Diagnosis,Load_Loaded_Speed_30Hz,CWRU_12k + UORED + Mechanical_Gear,Multi-Head DL (TABNET),0.825,0.7987431814831196,0.9632142857142857
UOEMD,Diagnosis,Load_Loaded_Speed_30Hz,CWRU_12k + UORED + Electric_Motor,Multi-Head DL (TABNET),0.6,0.5303030303030303,0.9269642857142857
UOEMD,Diagnosis,Load_Loaded_Speed_30Hz,CWRU_12k + Mechanical_Gear + Electric_Motor,Multi-Head DL (TABNET),0.6375,0.5874425647451963,0.8957142857142857
UOEMD,Diagnosis,Load_Loaded_Speed_30Hz,CWRU_48k + HUST_Gearbox + HUST,Multi-Head DL (TABNET),0.625,0.5675770308123249,0.9057142857142857
UOEMD,Diagnosis,Load_Loaded_Speed_30Hz,CWRU_48k + HUST_Gearbox + PU,Multi-Head DL (TABNET),0.45,0.35041556945358787,0.8800000000000001
UOEMD,Diagnosis,Load_Loaded_Speed_30Hz,CWRU_48k + HUST_Gearbox + UORED,Multi-Head DL (TABNET),0.4625,0.4187306501547987,0.9
UOEMD,Diagnosis,Load_Loaded_Speed_30Hz,CWRU_48k + HUST_Gearbox + Mechanical_Gear,Multi-Head DL (TABNET),0.725,0.7141363022941971,0.9717857142857143
UOEMD,Diagnosis,Load_Loaded_Speed_30Hz,CWRU_48k + HUST_Gearbox + Electric_Motor,Multi-Head DL (TABNET),0.625,0.5364583333333333,0.8966071428571428
UOEMD,Diagnosis,Load_Loaded_Speed_30Hz,CWRU_48k + HUST + PU,Multi-Head DL (TABNET),0.25,0.19642857142857142,0.6282142857142857
UOEMD,Diagnosis,Load_Loaded_Speed_30Hz,CWRU_48k + HUST + UORED,Multi-Head DL (TABNET),0.65,0.6026422764227642,0.9533928571428572
UOEMD,Diagnosis,Load_Loaded_Speed_30Hz,CWRU_48k + HUST + Mechanical_Gear,Multi-Head DL (TABNET),0.5875,0.5485104669887279,0.9101785714285714
UOEMD,Diagnosis,Load_Loaded_Speed_30Hz,CWRU_48k + HUST + Electric_Motor,Multi-Head DL (TABNET),0.6125,0.555921052631579,0.9405357142857143
UOEMD,Diagnosis,Load_Loaded_Speed_30Hz,CWRU_48k + PU + UORED,Multi-Head DL (TABNET),0.44999999999999996,0.4216125419932811,0.7467857142857143
UOEMD,Diagnosis,Load_Loaded_Speed_30Hz,CWRU_48k + PU + Mechanical_Gear,Multi-Head DL (TABNET),0.5,0.425,0.9007142857142858
UOEMD,Diagnosis,Load_Loaded_Speed_30Hz,CWRU_48k + PU + Electric_Motor,Multi-Head DL (TABNET),0.5125,0.4401001540832049,0.8966071428571429
UOEMD,Diagnosis,Load_Loaded_Speed_30Hz,CWRU_48k + UORED + Mechanical_Gear,Multi-Head DL (TABNET),0.625,0.5727339181286549,0.9126785714285715
UOEMD,Diagnosis,Load_Loaded_Speed_30Hz,CWRU_48k + UORED + Electric_Motor,Multi-Head DL (TABNET),0.5,0.41666666666666663,0.8162499999999999
UOEMD,Diagnosis,Load_Loaded_Speed_30Hz,CWRU_48k + Mechanical_Gear + Electric_Motor,Multi-Head DL (TABNET),0.775,0.7533905228758171,0.9746428571428571
UOEMD,Diagnosis,Load_Loaded_Speed_30Hz,HUST_Gearbox + HUST + PU,Multi-Head DL (TABNET),0.5,0.4212962962962963,0.7039285714285715
UOEMD,Diagnosis,Load_Loaded_Speed_30Hz,HUST_Gearbox + HUST + UORED,Multi-Head DL (TABNET),0.4375,0.38261738261738265,0.7717857142857143
UOEMD,Diagnosis,Load_Loaded_Speed_30Hz,HUST_Gearbox + HUST + Mechanical_Gear,Multi-Head DL (TABNET),0.625,0.5208333333333333,0.8723214285714286
UOEMD,Diagnosis,Load_Loaded_Speed_30Hz,HUST_Gearbox + HUST + Electric_Motor,Multi-Head DL (TABNET),0.6,0.5349190283400809,0.7596428571428572
UOEMD,Diagnosis,Load_Loaded_Speed_30Hz,HUST_Gearbox + PU + UORED,Multi-Head DL (TABNET),0.6125,0.5246250944006905,0.8083928571428571
UOEMD,Diagnosis,Load_Loaded_Speed_30Hz,HUST_Gearbox + PU + Mechanical_Gear,Multi-Head DL (TABNET),0.48750000000000004,0.4338383838383838,0.7498214285714285
UOEMD,Diagnosis,Load_Loaded_Speed_30Hz,HUST_Gearbox + PU + Electric_Motor,Multi-Head DL (TABNET),0.725,0.6475694444444444,0.9741071428571428
UOEMD,Diagnosis,Load_Loaded_Speed_30Hz,HUST_Gearbox + UORED + Mechanical_Gear,Multi-Head DL (TABNET),0.4875,0.432633462009227,0.89125
UOEMD,Diagnosis,Load_Loaded_Speed_30Hz,HUST_Gearbox + UORED + Electric_Motor,Multi-Head DL (TABNET),0.475,0.4121315192743764,0.91375
UOEMD,Diagnosis,Load_Loaded_Speed_30Hz,HUST_Gearbox + Mechanical_Gear + Electric_Motor,Multi-Head DL (TABNET),0.75,0.6831501831501832,0.9598214285714286
UOEMD,Diagnosis,Load_Loaded_Speed_30Hz,HUST + PU + UORED,Multi-Head DL (TABNET),0.5,0.4375,0.8130357142857143
UOEMD,Diagnosis,Load_Loaded_Speed_30Hz,HUST + PU + Mechanical_Gear,Multi-Head DL (TABNET),0.5,0.376984126984127,0.6742857142857143
UOEMD,Diagnosis,Load_Loaded_Speed_30Hz,HUST + PU + Electric_Motor,Multi-Head DL (TABNET),0.625,0.5276148582600195,0.8630357142857144
UOEMD,Diagnosis,Load_Loaded_Speed_30Hz,HUST + UORED + Mechanical_Gear,Multi-Head DL (TABNET),0.6625,0.6142399267399268,0.9432142857142858
UOEMD,Diagnosis,Load_Loaded_Speed_30Hz,HUST + UORED + Electric_Motor,Multi-Head DL (TABNET),0.6375,0.6057939807939808,0.8926785714285714
UOEMD,Diagnosis,Load_Loaded_Speed_30Hz,HUST + Mechanical_Gear + Electric_Motor,Multi-Head DL (TABNET),0.5625,0.5088383838383839,0.9335714285714285
UOEMD,Diagnosis,Load_Loaded_Speed_30Hz,PU + UORED + Mechanical_Gear,Multi-Head DL (TABNET),0.5125,0.4190235690235691,0.7535714285714286
UOEMD,Diagnosis,Load_Loaded_Speed_30Hz,PU + UORED + Electric_Motor,Multi-Head DL (TABNET),0.3875,0.32374768089053807,0.8589285714285715
UOEMD,Diagnosis,Load_Loaded_Speed_30Hz,PU + Mechanical_Gear + Electric_Motor,Multi-Head DL (TABNET),0.3,0.3214285714285714,0.7925
UOEMD,Diagnosis,Load_Loaded_Speed_30Hz,UORED + Mechanical_Gear + Electric_Motor,Multi-Head DL (TABNET),0.55,0.50996336996337,0.9037499999999999
UOEMD,Diagnosis,Load_Loaded_Speed_30Hz,CWRU_12k + CWRU_48k + HUST_Gearbox + HUST,Multi-Head DL (TABNET),0.475,0.3962467644521139,0.8875
UOEMD,Diagnosis,Load_Loaded_Speed_30Hz,CWRU_12k + CWRU_48k + HUST_Gearbox + PU,Multi-Head DL (TABNET),0.2625,0.19759953161592506,0.6658928571428571
UOEMD,Diagnosis,Load_Loaded_Speed_30Hz,CWRU_12k + CWRU_48k + HUST_Gearbox + UORED,Multi-Head DL (TABNET),0.5125,0.43790849673202614,0.9282142857142857
UOEMD,Diagnosis,Load_Loaded_Speed_30Hz,CWRU_12k + CWRU_48k + HUST_Gearbox + Mechanical_Gear,Multi-Head DL (TABNET),0.55,0.49962006079027355,0.8655357142857143
UOEMD,Diagnosis,Load_Loaded_Speed_30Hz,CWRU_12k + CWRU_48k + HUST_Gearbox + Electric_Motor,Multi-Head DL (TABNET),0.5,0.425,0.8244642857142856
UOEMD,Diagnosis,Load_Loaded_Speed_30Hz,CWRU_12k + CWRU_48k + HUST + PU,Multi-Head DL (TABNET),0.5375,0.4630924630924631,0.865
UOEMD,Diagnosis,Load_Loaded_Speed_30Hz,CWRU_12k + CWRU_48k + HUST + UORED,Multi-Head DL (TABNET),0.5875,0.525974025974026,0.95375
UOEMD,Diagnosis,Load_Loaded_Speed_30Hz,CWRU_12k + CWRU_48k + HUST + Mechanical_Gear,Multi-Head DL (TABNET),0.6,0.5341880341880342,0.8176785714285715
UOEMD,Diagnosis,Load_Loaded_Speed_30Hz,CWRU_12k + CWRU_48k + HUST + Electric_Motor,Multi-Head DL (TABNET),0.4,0.33477011494252873,0.8055357142857142
UOEMD,Diagnosis,Load_Loaded_Speed_30Hz,CWRU_12k + CWRU_48k + PU + UORED,Multi-Head DL (TABNET),0.5,0.3958333333333333,0.8028571428571429
UOEMD,Diagnosis,Load_Loaded_Speed_30Hz,CWRU_12k + CWRU_48k + PU + Mechanical_Gear,Multi-Head DL (TABNET),0.675,0.6317460317460317,0.9087500000000001
UOEMD,Diagnosis,Load_Loaded_Speed_30Hz,CWRU_12k + CWRU_48k + PU + Electric_Motor,Multi-Head DL (TABNET),0.6,0.5307823730411216,0.8653571428571429
UOEMD,Diagnosis,Load_Loaded_Speed_30Hz,CWRU_12k + CWRU_48k + UORED + Mechanical_Gear,Multi-Head DL (TABNET),0.625,0.55,0.8867857142857143
UOEMD,Diagnosis,Load_Loaded_Speed_30Hz,CWRU_12k + CWRU_48k + UORED + Electric_Motor,Multi-Head DL (TABNET),0.6125,0.5135618166526492,0.8546428571428571
UOEMD,Diagnosis,Load_Loaded_Speed_30Hz,CWRU_12k + CWRU_48k + Mechanical_Gear + Electric_Motor,Multi-Head DL (TABNET),0.4375,0.39323152337858225,0.8633928571428572
UOEMD,Diagnosis,Load_Loaded_Speed_30Hz,CWRU_12k + HUST_Gearbox + HUST + PU,Multi-Head DL (TABNET),0.5,0.3833333333333333,0.8201785714285714
UOEMD,Diagnosis,Load_Loaded_Speed_30Hz,CWRU_12k + HUST_Gearbox + HUST + UORED,Multi-Head DL (TABNET),0.6,0.5692171303873432,0.9708928571428571
UOEMD,Diagnosis,Load_Loaded_Speed_30Hz,CWRU_12k + HUST_Gearbox + HUST + Mechanical_Gear,Multi-Head DL (TABNET),0.375,0.28968253968253965,0.8882142857142856
UOEMD,Diagnosis,Load_Loaded_Speed_30Hz,CWRU_12k + HUST_Gearbox + HUST + Electric_Motor,Multi-Head DL (TABNET),0.525,0.46568627450980393,0.8782142857142856
UOEMD,Diagnosis,Load_Loaded_Speed_30Hz,CWRU_12k + HUST_Gearbox + PU + UORED,Multi-Head DL (TABNET),0.4875,0.3900862068965517,0.7591071428571429
UOEMD,Diagnosis,Load_Loaded_Speed_30Hz,CWRU_12k + HUST_Gearbox + PU + Mechanical_Gear,Multi-Head DL (TABNET),0.55,0.5071710526315789,0.8208928571428571
UOEMD,Diagnosis,Load_Loaded_Speed_30Hz,CWRU_12k + HUST_Gearbox + PU + Electric_Motor,Multi-Head DL (TABNET),0.5375,0.4490914786967418,0.9321428571428572
UOEMD,Diagnosis,Load_Loaded_Speed_30Hz,CWRU_12k + HUST_Gearbox + UORED + Mechanical_Gear,Multi-Head DL (TABNET),0.5875,0.5200911138411138,0.9141071428571428
UOEMD,Diagnosis,Load_Loaded_Speed_30Hz,CWRU_12k + HUST_Gearbox + UORED + Electric_Motor,Multi-Head DL (TABNET),0.6625,0.5835346215780999,0.9517857142857143
UOEMD,Diagnosis,Load_Loaded_Speed_30Hz,CWRU_12k + HUST_Gearbox + Mechanical_Gear + Electric_Motor,Multi-Head DL (TABNET),0.45,0.4095394736842105,0.8314285714285714
UOEMD,Diagnosis,Load_Loaded_Speed_30Hz,CWRU_12k + HUST + PU + UORED,Multi-Head DL (TABNET),0.5125,0.4190705128205129,0.8539285714285714
UOEMD,Diagnosis,Load_Loaded_Speed_30Hz,CWRU_12k + HUST + PU + Mechanical_Gear,Multi-Head DL (TABNET),0.4,0.35652709359605916,0.6182142857142857
UOEMD,Diagnosis,Load_Loaded_Speed_30Hz,CWRU_12k + HUST + PU + Electric_Motor,Multi-Head DL (TABNET),0.3125,0.20977011494252873,0.8041071428571429
UOEMD,Diagnosis,Load_Loaded_Speed_30Hz,CWRU_12k + HUST + UORED + Mechanical_Gear,Multi-Head DL (TABNET),0.3875,0.360782517221487,0.8344642857142857
UOEMD,Diagnosis,Load_Loaded_Speed_30Hz,CWRU_12k + HUST + UORED + Electric_Motor,Multi-Head DL (TABNET),0.65,0.5885167464114832,0.8551785714285713
UOEMD,Diagnosis,Load_Loaded_Speed_30Hz,CWRU_12k + HUST + Mechanical_Gear + Electric_Motor,Multi-Head DL (TABNET),0.625,0.5581501831501832,0.9341071428571429
UOEMD,Diagnosis,Load_Loaded_Speed_30Hz,CWRU_12k + PU + UORED + Mechanical_Gear,Multi-Head DL (TABNET),0.4625,0.3606696710942442,0.8567857142857143
UOEMD,Diagnosis,Load_Loaded_Speed_30Hz,CWRU_12k + PU + UORED + Electric_Motor,Multi-Head DL (TABNET),0.75,0.6762632197414806,0.9039285714285714
UOEMD,Diagnosis,Load_Loaded_Speed_30Hz,CWRU_12k + PU + Mechanical_Gear + Electric_Motor,Multi-Head DL (TABNET),0.6499999999999999,0.5888644023852736,0.90625
UOEMD,Diagnosis,Load_Loaded_Speed_30Hz,CWRU_12k + UORED + Mechanical_Gear + Electric_Motor,Multi-Head DL (TABNET),0.6625,0.6108837970540099,0.9148214285714286
UOEMD,Diagnosis,Load_Loaded_Speed_30Hz,CWRU_48k + HUST_Gearbox + HUST + PU,Multi-Head DL (TABNET),0.2375,0.17091836734693877,0.7164285714285714
UOEMD,Diagnosis,Load_Loaded_Speed_30Hz,CWRU_48k + HUST_Gearbox + HUST + UORED,Multi-Head DL (TABNET),0.45,0.3701923076923077,0.8266071428571429
UOEMD,Diagnosis,Load_Loaded_Speed_30Hz,CWRU_48k + HUST_Gearbox + HUST + Mechanical_Gear,Multi-Head DL (TABNET),0.6125,0.5164728682170543,0.9299999999999999
UOEMD,Diagnosis,Load_Loaded_Speed_30Hz,CWRU_48k + HUST_Gearbox + HUST + Electric_Motor,Multi-Head DL (TABNET),0.4625,0.4165674603174603,0.8232142857142857
UOEMD,Diagnosis,Load_Loaded_Speed_30Hz,CWRU_48k + HUST_Gearbox + PU + UORED,Multi-Head DL (TABNET),0.5125,0.44444146079484426,0.8507142857142858
UOEMD,Diagnosis,Load_Loaded_Speed_30Hz,CWRU_48k + HUST_Gearbox + PU + Mechanical_Gear,Multi-Head DL (TABNET),0.3,0.2554195804195804,0.7960714285714287
UOEMD,Diagnosis,Load_Loaded_Speed_30Hz,CWRU_48k + HUST_Gearbox + PU + Electric_Motor,Multi-Head DL (TABNET),0.65,0.6190349002849003,0.9335714285714286
UOEMD,Diagnosis,Load_Loaded_Speed_30Hz,CWRU_48k + HUST_Gearbox + UORED + Mechanical_Gear,Multi-Head DL (TABNET),0.5875,0.4781265676459683,0.9082142857142858
UOEMD,Diagnosis,Load_Loaded_Speed_30Hz,CWRU_48k + HUST_Gearbox + UORED + Electric_Motor,Multi-Head DL (TABNET),0.3625,0.3180354267310789,0.8008928571428572
UOEMD,Diagnosis,Load_Loaded_Speed_30Hz,CWRU_48k + HUST_Gearbox + Mechanical_Gear + Electric_Motor,Multi-Head DL (TABNET),0.625,0.5393318965517242,0.8664285714285715
UOEMD,Diagnosis,Load_Loaded_Speed_30Hz,CWRU_48k + HUST + PU + UORED,Multi-Head DL (TABNET),0.42500000000000004,0.3517156862745098,0.8626785714285714
UOEMD,Diagnosis,Load_Loaded_Speed_30Hz,CWRU_48k + HUST + PU + Mechanical_Gear,Multi-Head DL (TABNET),0.325,0.27972560975609756,0.8096428571428571
UOEMD,Diagnosis,Load_Loaded_Speed_30Hz,CWRU_48k + HUST + PU + Electric_Motor,Multi-Head DL (TABNET),0.5125,0.5080645161290323,0.835
UOEMD,Diagnosis,Load_Loaded_Speed_30Hz,CWRU_48k + HUST + UORED + Mechanical_Gear,Multi-Head DL (TABNET),0.6,0.5456349206349207,0.958392857142857
UOEMD,Diagnosis,Load_Loaded_Speed_30Hz,CWRU_48k + HUST + UORED + Electric_Motor,Multi-Head DL (TABNET),0.6125,0.555921052631579,0.8660714285714286
UOEMD,Diagnosis,Load_Loaded_Speed_30Hz,CWRU_48k + HUST + Mechanical_Gear + Electric_Motor,Multi-Head DL (TABNET),0.575,0.4931395348837209,0.9666071428571428
UOEMD,Diagnosis,Load_Loaded_Speed_30Hz,CWRU_48k + PU + UORED + Mechanical_Gear,Multi-Head DL (TABNET),0.4875,0.4274604952096553,0.8664285714285715
UOEMD,Diagnosis,Load_Loaded_Speed_30Hz,CWRU_48k + PU + UORED + Electric_Motor,Multi-Head DL (TABNET),0.5875,0.526463963963964,0.8167857142857142
UOEMD,Diagnosis,Load_Loaded_Speed_30Hz,CWRU_48k + PU + Mechanical_Gear + Electric_Motor,Multi-Head DL (TABNET),0.3375,0.27794117647058825,0.8458928571428572
UOEMD,Diagnosis,Load_Loaded_Speed_30Hz,CWRU_48k + UORED + Mechanical_Gear + Electric_Motor,Multi-Head DL (TABNET),0.675,0.625534188034188,0.9641071428571428
UOEMD,Diagnosis,Load_Loaded_Speed_30Hz,HUST_Gearbox + HUST + PU + UORED,Multi-Head DL (TABNET),0.375,0.27115384615384613,0.7396428571428572
UOEMD,Diagnosis,Load_Loaded_Speed_30Hz,HUST_Gearbox + HUST + PU + Mechanical_Gear,Multi-Head DL (TABNET),0.5,0.3958333333333333,0.6830357142857143
UOEMD,Diagnosis,Load_Loaded_Speed_30Hz,HUST_Gearbox + HUST + PU + Electric_Motor,Multi-Head DL (TABNET),0.25,0.25,0.6685714285714286
UOEMD,Diagnosis,Load_Loaded_Speed_30Hz,HUST_Gearbox + HUST + UORED + Mechanical_Gear,Multi-Head DL (TABNET),0.55,0.4936676798378926,0.8021428571428572
UOEMD,Diagnosis,Load_Loaded_Speed_30Hz,HUST_Gearbox + HUST + UORED + Electric_Motor,Multi-Head DL (TABNET),0.7,0.641025641025641,0.9421428571428572
UOEMD,Diagnosis,Load_Loaded_Speed_30Hz,HUST_Gearbox + HUST + Mechanical_Gear + Electric_Motor,Multi-Head DL (TABNET),0.5,0.4260204081632653,0.8316071428571428
UOEMD,Diagnosis,Load_Loaded_Speed_30Hz,HUST_Gearbox + PU + UORED + Mechanical_Gear,Multi-Head DL (TABNET),0.45,0.3828125,0.8680357142857142
UOEMD,Diagnosis,Load_Loaded_Speed_30Hz,HUST_Gearbox + PU + UORED + Electric_Motor,Multi-Head DL (TABNET),0.55,0.46259469696969696,0.9301785714285714
UOEMD,Diagnosis,Load_Loaded_Speed_30Hz,HUST_Gearbox + PU + Mechanical_Gear + Electric_Motor,Multi-Head DL (TABNET),0.425,0.39087301587301587,0.8880357142857143
UOEMD,Diagnosis,Load_Loaded_Speed_30Hz,HUST_Gearbox + UORED + Mechanical_Gear + Electric_Motor,Multi-Head DL (TABNET),0.675,0.6236157253599114,0.9467857142857142
UOEMD,Diagnosis,Load_Loaded_Speed_30Hz,HUST + PU + UORED + Mechanical_Gear,Multi-Head DL (TABNET),0.3875,0.3129251700680272,0.9053571428571429
UOEMD,Diagnosis,Load_Loaded_Speed_30Hz,HUST + PU + UORED + Electric_Motor,Multi-Head DL (TABNET),0.325,0.27586206896551724,0.7780357142857144
UOEMD,Diagnosis,Load_Loaded_Speed_30Hz,HUST + PU + Mechanical_Gear + Electric_Motor,Multi-Head DL (TABNET),0.4375,0.39326923076923076,0.9330357142857143
UOEMD,Diagnosis,Load_Loaded_Speed_30Hz,HUST + UORED + Mechanical_Gear + Electric_Motor,Multi-Head DL (TABNET),0.725,0.6706349206349207,0.9567857142857144
UOEMD,Diagnosis,Load_Loaded_Speed_30Hz,PU + UORED + Mechanical_Gear + Electric_Motor,Multi-Head DL (TABNET),0.6375,0.5666208791208791,0.9064285714285714
UOEMD,Diagnosis,Load_Loaded_Speed_30Hz,CWRU_12k + CWRU_48k + HUST_Gearbox + HUST + PU,Multi-Head DL (TABNET),0.425,0.39539605197401295,0.7992857142857143
UOEMD,Diagnosis,Load_Loaded_Speed_30Hz,CWRU_12k + CWRU_48k + HUST_Gearbox + HUST + UORED,Multi-Head DL (TABNET),0.3875,0.3560606060606061,0.8321428571428572
UOEMD,Diagnosis,Load_Loaded_Speed_30Hz,CWRU_12k + CWRU_48k + HUST_Gearbox + HUST + Mechanical_Gear,Multi-Head DL (TABNET),0.75,0.6674107142857143,0.9641071428571428
UOEMD,Diagnosis,Load_Loaded_Speed_30Hz,CWRU_12k + CWRU_48k + HUST_Gearbox + HUST + Electric_Motor,Multi-Head DL (TABNET),0.625,0.5515873015873015,0.95625
UOEMD,Diagnosis,Load_Loaded_Speed_30Hz,CWRU_12k + CWRU_48k + HUST_Gearbox + PU + UORED,Multi-Head DL (TABNET),0.65,0.6041666666666666,0.85875
UOEMD,Diagnosis,Load_Loaded_Speed_30Hz,CWRU_12k + CWRU_48k + HUST_Gearbox + PU + Mechanical_Gear,Multi-Head DL (TABNET),0.5,0.34346028734074274,0.8633928571428571
UOEMD,Diagnosis,Load_Loaded_Speed_30Hz,CWRU_12k + CWRU_48k + HUST_Gearbox + PU + Electric_Motor,Multi-Head DL (TABNET),0.625,0.5069444444444444,0.9091071428571429
UOEMD,Diagnosis,Load_Loaded_Speed_30Hz,CWRU_12k + CWRU_48k + HUST_Gearbox + UORED + Mechanical_Gear,Multi-Head DL (TABNET),0.5,0.43452380952380953,0.9101785714285715
UOEMD,Diagnosis,Load_Loaded_Speed_30Hz,CWRU_12k + CWRU_48k + HUST_Gearbox + UORED + Electric_Motor,Multi-Head DL (TABNET),0.6375,0.600390156062425,0.9646428571428571
UOEMD,Diagnosis,Load_Loaded_Speed_30Hz,CWRU_12k + CWRU_48k + HUST_Gearbox + Mechanical_Gear + Electric_Motor,Multi-Head DL (TABNET),0.6125,0.5637306501547987,0.9185714285714286
UOEMD,Diagnosis,Load_Loaded_Speed_30Hz,CWRU_12k + CWRU_48k + HUST + PU + UORED,Multi-Head DL (TABNET),0.4875,0.4174406604747162,0.705
UOEMD,Diagnosis,Load_Loaded_Speed_30Hz,CWRU_12k + CWRU_48k + HUST + PU + Mechanical_Gear,Multi-Head DL (TABNET),0.575,0.4944852941176471,0.8817857142857143
UOEMD,Diagnosis,Load_Loaded_Speed_30Hz,CWRU_12k + CWRU_48k + HUST + PU + Electric_Motor,Multi-Head DL (TABNET),0.6375,0.5654851684263449,0.8844642857142857
UOEMD,Diagnosis,Load_Loaded_Speed_30Hz,CWRU_12k + CWRU_48k + HUST + UORED + Mechanical_Gear,Multi-Head DL (TABNET),0.7625,0.7212554112554113,0.9569642857142857
UOEMD,Diagnosis,Load_Loaded_Speed_30Hz,CWRU_12k + CWRU_48k + HUST + UORED + Electric_Motor,Multi-Head DL (TABNET),0.47500000000000003,0.4161473911598538,0.8425
UOEMD,Diagnosis,Load_Loaded_Speed_30Hz,CWRU_12k + CWRU_48k + HUST + Mechanical_Gear + Electric_Motor,Multi-Head DL (TABNET),0.575,0.5150462962962963,0.9044642857142857
UOEMD,Diagnosis,Load_Loaded_Speed_30Hz,CWRU_12k + CWRU_48k + PU + UORED + Mechanical_Gear,Multi-Head DL (TABNET),0.4875,0.4035714285714286,0.8648214285714286
UOEMD,Diagnosis,Load_Loaded_Speed_30Hz,CWRU_12k + CWRU_48k + PU + UORED + Electric_Motor,Multi-Head DL (TABNET),0.3875,0.3368298368298368,0.7333928571428572
UOEMD,Diagnosis,Load_Loaded_Speed_30Hz,CWRU_12k + CWRU_48k + PU + Mechanical_Gear + Electric_Motor,Multi-Head DL (TABNET),0.55,0.49738930659983294,0.8710714285714285
UOEMD,Diagnosis,Load_Loaded_Speed_30Hz,CWRU_12k + CWRU_48k + UORED + Mechanical_Gear + Electric_Motor,Multi-Head DL (TABNET),0.6499999999999999,0.606961666045802,0.9596428571428572
UOEMD,Diagnosis,Load_Loaded_Speed_30Hz,CWRU_12k + HUST_Gearbox + HUST + PU + UORED,Multi-Head DL (TABNET),0.5,0.41666666666666663,0.7901785714285714
UOEMD,Diagnosis,Load_Loaded_Speed_30Hz,CWRU_12k + HUST_Gearbox + HUST + PU + Mechanical_Gear,Multi-Head DL (TABNET),0.4125,0.391025641025641,0.8573214285714286
UOEMD,Diagnosis,Load_Loaded_Speed_30Hz,CWRU_12k + HUST_Gearbox + HUST + PU + Electric_Motor,Multi-Head DL (TABNET),0.325,0.316563870911697,0.8666071428571429
UOEMD,Diagnosis,Load_Loaded_Speed_30Hz,CWRU_12k + HUST_Gearbox + HUST + UORED + Mechanical_Gear,Multi-Head DL (TABNET),0.7125,0.6610807113543091,0.86375
UOEMD,Diagnosis,Load_Loaded_Speed_30Hz,CWRU_12k + HUST_Gearbox + HUST + UORED + Electric_Motor,Multi-Head DL (TABNET),0.6625,0.6108324043106652,0.9551785714285714
UOEMD,Diagnosis,Load_Loaded_Speed_30Hz,CWRU_12k + HUST_Gearbox + HUST + Mechanical_Gear + Electric_Motor,Multi-Head DL (TABNET),0.5,0.3849431818181818,0.8028571428571429
UOEMD,Diagnosis,Load_Loaded_Speed_30Hz,CWRU_12k + HUST_Gearbox + PU + UORED + Mechanical_Gear,Multi-Head DL (TABNET),0.575,0.49041867954911433,0.9103571428571429
UOEMD,Diagnosis,Load_Loaded_Speed_30Hz,CWRU_12k + HUST_Gearbox + PU + UORED + Electric_Motor,Multi-Head DL (TABNET),0.475,0.36288305190744213,0.8933928571428571
UOEMD,Diagnosis,Load_Loaded_Speed_30Hz,CWRU_12k + HUST_Gearbox + PU + Mechanical_Gear + Electric_Motor,Multi-Head DL (TABNET),0.425,0.32976190476190476,0.8246428571428572
UOEMD,Diagnosis,Load_Loaded_Speed_30Hz,CWRU_12k + HUST_Gearbox + UORED + Mechanical_Gear + Electric_Motor,Multi-Head DL (TABNET),0.6875,0.6481829573934836,0.9532142857142858
UOEMD,Diagnosis,Load_Loaded_Speed_30Hz,CWRU_12k + HUST + PU + UORED + Mechanical_Gear,Multi-Head DL (TABNET),0.4375,0.3483333333333334,0.8533928571428572
UOEMD,Diagnosis,Load_Loaded_Speed_30Hz,CWRU_12k + HUST + PU + UORED + Electric_Motor,Multi-Head DL (TABNET),0.4,0.3339160839160839,0.7801785714285714
UOEMD,Diagnosis,Load_Loaded_Speed_30Hz,CWRU_12k + HUST + PU + Mechanical_Gear + Electric_Motor,Multi-Head DL (TABNET),0.625,0.540719696969697,0.8880357142857143
UOEMD,Diagnosis,Load_Loaded_Speed_30Hz,CWRU_12k + HUST + UORED + Mechanical_Gear + Electric_Motor,Multi-Head DL (TABNET),0.525,0.45321698906644237,0.9550000000000001
UOEMD,Diagnosis,Load_Loaded_Speed_30Hz,CWRU_12k + PU + UORED + Mechanical_Gear + Electric_Motor,Multi-Head DL (TABNET),0.475,0.4121315192743764,0.8230357142857143
UOEMD,Diagnosis,Load_Loaded_Speed_30Hz,CWRU_48k + HUST_Gearbox + HUST + PU + UORED,Multi-Head DL (TABNET),0.45,0.4095925297113752,0.7864285714285715
UOEMD,Diagnosis,Load_Loaded_Speed_30Hz,CWRU_48k + HUST_Gearbox + HUST + PU + Mechanical_Gear,Multi-Head DL (TABNET),0.4625,0.38596491228070173,0.8685714285714285
UOEMD,Diagnosis,Load_Loaded_Speed_30Hz,CWRU_48k + HUST_Gearbox + HUST + PU + Electric_Motor,Multi-Head DL (TABNET),0.575,0.4876644736842105,0.9560714285714286
UOEMD,Diagnosis,Load_Loaded_Speed_30Hz,CWRU_48k + HUST_Gearbox + HUST + UORED + Mechanical_Gear,Multi-Head DL (TABNET),0.5874999999999999,0.5350824420677363,0.8353571428571429
UOEMD,Diagnosis,Load_Loaded_Speed_30Hz,CWRU_48k + HUST_Gearbox + HUST + UORED + Electric_Motor,Multi-Head DL (TABNET),0.525,0.48333333333333334,0.9203571428571429
UOEMD,Diagnosis,Load_Loaded_Speed_30Hz,CWRU_48k + HUST_Gearbox + HUST + Mechanical_Gear + Electric_Motor,Multi-Head DL (TABNET),0.6,0.5612068965517242,0.9110714285714285
UOEMD,Diagnosis,Load_Loaded_Speed_30Hz,CWRU_48k + HUST_Gearbox + PU + UORED + Mechanical_Gear,Multi-Head DL (TABNET),0.5874999999999999,0.5506872709558132,0.8566071428571429
UOEMD,Diagnosis,Load_Loaded_Speed_30Hz,CWRU_48k + HUST_Gearbox + PU + UORED + Electric_Motor,Multi-Head DL (TABNET),0.475,0.3630952380952381,0.8807142857142858
UOEMD,Diagnosis,Load_Loaded_Speed_30Hz,CWRU_48k + HUST_Gearbox + PU + Mechanical_Gear + Electric_Motor,Multi-Head DL (TABNET),0.5125,0.40995457744226216,0.9148214285714287
UOEMD,Diagnosis,Load_Loaded_Speed_30Hz,CWRU_48k + HUST_Gearbox + UORED + Mechanical_Gear + Electric_Motor,Multi-Head DL (TABNET),0.75,0.6875,0.9817857142857143
UOEMD,Diagnosis,Load_Loaded_Speed_30Hz,CWRU_48k + HUST + PU + UORED + Mechanical_Gear,Multi-Head DL (TABNET),0.375,0.30208333333333337,0.7823214285714286
UOEMD,Diagnosis,Load_Loaded_Speed_30Hz,CWRU_48k + HUST + PU + UORED + Electric_Motor,Multi-Head DL (TABNET),0.5625,0.4966623600344531,0.7728571428571428
UOEMD,Diagnosis,Load_Loaded_Speed_30Hz,CWRU_48k + HUST + PU + Mechanical_Gear + Electric_Motor,Multi-Head DL (TABNET),0.5,0.4174107142857143,0.8846428571428572
UOEMD,Diagnosis,Load_Loaded_Speed_30Hz,CWRU_48k + HUST + UORED + Mechanical_Gear + Electric_Motor,Multi-Head DL (TABNET),0.5875,0.5472684222684223,0.9357142857142857
UOEMD,Diagnosis,Load_Loaded_Speed_30Hz,CWRU_48k + PU + UORED + Mechanical_Gear + Electric_Motor,Multi-Head DL (TABNET),0.5,0.41666666666666663,0.8042857142857143
UOEMD,Diagnosis,Load_Loaded_Speed_30Hz,HUST_Gearbox + HUST + PU + UORED + Mechanical_Gear,Multi-Head DL (TABNET),0.4375,0.4240816550599159,0.8544642857142857
UOEMD,Diagnosis,Load_Loaded_Speed_30Hz,HUST_Gearbox + HUST + PU + UORED + Electric_Motor,Multi-Head DL (TABNET),0.5125,0.44874768089053807,0.8821428571428571
UOEMD,Diagnosis,Load_Loaded_Speed_30Hz,HUST_Gearbox + HUST + PU + Mechanical_Gear + Electric_Motor,Multi-Head DL (TABNET),0.675,0.6257763975155279,0.8876785714285714
UOEMD,Diagnosis,Load_Loaded_Speed_30Hz,HUST_Gearbox + HUST + UORED + Mechanical_Gear + Electric_Motor,Multi-Head DL (TABNET),0.5125,0.4703703703703703,0.835
UOEMD,Diagnosis,Load_Loaded_Speed_30Hz,HUST_Gearbox + PU + UORED + Mechanical_Gear + Electric_Motor,Multi-Head DL (TABNET),0.3,0.2367511520737327,0.7210714285714286
UOEMD,Diagnosis,Load_Loaded_Speed_30Hz,HUST + PU + UORED + Mechanical_Gear + Electric_Motor,Multi-Head DL (TABNET),0.375,0.2857142857142857,0.7210714285714286
UOEMD,Diagnosis,Load_Loaded_Speed_30Hz,CWRU_12k + CWRU_48k + HUST_Gearbox + HUST + PU + UORED,Multi-Head DL (TABNET),0.375,0.28846153846153844,0.7398214285714285
UOEMD,Diagnosis,Load_Loaded_Speed_30Hz,CWRU_12k + CWRU_48k + HUST_Gearbox + HUST + PU + Mechanical_Gear,Multi-Head DL (TABNET),0.625,0.5208333333333333,0.8742857142857143
UOEMD,Diagnosis,Load_Loaded_Speed_30Hz,CWRU_12k + CWRU_48k + HUST_Gearbox + HUST + PU + Electric_Motor,Multi-Head DL (TABNET),0.5,0.41666666666666663,0.8616071428571428
UOEMD,Diagnosis,Load_Loaded_Speed_30Hz,CWRU_12k + CWRU_48k + HUST_Gearbox + HUST + UORED + Mechanical_Gear,Multi-Head DL (TABNET),0.575,0.5014652600170503,0.9108928571428572
UOEMD,Diagnosis,Load_Loaded_Speed_30Hz,CWRU_12k + CWRU_48k + HUST_Gearbox + HUST + UORED + Electric_Motor,Multi-Head DL (TABNET),0.6125,0.537468671679198,0.8055357142857142
UOEMD,Diagnosis,Load_Loaded_Speed_30Hz,CWRU_12k + CWRU_48k + HUST_Gearbox + HUST + Mechanical_Gear + Electric_Motor,Multi-Head DL (TABNET),0.4125,0.359399033179521,0.8798214285714285
UOEMD,Diagnosis,Load_Loaded_Speed_30Hz,CWRU_12k + CWRU_48k + HUST_Gearbox + PU + UORED + Mechanical_Gear,Multi-Head DL (TABNET),0.4375,0.3576007326007326,0.770357142857143
UOEMD,Diagnosis,Load_Loaded_Speed_30Hz,CWRU_12k + CWRU_48k + HUST_Gearbox + PU + UORED + Electric_Motor,Multi-Head DL (TABNET),0.5,0.4074960127591707,0.8233928571428571
UOEMD,Diagnosis,Load_Loaded_Speed_30Hz,CWRU_12k + CWRU_48k + HUST_Gearbox + PU + Mechanical_Gear + Electric_Motor,Multi-Head DL (TABNET),0.4,0.33477011494252873,0.775
UOEMD,Diagnosis,Load_Loaded_Speed_30Hz,CWRU_12k + CWRU_48k + HUST_Gearbox + UORED + Mechanical_Gear + Electric_Motor,Multi-Head DL (TABNET),0.525,0.467687074829932,0.9098214285714286
UOEMD,Diagnosis,Load_Loaded_Speed_30Hz,CWRU_12k + CWRU_48k + HUST + PU + UORED + Mechanical_Gear,Multi-Head DL (TABNET),0.375,0.3010204081632653,0.7880357142857143
UOEMD,Diagnosis,Load_Loaded_Speed_30Hz,CWRU_12k + CWRU_48k + HUST + PU + UORED + Electric_Motor,Multi-Head DL (TABNET),0.4875,0.43599808344390384,0.7832142857142856
UOEMD,Diagnosis,Load_Loaded_Speed_30Hz,CWRU_12k + CWRU_48k + HUST + PU + Mechanical_Gear + Electric_Motor,Multi-Head DL (TABNET),0.6375,0.573747680890538,0.9230357142857143
UOEMD,Diagnosis,Load_Loaded_Speed_30Hz,CWRU_12k + CWRU_48k + HUST + UORED + Mechanical_Gear + Electric_Motor,Multi-Head DL (TABNET),0.5625,0.4804463554463554,0.8548214285714286
UOEMD,Diagnosis,Load_Loaded_Speed_30Hz,CWRU_12k + CWRU_48k + PU + UORED + Mechanical_Gear + Electric_Motor,Multi-Head DL (TABNET),0.55,0.4763071895424837,0.7394642857142857
UOEMD,Diagnosis,Load_Loaded_Speed_30Hz,CWRU_12k + HUST_Gearbox + HUST + PU + UORED + Mechanical_Gear,Multi-Head DL (TABNET),0.375,0.29464285714285715,0.8642857142857143
UOEMD,Diagnosis,Load_Loaded_Speed_30Hz,CWRU_12k + HUST_Gearbox + HUST + PU + UORED + Electric_Motor,Multi-Head DL (TABNET),0.5,0.4221698113207547,0.8242857142857143
UOEMD,Diagnosis,Load_Loaded_Speed_30Hz,CWRU_12k + HUST_Gearbox + HUST + PU + Mechanical_Gear + Electric_Motor,Multi-Head DL (TABNET),0.45,0.39375,0.8600000000000001
UOEMD,Diagnosis,Load_Loaded_Speed_30Hz,CWRU_12k + HUST_Gearbox + HUST + UORED + Mechanical_Gear + Electric_Motor,Multi-Head DL (TABNET),0.5,0.43333333333333335,0.8980357142857143
UOEMD,Diagnosis,Load_Loaded_Speed_30Hz,CWRU_12k + HUST_Gearbox + PU + UORED + Mechanical_Gear + Electric_Motor,Multi-Head DL (TABNET),0.4875,0.37239583333333337,0.915
UOEMD,Diagnosis,Load_Loaded_Speed_30Hz,CWRU_12k + HUST + PU + UORED + Mechanical_Gear + Electric_Motor,Multi-Head DL (TABNET),0.475,0.4800347222222222,0.7569642857142858
UOEMD,Diagnosis,Load_Loaded_Speed_30Hz,CWRU_48k + HUST_Gearbox + HUST + PU + UORED + Mechanical_Gear,Multi-Head DL (TABNET),0.2875,0.23037754595131643,0.6544642857142857
UOEMD,Diagnosis,Load_Loaded_Speed_30Hz,CWRU_48k + HUST_Gearbox + HUST + PU + UORED + Electric_Motor,Multi-Head DL (TABNET),0.375,0.328125,0.7251785714285715
UOEMD,Diagnosis,Load_Loaded_Speed_30Hz,CWRU_48k + HUST_Gearbox + HUST + PU + Mechanical_Gear + Electric_Motor,Multi-Head DL (TABNET),0.45,0.46875,0.7405357142857143
UOEMD,Diagnosis,Load_Loaded_Speed_30Hz,CWRU_48k + HUST_Gearbox + HUST + UORED + Mechanical_Gear + Electric_Motor,Multi-Head DL (TABNET),0.8,0.7628205128205128,0.9841071428571428
UOEMD,Diagnosis,Load_Loaded_Speed_30Hz,CWRU_48k + HUST_Gearbox + PU + UORED + Mechanical_Gear + Electric_Motor,Multi-Head DL (TABNET),0.5249999999999999,0.441025641025641,0.9092857142857143
UOEMD,Diagnosis,Load_Loaded_Speed_30Hz,CWRU_48k + HUST + PU + UORED + Mechanical_Gear + Electric_Motor,Multi-Head DL (TABNET),0.5875,0.560939060939061,0.947857142857143
UOEMD,Diagnosis,Load_Loaded_Speed_30Hz,HUST_Gearbox + HUST + PU + UORED + Mechanical_Gear + Electric_Motor,Multi-Head DL (TABNET),0.375,0.2931034482758621,0.7967857142857143
UOEMD,Diagnosis,Load_Loaded_Speed_30Hz,CWRU_12k + CWRU_48k + HUST_Gearbox + HUST + PU + UORED + Mechanical_Gear,Multi-Head DL (TABNET),0.375,0.2873134328358209,0.78
UOEMD,Diagnosis,Load_Loaded_Speed_30Hz,CWRU_12k + CWRU_48k + HUST_Gearbox + HUST + PU + UORED + Electric_Motor,Multi-Head DL (TABNET),0.25,0.16666666666666666,0.7241071428571428
UOEMD,Diagnosis,Load_Loaded_Speed_30Hz,CWRU_12k + CWRU_48k + HUST_Gearbox + HUST + PU + Mechanical_Gear + Electric_Motor,Multi-Head DL (TABNET),0.5625,0.4799573055028463,0.865
UOEMD,Diagnosis,Load_Loaded_Speed_30Hz,CWRU_12k + CWRU_48k + HUST_Gearbox + HUST + UORED + Mechanical_Gear + Electric_Motor,Multi-Head DL (TABNET),0.6375,0.5337472212472213,0.9155357142857143
UOEMD,Diagnosis,Load_Loaded_Speed_30Hz,CWRU_12k + CWRU_48k + HUST_Gearbox + PU + UORED + Mechanical_Gear + Electric_Motor,Multi-Head DL (TABNET),0.5,0.37894906511927784,0.9333928571428571
UOEMD,Diagnosis,Load_Loaded_Speed_30Hz,CWRU_12k + CWRU_48k + HUST + PU + UORED + Mechanical_Gear + Electric_Motor,Multi-Head DL (TABNET),0.375,0.29545454545454547,0.8501785714285715
UOEMD,Diagnosis,Load_Loaded_Speed_30Hz,CWRU_12k + HUST_Gearbox + HUST + PU + UORED + Mechanical_Gear + Electric_Motor,Multi-Head DL (TABNET),0.35,0.30052083333333335,0.7432142857142857
UOEMD,Diagnosis,Load_Loaded_Speed_30Hz,CWRU_48k + HUST_Gearbox + HUST + PU + UORED + Mechanical_Gear + Electric_Motor,Multi-Head DL (TABNET),0.36250000000000004,0.2957522089295488,0.7346428571428572
UOEMD,Diagnosis,Load_Loaded_Speed_30Hz,CWRU_12k + CWRU_48k + HUST_Gearbox + HUST + PU + UORED + Mechanical_Gear + Electric_Motor,Multi-Head DL (TABNET),0.65,0.5684523809523809,0.8833928571428571
UOEMD,Diagnosis,Load_Loaded_Speed_45Hz,CWRU_12k,Multi-Head DL (TABNET),0.7375,0.7058080808080808,0.937857142857143
UOEMD,Diagnosis,Load_Loaded_Speed_45Hz,CWRU_48k,Multi-Head DL (TABNET),0.7625,0.6852272727272728,0.9575
UOEMD,Diagnosis,Load_Loaded_Speed_45Hz,HUST_Gearbox,Multi-Head DL (TABNET),0.75,0.6695402298850575,0.995
UOEMD,Diagnosis,Load_Loaded_Speed_45Hz,HUST,Multi-Head DL (TABNET),0.6125,0.5502380952380952,0.9105357142857142
UOEMD,Diagnosis,Load_Loaded_Speed_45Hz,PU,Multi-Head DL (TABNET),0.375,0.2857142857142857,0.7023214285714285
UOEMD,Diagnosis,Load_Loaded_Speed_45Hz,UORED,Multi-Head DL (TABNET),0.65,0.6030307822053553,0.9498214285714286
UOEMD,Diagnosis,Load_Loaded_Speed_45Hz,Mechanical_Gear,Multi-Head DL (TABNET),0.7375,0.6568181818181819,0.9501785714285713
UOEMD,Diagnosis,Load_Loaded_Speed_45Hz,Electric_Motor,Multi-Head DL (TABNET),0.725,0.6772328548644337,0.9194642857142857
UOEMD,Diagnosis,Load_Loaded_Speed_45Hz,CWRU_12k + CWRU_48k,Multi-Head DL (TABNET),0.625,0.5416666666666666,0.8407142857142857
UOEMD,Diagnosis,Load_Loaded_Speed_45Hz,CWRU_12k + HUST_Gearbox,Multi-Head DL (TABNET),0.5,0.425,0.9333928571428571
UOEMD,Diagnosis,Load_Loaded_Speed_45Hz,CWRU_12k + HUST,Multi-Head DL (TABNET),0.6499999999999999,0.5789760348583878,0.97875
UOEMD,Diagnosis,Load_Loaded_Speed_45Hz,CWRU_12k + PU,Multi-Head DL (TABNET),0.7125,0.675713959672938,0.9710714285714286
UOEMD,Diagnosis,Load_Loaded_Speed_45Hz,CWRU_12k + UORED,Multi-Head DL (TABNET),0.4625,0.479068538647343,0.8780357142857143
UOEMD,Diagnosis,Load_Loaded_Speed_45Hz,CWRU_12k + Mechanical_Gear,Multi-Head DL (TABNET),0.6875,0.6682073774179038,0.9210714285714285
UOEMD,Diagnosis,Load_Loaded_Speed_45Hz,CWRU_12k + Electric_Motor,Multi-Head DL (TABNET),0.5375,0.47655195681511475,0.8683928571428572
UOEMD,Diagnosis,Load_Loaded_Speed_45Hz,CWRU_48k + HUST_Gearbox,Multi-Head DL (TABNET),0.7125,0.6869772541819665,0.9871428571428571
UOEMD,Diagnosis,Load_Loaded_Speed_45Hz,CWRU_48k + HUST,Multi-Head DL (TABNET),0.5,0.37570710245128847,0.9844642857142858
UOEMD,Diagnosis,Load_Loaded_Speed_45Hz,CWRU_48k + PU,Multi-Head DL (TABNET),0.5499999999999999,0.5063502673796791,0.9308928571428572
UOEMD,Diagnosis,Load_Loaded_Speed_45Hz,CWRU_48k + UORED,Multi-Head DL (TABNET),0.725,0.6908693158693158,0.9944642857142858
UOEMD,Diagnosis,Load_Loaded_Speed_45Hz,CWRU_48k + Mechanical_Gear,Multi-Head DL (TABNET),0.5625,0.5067418546365915,0.9267857142857143
UOEMD,Diagnosis,Load_Loaded_Speed_45Hz,CWRU_48k + Electric_Motor,Multi-Head DL (TABNET),0.75,0.7067977135112684,0.9528571428571428
UOEMD,Diagnosis,Load_Loaded_Speed_45Hz,HUST_Gearbox + HUST,Multi-Head DL (TABNET),0.575,0.5138888888888888,0.8919642857142858
UOEMD,Diagnosis,Load_Loaded_Speed_45Hz,HUST_Gearbox + PU,Multi-Head DL (TABNET),0.5875,0.5246305418719213,0.94875
UOEMD,Diagnosis,Load_Loaded_Speed_45Hz,HUST_Gearbox + UORED,Multi-Head DL (TABNET),0.525,0.4270833333333333,0.9541071428571428
UOEMD,Diagnosis,Load_Loaded_Speed_45Hz,HUST_Gearbox + Mechanical_Gear,Multi-Head DL (TABNET),0.5,0.41142050040355127,0.8153571428571429
UOEMD,Diagnosis,Load_Loaded_Speed_45Hz,HUST_Gearbox + Electric_Motor,Multi-Head DL (TABNET),0.7124999999999999,0.6341338259441707,0.95625
UOEMD,Diagnosis,Load_Loaded_Speed_45Hz,HUST + PU,Multi-Head DL (TABNET),0.375,0.3055555555555556,0.8235714285714286
UOEMD,Diagnosis,Load_Loaded_Speed_45Hz,HUST + UORED,Multi-Head DL (TABNET),0.6499999999999999,0.57985842985843,0.9675
UOEMD,Diagnosis,Load_Loaded_Speed_45Hz,HUST + Mechanical_Gear,Multi-Head DL (TABNET),0.625,0.611111111111111,0.9071428571428571
UOEMD,Diagnosis,Load_Loaded_Speed_45Hz,HUST + Electric_Motor,Multi-Head DL (TABNET),0.5875,0.5039766081871345,0.9626785714285714
UOEMD,Diagnosis,Load_Loaded_Speed_45Hz,PU + UORED,Multi-Head DL (TABNET),0.5,0.4011904761904762,0.8910714285714285
UOEMD,Diagnosis,Load_Loaded_Speed_45Hz,PU + Mechanical_Gear,Multi-Head DL (TABNET),0.375,0.30208333333333337,0.7721428571428572
UOEMD,Diagnosis,Load_Loaded_Speed_45Hz,PU + Electric_Motor,Multi-Head DL (TABNET),0.35,0.31618819776714513,0.8498214285714286
UOEMD,Diagnosis,Load_Loaded_Speed_45Hz,UORED + Mechanical_Gear,Multi-Head DL (TABNET),0.65,0.6415160926030492,0.8930357142857143
UOEMD,Diagnosis,Load_Loaded_Speed_45Hz,UORED + Electric_Motor,Multi-Head DL (TABNET),0.5875,0.5177083333333333,0.9180357142857143
UOEMD,Diagnosis,Load_Loaded_Speed_45Hz,Mechanical_Gear + Electric_Motor,Multi-Head DL (TABNET),0.7749999999999999,0.7527960526315789,0.9571428571428571
UOEMD,Diagnosis,Load_Loaded_Speed_45Hz,CWRU_12k + CWRU_48k + HUST_Gearbox,Multi-Head DL (TABNET),0.575,0.49707602339181284,0.8794642857142858
UOEMD,Diagnosis,Load_Loaded_Speed_45Hz,CWRU_12k + CWRU_48k + HUST,Multi-Head DL (TABNET),0.625,0.5208333333333333,0.8583928571428572
UOEMD,Diagnosis,Load_Loaded_Speed_45Hz,CWRU_12k + CWRU_48k + PU,Multi-Head DL (TABNET),0.625,0.5508730158730158,0.9258928571428572
UOEMD,Diagnosis,Load_Loaded_Speed_45Hz,CWRU_12k + CWRU_48k + UORED,Multi-Head DL (TABNET),0.55,0.4675647451963242,0.9083928571428572
UOEMD,Diagnosis,Load_Loaded_Speed_45Hz,CWRU_12k + CWRU_48k + Mechanical_Gear,Multi-Head DL (TABNET),0.5,0.425,0.8951785714285714
UOEMD,Diagnosis,Load_Loaded_Speed_45Hz,CWRU_12k + CWRU_48k + Electric_Motor,Multi-Head DL (TABNET),0.45,0.4095394736842105,0.8698214285714285
UOEMD,Diagnosis,Load_Loaded_Speed_45Hz,CWRU_12k + HUST_Gearbox + HUST,Multi-Head DL (TABNET),0.5,0.415719696969697,0.8185714285714285
UOEMD,Diagnosis,Load_Loaded_Speed_45Hz,CWRU_12k + HUST_Gearbox + PU,Multi-Head DL (TABNET),0.5,0.42819148936170215,0.8421428571428571
UOEMD,Diagnosis,Load_Loaded_Speed_45Hz,CWRU_12k + HUST_Gearbox + UORED,Multi-Head DL (TABNET),0.7375,0.7163377192982456,0.9792857142857143
UOEMD,Diagnosis,Load_Loaded_Speed_45Hz,CWRU_12k + HUST_Gearbox + Mechanical_Gear,Multi-Head DL (TABNET),0.7125,0.6654411764705882,0.88
UOEMD,Diagnosis,Load_Loaded_Speed_45Hz,CWRU_12k + HUST_Gearbox + Electric_Motor,Multi-Head DL (TABNET),0.4,0.375,0.8405357142857143
UOEMD,Diagnosis,Load_Loaded_Speed_45Hz,CWRU_12k + HUST + PU,Multi-Head DL (TABNET),0.4375,0.34545454545454546,0.8660714285714286
UOEMD,Diagnosis,Load_Loaded_Speed_45Hz,CWRU_12k + HUST + UORED,Multi-Head DL (TABNET),0.65,0.6083333333333334,0.9260714285714287
UOEMD,Diagnosis,Load_Loaded_Speed_45Hz,CWRU_12k + HUST + Mechanical_Gear,Multi-Head DL (TABNET),0.55,0.45263532763532766,0.8664285714285714
UOEMD,Diagnosis,Load_Loaded_Speed_45Hz,CWRU_12k + HUST + Electric_Motor,Multi-Head DL (TABNET),0.65,0.6041666666666667,0.9626785714285715
UOEMD,Diagnosis,Load_Loaded_Speed_45Hz,CWRU_12k + PU + UORED,Multi-Head DL (TABNET),0.4125,0.3323412698412698,0.89625
UOEMD,Diagnosis,Load_Loaded_Speed_45Hz,CWRU_12k + PU + Mechanical_Gear,Multi-Head DL (TABNET),0.6625,0.591390309629874,0.9246428571428571
UOEMD,Diagnosis,Load_Loaded_Speed_45Hz,CWRU_12k + PU + Electric_Motor,Multi-Head DL (TABNET),0.4625,0.4110807113543091,0.8046428571428571
UOEMD,Diagnosis,Load_Loaded_Speed_45Hz,CWRU_12k + UORED + Mechanical_Gear,Multi-Head DL (TABNET),0.625,0.5833333333333333,0.9299999999999999
UOEMD,Diagnosis,Load_Loaded_Speed_45Hz,CWRU_12k + UORED + Electric_Motor,Multi-Head DL (TABNET),0.725,0.6742358518674307,0.9623214285714285
UOEMD,Diagnosis,Load_Loaded_Speed_45Hz,CWRU_12k + Mechanical_Gear + Electric_Motor,Multi-Head DL (TABNET),0.675,0.6015037593984962,0.9233928571428571
UOEMD,Diagnosis,Load_Loaded_Speed_45Hz,CWRU_48k + HUST_Gearbox + HUST,Multi-Head DL (TABNET),0.5625,0.4805555555555555,0.9392857142857143
UOEMD,Diagnosis,Load_Loaded_Speed_45Hz,CWRU_48k + HUST_Gearbox + PU,Multi-Head DL (TABNET),0.4625,0.4114115934998787,0.8569642857142856
UOEMD,Diagnosis,Load_Loaded_Speed_45Hz,CWRU_48k + HUST_Gearbox + UORED,Multi-Head DL (TABNET),0.55,0.5394327894327894,0.8514285714285714
UOEMD,Diagnosis,Load_Loaded_Speed_45Hz,CWRU_48k + HUST_Gearbox + Mechanical_Gear,Multi-Head DL (TABNET),0.525,0.4756441223832528,0.9732142857142858
UOEMD,Diagnosis,Load_Loaded_Speed_45Hz,CWRU_48k + HUST_Gearbox + Electric_Motor,Multi-Head DL (TABNET),0.675,0.6380494505494505,0.9646428571428571
UOEMD,Diagnosis,Load_Loaded_Speed_45Hz,CWRU_48k + HUST + PU,Multi-Head DL (TABNET),0.4875,0.3858618233618234,0.7605357142857143
UOEMD,Diagnosis,Load_Loaded_Speed_45Hz,CWRU_48k + HUST + UORED,Multi-Head DL (TABNET),0.6499999999999999,0.6164531414531415,0.9233928571428571
UOEMD,Diagnosis,Load_Loaded_Speed_45Hz,CWRU_48k + HUST + Mechanical_Gear,Multi-Head DL (TABNET),0.7875,0.7538352272727273,0.9791071428571428
UOEMD,Diagnosis,Load_Loaded_Speed_45Hz,CWRU_48k + HUST + Electric_Motor,Multi-Head DL (TABNET),0.4875,0.4248721227621483,0.8623214285714286
UOEMD,Diagnosis,Load_Loaded_Speed_45Hz,CWRU_48k + PU + UORED,Multi-Head DL (TABNET),0.6000000000000001,0.553921568627451,0.9371428571428572
UOEMD,Diagnosis,Load_Loaded_Speed_45Hz,CWRU_48k + PU + Mechanical_Gear,Multi-Head DL (TABNET),0.5375,0.44718442932728647,0.9753571428571429
UOEMD,Diagnosis,Load_Loaded_Speed_45Hz,CWRU_48k + PU + Electric_Motor,Multi-Head DL (TABNET),0.6,0.5209484002587451,0.8473214285714286
UOEMD,Diagnosis,Load_Loaded_Speed_45Hz,CWRU_48k + UORED + Mechanical_Gear,Multi-Head DL (TABNET),0.7625,0.7318926453980802,0.9773214285714287
UOEMD,Diagnosis,Load_Loaded_Speed_45Hz,CWRU_48k + UORED + Electric_Motor,Multi-Head DL (TABNET),0.5125,0.4379251700680272,0.9726785714285715
UOEMD,Diagnosis,Load_Loaded_Speed_45Hz,CWRU_48k + Mechanical_Gear + Electric_Motor,Multi-Head DL (TABNET),0.525,0.4226190476190476,0.9107142857142857
UOEMD,Diagnosis,Load_Loaded_Speed_45Hz,HUST_Gearbox + HUST + PU,Multi-Head DL (TABNET),0.5375,0.44246031746031744,0.9544642857142858
UOEMD,Diagnosis,Load_Loaded_Speed_45Hz,HUST_Gearbox + HUST + UORED,Multi-Head DL (TABNET),0.6,0.5224014336917562,0.9775
UOEMD,Diagnosis,Load_Loaded_Speed_45Hz,HUST_Gearbox + HUST + Mechanical_Gear,Multi-Head DL (TABNET),0.48750000000000004,0.4302503052503053,0.8707142857142858
UOEMD,Diagnosis,Load_Loaded_Speed_45Hz,HUST_Gearbox + HUST + Electric_Motor,Multi-Head DL (TABNET),0.5,0.46006493506493507,0.9123214285714285
UOEMD,Diagnosis,Load_Loaded_Speed_45Hz,HUST_Gearbox + PU + UORED,Multi-Head DL (TABNET),0.4375,0.3611111111111111,0.8241071428571428
UOEMD,Diagnosis,Load_Loaded_Speed_45Hz,HUST_Gearbox + PU + Mechanical_Gear,Multi-Head DL (TABNET),0.3875,0.3042776432606941,0.8987499999999999
UOEMD,Diagnosis,Load_Loaded_Speed_45Hz,HUST_Gearbox + PU + Electric_Motor,Multi-Head DL (TABNET),0.6375,0.5399876206327819,0.9437500000000001
UOEMD,Diagnosis,Load_Loaded_Speed_45Hz,HUST_Gearbox + UORED + Mechanical_Gear,Multi-Head DL (TABNET),0.4,0.35264227642276424,0.8630357142857144
UOEMD,Diagnosis,Load_Loaded_Speed_45Hz,HUST_Gearbox + UORED + Electric_Motor,Multi-Head DL (TABNET),0.575,0.49850230414746544,0.9517857142857142
UOEMD,Diagnosis,Load_Loaded_Speed_45Hz,HUST_Gearbox + Mechanical_Gear + Electric_Motor,Multi-Head DL (TABNET),0.7375,0.6538744516630574,0.9746428571428571
UOEMD,Diagnosis,Load_Loaded_Speed_45Hz,HUST + PU + UORED,Multi-Head DL (TABNET),0.7,0.6669565217391304,0.8678571428571429
UOEMD,Diagnosis,Load_Loaded_Speed_45Hz,HUST + PU + Mechanical_Gear,Multi-Head DL (TABNET),0.4,0.3679529282977559,0.9183928571428571
UOEMD,Diagnosis,Load_Loaded_Speed_45Hz,HUST + PU + Electric_Motor,Multi-Head DL (TABNET),0.5375,0.43811236189284974,0.8735714285714286
UOEMD,Diagnosis,Load_Loaded_Speed_45Hz,HUST + UORED + Mechanical_Gear,Multi-Head DL (TABNET),0.7,0.6314460393407761,0.9730357142857142
UOEMD,Diagnosis,Load_Loaded_Speed_45Hz,HUST + UORED + Electric_Motor,Multi-Head DL (TABNET),0.575,0.5129431971537235,0.9464285714285714
UOEMD,Diagnosis,Load_Loaded_Speed_45Hz,HUST + Mechanical_Gear + Electric_Motor,Multi-Head DL (TABNET),0.5875,0.5198412698412699,0.9410714285714286
UOEMD,Diagnosis,Load_Loaded_Speed_45Hz,PU + UORED + Mechanical_Gear,Multi-Head DL (TABNET),0.5,0.375,0.9257142857142857
UOEMD,Diagnosis,Load_Loaded_Speed_45Hz,PU + UORED + Electric_Motor,Multi-Head DL (TABNET),0.7625,0.7164815471267084,0.9842857142857142
UOEMD,Diagnosis,Load_Loaded_Speed_45Hz,PU + Mechanical_Gear + Electric_Motor,Multi-Head DL (TABNET),0.4875,0.37656352863726134,0.8639285714285714
UOEMD,Diagnosis,Load_Loaded_Speed_45Hz,UORED + Mechanical_Gear + Electric_Motor,Multi-Head DL (TABNET),0.65,0.6166208791208792,0.9617857142857142
UOEMD,Diagnosis,Load_Loaded_Speed_45Hz,CWRU_12k + CWRU_48k + HUST_Gearbox + HUST,Multi-Head DL (TABNET),0.7375,0.6600678733031675,0.8951785714285714
UOEMD,Diagnosis,Load_Loaded_Speed_45Hz,CWRU_12k + CWRU_48k + HUST_Gearbox + PU,Multi-Head DL (TABNET),0.475,0.41333333333333333,0.9308928571428571
UOEMD,Diagnosis,Load_Loaded_Speed_45Hz,CWRU_12k + CWRU_48k + HUST_Gearbox + UORED,Multi-Head DL (TABNET),0.475,0.43834786821705424,0.8133928571428571
UOEMD,Diagnosis,Load_Loaded_Speed_45Hz,CWRU_12k + CWRU_48k + HUST_Gearbox + Mechanical_Gear,Multi-Head DL (TABNET),0.525,0.430952380952381,0.8376785714285715
UOEMD,Diagnosis,Load_Loaded_Speed_45Hz,CWRU_12k + CWRU_48k + HUST_Gearbox + Electric_Motor,Multi-Head DL (TABNET),0.5625,0.485014985014985,0.875
UOEMD,Diagnosis,Load_Loaded_Speed_45Hz,CWRU_12k + CWRU_48k + HUST + PU,Multi-Head DL (TABNET),0.55,0.46827651515151514,0.89
UOEMD,Diagnosis,Load_Loaded_Speed_45Hz,CWRU_12k + CWRU_48k + HUST + UORED,Multi-Head DL (TABNET),0.525,0.452445652173913,0.9025000000000001
UOEMD,Diagnosis,Load_Loaded_Speed_45Hz,CWRU_12k + CWRU_48k + HUST + Mechanical_Gear,Multi-Head DL (TABNET),0.4875,0.3909198113207547,0.8955357142857143
UOEMD,Diagnosis,Load_Loaded_Speed_45Hz,CWRU_12k + CWRU_48k + HUST + Electric_Motor,Multi-Head DL (TABNET),0.4875,0.3717700258397933,0.9023214285714285
UOEMD,Diagnosis,Load_Loaded_Speed_45Hz,CWRU_12k + CWRU_48k + PU + UORED,Multi-Head DL (TABNET),0.525,0.4573211875843455,0.9169642857142857
UOEMD,Diagnosis,Load_Loaded_Speed_45Hz,CWRU_12k + CWRU_48k + PU + Mechanical_Gear,Multi-Head DL (TABNET),0.7375,0.6712454212454213,0.9253571428571429
UOEMD,Diagnosis,Load_Loaded_Speed_45Hz,CWRU_12k + CWRU_48k + PU + Electric_Motor,Multi-Head DL (TABNET),0.625,0.5670980751309489,0.8746428571428572
UOEMD,Diagnosis,Load_Loaded_Speed_45Hz,CWRU_12k + CWRU_48k + UORED + Mechanical_Gear,Multi-Head DL (TABNET),0.5125,0.4761904761904762,0.9364285714285714
UOEMD,Diagnosis,Load_Loaded_Speed_45Hz,CWRU_12k + CWRU_48k + UORED + Electric_Motor,Multi-Head DL (TABNET),0.525,0.4624331550802139,0.8742857142857143
UOEMD,Diagnosis,Load_Loaded_Speed_45Hz,CWRU_12k + CWRU_48k + Mechanical_Gear + Electric_Motor,Multi-Head DL (TABNET),0.6,0.48540706605222733,0.9414285714285715
UOEMD,Diagnosis,Load_Loaded_Speed_45Hz,CWRU_12k + HUST_Gearbox + HUST + PU,Multi-Head DL (TABNET),0.3875,0.32707509881422925,0.8225
UOEMD,Diagnosis,Load_Loaded_Speed_45Hz,CWRU_12k + HUST_Gearbox + HUST + UORED,Multi-Head DL (TABNET),0.4375,0.36359530261969286,0.9146428571428571
UOEMD,Diagnosis,Load_Loaded_Speed_45Hz,CWRU_12k + HUST_Gearbox + HUST + Mechanical_Gear,Multi-Head DL (TABNET),0.7,0.638063909774436,0.9226785714285715
UOEMD,Diagnosis,Load_Loaded_Speed_45Hz,CWRU_12k + HUST_Gearbox + HUST + Electric_Motor,Multi-Head DL (TABNET),0.4375,0.3866697994987468,0.9
UOEMD,Diagnosis,Load_Loaded_Speed_45Hz,CWRU_12k + HUST_Gearbox + PU + UORED,Multi-Head DL (TABNET),0.5625,0.47348484848484845,0.9357142857142857
UOEMD,Diagnosis,Load_Loaded_Speed_45Hz,CWRU_12k + HUST_Gearbox + PU + Mechanical_Gear,Multi-Head DL (TABNET),0.625,0.5806207858637527,0.9619642857142856
UOEMD,Diagnosis,Load_Loaded_Speed_45Hz,CWRU_12k + HUST_Gearbox + PU + Electric_Motor,Multi-Head DL (TABNET),0.475,0.3931818181818182,0.8392857142857143
UOEMD,Diagnosis,Load_Loaded_Speed_45Hz,CWRU_12k + HUST_Gearbox + UORED + Mechanical_Gear,Multi-Head DL (TABNET),0.6499999999999999,0.5666073709177157,0.9707142857142856
UOEMD,Diagnosis,Load_Loaded_Speed_45Hz,CWRU_12k + HUST_Gearbox + UORED + Electric_Motor,Multi-Head DL (TABNET),0.5,0.4166666666666667,0.8655357142857143
UOEMD,Diagnosis,Load_Loaded_Speed_45Hz,CWRU_12k + HUST_Gearbox + Mechanical_Gear + Electric_Motor,Multi-Head DL (TABNET),0.5125,0.4401001540832049,0.79125
UOEMD,Diagnosis,Load_Loaded_Speed_45Hz,CWRU_12k + HUST + PU + UORED,Multi-Head DL (TABNET),0.55,0.489010989010989,0.8521428571428572
UOEMD,Diagnosis,Load_Loaded_Speed_45Hz,CWRU_12k + HUST + PU + Mechanical_Gear,Multi-Head DL (TABNET),0.5,0.5,0.8617857142857143
UOEMD,Diagnosis,Load_Loaded_Speed_45Hz,CWRU_12k + HUST + PU + Electric_Motor,Multi-Head DL (TABNET),0.5,0.4375,0.9407142857142857
UOEMD,Diagnosis,Load_Loaded_Speed_45Hz,CWRU_12k + HUST + UORED + Mechanical_Gear,Multi-Head DL (TABNET),0.6,0.5118181818181818,0.8957142857142857
UOEMD,Diagnosis,Load_Loaded_Speed_45Hz,CWRU_12k + HUST + UORED + Electric_Motor,Multi-Head DL (TABNET),0.625,0.5707875457875458,0.97375
UOEMD,Diagnosis,Load_Loaded_Speed_45Hz,CWRU_12k + HUST + Mechanical_Gear + Electric_Motor,Multi-Head DL (TABNET),0.375,0.3125,0.9123214285714285
UOEMD,Diagnosis,Load_Loaded_Speed_45Hz,CWRU_12k + PU + UORED + Mechanical_Gear,Multi-Head DL (TABNET),0.525,0.4236281736281736,0.8635714285714285
UOEMD,Diagnosis,Load_Loaded_Speed_45Hz,CWRU_12k + PU + UORED + Electric_Motor,Multi-Head DL (TABNET),0.5,0.3852265043948614,0.9210714285714285
UOEMD,Diagnosis,Load_Loaded_Speed_45Hz,CWRU_12k + PU + Mechanical_Gear + Electric_Motor,Multi-Head DL (TABNET),0.5,0.45564516129032256,0.8975
UOEMD,Diagnosis,Load_Loaded_Speed_45Hz,CWRU_12k + UORED + Mechanical_Gear + Electric_Motor,Multi-Head DL (TABNET),0.6375,0.5931855898961162,0.9299999999999999
UOEMD,Diagnosis,Load_Loaded_Speed_45Hz,CWRU_48k + HUST_Gearbox + HUST + PU,Multi-Head DL (TABNET),0.3625,0.287468671679198,0.8364285714285714
UOEMD,Diagnosis,Load_Loaded_Speed_45Hz,CWRU_48k + HUST_Gearbox + HUST + UORED,Multi-Head DL (TABNET),0.7375,0.6872819455586858,0.9771428571428571
UOEMD,Diagnosis,Load_Loaded_Speed_45Hz,CWRU_48k + HUST_Gearbox + HUST + Mechanical_Gear,Multi-Head DL (TABNET),0.6125,0.5072477253928867,0.9132142857142858
UOEMD,Diagnosis,Load_Loaded_Speed_45Hz,CWRU_48k + HUST_Gearbox + HUST + Electric_Motor,Multi-Head DL (TABNET),0.5,0.4370957167832168,0.9464285714285715
UOEMD,Diagnosis,Load_Loaded_Speed_45Hz,CWRU_48k + HUST_Gearbox + PU + UORED,Multi-Head DL (TABNET),0.5,0.42607702642185397,0.8880357142857143
UOEMD,Diagnosis,Load_Loaded_Speed_45Hz,CWRU_48k + HUST_Gearbox + PU + Mechanical_Gear,Multi-Head DL (TABNET),0.5,0.37507817385866166,0.9821428571428572
UOEMD,Diagnosis,Load_Loaded_Speed_45Hz,CWRU_48k + HUST_Gearbox + PU + Electric_Motor,Multi-Head DL (TABNET),0.36250000000000004,0.30057932263814613,0.7610714285714286
UOEMD,Diagnosis,Load_Loaded_Speed_45Hz,CWRU_48k + HUST_Gearbox + UORED + Mechanical_Gear,Multi-Head DL (TABNET),0.4875,0.41911764705882354,0.8430357142857143
UOEMD,Diagnosis,Load_Loaded_Speed_45Hz,CWRU_48k + HUST_Gearbox + UORED + Electric_Motor,Multi-Head DL (TABNET),0.775,0.7517891213444752,0.9898214285714286
UOEMD,Diagnosis,Load_Loaded_Speed_45Hz,CWRU_48k + HUST_Gearbox + Mechanical_Gear + Electric_Motor,Multi-Head DL (TABNET),0.575,0.4847619047619048,0.9016071428571428
UOEMD,Diagnosis,Load_Loaded_Speed_45Hz,CWRU_48k + HUST + PU + UORED,Multi-Head DL (TABNET),0.5,0.3925925925925926,0.8262499999999999
UOEMD,Diagnosis,Load_Loaded_Speed_45Hz,CWRU_48k + HUST + PU + Mechanical_Gear,Multi-Head DL (TABNET),0.5,0.3766025641025641,0.8466071428571428
UOEMD,Diagnosis,Load_Loaded_Speed_45Hz,CWRU_48k + HUST + PU + Electric_Motor,Multi-Head DL (TABNET),0.375,0.3,0.7282142857142857
UOEMD,Diagnosis,Load_Loaded_Speed_45Hz,CWRU_48k + HUST + UORED + Mechanical_Gear,Multi-Head DL (TABNET),0.85,0.8203162578162578,0.9692857142857143
UOEMD,Diagnosis,Load_Loaded_Speed_45Hz,CWRU_48k + HUST + UORED + Electric_Motor,Multi-Head DL (TABNET),0.6625,0.6043966623876764,0.9705357142857143
UOEMD,Diagnosis,Load_Loaded_Speed_45Hz,CWRU_48k + HUST + Mechanical_Gear + Electric_Motor,Multi-Head DL (TABNET),0.4875,0.4361538461538461,0.9423214285714285
UOEMD,Diagnosis,Load_Loaded_Speed_45Hz,CWRU_48k + PU + UORED + Mechanical_Gear,Multi-Head DL (TABNET),0.6,0.5526866151866151,0.9407142857142857
UOEMD,Diagnosis,Load_Loaded_Speed_45Hz,CWRU_48k + PU + UORED + Electric_Motor,Multi-Head DL (TABNET),0.45,0.3484848484848485,0.8450000000000001
UOEMD,Diagnosis,Load_Loaded_Speed_45Hz,CWRU_48k + PU + Mechanical_Gear + Electric_Motor,Multi-Head DL (TABNET),0.3125,0.28205128205128205,0.7517857142857143
UOEMD,Diagnosis,Load_Loaded_Speed_45Hz,CWRU_48k + UORED + Mechanical_Gear + Electric_Motor,Multi-Head DL (TABNET),0.5625,0.47779304029304026,0.9673214285714286
UOEMD,Diagnosis,Load_Loaded_Speed_45Hz,HUST_Gearbox + HUST + PU + UORED,Multi-Head DL (TABNET),0.5,0.3961038961038961,0.9408928571428572
UOEMD,Diagnosis,Load_Loaded_Speed_45Hz,HUST_Gearbox + HUST + PU + Mechanical_Gear,Multi-Head DL (TABNET),0.5,0.3852265043948614,0.8407142857142857
UOEMD,Diagnosis,Load_Loaded_Speed_45Hz,HUST_Gearbox + HUST + PU + Electric_Motor,Multi-Head DL (TABNET),0.375,0.3157894736842105,0.8453571428571429
UOEMD,Diagnosis,Load_Loaded_Speed_45Hz,HUST_Gearbox + HUST + UORED + Mechanical_Gear,Multi-Head DL (TABNET),0.5375,0.4555780476833109,0.9491071428571429
UOEMD,Diagnosis,Load_Loaded_Speed_45Hz,HUST_Gearbox + HUST + UORED + Electric_Motor,Multi-Head DL (TABNET),0.575,0.4975,0.9542857142857142
UOEMD,Diagnosis,Load_Loaded_Speed_45Hz,HUST_Gearbox + HUST + Mechanical_Gear + Electric_Motor,Multi-Head DL (TABNET),0.6,0.5069828692842282,0.9303571428571429
UOEMD,Diagnosis,Load_Loaded_Speed_45Hz,HUST_Gearbox + PU + UORED + Mechanical_Gear,Multi-Head DL (TABNET),0.475,0.408068783068783,0.7342857142857143
UOEMD,Diagnosis,Load_Loaded_Speed_45Hz,HUST_Gearbox + PU + UORED + Electric_Motor,Multi-Head DL (TABNET),0.375,0.2857142857142857,0.8346428571428571
UOEMD,Diagnosis,Load_Loaded_Speed_45Hz,HUST_Gearbox + PU + Mechanical_Gear + Electric_Motor,Multi-Head DL (TABNET),0.4625,0.446969696969697,0.8196428571428571
UOEMD,Diagnosis,Load_Loaded_Speed_45Hz,HUST_Gearbox + UORED + Mechanical_Gear + Electric_Motor,Multi-Head DL (TABNET),0.625,0.5318627450980392,0.9632142857142858
UOEMD,Diagnosis,Load_Loaded_Speed_45Hz,HUST + PU + UORED + Mechanical_Gear,Multi-Head DL (TABNET),0.35,0.31538018433179726,0.8433928571428572
UOEMD,Diagnosis,Load_Loaded_Speed_45Hz,HUST + PU + UORED + Electric_Motor,Multi-Head DL (TABNET),0.625,0.5197477253928866,0.94
UOEMD,Diagnosis,Load_Loaded_Speed_45Hz,HUST + PU + Mechanical_Gear + Electric_Motor,Multi-Head DL (TABNET),0.5,0.41835016835016836,0.9230357142857144
UOEMD,Diagnosis,Load_Loaded_Speed_45Hz,HUST + UORED + Mechanical_Gear + Electric_Motor,Multi-Head DL (TABNET),0.7625,0.6922675026123302,0.9498214285714286
UOEMD,Diagnosis,Load_Loaded_Speed_45Hz,PU + UORED + Mechanical_Gear + Electric_Motor,Multi-Head DL (TABNET),0.6000000000000001,0.5723687423687424,0.9882142857142857
UOEMD,Diagnosis,Load_Loaded_Speed_45Hz,CWRU_12k + CWRU_48k + HUST_Gearbox + HUST + PU,Multi-Head DL (TABNET),0.5,0.39136904761904767,0.8021428571428572
UOEMD,Diagnosis,Load_Loaded_Speed_45Hz,CWRU_12k + CWRU_48k + HUST_Gearbox + HUST + UORED,Multi-Head DL (TABNET),0.3875,0.308039376538146,0.8633928571428571
UOEMD,Diagnosis,Load_Loaded_Speed_45Hz,CWRU_12k + CWRU_48k + HUST_Gearbox + HUST + Mechanical_Gear,Multi-Head DL (TABNET),0.7749999999999999,0.7354144897248346,0.9857142857142858
UOEMD,Diagnosis,Load_Loaded_Speed_45Hz,CWRU_12k + CWRU_48k + HUST_Gearbox + HUST + Electric_Motor,Multi-Head DL (TABNET),0.5,0.37507817385866166,0.9483928571428571
UOEMD,Diagnosis,Load_Loaded_Speed_45Hz,CWRU_12k + CWRU_48k + HUST_Gearbox + PU + UORED,Multi-Head DL (TABNET),0.6125,0.5375,0.8417857142857142
UOEMD,Diagnosis,Load_Loaded_Speed_45Hz,CWRU_12k + CWRU_48k + HUST_Gearbox + PU + Mechanical_Gear,Multi-Head DL (TABNET),0.65,0.5492788461538461,0.9137500000000001
UOEMD,Diagnosis,Load_Loaded_Speed_45Hz,CWRU_12k + CWRU_48k + HUST_Gearbox + PU + Electric_Motor,Multi-Head DL (TABNET),0.6125,0.5091338259441708,0.9776785714285715
UOEMD,Diagnosis,Load_Loaded_Speed_45Hz,CWRU_12k + CWRU_48k + HUST_Gearbox + UORED + Mechanical_Gear,Multi-Head DL (TABNET),0.5,0.425,0.9598214285714286
UOEMD,Diagnosis,Load_Loaded_Speed_45Hz,CWRU_12k + CWRU_48k + HUST_Gearbox + UORED + Electric_Motor,Multi-Head DL (TABNET),0.625,0.5798611111111112,0.9305357142857142
UOEMD,Diagnosis,Load_Loaded_Speed_45Hz,CWRU_12k + CWRU_48k + HUST_Gearbox + Mechanical_Gear + Electric_Motor,Multi-Head DL (TABNET),0.5,0.3762626262626263,0.8410714285714286
UOEMD,Diagnosis,Load_Loaded_Speed_45Hz,CWRU_12k + CWRU_48k + HUST + PU + UORED,Multi-Head DL (TABNET),0.3875,0.3210470085470085,0.874642857142857
UOEMD,Diagnosis,Load_Loaded_Speed_45Hz,CWRU_12k + CWRU_48k + HUST + PU + Mechanical_Gear,Multi-Head DL (TABNET),0.375,0.29385964912280704,0.8744642857142857
UOEMD,Diagnosis,Load_Loaded_Speed_45Hz,CWRU_12k + CWRU_48k + HUST + PU + Electric_Motor,Multi-Head DL (TABNET),0.55,0.47435344827586207,0.865
UOEMD,Diagnosis,Load_Loaded_Speed_45Hz,CWRU_12k + CWRU_48k + HUST + UORED + Mechanical_Gear,Multi-Head DL (TABNET),0.625,0.5450680272108843,0.8819642857142858
UOEMD,Diagnosis,Load_Loaded_Speed_45Hz,CWRU_12k + CWRU_48k + HUST + UORED + Electric_Motor,Multi-Head DL (TABNET),0.725,0.6578149920255183,0.9674999999999999
UOEMD,Diagnosis,Load_Loaded_Speed_45Hz,CWRU_12k + CWRU_48k + HUST + Mechanical_Gear + Electric_Motor,Multi-Head DL (TABNET),0.5,0.4126559714795009,0.8707142857142858
UOEMD,Diagnosis,Load_Loaded_Speed_45Hz,CWRU_12k + CWRU_48k + PU + UORED + Mechanical_Gear,Multi-Head DL (TABNET),0.675,0.6088972431077695,0.95125
UOEMD,Diagnosis,Load_Loaded_Speed_45Hz,CWRU_12k + CWRU_48k + PU + UORED + Electric_Motor,Multi-Head DL (TABNET),0.5,0.408695652173913,0.8301785714285714
UOEMD,Diagnosis,Load_Loaded_Speed_45Hz,CWRU_12k + CWRU_48k + PU + Mechanical_Gear + Electric_Motor,Multi-Head DL (TABNET),0.5125,0.45870288248337027,0.8369642857142857
UOEMD,Diagnosis,Load_Loaded_Speed_45Hz,CWRU_12k + CWRU_48k + UORED + Mechanical_Gear + Electric_Motor,Multi-Head DL (TABNET),0.375,0.286231884057971,0.8746428571428572
UOEMD,Diagnosis,Load_Loaded_Speed_45Hz,CWRU_12k + HUST_Gearbox + HUST + PU + UORED,Multi-Head DL (TABNET),0.4,0.27071478486572825,0.8207142857142857
UOEMD,Diagnosis,Load_Loaded_Speed_45Hz,CWRU_12k + HUST_Gearbox + HUST + PU + Mechanical_Gear,Multi-Head DL (TABNET),0.475,0.40575396825396826,0.8728571428571428
UOEMD,Diagnosis,Load_Loaded_Speed_45Hz,CWRU_12k + HUST_Gearbox + HUST + PU + Electric_Motor,Multi-Head DL (TABNET),0.6125,0.5123355263157895,0.8610714285714285
UOEMD,Diagnosis,Load_Loaded_Speed_45Hz,CWRU_12k + HUST_Gearbox + HUST + UORED + Mechanical_Gear,Multi-Head DL (TABNET),0.775,0.74084008097166,0.9691071428571428
UOEMD,Diagnosis,Load_Loaded_Speed_45Hz,CWRU_12k + HUST_Gearbox + HUST + UORED + Electric_Motor,Multi-Head DL (TABNET),0.55,0.48763736263736257,0.9483928571428571
UOEMD,Diagnosis,Load_Loaded_Speed_45Hz,CWRU_12k + HUST_Gearbox + HUST + Mechanical_Gear + Electric_Motor,Multi-Head DL (TABNET),0.5625,0.5002280605728882,0.9551785714285714
UOEMD,Diagnosis,Load_Loaded_Speed_45Hz,CWRU_12k + HUST_Gearbox + PU + UORED + Mechanical_Gear,Multi-Head DL (TABNET),0.625,0.50018539117538,0.9071428571428571
UOEMD,Diagnosis,Load_Loaded_Speed_45Hz,CWRU_12k + HUST_Gearbox + PU + UORED + Electric_Motor,Multi-Head DL (TABNET),0.4125,0.3701923076923077,0.9348214285714285
UOEMD,Diagnosis,Load_Loaded_Speed_45Hz,CWRU_12k + HUST_Gearbox + PU + Mechanical_Gear + Electric_Motor,Multi-Head DL (TABNET),0.44999999999999996,0.35,0.9096428571428572
UOEMD,Diagnosis,Load_Loaded_Speed_45Hz,CWRU_12k + HUST_Gearbox + UORED + Mechanical_Gear + Electric_Motor,Multi-Head DL (TABNET),0.6875,0.6719551282051281,0.9392857142857143
UOEMD,Diagnosis,Load_Loaded_Speed_45Hz,CWRU_12k + HUST + PU + UORED + Mechanical_Gear,Multi-Head DL (TABNET),0.575,0.5299034974491363,0.9523214285714285
UOEMD,Diagnosis,Load_Loaded_Speed_45Hz,CWRU_12k + HUST + PU + UORED + Electric_Motor,Multi-Head DL (TABNET),0.575,0.5062217194570136,0.9396428571428572
UOEMD,Diagnosis,Load_Loaded_Speed_45Hz,CWRU_12k + HUST + PU + Mechanical_Gear + Electric_Motor,Multi-Head DL (TABNET),0.42500000000000004,0.36071428571428577,0.96125
UOEMD,Diagnosis,Load_Loaded_Speed_45Hz,CWRU_12k + HUST + UORED + Mechanical_Gear + Electric_Motor,Multi-Head DL (TABNET),0.7,0.6296217694774571,0.9283928571428571
UOEMD,Diagnosis,Load_Loaded_Speed_45Hz,CWRU_12k + PU + UORED + Mechanical_Gear + Electric_Motor,Multi-Head DL (TABNET),0.5125,0.40577651515151514,0.9017857142857143
UOEMD,Diagnosis,Load_Loaded_Speed_45Hz,CWRU_48k + HUST_Gearbox + HUST + PU + UORED,Multi-Head DL (TABNET),0.4875,0.36866791744840527,0.9167857142857143
UOEMD,Diagnosis,Load_Loaded_Speed_45Hz,CWRU_48k + HUST_Gearbox + HUST + PU + Mechanical_Gear,Multi-Head DL (TABNET),0.625,0.5369644723092999,0.8914285714285715
UOEMD,Diagnosis,Load_Loaded_Speed_45Hz,CWRU_48k + HUST_Gearbox + HUST + PU + Electric_Motor,Multi-Head DL (TABNET),0.375,0.2873134328358209,0.7816071428571428
UOEMD,Diagnosis,Load_Loaded_Speed_45Hz,CWRU_48k + HUST_Gearbox + HUST + UORED + Mechanical_Gear,Multi-Head DL (TABNET),0.5,0.4375,0.9530357142857143
UOEMD,Diagnosis,Load_Loaded_Speed_45Hz,CWRU_48k + HUST_Gearbox + HUST + UORED + Electric_Motor,Multi-Head DL (TABNET),0.5875,0.5503396637484823,0.8975000000000001
UOEMD,Diagnosis,Load_Loaded_Speed_45Hz,CWRU_48k + HUST_Gearbox + HUST + Mechanical_Gear + Electric_Motor,Multi-Head DL (TABNET),0.4375,0.35976702508960573,0.9457142857142857
UOEMD,Diagnosis,Load_Loaded_Speed_45Hz,CWRU_48k + HUST_Gearbox + PU + UORED + Mechanical_Gear,Multi-Head DL (TABNET),0.5,0.39161220043572986,0.8269642857142858
UOEMD,Diagnosis,Load_Loaded_Speed_45Hz,CWRU_48k + HUST_Gearbox + PU + UORED + Electric_Motor,Multi-Head DL (TABNET),0.4625,0.382578689370485,0.9405357142857143
UOEMD,Diagnosis,Load_Loaded_Speed_45Hz,CWRU_48k + HUST_Gearbox + PU + Mechanical_Gear + Electric_Motor,Multi-Head DL (TABNET),0.4625,0.3567854909318324,0.8292857142857143
UOEMD,Diagnosis,Load_Loaded_Speed_45Hz,CWRU_48k + HUST_Gearbox + UORED + Mechanical_Gear + Electric_Motor,Multi-Head DL (TABNET),0.6375,0.5476190476190477,0.8821428571428571
UOEMD,Diagnosis,Load_Loaded_Speed_45Hz,CWRU_48k + HUST + PU + UORED + Mechanical_Gear,Multi-Head DL (TABNET),0.4375,0.40166666666666667,0.81125
UOEMD,Diagnosis,Load_Loaded_Speed_45Hz,CWRU_48k + HUST + PU + UORED + Electric_Motor,Multi-Head DL (TABNET),0.425,0.3469793322734499,0.8917857142857143
UOEMD,Diagnosis,Load_Loaded_Speed_45Hz,CWRU_48k + HUST + PU + Mechanical_Gear + Electric_Motor,Multi-Head DL (TABNET),0.625,0.5224358974358974,0.9448214285714286
UOEMD,Diagnosis,Load_Loaded_Speed_45Hz,CWRU_48k + HUST + UORED + Mechanical_Gear + Electric_Motor,Multi-Head DL (TABNET),0.7625,0.7335497835497835,0.9764285714285714
UOEMD,Diagnosis,Load_Loaded_Speed_45Hz,CWRU_48k + PU + UORED + Mechanical_Gear + Electric_Motor,Multi-Head DL (TABNET),0.6125,0.5115662139219015,0.8832142857142857
UOEMD,Diagnosis,Load_Loaded_Speed_45Hz,HUST_Gearbox + HUST + PU + UORED + Mechanical_Gear,Multi-Head DL (TABNET),0.525,0.4208333333333333,0.8710714285714286
UOEMD,Diagnosis,Load_Loaded_Speed_45Hz,HUST_Gearbox + HUST + PU + UORED + Electric_Motor,Multi-Head DL (TABNET),0.6,0.5116127833519137,0.9
UOEMD,Diagnosis,Load_Loaded_Speed_45Hz,HUST_Gearbox + HUST + PU + Mechanical_Gear + Electric_Motor,Multi-Head DL (TABNET),0.375,0.3141025641025641,0.855
UOEMD,Diagnosis,Load_Loaded_Speed_45Hz,HUST_Gearbox + HUST + UORED + Mechanical_Gear + Electric_Motor,Multi-Head DL (TABNET),0.7375,0.6951754385964912,0.9344642857142857
UOEMD,Diagnosis,Load_Loaded_Speed_45Hz,HUST_Gearbox + PU + UORED + Mechanical_Gear + Electric_Motor,Multi-Head DL (TABNET),0.55,0.482010582010582,0.8783928571428572
UOEMD,Diagnosis,Load_Loaded_Speed_45Hz,HUST + PU + UORED + Mechanical_Gear + Electric_Motor,Multi-Head DL (TABNET),0.3875,0.3337028824833703,0.9073214285714286
UOEMD,Diagnosis,Load_Loaded_Speed_45Hz,CWRU_12k + CWRU_48k + HUST_Gearbox + HUST + PU + UORED,Multi-Head DL (TABNET),0.5375,0.46117424242424243,0.9030357142857144
UOEMD,Diagnosis,Load_Loaded_Speed_45Hz,CWRU_12k + CWRU_48k + HUST_Gearbox + HUST + PU + Mechanical_Gear,Multi-Head DL (TABNET),0.5,0.4375,0.8594642857142858
UOEMD,Diagnosis,Load_Loaded_Speed_45Hz,CWRU_12k + CWRU_48k + HUST_Gearbox + HUST + PU + Electric_Motor,Multi-Head DL (TABNET),0.375,0.3,0.7
UOEMD,Diagnosis,Load_Loaded_Speed_45Hz,CWRU_12k + CWRU_48k + HUST_Gearbox + HUST + UORED + Mechanical_Gear,Multi-Head DL (TABNET),0.575,0.49997182781158445,0.9339285714285714
UOEMD,Diagnosis,Load_Loaded_Speed_45Hz,CWRU_12k + CWRU_48k + HUST_Gearbox + HUST + UORED + Electric_Motor,Multi-Head DL (TABNET),0.625,0.50018539117538,0.9255357142857144
UOEMD,Diagnosis,Load_Loaded_Speed_45Hz,CWRU_12k + CWRU_48k + HUST_Gearbox + HUST + Mechanical_Gear + Electric_Motor,Multi-Head DL (TABNET),0.425,0.3660714285714286,0.9121428571428571
UOEMD,Diagnosis,Load_Loaded_Speed_45Hz,CWRU_12k + CWRU_48k + HUST_Gearbox + PU + UORED + Mechanical_Gear,Multi-Head DL (TABNET),0.725,0.6625064750064751,0.9353571428571429
UOEMD,Diagnosis,Load_Loaded_Speed_45Hz,CWRU_12k + CWRU_48k + HUST_Gearbox + PU + UORED + Electric_Motor,Multi-Head DL (TABNET),0.375,0.3333333333333333,0.8232142857142857
UOEMD,Diagnosis,Load_Loaded_Speed_45Hz,CWRU_12k + CWRU_48k + HUST_Gearbox + PU + Mechanical_Gear + Electric_Motor,Multi-Head DL (TABNET),0.5375,0.4442171303873432,0.9201785714285715
UOEMD,Diagnosis,Load_Loaded_Speed_45Hz,CWRU_12k + CWRU_48k + HUST_Gearbox + UORED + Mechanical_Gear + Electric_Motor,Multi-Head DL (TABNET),0.55,0.45265151515151514,0.9530357142857142
UOEMD,Diagnosis,Load_Loaded_Speed_45Hz,CWRU_12k + CWRU_48k + HUST + PU + UORED + Mechanical_Gear,Multi-Head DL (TABNET),0.5,0.49558080808080807,0.8998214285714285
UOEMD,Diagnosis,Load_Loaded_Speed_45Hz,CWRU_12k + CWRU_48k + HUST + PU + UORED + Electric_Motor,Multi-Head DL (TABNET),0.375,0.286231884057971,0.6946428571428571
UOEMD,Diagnosis,Load_Loaded_Speed_45Hz,CWRU_12k + CWRU_48k + HUST + PU + Mechanical_Gear + Electric_Motor,Multi-Head DL (TABNET),0.4375,0.41001642036124797,0.8875000000000001
UOEMD,Diagnosis,Load_Loaded_Speed_45Hz,CWRU_12k + CWRU_48k + HUST + UORED + Mechanical_Gear + Electric_Motor,Multi-Head DL (TABNET),0.5,0.41964285714285715,0.8253571428571429
UOEMD,Diagnosis,Load_Loaded_Speed_45Hz,CWRU_12k + CWRU_48k + PU + UORED + Mechanical_Gear + Electric_Motor,Multi-Head DL (TABNET),0.5,0.41666666666666663,0.9194642857142856
UOEMD,Diagnosis,Load_Loaded_Speed_45Hz,CWRU_12k + HUST_Gearbox + HUST + PU + UORED + Mechanical_Gear,Multi-Head DL (TABNET),0.375,0.2923728813559322,0.7591071428571429
UOEMD,Diagnosis,Load_Loaded_Speed_45Hz,CWRU_12k + HUST_Gearbox + HUST + PU + UORED + Electric_Motor,Multi-Head DL (TABNET),0.425,0.3647886798088411,0.9125000000000001
UOEMD,Diagnosis,Load_Loaded_Speed_45Hz,CWRU_12k + HUST_Gearbox + HUST + PU + Mechanical_Gear + Electric_Motor,Multi-Head DL (TABNET),0.5125,0.42719780219780223,0.8425
UOEMD,Diagnosis,Load_Loaded_Speed_45Hz,CWRU_12k + HUST_Gearbox + HUST + UORED + Mechanical_Gear + Electric_Motor,Multi-Head DL (TABNET),0.675,0.6050824175824175,0.9616071428571429
UOEMD,Diagnosis,Load_Loaded_Speed_45Hz,CWRU_12k + HUST_Gearbox + PU + UORED + Mechanical_Gear + Electric_Motor,Multi-Head DL (TABNET),0.4125,0.3548621190130624,0.9189285714285714
UOEMD,Diagnosis,Load_Loaded_Speed_45Hz,CWRU_12k + HUST + PU + UORED + Mechanical_Gear + Electric_Motor,Multi-Head DL (TABNET),0.375,0.29545454545454547,0.8591071428571428
UOEMD,Diagnosis,Load_Loaded_Speed_45Hz,CWRU_48k + HUST_Gearbox + HUST + PU + UORED + Mechanical_Gear,Multi-Head DL (TABNET),0.325,0.3084415584415584,0.750357142857143
UOEMD,Diagnosis,Load_Loaded_Speed_45Hz,CWRU_48k + HUST_Gearbox + HUST + PU + UORED + Electric_Motor,Multi-Head DL (TABNET),0.4,0.3888888888888889,0.8803571428571428
UOEMD,Diagnosis,Load_Loaded_Speed_45Hz,CWRU_48k + HUST_Gearbox + HUST + PU + Mechanical_Gear + Electric_Motor,Multi-Head DL (TABNET),0.5,0.43349358974358976,0.8814285714285715
UOEMD,Diagnosis,Load_Loaded_Speed_45Hz,CWRU_48k + HUST_Gearbox + HUST + UORED + Mechanical_Gear + Electric_Motor,Multi-Head DL (TABNET),0.7,0.6168374146260203,0.9276785714285715
UOEMD,Diagnosis,Load_Loaded_Speed_45Hz,CWRU_48k + HUST_Gearbox + PU + UORED + Mechanical_Gear + Electric_Motor,Multi-Head DL (TABNET),0.4875,0.36912815508286745,0.8321428571428572
UOEMD,Diagnosis,Load_Loaded_Speed_45Hz,CWRU_48k + HUST + PU + UORED + Mechanical_Gear + Electric_Motor,Multi-Head DL (TABNET),0.4,0.41331699346405226,0.8339285714285715
UOEMD,Diagnosis,Load_Loaded_Speed_45Hz,HUST_Gearbox + HUST + PU + UORED + Mechanical_Gear + Electric_Motor,Multi-Head DL (TABNET),0.5,0.3833333333333333,0.8460714285714286
UOEMD,Diagnosis,Load_Loaded_Speed_45Hz,CWRU_12k + CWRU_48k + HUST_Gearbox + HUST + PU + UORED + Mechanical_Gear,Multi-Head DL (TABNET),0.375,0.33064516129032256,0.7767857142857143
UOEMD,Diagnosis,Load_Loaded_Speed_45Hz,CWRU_12k + CWRU_48k + HUST_Gearbox + HUST + PU + UORED + Electric_Motor,Multi-Head DL (TABNET),0.375,0.27698863636363635,0.8201785714285714
UOEMD,Diagnosis,Load_Loaded_Speed_45Hz,CWRU_12k + CWRU_48k + HUST_Gearbox + HUST + PU + Mechanical_Gear + Electric_Motor,Multi-Head DL (TABNET),0.6499999999999999,0.6275033842968626,0.9810714285714286
UOEMD,Diagnosis,Load_Loaded_Speed_45Hz,CWRU_12k + CWRU_48k + HUST_Gearbox + HUST + UORED + Mechanical_Gear + Electric_Motor,Multi-Head DL (TABNET),0.75,0.6875,0.9376785714285714
UOEMD,Diagnosis,Load_Loaded_Speed_45Hz,CWRU_12k + CWRU_48k + HUST_Gearbox + PU + UORED + Mechanical_Gear + Electric_Motor,Multi-Head DL (TABNET),0.30000000000000004,0.26785714285714285,0.8407142857142857
UOEMD,Diagnosis,Load_Loaded_Speed_45Hz,CWRU_12k + CWRU_48k + HUST + PU + UORED + Mechanical_Gear + Electric_Motor,Multi-Head DL (TABNET),0.4125,0.3549107142857143,0.8816071428571429
UOEMD,Diagnosis,Load_Loaded_Speed_45Hz,CWRU_12k + HUST_Gearbox + HUST + PU + UORED + Mechanical_Gear + Electric_Motor,Multi-Head DL (TABNET),0.625,0.584130009775171,0.92875
UOEMD,Diagnosis,Load_Loaded_Speed_45Hz,CWRU_48k + HUST_Gearbox + HUST + PU + UORED + Mechanical_Gear + Electric_Motor,Multi-Head DL (TABNET),0.5125,0.40708101422387133,0.9669642857142857
UOEMD,Diagnosis,Load_Loaded_Speed_45Hz,CWRU_12k + CWRU_48k + HUST_Gearbox + HUST + PU + UORED + Mechanical_Gear + Electric_Motor,Multi-Head DL (TABNET),0.525,0.4608416945373467,0.8603571428571428
UOEMD,Diagnosis,Load_Loaded_Speed_60Hz,CWRU_12k,Multi-Head DL (TABNET),0.65,0.5634920634920635,0.8939285714285714
UOEMD,Diagnosis,Load_Loaded_Speed_60Hz,CWRU_48k,Multi-Head DL (TABNET),0.4625,0.3932637571157495,0.8948214285714287
UOEMD,Diagnosis,Load_Loaded_Speed_60Hz,HUST_Gearbox,Multi-Head DL (TABNET),0.5,0.421195652173913,0.8666071428571429
UOEMD,Diagnosis,Load_Loaded_Speed_60Hz,HUST,Multi-Head DL (TABNET),0.5,0.39467592592592593,0.8576785714285714
UOEMD,Diagnosis,Load_Loaded_Speed_60Hz,PU,Multi-Head DL (TABNET),0.4625,0.4340543035395977,0.8151785714285713
UOEMD,Diagnosis,Load_Loaded_Speed_60Hz,UORED,Multi-Head DL (TABNET),0.5,0.4458333333333333,0.8648214285714286
UOEMD,Diagnosis,Load_Loaded_Speed_60Hz,Mechanical_Gear,Multi-Head DL (TABNET),0.5,0.41666666666666663,0.8983928571428572
UOEMD,Diagnosis,Load_Loaded_Speed_60Hz,Electric_Motor,Multi-Head DL (TABNET),0.5375,0.4765519568151147,0.8746428571428572
UOEMD,Diagnosis,Load_Loaded_Speed_60Hz,CWRU_12k + CWRU_48k,Multi-Head DL (TABNET),0.55,0.47825611888111885,0.9430357142857142
UOEMD,Diagnosis,Load_Loaded_Speed_60Hz,CWRU_12k + HUST_Gearbox,Multi-Head DL (TABNET),0.5,0.41666666666666663,0.8780357142857143
UOEMD,Diagnosis,Load_Loaded_Speed_60Hz,CWRU_12k + HUST,Multi-Head DL (TABNET),0.4875,0.3783882783882784,0.7782142857142856
UOEMD,Diagnosis,Load_Loaded_Speed_60Hz,CWRU_12k + PU,Multi-Head DL (TABNET),0.5125,0.44906538808977836,0.7303571428571429
UOEMD,Diagnosis,Load_Loaded_Speed_60Hz,CWRU_12k + UORED,Multi-Head DL (TABNET),0.5,0.4362188057040999,0.8525
UOEMD,Diagnosis,Load_Loaded_Speed_60Hz,CWRU_12k + Mechanical_Gear,Multi-Head DL (TABNET),0.5249999999999999,0.4840524720288786,0.8471428571428572
UOEMD,Diagnosis,Load_Loaded_Speed_60Hz,CWRU_12k + Electric_Motor,Multi-Head DL (TABNET),0.6625,0.6100777116402116,0.8898214285714285
UOEMD,Diagnosis,Load_Loaded_Speed_60Hz,CWRU_48k + HUST_Gearbox,Multi-Head DL (TABNET),0.5875,0.5139131701631702,0.9133928571428571
UOEMD,Diagnosis,Load_Loaded_Speed_60Hz,CWRU_48k + HUST,Multi-Head DL (TABNET),0.6125,0.5424406604747162,0.9258928571428571
UOEMD,Diagnosis,Load_Loaded_Speed_60Hz,CWRU_48k + PU,Multi-Head DL (TABNET),0.3625,0.27863232023721274,0.8103571428571428
UOEMD,Diagnosis,Load_Loaded_Speed_60Hz,CWRU_48k + UORED,Multi-Head DL (TABNET),0.7375,0.6541353383458646,0.9703571428571429
UOEMD,Diagnosis,Load_Loaded_Speed_60Hz,CWRU_48k + Mechanical_Gear,Multi-Head DL (TABNET),0.6625,0.5733766233766234,0.9355357142857144
UOEMD,Diagnosis,Load_Loaded_Speed_60Hz,CWRU_48k + Electric_Motor,Multi-Head DL (TABNET),0.5,0.425,0.8373214285714285
UOEMD,Diagnosis,Load_Loaded_Speed_60Hz,HUST_Gearbox + HUST,Multi-Head DL (TABNET),0.5,0.4017094017094017,0.8010714285714285
UOEMD,Diagnosis,Load_Loaded_Speed_60Hz,HUST_Gearbox + PU,Multi-Head DL (TABNET),0.375,0.375,0.8132142857142857
UOEMD,Diagnosis,Load_Loaded_Speed_60Hz,HUST_Gearbox + UORED,Multi-Head DL (TABNET),0.475,0.4027777777777778,0.8566071428571429
UOEMD,Diagnosis,Load_Loaded_Speed_60Hz,HUST_Gearbox + Mechanical_Gear,Multi-Head DL (TABNET),0.3625,0.2850877192982456,0.7348214285714286
UOEMD,Diagnosis,Load_Loaded_Speed_60Hz,HUST_Gearbox + Electric_Motor,Multi-Head DL (TABNET),0.625,0.5058210784313726,0.895
UOEMD,Diagnosis,Load_Loaded_Speed_60Hz,HUST + PU,Multi-Head DL (TABNET),0.275,0.2361111111111111,0.7632142857142857
UOEMD,Diagnosis,Load_Loaded_Speed_60Hz,HUST + UORED,Multi-Head DL (TABNET),0.4375,0.381523569023569,0.8416071428571429
UOEMD,Diagnosis,Load_Loaded_Speed_60Hz,HUST + Mechanical_Gear,Multi-Head DL (TABNET),0.5,0.41666666666666663,0.80375
UOEMD,Diagnosis,Load_Loaded_Speed_60Hz,HUST + Electric_Motor,Multi-Head DL (TABNET),0.6125,0.5115662139219015,0.7755357142857142
UOEMD,Diagnosis,Load_Loaded_Speed_60Hz,PU + UORED,Multi-Head DL (TABNET),0.625,0.55,0.6817857142857143
UOEMD,Diagnosis,Load_Loaded_Speed_60Hz,PU + Mechanical_Gear,Multi-Head DL (TABNET),0.32499999999999996,0.27017688679245283,0.7562500000000001
UOEMD,Diagnosis,Load_Loaded_Speed_60Hz,PU + Electric_Motor,Multi-Head DL (TABNET),0.375,0.25666556945358787,0.7821428571428571
UOEMD,Diagnosis,Load_Loaded_Speed_60Hz,UORED + Mechanical_Gear,Multi-Head DL (TABNET),0.4625,0.39698879551820726,0.9273214285714286
UOEMD,Diagnosis,Load_Loaded_Speed_60Hz,UORED + Electric_Motor,Multi-Head DL (TABNET),0.525,0.4270833333333333,0.885357142857143
UOEMD,Diagnosis,Load_Loaded_Speed_60Hz,Mechanical_Gear + Electric_Motor,Multi-Head DL (TABNET),0.425,0.37142857142857144,0.7494642857142857
UOEMD,Diagnosis,Load_Loaded_Speed_60Hz,CWRU_12k + CWRU_48k + HUST_Gearbox,Multi-Head DL (TABNET),0.6,0.5641025641025641,0.9191071428571429
UOEMD,Diagnosis,Load_Loaded_Speed_60Hz,CWRU_12k + CWRU_48k + HUST,Multi-Head DL (TABNET),0.5,0.4375,0.9446428571428571
UOEMD,Diagnosis,Load_Loaded_Speed_60Hz,CWRU_12k + CWRU_48k + PU,Multi-Head DL (TABNET),0.375,0.28787878787878785,0.7094642857142857
UOEMD,Diagnosis,Load_Loaded_Speed_60Hz,CWRU_12k + CWRU_48k + UORED,Multi-Head DL (TABNET),0.575,0.49724264705882354,0.8439285714285715
UOEMD,Diagnosis,Load_Loaded_Speed_60Hz,CWRU_12k + CWRU_48k + Mechanical_Gear,Multi-Head DL (TABNET),0.5,0.3958333333333333,0.9269642857142857
UOEMD,Diagnosis,Load_Loaded_Speed_60Hz,CWRU_12k + CWRU_48k + Electric_Motor,Multi-Head DL (TABNET),0.5125,0.4368756936736959,0.8439285714285714
UOEMD,Diagnosis,Load_Loaded_Speed_60Hz,CWRU_12k + HUST_Gearbox + HUST,Multi-Head DL (TABNET),0.4625,0.37768416927899684,0.9316071428571429
UOEMD,Diagnosis,Load_Loaded_Speed_60Hz,CWRU_12k + HUST_Gearbox + PU,Multi-Head DL (TABNET),0.55,0.4739766081871345,0.8491071428571428
UOEMD,Diagnosis,Load_Loaded_Speed_60Hz,CWRU_12k + HUST_Gearbox + UORED,Multi-Head DL (TABNET),0.4875,0.4155908639523337,0.8985714285714286
UOEMD,Diagnosis,Load_Loaded_Speed_60Hz,CWRU_12k + HUST_Gearbox + Mechanical_Gear,Multi-Head DL (TABNET),0.6125,0.5391850221760363,0.8507142857142858
UOEMD,Diagnosis,Load_Loaded_Speed_60Hz,CWRU_12k + HUST_Gearbox + Electric_Motor,Multi-Head DL (TABNET),0.625,0.5238095238095238,0.8219642857142857
UOEMD,Diagnosis,Load_Loaded_Speed_60Hz,CWRU_12k + HUST + PU,Multi-Head DL (TABNET),0.4,0.32196969696969696,0.8755357142857143
UOEMD,Diagnosis,Load_Loaded_Speed_60Hz,CWRU_12k + HUST + UORED,Multi-Head DL (TABNET),0.5,0.44256756756756754,0.8098214285714286
UOEMD,Diagnosis,Load_Loaded_Speed_60Hz,CWRU_12k + HUST + Mechanical_Gear,Multi-Head DL (TABNET),0.575,0.5454545454545454,0.8476785714285714
UOEMD,Diagnosis,Load_Loaded_Speed_60Hz,CWRU_12k + HUST + Electric_Motor,Multi-Head DL (TABNET),0.625,0.55,0.812857142857143
UOEMD,Diagnosis,Load_Loaded_Speed_60Hz,CWRU_12k + PU + UORED,Multi-Head DL (TABNET),0.3875,0.29924242424242425,0.9067857142857143
UOEMD,Diagnosis,Load_Loaded_Speed_60Hz,CWRU_12k + PU + Mechanical_Gear,Multi-Head DL (TABNET),0.425,0.3342490842490843,0.8189285714285715
UOEMD,Diagnosis,Load_Loaded_Speed_60Hz,CWRU_12k + PU + Electric_Motor,Multi-Head DL (TABNET),0.3625,0.29322344322344324,0.7430357142857142
UOEMD,Diagnosis,Load_Loaded_Speed_60Hz,CWRU_12k + UORED + Mechanical_Gear,Multi-Head DL (TABNET),0.675,0.6314579061289587,0.8414285714285714
UOEMD,Diagnosis,Load_Loaded_Speed_60Hz,CWRU_12k + UORED + Electric_Motor,Multi-Head DL (TABNET),0.625,0.5208333333333333,0.9685714285714286
UOEMD,Diagnosis,Load_Loaded_Speed_60Hz,CWRU_12k + Mechanical_Gear + Electric_Motor,Multi-Head DL (TABNET),0.6125,0.5424406604747162,0.7125
UOEMD,Diagnosis,Load_Loaded_Speed_60Hz,CWRU_48k + HUST_Gearbox + HUST,Multi-Head DL (TABNET),0.625,0.5450680272108843,0.9269642857142857
UOEMD,Diagnosis,Load_Loaded_Speed_60Hz,CWRU_48k + HUST_Gearbox + PU,Multi-Head DL (TABNET),0.3625,0.2850877192982456,0.8082142857142858
UOEMD,Diagnosis,Load_Loaded_Speed_60Hz,CWRU_48k + HUST_Gearbox + UORED,Multi-Head DL (TABNET),0.5,0.41666666666666663,0.8178571428571428
UOEMD,Diagnosis,Load_Loaded_Speed_60Hz,CWRU_48k + HUST_Gearbox + Mechanical_Gear,Multi-Head DL (TABNET),0.5375,0.4765519568151147,0.7162499999999999
UOEMD,Diagnosis,Load_Loaded_Speed_60Hz,CWRU_48k + HUST_Gearbox + Electric_Motor,Multi-Head DL (TABNET),0.575,0.5143507473586835,0.7476785714285715
UOEMD,Diagnosis,Load_Loaded_Speed_60Hz,CWRU_48k + HUST + PU,Multi-Head DL (TABNET),0.5125,0.43696581196581197,0.8755357142857143
UOEMD,Diagnosis,Load_Loaded_Speed_60Hz,CWRU_48k + HUST + UORED,Multi-Head DL (TABNET),0.6125,0.5434210526315789,0.8103571428571428
UOEMD,Diagnosis,Load_Loaded_Speed_60Hz,CWRU_48k + HUST + Mechanical_Gear,Multi-Head DL (TABNET),0.45,0.3601455733808675,0.7473214285714286
UOEMD,Diagnosis,Load_Loaded_Speed_60Hz,CWRU_48k + HUST + Electric_Motor,Multi-Head DL (TABNET),0.3625,0.2850877192982456,0.7883928571428571
UOEMD,Diagnosis,Load_Loaded_Speed_60Hz,CWRU_48k + PU + UORED,Multi-Head DL (TABNET),0.5,0.37570710245128847,0.7707142857142857
UOEMD,Diagnosis,Load_Loaded_Speed_60Hz,CWRU_48k + PU + Mechanical_Gear,Multi-Head DL (TABNET),0.47500000000000003,0.41292286145227325,0.8980357142857143
UOEMD,Diagnosis,Load_Loaded_Speed_60Hz,CWRU_48k + PU + Electric_Motor,Multi-Head DL (TABNET),0.475,0.4809210526315789,0.7926785714285715
UOEMD,Diagnosis,Load_Loaded_Speed_60Hz,CWRU_48k + UORED + Mechanical_Gear,Multi-Head DL (TABNET),0.5,0.41666666666666663,0.8519642857142857
UOEMD,Diagnosis,Load_Loaded_Speed_60Hz,CWRU_48k + UORED + Electric_Motor,Multi-Head DL (TABNET),0.5,0.38020833333333337,0.7723214285714286
UOEMD,Diagnosis,Load_Loaded_Speed_60Hz,CWRU_48k + Mechanical_Gear + Electric_Motor,Multi-Head DL (TABNET),0.5625,0.5003861855897606,0.8653571428571429
UOEMD,Diagnosis,Load_Loaded_Speed_60Hz,HUST_Gearbox + HUST + PU,Multi-Head DL (TABNET),0.5125,0.4506833036244801,0.8526785714285714
UOEMD,Diagnosis,Load_Loaded_Speed_60Hz,HUST_Gearbox + HUST + UORED,Multi-Head DL (TABNET),0.5375,0.44598253757736517,0.8696428571428572
UOEMD,Diagnosis,Load_Loaded_Speed_60Hz,HUST_Gearbox + HUST + Mechanical_Gear,Multi-Head DL (TABNET),0.6125,0.5424406604747162,0.8775
UOEMD,Diagnosis,Load_Loaded_Speed_60Hz,HUST_Gearbox + HUST + Electric_Motor,Multi-Head DL (TABNET),0.6875,0.6388888888888888,0.8705357142857143
UOEMD,Diagnosis,Load_Loaded_Speed_60Hz,HUST_Gearbox + PU + UORED,Multi-Head DL (TABNET),0.375,0.2583333333333333,0.8869642857142858
UOEMD,Diagnosis,Load_Loaded_Speed_60Hz,HUST_Gearbox + PU + Mechanical_Gear,Multi-Head DL (TABNET),0.3625,0.3076923076923077,0.7441071428571429
UOEMD,Diagnosis,Load_Loaded_Speed_60Hz,HUST_Gearbox + PU + Electric_Motor,Multi-Head DL (TABNET),0.4875,0.4449205685618729,0.7375
UOEMD,Diagnosis,Load_Loaded_Speed_60Hz,HUST_Gearbox + UORED + Mechanical_Gear,Multi-Head DL (TABNET),0.3,0.23809523809523808,0.72875
UOEMD,Diagnosis,Load_Loaded_Speed_60Hz,HUST_Gearbox + UORED + Electric_Motor,Multi-Head DL (TABNET),0.625,0.540719696969697,0.9108928571428572
UOEMD,Diagnosis,Load_Loaded_Speed_60Hz,HUST_Gearbox + Mechanical_Gear + Electric_Motor,Multi-Head DL (TABNET),0.625,0.5389784946236559,0.8617857142857144
UOEMD,Diagnosis,Load_Loaded_Speed_60Hz,HUST + PU + UORED,Multi-Head DL (TABNET),0.5,0.3833333333333333,0.9805357142857143
UOEMD,Diagnosis,Load_Loaded_Speed_60Hz,HUST + PU + Mechanical_Gear,Multi-Head DL (TABNET),0.375,0.29166666666666663,0.7705357142857143
UOEMD,Diagnosis,Load_Loaded_Speed_60Hz,HUST + PU + Electric_Motor,Multi-Head DL (TABNET),0.4625,0.4164377289377289,0.7823214285714286
UOEMD,Diagnosis,Load_Loaded_Speed_60Hz,HUST + UORED + Mechanical_Gear,Multi-Head DL (TABNET),0.55,0.4703005328005328,0.9437500000000001
UOEMD,Diagnosis,Load_Loaded_Speed_60Hz,HUST + UORED + Electric_Motor,Multi-Head DL (TABNET),0.4625,0.36689814814814814,0.7103571428571429
UOEMD,Diagnosis,Load_Loaded_Speed_60Hz,HUST + Mechanical_Gear + Electric_Motor,Multi-Head DL (TABNET),0.375,0.2857142857142857,0.7969642857142858
UOEMD,Diagnosis,Load_Loaded_Speed_60Hz,PU + UORED + Mechanical_Gear,Multi-Head DL (TABNET),0.6,0.5361111111111111,0.8139285714285714
UOEMD,Diagnosis,Load_Loaded_Speed_60Hz,PU + UORED + Electric_Motor,Multi-Head DL (TABNET),0.5,0.35416666666666663,0.7460714285714286
UOEMD,Diagnosis,Load_Loaded_Speed_60Hz,PU + Mechanical_Gear + Electric_Motor,Multi-Head DL (TABNET),0.45,0.36069023569023567,0.7933928571428572
UOEMD,Diagnosis,Load_Loaded_Speed_60Hz,UORED + Mechanical_Gear + Electric_Motor,Multi-Head DL (TABNET),0.6125,0.5434210526315789,0.885
UOEMD,Diagnosis,Load_Loaded_Speed_60Hz,CWRU_12k + CWRU_48k + HUST_Gearbox + HUST,Multi-Head DL (TABNET),0.7375,0.651597646153,0.9342857142857144
UOEMD,Diagnosis,Load_Loaded_Speed_60Hz,CWRU_12k + CWRU_48k + HUST_Gearbox + PU,Multi-Head DL (TABNET),0.4875,0.4049688057040998,0.7976785714285715
UOEMD,Diagnosis,Load_Loaded_Speed_60Hz,CWRU_12k + CWRU_48k + HUST_Gearbox + UORED,Multi-Head DL (TABNET),0.4375,0.380718954248366,0.7705357142857143
UOEMD,Diagnosis,Load_Loaded_Speed_60Hz,CWRU_12k + CWRU_48k + HUST_Gearbox + Mechanical_Gear,Multi-Head DL (TABNET),0.5,0.41666666666666663,0.9075
UOEMD,Diagnosis,Load_Loaded_Speed_60Hz,CWRU_12k + CWRU_48k + HUST_Gearbox + Electric_Motor,Multi-Head DL (TABNET),0.5,0.3833333333333333,0.8210714285714286
UOEMD,Diagnosis,Load_Loaded_Speed_60Hz,CWRU_12k + CWRU_48k + HUST + PU,Multi-Head DL (TABNET),0.375,0.2916666666666667,0.6758928571428571
UOEMD,Diagnosis,Load_Loaded_Speed_60Hz,CWRU_12k + CWRU_48k + HUST + UORED,Multi-Head DL (TABNET),0.525,0.45457393483709274,0.9425
UOEMD,Diagnosis,Load_Loaded_Speed_60Hz,CWRU_12k + CWRU_48k + HUST + Mechanical_Gear,Multi-Head DL (TABNET),0.5125,0.4401001540832049,0.8626785714285714
UOEMD,Diagnosis,Load_Loaded_Speed_60Hz,CWRU_12k + CWRU_48k + HUST + Electric_Motor,Multi-Head DL (TABNET),0.6,0.5266203095150463,0.8826785714285714
UOEMD,Diagnosis,Load_Loaded_Speed_60Hz,CWRU_12k + CWRU_48k + PU + UORED,Multi-Head DL (TABNET),0.4125,0.34935897435897434,0.6782142857142857
UOEMD,Diagnosis,Load_Loaded_Speed_60Hz,CWRU_12k + CWRU_48k + PU + Mechanical_Gear,Multi-Head DL (TABNET),0.5,0.3833333333333333,0.7973214285714285
UOEMD,Diagnosis,Load_Loaded_Speed_60Hz,CWRU_12k + CWRU_48k + PU + Electric_Motor,Multi-Head DL (TABNET),0.375,0.3275152267087751,0.8685714285714285
UOEMD,Diagnosis,Load_Loaded_Speed_60Hz,CWRU_12k + CWRU_48k + UORED + Mechanical_Gear,Multi-Head DL (TABNET),0.5,0.425,0.8248214285714286
UOEMD,Diagnosis,Load_Loaded_Speed_60Hz,CWRU_12k + CWRU_48k + UORED + Electric_Motor,Multi-Head DL (TABNET),0.45,0.4078463203463204,0.9053571428571429
UOEMD,Diagnosis,Load_Loaded_Speed_60Hz,CWRU_12k + CWRU_48k + Mechanical_Gear + Electric_Motor,Multi-Head DL (TABNET),0.65,0.5652942840973401,0.9071428571428571
UOEMD,Diagnosis,Load_Loaded_Speed_60Hz,CWRU_12k + HUST_Gearbox + HUST + PU,Multi-Head DL (TABNET),0.4375,0.35346798780487804,0.6560714285714285
UOEMD,Diagnosis,Load_Loaded_Speed_60Hz,CWRU_12k + HUST_Gearbox + HUST + UORED,Multi-Head DL (TABNET),0.425,0.3795681063122923,0.8371428571428572
UOEMD,Diagnosis,Load_Loaded_Speed_60Hz,CWRU_12k + HUST_Gearbox + HUST + Mechanical_Gear,Multi-Head DL (TABNET),0.5,0.4139784946236559,0.74625
UOEMD,Diagnosis,Load_Loaded_Speed_60Hz,CWRU_12k + HUST_Gearbox + HUST + Electric_Motor,Multi-Head DL (TABNET),0.55,0.5007739938080495,0.8148214285714286
UOEMD,Diagnosis,Load_Loaded_Speed_60Hz,CWRU_12k + HUST_Gearbox + PU + UORED,Multi-Head DL (TABNET),0.375,0.29166666666666663,0.7698214285714287
UOEMD,Diagnosis,Load_Loaded_Speed_60Hz,CWRU_12k + HUST_Gearbox + PU + Mechanical_Gear,Multi-Head DL (TABNET),0.4875,0.4041353383458647,0.8239285714285715
UOEMD,Diagnosis,Load_Loaded_Speed_60Hz,CWRU_12k + HUST_Gearbox + PU + Electric_Motor,Multi-Head DL (TABNET),0.375,0.29098360655737704,0.6346428571428572
UOEMD,Diagnosis,Load_Loaded_Speed_60Hz,CWRU_12k + HUST_Gearbox + UORED + Mechanical_Gear,Multi-Head DL (TABNET),0.55,0.4591780284988489,0.8378571428571429
UOEMD,Diagnosis,Load_Loaded_Speed_60Hz,CWRU_12k + HUST_Gearbox + UORED + Electric_Motor,Multi-Head DL (TABNET),0.525,0.4564144736842105,0.8882142857142856
UOEMD,Diagnosis,Load_Loaded_Speed_60Hz,CWRU_12k + HUST_Gearbox + Mechanical_Gear + Electric_Motor,Multi-Head DL (TABNET),0.5,0.38166556945358787,0.8146428571428571
UOEMD,Diagnosis,Load_Loaded_Speed_60Hz,CWRU_12k + HUST + PU + UORED,Multi-Head DL (TABNET),0.5125,0.46961152882205515,0.7855357142857142
UOEMD,Diagnosis,Load_Loaded_Speed_60Hz,CWRU_12k + HUST + PU + Mechanical_Gear,Multi-Head DL (TABNET),0.475,0.39962121212121215,0.8
UOEMD,Diagnosis,Load_Loaded_Speed_60Hz,CWRU_12k + HUST + PU + Electric_Motor,Multi-Head DL (TABNET),0.45,0.3839285714285714,0.8035714285714286
UOEMD,Diagnosis,Load_Loaded_Speed_60Hz,CWRU_12k + HUST + UORED + Mechanical_Gear,Multi-Head DL (TABNET),0.5,0.4401679332019889,0.7619642857142856
UOEMD,Diagnosis,Load_Loaded_Speed_60Hz,CWRU_12k + HUST + UORED + Electric_Motor,Multi-Head DL (TABNET),0.625,0.55,0.8721428571428571
UOEMD,Diagnosis,Load_Loaded_Speed_60Hz,CWRU_12k + HUST + Mechanical_Gear + Electric_Motor,Multi-Head DL (TABNET),0.5,0.37570710245128847,0.7955357142857142
UOEMD,Diagnosis,Load_Loaded_Speed_60Hz,CWRU_12k + PU + UORED + Mechanical_Gear,Multi-Head DL (TABNET),0.48750000000000004,0.44577495383946997,0.8439285714285714
UOEMD,Diagnosis,Load_Loaded_Speed_60Hz,CWRU_12k + PU + UORED + Electric_Motor,Multi-Head DL (TABNET),0.2625,0.15060083594566354,0.7628571428571429
UOEMD,Diagnosis,Load_Loaded_Speed_60Hz,CWRU_12k + PU + Mechanical_Gear + Electric_Motor,Multi-Head DL (TABNET),0.3875,0.30895915678524377,0.8433928571428572
UOEMD,Diagnosis,Load_Loaded_Speed_60Hz,CWRU_12k + UORED + Mechanical_Gear + Electric_Motor,Multi-Head DL (TABNET),0.8625,0.8208020050125313,0.9244642857142857
UOEMD,Diagnosis,Load_Loaded_Speed_60Hz,CWRU_48k + HUST_Gearbox + HUST + PU,Multi-Head DL (TABNET),0.42500000000000004,0.36869818777713514,0.8182142857142858
UOEMD,Diagnosis,Load_Loaded_Speed_60Hz,CWRU_48k + HUST_Gearbox + HUST + UORED,Multi-Head DL (TABNET),0.45,0.3963622291021672,0.8658928571428571
UOEMD,Diagnosis,Load_Loaded_Speed_60Hz,CWRU_48k + HUST_Gearbox + HUST + Mechanical_Gear,Multi-Head DL (TABNET),0.4875,0.4100877192982456,0.9014285714285715
UOEMD,Diagnosis,Load_Loaded_Speed_60Hz,CWRU_48k + HUST_Gearbox + HUST + Electric_Motor,Multi-Head DL (TABNET),0.625,0.55,0.8505357142857143
UOEMD,Diagnosis,Load_Loaded_Speed_60Hz,CWRU_48k + HUST_Gearbox + PU + UORED,Multi-Head DL (TABNET),0.5,0.40673981191222575,0.7437500000000001
UOEMD,Diagnosis,Load_Loaded_Speed_60Hz,CWRU_48k + HUST_Gearbox + PU + Mechanical_Gear,Multi-Head DL (TABNET),0.4375,0.378525641025641,0.8478571428571429
UOEMD,Diagnosis,Load_Loaded_Speed_60Hz,CWRU_48k + HUST_Gearbox + PU + Electric_Motor,Multi-Head DL (TABNET),0.4,0.27949735449735447,0.8117857142857143
UOEMD,Diagnosis,Load_Loaded_Speed_60Hz,CWRU_48k + HUST_Gearbox + UORED + Mechanical_Gear,Multi-Head DL (TABNET),0.6125,0.5696977372509288,0.8510714285714285
UOEMD,Diagnosis,Load_Loaded_Speed_60Hz,CWRU_48k + HUST_Gearbox + UORED + Electric_Motor,Multi-Head DL (TABNET),0.5625,0.4843710548906731,0.83375
UOEMD,Diagnosis,Load_Loaded_Speed_60Hz,CWRU_48k + HUST_Gearbox + Mechanical_Gear + Electric_Motor,Multi-Head DL (TABNET),0.625,0.55,0.9001785714285715
UOEMD,Diagnosis,Load_Loaded_Speed_60Hz,CWRU_48k + HUST + PU + UORED,Multi-Head DL (TABNET),0.4,0.346001221001221,0.8907142857142858
UOEMD,Diagnosis,Load_Loaded_Speed_60Hz,CWRU_48k + HUST + PU + Mechanical_Gear,Multi-Head DL (TABNET),0.4625,0.3290408778213656,0.7946428571428572
UOEMD,Diagnosis,Load_Loaded_Speed_60Hz,CWRU_48k + HUST + PU + Electric_Motor,Multi-Head DL (TABNET),0.25,0.25,0.8380357142857142
UOEMD,Diagnosis,Load_Loaded_Speed_60Hz,CWRU_48k + HUST + UORED + Mechanical_Gear,Multi-Head DL (TABNET),0.75,0.6875,0.9
UOEMD,Diagnosis,Load_Loaded_Speed_60Hz,CWRU_48k + HUST + UORED + Electric_Motor,Multi-Head DL (TABNET),0.6375,0.5722049689440993,0.9339285714285714
UOEMD,Diagnosis,Load_Loaded_Speed_60Hz,CWRU_48k + HUST + Mechanical_Gear + Electric_Motor,Multi-Head DL (TABNET),0.625,0.55,0.8225
UOEMD,Diagnosis,Load_Loaded_Speed_60Hz,CWRU_48k + PU + UORED + Mechanical_Gear,Multi-Head DL (TABNET),0.4125,0.3578818369453044,0.7362500000000001
UOEMD,Diagnosis,Load_Loaded_Speed_60Hz,CWRU_48k + PU + UORED + Electric_Motor,Multi-Head DL (TABNET),0.6875,0.606148034853541,0.8926785714285714
UOEMD,Diagnosis,Load_Loaded_Speed_60Hz,CWRU_48k + PU + Mechanical_Gear + Electric_Motor,Multi-Head DL (TABNET),0.5,0.3924501424501424,0.7526785714285714
UOEMD,Diagnosis,Load_Loaded_Speed_60Hz,CWRU_48k + UORED + Mechanical_Gear + Electric_Motor,Multi-Head DL (TABNET),0.5375,0.4765519568151147,0.9148214285714287
UOEMD,Diagnosis,Load_Loaded_Speed_60Hz,HUST_Gearbox + HUST + PU + UORED,Multi-Head DL (TABNET),0.2375,0.24342105263157893,0.6950000000000001
UOEMD,Diagnosis,Load_Loaded_Speed_60Hz,HUST_Gearbox + HUST + PU + Mechanical_Gear,Multi-Head DL (TABNET),0.3375,0.23698462613556953,0.8110714285714287
UOEMD,Diagnosis,Load_Loaded_Speed_60Hz,HUST_Gearbox + HUST + PU + Electric_Motor,Multi-Head DL (TABNET),0.625,0.55,0.7814285714285714
UOEMD,Diagnosis,Load_Loaded_Speed_60Hz,HUST_Gearbox + HUST + UORED + Mechanical_Gear,Multi-Head DL (TABNET),0.4625,0.3804964777673083,0.7566071428571429
UOEMD,Diagnosis,Load_Loaded_Speed_60Hz,HUST_Gearbox + HUST + UORED + Electric_Motor,Multi-Head DL (TABNET),0.6,0.5341880341880342,0.8191071428571428
UOEMD,Diagnosis,Load_Loaded_Speed_60Hz,HUST_Gearbox + HUST + Mechanical_Gear + Electric_Motor,Multi-Head DL (TABNET),0.5,0.425,0.9023214285714286
UOEMD,Diagnosis,Load_Loaded_Speed_60Hz,HUST_Gearbox + PU + UORED + Mechanical_Gear,Multi-Head DL (TABNET),0.5,0.42401960784313725,0.8371428571428572
UOEMD,Diagnosis,Load_Loaded_Speed_60Hz,HUST_Gearbox + PU + UORED + Electric_Motor,Multi-Head DL (TABNET),0.3875,0.32080419580419584,0.73125
UOEMD,Diagnosis,Load_Loaded_Speed_60Hz,HUST_Gearbox + PU + Mechanical_Gear + Electric_Motor,Multi-Head DL (TABNET),0.375,0.2867647058823529,0.8941071428571429
UOEMD,Diagnosis,Load_Loaded_Speed_60Hz,HUST_Gearbox + UORED + Mechanical_Gear + Electric_Motor,Multi-Head DL (TABNET),0.6,0.5341880341880342,0.7469642857142857
UOEMD,Diagnosis,Load_Loaded_Speed_60Hz,HUST + PU + UORED + Mechanical_Gear,Multi-Head DL (TABNET),0.4,0.3289800995024875,0.7416071428571429
UOEMD,Diagnosis,Load_Loaded_Speed_60Hz,HUST + PU + UORED + Electric_Motor,Multi-Head DL (TABNET),0.36250000000000004,0.2954648526077097,0.7114285714285715
UOEMD,Diagnosis,Load_Loaded_Speed_60Hz,HUST + PU + Mechanical_Gear + Electric_Motor,Multi-Head DL (TABNET),0.4,0.32272727272727275,0.8017857142857143
UOEMD,Diagnosis,Load_Loaded_Speed_60Hz,HUST + UORED + Mechanical_Gear + Electric_Motor,Multi-Head DL (TABNET),0.5125,0.4401001540832049,0.9141071428571429
UOEMD,Diagnosis,Load_Loaded_Speed_60Hz,PU + UORED + Mechanical_Gear + Electric_Motor,Multi-Head DL (TABNET),0.3875,0.3560606060606061,0.6928571428571428
UOEMD,Diagnosis,Load_Loaded_Speed_60Hz,CWRU_12k + CWRU_48k + HUST_Gearbox + HUST + PU,Multi-Head DL (TABNET),0.375,0.29032258064516125,0.84125
UOEMD,Diagnosis,Load_Loaded_Speed_60Hz,CWRU_12k + CWRU_48k + HUST_Gearbox + HUST + UORED,Multi-Head DL (TABNET),0.375,0.36186974789915966,0.7701785714285714
UOEMD,Diagnosis,Load_Loaded_Speed_60Hz,CWRU_12k + CWRU_48k + HUST_Gearbox + HUST + Mechanical_Gear,Multi-Head DL (TABNET),0.3875,0.3139632107023411,0.8812500000000001
UOEMD,Diagnosis,Load_Loaded_Speed_60Hz,CWRU_12k + CWRU_48k + HUST_Gearbox + HUST + Electric_Motor,Multi-Head DL (TABNET),0.625,0.55,0.7996428571428571
UOEMD,Diagnosis,Load_Loaded_Speed_60Hz,CWRU_12k + CWRU_48k + HUST_Gearbox + PU + UORED,Multi-Head DL (TABNET),0.475,0.39226190476190476,0.9139285714285714
UOEMD,Diagnosis,Load_Loaded_Speed_60Hz,CWRU_12k + CWRU_48k + HUST_Gearbox + PU + Mechanical_Gear,Multi-Head DL (TABNET),0.3375,0.2670036764705882,0.7716071428571429
UOEMD,Diagnosis,Load_Loaded_Speed_60Hz,CWRU_12k + CWRU_48k + HUST_Gearbox + PU + Electric_Motor,Multi-Head DL (TABNET),0.375,0.2577284946236559,0.8589285714285715
UOEMD,Diagnosis,Load_Loaded_Speed_60Hz,CWRU_12k + CWRU_48k + HUST_Gearbox + UORED + Mechanical_Gear,Multi-Head DL (TABNET),0.375,0.29166666666666663,0.7116071428571429
UOEMD,Diagnosis,Load_Loaded_Speed_60Hz,CWRU_12k + CWRU_48k + HUST_Gearbox + UORED + Electric_Motor,Multi-Head DL (TABNET),0.5125,0.40934065934065933,0.8307142857142857
UOEMD,Diagnosis,Load_Loaded_Speed_60Hz,CWRU_12k + CWRU_48k + HUST_Gearbox + Mechanical_Gear + Electric_Motor,Multi-Head DL (TABNET),0.55,0.5124458874458875,0.7360714285714286
UOEMD,Diagnosis,Load_Loaded_Speed_60Hz,CWRU_12k + CWRU_48k + HUST + PU + UORED,Multi-Head DL (TABNET),0.25,0.1607142857142857,0.8619642857142857
UOEMD,Diagnosis,Load_Loaded_Speed_60Hz,CWRU_12k + CWRU_48k + HUST + PU + Mechanical_Gear,Multi-Head DL (TABNET),0.5,0.39147286821705424,0.87
UOEMD,Diagnosis,Load_Loaded_Speed_60Hz,CWRU_12k + CWRU_48k + HUST + PU + Electric_Motor,Multi-Head DL (TABNET),0.4,0.3333333333333333,0.86
UOEMD,Diagnosis,Load_Loaded_Speed_60Hz,CWRU_12k + CWRU_48k + HUST + UORED + Mechanical_Gear,Multi-Head DL (TABNET),0.7250000000000001,0.6889190231295494,0.9271428571428572
UOEMD,Diagnosis,Load_Loaded_Speed_60Hz,CWRU_12k + CWRU_48k + HUST + UORED + Electric_Motor,Multi-Head DL (TABNET),0.475,0.3766025641025641,0.8033928571428572
UOEMD,Diagnosis,Load_Loaded_Speed_60Hz,CWRU_12k + CWRU_48k + HUST + Mechanical_Gear + Electric_Motor,Multi-Head DL (TABNET),0.5,0.4173728813559322,0.7532142857142857
UOEMD,Diagnosis,Load_Loaded_Speed_60Hz,CWRU_12k + CWRU_48k + PU + UORED + Mechanical_Gear,Multi-Head DL (TABNET),0.625,0.55,0.7746428571428572
UOEMD,Diagnosis,Load_Loaded_Speed_60Hz,CWRU_12k + CWRU_48k + PU + UORED + Electric_Motor,Multi-Head DL (TABNET),0.6,0.5263941102756893,0.8916071428571428
UOEMD,Diagnosis,Load_Loaded_Speed_60Hz,CWRU_12k + CWRU_48k + PU + Mechanical_Gear + Electric_Motor,Multi-Head DL (TABNET),0.475,0.36458333333333337,0.8364285714285715
UOEMD,Diagnosis,Load_Loaded_Speed_60Hz,CWRU_12k + CWRU_48k + UORED + Mechanical_Gear + Electric_Motor,Multi-Head DL (TABNET),0.475,0.4134843453510436,0.7744642857142857
UOEMD,Diagnosis,Load_Loaded_Speed_60Hz,CWRU_12k + HUST_Gearbox + HUST + PU + UORED,Multi-Head DL (TABNET),0.7125,0.6502474340175952,0.9357142857142857
UOEMD,Diagnosis,Load_Loaded_Speed_60Hz,CWRU_12k + HUST_Gearbox + HUST + PU + Mechanical_Gear,Multi-Head DL (TABNET),0.4125,0.3556547619047619,0.8748214285714286
UOEMD,Diagnosis,Load_Loaded_Speed_60Hz,CWRU_12k + HUST_Gearbox + HUST + PU + Electric_Motor,Multi-Head DL (TABNET),0.55,0.47665118679050567,0.8725
UOEMD,Diagnosis,Load_Loaded_Speed_60Hz,CWRU_12k + HUST_Gearbox + HUST + UORED + Mechanical_Gear,Multi-Head DL (TABNET),0.4375,0.39003623188405795,0.8496428571428571
UOEMD,Diagnosis,Load_Loaded_Speed_60Hz,CWRU_12k + HUST_Gearbox + HUST + UORED + Electric_Motor,Multi-Head DL (TABNET),0.3875,0.3042776432606941,0.7737499999999999
UOEMD,Diagnosis,Load_Loaded_Speed_60Hz,CWRU_12k + HUST_Gearbox + HUST + Mechanical_Gear + Electric_Motor,Multi-Head DL (TABNET),0.6625000000000001,0.6461988304093567,0.8296428571428571
UOEMD,Diagnosis,Load_Loaded_Speed_60Hz,CWRU_12k + HUST_Gearbox + PU + UORED + Mechanical_Gear,Multi-Head DL (TABNET),0.575,0.49322493224932246,0.8733928571428571
UOEMD,Diagnosis,Load_Loaded_Speed_60Hz,CWRU_12k + HUST_Gearbox + PU + UORED + Electric_Motor,Multi-Head DL (TABNET),0.42500000000000004,0.43571923571923576,0.8289285714285715
UOEMD,Diagnosis,Load_Loaded_Speed_60Hz,CWRU_12k + HUST_Gearbox + PU + Mechanical_Gear + Electric_Motor,Multi-Head DL (TABNET),0.425,0.3958333333333333,0.7196428571428573
UOEMD,Diagnosis,Load_Loaded_Speed_60Hz,CWRU_12k + HUST_Gearbox + UORED + Mechanical_Gear + Electric_Motor,Multi-Head DL (TABNET),0.5,0.40255530129672,0.7825
UOEMD,Diagnosis,Load_Loaded_Speed_60Hz,CWRU_12k + HUST + PU + UORED + Mechanical_Gear,Multi-Head DL (TABNET),0.5,0.375,0.8735714285714287
UOEMD,Diagnosis,Load_Loaded_Speed_60Hz,CWRU_12k + HUST + PU + UORED + Electric_Motor,Multi-Head DL (TABNET),0.375,0.29166666666666663,0.8723214285714286
UOEMD,Diagnosis,Load_Loaded_Speed_60Hz,CWRU_12k + HUST + PU + Mechanical_Gear + Electric_Motor,Multi-Head DL (TABNET),0.4375,0.3555555555555555,0.7230357142857142
UOEMD,Diagnosis,Load_Loaded_Speed_60Hz,CWRU_12k + HUST + UORED + Mechanical_Gear + Electric_Motor,Multi-Head DL (TABNET),0.6125,0.5330778244312079,0.8382142857142858
UOEMD,Diagnosis,Load_Loaded_Speed_60Hz,CWRU_12k + PU + UORED + Mechanical_Gear + Electric_Motor,Multi-Head DL (TABNET),0.25,0.1623134328358209,0.7446428571428572
UOEMD,Diagnosis,Load_Loaded_Speed_60Hz,CWRU_48k + HUST_Gearbox + HUST + PU + UORED,Multi-Head DL (TABNET),0.2625,0.18395915678524374,0.8342857142857143
UOEMD,Diagnosis,Load_Loaded_Speed_60Hz,CWRU_48k + HUST_Gearbox + HUST + PU + Mechanical_Gear,Multi-Head DL (TABNET),0.125,0.125,0.7262500000000001
UOEMD,Diagnosis,Load_Loaded_Speed_60Hz,CWRU_48k + HUST_Gearbox + HUST + PU + Electric_Motor,Multi-Head DL (TABNET),0.375,0.29032258064516125,0.8514285714285715
UOEMD,Diagnosis,Load_Loaded_Speed_60Hz,CWRU_48k + HUST_Gearbox + HUST + UORED + Mechanical_Gear,Multi-Head DL (TABNET),0.5375,0.48445916828269775,0.8139285714285714
UOEMD,Diagnosis,Load_Loaded_Speed_60Hz,CWRU_48k + HUST_Gearbox + HUST + UORED + Electric_Motor,Multi-Head DL (TABNET),0.4375,0.34591836734693876,0.7080357142857143
UOEMD,Diagnosis,Load_Loaded_Speed_60Hz,CWRU_48k + HUST_Gearbox + HUST + Mechanical_Gear + Electric_Motor,Multi-Head DL (TABNET),0.4625,0.35069965017491256,0.8064285714285715
UOEMD,Diagnosis,Load_Loaded_Speed_60Hz,CWRU_48k + HUST_Gearbox + PU + UORED + Mechanical_Gear,Multi-Head DL (TABNET),0.5,0.41666666666666663,0.7717857142857143
UOEMD,Diagnosis,Load_Loaded_Speed_60Hz,CWRU_48k + HUST_Gearbox + PU + UORED + Electric_Motor,Multi-Head DL (TABNET),0.5,0.41666666666666663,0.8169642857142857
UOEMD,Diagnosis,Load_Loaded_Speed_60Hz,CWRU_48k + HUST_Gearbox + PU + Mechanical_Gear + Electric_Motor,Multi-Head DL (TABNET),0.4875,0.37675438596491223,0.8392857142857143
UOEMD,Diagnosis,Load_Loaded_Speed_60Hz,CWRU_48k + HUST_Gearbox + UORED + Mechanical_Gear + Electric_Motor,Multi-Head DL (TABNET),0.5,0.41666666666666663,0.8489285714285715
UOEMD,Diagnosis,Load_Loaded_Speed_60Hz,CWRU_48k + HUST + PU + UORED + Mechanical_Gear,Multi-Head DL (TABNET),0.48750000000000004,0.4019607843137255,0.8816071428571428
UOEMD,Diagnosis,Load_Loaded_Speed_60Hz,CWRU_48k + HUST + PU + UORED + Electric_Motor,Multi-Head DL (TABNET),0.35000000000000003,0.3561290242324725,0.8294642857142858
UOEMD,Diagnosis,Load_Loaded_Speed_60Hz,CWRU_48k + HUST + PU + Mechanical_Gear + Electric_Motor,Multi-Head DL (TABNET),0.4625,0.380718954248366,0.7728571428571429
UOEMD,Diagnosis,Load_Loaded_Speed_60Hz,CWRU_48k + HUST + UORED + Mechanical_Gear + Electric_Motor,Multi-Head DL (TABNET),0.5,0.41666666666666663,0.7098214285714286
UOEMD,Diagnosis,Load_Loaded_Speed_60Hz,CWRU_48k + PU + UORED + Mechanical_Gear + Electric_Motor,Multi-Head DL (TABNET),0.325,0.2713121783876501,0.7971428571428572
UOEMD,Diagnosis,Load_Loaded_Speed_60Hz,HUST_Gearbox + HUST + PU + UORED + Mechanical_Gear,Multi-Head DL (TABNET),0.25,0.26184640522875813,0.7473214285714287
UOEMD,Diagnosis,Load_Loaded_Speed_60Hz,HUST_Gearbox + HUST + PU + UORED + Electric_Motor,Multi-Head DL (TABNET),0.3,0.20357142857142857,0.8766071428571428
UOEMD,Diagnosis,Load_Loaded_Speed_60Hz,HUST_Gearbox + HUST + PU + Mechanical_Gear + Electric_Motor,Multi-Head DL (TABNET),0.4125,0.3576923076923077,0.7591071428571429
UOEMD,Diagnosis,Load_Loaded_Speed_60Hz,HUST_Gearbox + HUST + UORED + Mechanical_Gear + Electric_Motor,Multi-Head DL (TABNET),0.4625,0.3946078431372549,0.7678571428571429
UOEMD,Diagnosis,Load_Loaded_Speed_60Hz,HUST_Gearbox + PU + UORED + Mechanical_Gear + Electric_Motor,Multi-Head DL (TABNET),0.3,0.24019607843137253,0.8217857142857143
UOEMD,Diagnosis,Load_Loaded_Speed_60Hz,HUST + PU + UORED + Mechanical_Gear + Electric_Motor,Multi-Head DL (TABNET),0.4625,0.3766480730223124,0.7853571428571429
UOEMD,Diagnosis,Load_Loaded_Speed_60Hz,CWRU_12k + CWRU_48k + HUST_Gearbox + HUST + PU + UORED,Multi-Head DL (TABNET),0.5,0.40555555555555556,0.8860714285714286
UOEMD,Diagnosis,Load_Loaded_Speed_60Hz,CWRU_12k + CWRU_48k + HUST_Gearbox + HUST + PU + Mechanical_Gear,Multi-Head DL (TABNET),0.525,0.4262954750759629,0.8760714285714286
UOEMD,Diagnosis,Load_Loaded_Speed_60Hz,CWRU_12k + CWRU_48k + HUST_Gearbox + HUST + PU + Electric_Motor,Multi-Head DL (TABNET),0.5249999999999999,0.4690656565656566,0.8692857142857142
UOEMD,Diagnosis,Load_Loaded_Speed_60Hz,CWRU_12k + CWRU_48k + HUST_Gearbox + HUST + UORED + Mechanical_Gear,Multi-Head DL (TABNET),0.4625,0.41090225563909777,0.7448214285714285
UOEMD,Diagnosis,Load_Loaded_Speed_60Hz,CWRU_12k + CWRU_48k + HUST_Gearbox + HUST + UORED + Electric_Motor,Multi-Head DL (TABNET),0.45,0.3978260869565218,0.7035714285714286
UOEMD,Diagnosis,Load_Loaded_Speed_60Hz,CWRU_12k + CWRU_48k + HUST_Gearbox + HUST + Mechanical_Gear + Electric_Motor,Multi-Head DL (TABNET),0.3625,0.2791353383458646,0.8517857142857143
UOEMD,Diagnosis,Load_Loaded_Speed_60Hz,CWRU_12k + CWRU_48k + HUST_Gearbox + PU + UORED + Mechanical_Gear,Multi-Head DL (TABNET),0.625,0.55,0.8335714285714286
UOEMD,Diagnosis,Load_Loaded_Speed_60Hz,CWRU_12k + CWRU_48k + HUST_Gearbox + PU + UORED + Electric_Motor,Multi-Head DL (TABNET),0.5,0.3954545454545455,0.80375
UOEMD,Diagnosis,Load_Loaded_Speed_60Hz,CWRU_12k + CWRU_48k + HUST_Gearbox + PU + Mechanical_Gear + Electric_Motor,Multi-Head DL (TABNET),0.6125,0.5424406604747162,0.6489285714285714
UOEMD,Diagnosis,Load_Loaded_Speed_60Hz,CWRU_12k + CWRU_48k + HUST_Gearbox + UORED + Mechanical_Gear + Electric_Motor,Multi-Head DL (TABNET),0.375,0.3,0.7571428571428571
UOEMD,Diagnosis,Load_Loaded_Speed_60Hz,CWRU_12k + CWRU_48k + HUST + PU + UORED + Mechanical_Gear,Multi-Head DL (TABNET),0.375,0.29166666666666663,0.7896428571428572
UOEMD,Diagnosis,Load_Loaded_Speed_60Hz,CWRU_12k + CWRU_48k + HUST + PU + UORED + Electric_Motor,Multi-Head DL (TABNET),0.55,0.4882637584862054,0.84375
UOEMD,Diagnosis,Load_Loaded_Speed_60Hz,CWRU_12k + CWRU_48k + HUST + PU + Mechanical_Gear + Electric_Motor,Multi-Head DL (TABNET),0.4375,0.3485294117647059,0.7773214285714285
UOEMD,Diagnosis,Load_Loaded_Speed_60Hz,CWRU_12k + CWRU_48k + HUST + UORED + Mechanical_Gear + Electric_Motor,Multi-Head DL (TABNET),0.25,0.20833333333333331,0.7144642857142858
UOEMD,Diagnosis,Load_Loaded_Speed_60Hz,CWRU_12k + CWRU_48k + PU + UORED + Mechanical_Gear + Electric_Motor,Multi-Head DL (TABNET),0.5125,0.40893416927899684,0.9267857142857143
UOEMD,Diagnosis,Load_Loaded_Speed_60Hz,CWRU_12k + HUST_Gearbox + HUST + PU + UORED + Mechanical_Gear,Multi-Head DL (TABNET),0.3375,0.21606060606060606,0.7521428571428572
UOEMD,Diagnosis,Load_Loaded_Speed_60Hz,CWRU_12k + HUST_Gearbox + HUST + PU + UORED + Electric_Motor,Multi-Head DL (TABNET),0.4375,0.375,0.7564285714285715
UOEMD,Diagnosis,Load_Loaded_Speed_60Hz,CWRU_12k + HUST_Gearbox + HUST + PU + Mechanical_Gear + Electric_Motor,Multi-Head DL (TABNET),0.3375,0.2636554621848739,0.7082142857142857
UOEMD,Diagnosis,Load_Loaded_Speed_60Hz,CWRU_12k + HUST_Gearbox + HUST + UORED + Mechanical_Gear + Electric_Motor,Multi-Head DL (TABNET),0.375,0.2679738562091504,0.7444642857142857
UOEMD,Diagnosis,Load_Loaded_Speed_60Hz,CWRU_12k + HUST_Gearbox + PU + UORED + Mechanical_Gear + Electric_Motor,Multi-Head DL (TABNET),0.42500000000000004,0.39288522012578614,0.8016071428571429
UOEMD,Diagnosis,Load_Loaded_Speed_60Hz,CWRU_12k + HUST + PU + UORED + Mechanical_Gear + Electric_Motor,Multi-Head DL (TABNET),0.5875,0.5157642602495545,0.8775
UOEMD,Diagnosis,Load_Loaded_Speed_60Hz,CWRU_48k + HUST_Gearbox + HUST + PU + UORED + Mechanical_Gear,Multi-Head DL (TABNET),0.375,0.32575757575757575,0.7728571428571429
UOEMD,Diagnosis,Load_Loaded_Speed_60Hz,CWRU_48k + HUST_Gearbox + HUST + PU + UORED + Electric_Motor,Multi-Head DL (TABNET),0.425,0.3342490842490843,0.8132142857142857
UOEMD,Diagnosis,Load_Loaded_Speed_60Hz,CWRU_48k + HUST_Gearbox + HUST + PU + Mechanical_Gear + Electric_Motor,Multi-Head DL (TABNET),0.6,0.5049872665534805,0.8819642857142858
UOEMD,Diagnosis,Load_Loaded_Speed_60Hz,CWRU_48k + HUST_Gearbox + HUST + UORED + Mechanical_Gear + Electric_Motor,Multi-Head DL (TABNET),0.625,0.5208333333333333,0.90625
UOEMD,Diagnosis,Load_Loaded_Speed_60Hz,CWRU_48k + HUST_Gearbox + PU + UORED + Mechanical_Gear + Electric_Motor,Multi-Head DL (TABNET),0.4875,0.41079393398751113,0.9171428571428571
UOEMD,Diagnosis,Load_Loaded_Speed_60Hz,CWRU_48k + HUST + PU + UORED + Mechanical_Gear + Electric_Motor,Multi-Head DL (TABNET),0.575,0.494047619047619,0.8680357142857142
UOEMD,Diagnosis,Load_Loaded_Speed_60Hz,HUST_Gearbox + HUST + PU + UORED + Mechanical_Gear + Electric_Motor,Multi-Head DL (TABNET),0.5,0.41666666666666663,0.8316071428571429
UOEMD,Diagnosis,Load_Loaded_Speed_60Hz,CWRU_12k + CWRU_48k + HUST_Gearbox + HUST + PU + UORED + Mechanical_Gear,Multi-Head DL (TABNET),0.4125,0.3152680652680653,0.8432142857142857
UOEMD,Diagnosis,Load_Loaded_Speed_60Hz,CWRU_12k + CWRU_48k + HUST_Gearbox + HUST + PU + UORED + Electric_Motor,Multi-Head DL (TABNET),0.4,0.3284313725490196,0.8523214285714287
UOEMD,Diagnosis,Load_Loaded_Speed_60Hz,CWRU_12k + CWRU_48k + HUST_Gearbox + HUST + PU + Mechanical_Gear + Electric_Motor,Multi-Head DL (TABNET),0.375,0.2857142857142857,0.7064285714285714
UOEMD,Diagnosis,Load_Loaded_Speed_60Hz,CWRU_12k + CWRU_48k + HUST_Gearbox + HUST + UORED + Mechanical_Gear + Electric_Motor,Multi-Head DL (TABNET),0.475,0.40421498661909006,0.9482142857142857
UOEMD,Diagnosis,Load_Loaded_Speed_60Hz,CWRU_12k + CWRU_48k + HUST_Gearbox + PU + UORED + Mechanical_Gear + Electric_Motor,Multi-Head DL (TABNET),0.5,0.41666666666666663,0.8616071428571428
UOEMD,Diagnosis,Load_Loaded_Speed_60Hz,CWRU_12k + CWRU_48k + HUST + PU + UORED + Mechanical_Gear + Electric_Motor,Multi-Head DL (TABNET),0.5875,0.5372340425531915,0.84625
UOEMD,Diagnosis,Load_Loaded_Speed_60Hz,CWRU_12k + HUST_Gearbox + HUST + PU + UORED + Mechanical_Gear + Electric_Motor,Multi-Head DL (TABNET),0.375,0.2857142857142857,0.70875
UOEMD,Diagnosis,Load_Loaded_Speed_60Hz,CWRU_48k + HUST_Gearbox + HUST + PU + UORED + Mechanical_Gear + Electric_Motor,Multi-Head DL (TABNET),0.275,0.19360604206075444,0.7521428571428572
UOEMD,Diagnosis,Load_Loaded_Speed_60Hz,CWRU_12k + CWRU_48k + HUST_Gearbox + HUST + PU + UORED + Mechanical_Gear + Electric_Motor,Multi-Head DL (TABNET),0.6125,0.5434210526315789,0.85625
UOEMD,Diagnosis,Load_Loaded_Speed_Dec_45_to_15Hz,CWRU_12k,Multi-Head DL (TABNET),0.6,0.5876175548589342,0.9321428571428572
UOEMD,Diagnosis,Load_Loaded_Speed_Dec_45_to_15Hz,CWRU_48k,Multi-Head DL (TABNET),0.6625000000000001,0.5962931995540691,0.9339285714285714
UOEMD,Diagnosis,Load_Loaded_Speed_Dec_45_to_15Hz,HUST_Gearbox,Multi-Head DL (TABNET),0.6875,0.6831597222222221,0.9175
UOEMD,Diagnosis,Load_Loaded_Speed_Dec_45_to_15Hz,HUST,Multi-Head DL (TABNET),0.6,0.6017456324635118,0.91
UOEMD,Diagnosis,Load_Loaded_Speed_Dec_45_to_15Hz,PU,Multi-Head DL (TABNET),0.5,0.4298076923076923,0.8541071428571428
UOEMD,Diagnosis,Load_Loaded_Speed_Dec_45_to_15Hz,UORED,Multi-Head DL (TABNET),0.6375,0.6248381649310442,0.8975
UOEMD,Diagnosis,Load_Loaded_Speed_Dec_45_to_15Hz,Mechanical_Gear,Multi-Head DL (TABNET),0.675,0.6420689413286537,0.9103571428571429
UOEMD,Diagnosis,Load_Loaded_Speed_Dec_45_to_15Hz,Electric_Motor,Multi-Head DL (TABNET),0.5875,0.5709935489347254,0.8953571428571429
UOEMD,Diagnosis,Load_Loaded_Speed_Dec_45_to_15Hz,CWRU_12k + CWRU_48k,Multi-Head DL (TABNET),0.625,0.598375347770509,0.9148214285714286
UOEMD,Diagnosis,Load_Loaded_Speed_Dec_45_to_15Hz,CWRU_12k + HUST_Gearbox,Multi-Head DL (TABNET),0.6875,0.6763917110195209,0.9303571428571429
UOEMD,Diagnosis,Load_Loaded_Speed_Dec_45_to_15Hz,CWRU_12k + HUST,Multi-Head DL (TABNET),0.5625,0.5187266055872194,0.8825
UOEMD,Diagnosis,Load_Loaded_Speed_Dec_45_to_15Hz,CWRU_12k + PU,Multi-Head DL (TABNET),0.5249999999999999,0.5141890084459744,0.8564285714285714
UOEMD,Diagnosis,Load_Loaded_Speed_Dec_45_to_15Hz,CWRU_12k + UORED,Multi-Head DL (TABNET),0.5125000000000001,0.4881140598531903,0.8621428571428571
UOEMD,Diagnosis,Load_Loaded_Speed_Dec_45_to_15Hz,CWRU_12k + Mechanical_Gear,Multi-Head DL (TABNET),0.5499999999999999,0.5051024065540195,0.9103571428571429
UOEMD,Diagnosis,Load_Loaded_Speed_Dec_45_to_15Hz,CWRU_12k + Electric_Motor,Multi-Head DL (TABNET),0.7,0.6601270221007063,0.9392857142857143
UOEMD,Diagnosis,Load_Loaded_Speed_Dec_45_to_15Hz,CWRU_48k + HUST_Gearbox,Multi-Head DL (TABNET),0.575,0.5465871902758299,0.9228571428571428
UOEMD,Diagnosis,Load_Loaded_Speed_Dec_45_to_15Hz,CWRU_48k + HUST,Multi-Head DL (TABNET),0.5875,0.5548204536691379,0.9
UOEMD,Diagnosis,Load_Loaded_Speed_Dec_45_to_15Hz,CWRU_48k + PU,Multi-Head DL (TABNET),0.4625,0.43073157462692346,0.812857142857143
UOEMD,Diagnosis,Load_Loaded_Speed_Dec_45_to_15Hz,CWRU_48k + UORED,Multi-Head DL (TABNET),0.625,0.6284026963374789,0.9210714285714287
UOEMD,Diagnosis,Load_Loaded_Speed_Dec_45_to_15Hz,CWRU_48k + Mechanical_Gear,Multi-Head DL (TABNET),0.5999999999999999,0.600263771316403,0.8998214285714285
UOEMD,Diagnosis,Load_Loaded_Speed_Dec_45_to_15Hz,CWRU_48k + Electric_Motor,Multi-Head DL (TABNET),0.575,0.5470418867767939,0.9285714285714286
UOEMD,Diagnosis,Load_Loaded_Speed_Dec_45_to_15Hz,HUST_Gearbox + HUST,Multi-Head DL (TABNET),0.625,0.6098710317460316,0.9183928571428572
UOEMD,Diagnosis,Load_Loaded_Speed_Dec_45_to_15Hz,HUST_Gearbox + PU,Multi-Head DL (TABNET),0.475,0.4274775522857364,0.7892857142857143
UOEMD,Diagnosis,Load_Loaded_Speed_Dec_45_to_15Hz,HUST_Gearbox + UORED,Multi-Head DL (TABNET),0.675,0.6661890645586297,0.90625
UOEMD,Diagnosis,Load_Loaded_Speed_Dec_45_to_15Hz,HUST_Gearbox + Mechanical_Gear,Multi-Head DL (TABNET),0.625,0.6084599417610254,0.8919642857142858
UOEMD,Diagnosis,Load_Loaded_Speed_Dec_45_to_15Hz,HUST_Gearbox + Electric_Motor,Multi-Head DL (TABNET),0.7000000000000001,0.6912015092078021,0.9132142857142858
UOEMD,Diagnosis,Load_Loaded_Speed_Dec_45_to_15Hz,HUST + PU,Multi-Head DL (TABNET),0.55,0.5191468253968254,0.8419642857142857
UOEMD,Diagnosis,Load_Loaded_Speed_Dec_45_to_15Hz,HUST + UORED,Multi-Head DL (TABNET),0.5875,0.549286763960677,0.89125
UOEMD,Diagnosis,Load_Loaded_Speed_Dec_45_to_15Hz,HUST + Mechanical_Gear,Multi-Head DL (TABNET),0.575,0.5732735401853049,0.8855357142857143
UOEMD,Diagnosis,Load_Loaded_Speed_Dec_45_to_15Hz,HUST + Electric_Motor,Multi-Head DL (TABNET),0.575,0.5217178654678655,0.9164285714285715
UOEMD,Diagnosis,Load_Loaded_Speed_Dec_45_to_15Hz,PU + UORED,Multi-Head DL (TABNET),0.5125,0.49206117956117956,0.8466071428571429
UOEMD,Diagnosis,Load_Loaded_Speed_Dec_45_to_15Hz,PU + Mechanical_Gear,Multi-Head DL (TABNET),0.4375,0.392287784679089,0.7985714285714286
UOEMD,Diagnosis,Load_Loaded_Speed_Dec_45_to_15Hz,PU + Electric_Motor,Multi-Head DL (TABNET),0.4625,0.3933982683982684,0.8625
UOEMD,Diagnosis,Load_Loaded_Speed_Dec_45_to_15Hz,UORED + Mechanical_Gear,Multi-Head DL (TABNET),0.6,0.6030274550011392,0.9108928571428572
UOEMD,Diagnosis,Load_Loaded_Speed_Dec_45_to_15Hz,UORED + Electric_Motor,Multi-Head DL (TABNET),0.6499999999999999,0.636344696969697,0.8989285714285714
UOEMD,Diagnosis,Load_Loaded_Speed_Dec_45_to_15Hz,Mechanical_Gear + Electric_Motor,Multi-Head DL (TABNET),0.6625,0.6519002545890418,0.9283928571428572
UOEMD,Diagnosis,Load_Loaded_Speed_Dec_45_to_15Hz,CWRU_12k + CWRU_48k + HUST_Gearbox,Multi-Head DL (TABNET),0.6125,0.5661357637460579,0.8885714285714286
UOEMD,Diagnosis,Load_Loaded_Speed_Dec_45_to_15Hz,CWRU_12k + CWRU_48k + HUST,Multi-Head DL (TABNET),0.5375000000000001,0.5219466936572199,0.8517857142857143
UOEMD,Diagnosis,Load_Loaded_Speed_Dec_45_to_15Hz,CWRU_12k + CWRU_48k + PU,Multi-Head DL (TABNET),0.5625,0.532089020818998,0.8439285714285715
UOEMD,Diagnosis,Load_Loaded_Speed_Dec_45_to_15Hz,CWRU_12k + CWRU_48k + UORED,Multi-Head DL (TABNET),0.525,0.5000996079943447,0.8678571428571429
UOEMD,Diagnosis,Load_Loaded_Speed_Dec_45_to_15Hz,CWRU_12k + CWRU_48k + Mechanical_Gear,Multi-Head DL (TABNET),0.5375000000000001,0.5145970695970696,0.9108928571428572
UOEMD,Diagnosis,Load_Loaded_Speed_Dec_45_to_15Hz,CWRU_12k + CWRU_48k + Electric_Motor,Multi-Head DL (TABNET),0.6749999999999999,0.6594055596551059,0.916607142857143
UOEMD,Diagnosis,Load_Loaded_Speed_Dec_45_to_15Hz,CWRU_12k + HUST_Gearbox + HUST,Multi-Head DL (TABNET),0.55,0.512833784572915,0.9058928571428572
UOEMD,Diagnosis,Load_Loaded_Speed_Dec_45_to_15Hz,CWRU_12k + HUST_Gearbox + PU,Multi-Head DL (TABNET),0.48749999999999993,0.4601231005836269,0.8250000000000001
UOEMD,Diagnosis,Load_Loaded_Speed_Dec_45_to_15Hz,CWRU_12k + HUST_Gearbox + UORED,Multi-Head DL (TABNET),0.5875,0.5781759906759907,0.91875
UOEMD,Diagnosis,Load_Loaded_Speed_Dec_45_to_15Hz,CWRU_12k + HUST_Gearbox + Mechanical_Gear,Multi-Head DL (TABNET),0.48750000000000004,0.46915584415584416,0.82875
UOEMD,Diagnosis,Load_Loaded_Speed_Dec_45_to_15Hz,CWRU_12k + HUST_Gearbox + Electric_Motor,Multi-Head DL (TABNET),0.625,0.5999849066500871,0.8999999999999999
UOEMD,Diagnosis,Load_Loaded_Speed_Dec_45_to_15Hz,CWRU_12k + HUST + PU,Multi-Head DL (TABNET),0.525,0.4879078508873905,0.8642857142857142
UOEMD,Diagnosis,Load_Loaded_Speed_Dec_45_to_15Hz,CWRU_12k + HUST + UORED,Multi-Head DL (TABNET),0.6125,0.6164098972922503,0.8803571428571428
UOEMD,Diagnosis,Load_Loaded_Speed_Dec_45_to_15Hz,CWRU_12k + HUST + Mechanical_Gear,Multi-Head DL (TABNET),0.5249999999999999,0.5223022389733925,0.8923214285714286
UOEMD,Diagnosis,Load_Loaded_Speed_Dec_45_to_15Hz,CWRU_12k + HUST + Electric_Motor,Multi-Head DL (TABNET),0.6125,0.5869229576466418,0.89875
UOEMD,Diagnosis,Load_Loaded_Speed_Dec_45_to_15Hz,CWRU_12k + PU + UORED,Multi-Head DL (TABNET),0.4125,0.37775361212861214,0.8057142857142856
UOEMD,Diagnosis,Load_Loaded_Speed_Dec_45_to_15Hz,CWRU_12k + PU + Mechanical_Gear,Multi-Head DL (TABNET),0.575,0.5675047223606922,0.8546428571428571
UOEMD,Diagnosis,Load_Loaded_Speed_Dec_45_to_15Hz,CWRU_12k + PU + Electric_Motor,Multi-Head DL (TABNET),0.625,0.6298554880791724,0.8473214285714286
UOEMD,Diagnosis,Load_Loaded_Speed_Dec_45_to_15Hz,CWRU_12k + UORED + Mechanical_Gear,Multi-Head DL (TABNET),0.6499999999999999,0.6320816948574302,0.9108928571428572
UOEMD,Diagnosis,Load_Loaded_Speed_Dec_45_to_15Hz,CWRU_12k + UORED + Electric_Motor,Multi-Head DL (TABNET),0.6375,0.6118128788323296,0.8921428571428571
UOEMD,Diagnosis,Load_Loaded_Speed_Dec_45_to_15Hz,CWRU_12k + Mechanical_Gear + Electric_Motor,Multi-Head DL (TABNET),0.6125,0.593667362049715,0.8730357142857144
UOEMD,Diagnosis,Load_Loaded_Speed_Dec_45_to_15Hz,CWRU_48k + HUST_Gearbox + HUST,Multi-Head DL (TABNET),0.55,0.5302767697988287,0.9007142857142857
UOEMD,Diagnosis,Load_Loaded_Speed_Dec_45_to_15Hz,CWRU_48k + HUST_Gearbox + PU,Multi-Head DL (TABNET),0.475,0.4251675574616078,0.8403571428571428
UOEMD,Diagnosis,Load_Loaded_Speed_Dec_45_to_15Hz,CWRU_48k + HUST_Gearbox + UORED,Multi-Head DL (TABNET),0.575,0.5512051673816379,0.8892857142857142
UOEMD,Diagnosis,Load_Loaded_Speed_Dec_45_to_15Hz,CWRU_48k + HUST_Gearbox + Mechanical_Gear,Multi-Head DL (TABNET),0.575,0.5530213100686499,0.8826785714285714
UOEMD,Diagnosis,Load_Loaded_Speed_Dec_45_to_15Hz,CWRU_48k + HUST_Gearbox + Electric_Motor,Multi-Head DL (TABNET),0.6875,0.6750796674945281,0.9173214285714286
UOEMD,Diagnosis,Load_Loaded_Speed_Dec_45_to_15Hz,CWRU_48k + HUST + PU,Multi-Head DL (TABNET),0.42500000000000004,0.383578431372549,0.8242857142857143
UOEMD,Diagnosis,Load_Loaded_Speed_Dec_45_to_15Hz,CWRU_48k + HUST + UORED,Multi-Head DL (TABNET),0.6625,0.6592607668837646,0.8996428571428572
UOEMD,Diagnosis,Load_Loaded_Speed_Dec_45_to_15Hz,CWRU_48k + HUST + Mechanical_Gear,Multi-Head DL (TABNET),0.6125,0.5783009153318077,0.9214285714285715
UOEMD,Diagnosis,Load_Loaded_Speed_Dec_45_to_15Hz,CWRU_48k + HUST + Electric_Motor,Multi-Head DL (TABNET),0.5874999999999999,0.5669659476941691,0.8864285714285716
UOEMD,Diagnosis,Load_Loaded_Speed_Dec_45_to_15Hz,CWRU_48k + PU + UORED,Multi-Head DL (TABNET),0.425,0.399280243591305,0.8369642857142857
UOEMD,Diagnosis,Load_Loaded_Speed_Dec_45_to_15Hz,CWRU_48k + PU + Mechanical_Gear,Multi-Head DL (TABNET),0.5874999999999999,0.5601476471155264,0.8926785714285713
UOEMD,Diagnosis,Load_Loaded_Speed_Dec_45_to_15Hz,CWRU_48k + PU + Electric_Motor,Multi-Head DL (TABNET),0.5625,0.5269311831012599,0.8658928571428571
UOEMD,Diagnosis,Load_Loaded_Speed_Dec_45_to_15Hz,CWRU_48k + UORED + Mechanical_Gear,Multi-Head DL (TABNET),0.5,0.509137601528906,0.874642857142857
UOEMD,Diagnosis,Load_Loaded_Speed_Dec_45_to_15Hz,CWRU_48k + UORED + Electric_Motor,Multi-Head DL (TABNET),0.6499999999999999,0.6412298037584079,0.8994642857142857
UOEMD,Diagnosis,Load_Loaded_Speed_Dec_45_to_15Hz,CWRU_48k + Mechanical_Gear + Electric_Motor,Multi-Head DL (TABNET),0.6375,0.6067138842340455,0.926607142857143
UOEMD,Diagnosis,Load_Loaded_Speed_Dec_45_to_15Hz,HUST_Gearbox + HUST + PU,Multi-Head DL (TABNET),0.4875,0.38413332163332164,0.8739285714285714
UOEMD,Diagnosis,Load_Loaded_Speed_Dec_45_to_15Hz,HUST_Gearbox + HUST + UORED,Multi-Head DL (TABNET),0.575,0.5489813449951028,0.9092857142857143
UOEMD,Diagnosis,Load_Loaded_Speed_Dec_45_to_15Hz,HUST_Gearbox + HUST + Mechanical_Gear,Multi-Head DL (TABNET),0.6375,0.5915014809751651,0.8892857142857142
UOEMD,Diagnosis,Load_Loaded_Speed_Dec_45_to_15Hz,HUST_Gearbox + HUST + Electric_Motor,Multi-Head DL (TABNET),0.525,0.49705214861864483,0.8773214285714286
UOEMD,Diagnosis,Load_Loaded_Speed_Dec_45_to_15Hz,HUST_Gearbox + PU + UORED,Multi-Head DL (TABNET),0.43749999999999994,0.4080128205128205,0.8082142857142858
UOEMD,Diagnosis,Load_Loaded_Speed_Dec_45_to_15Hz,HUST_Gearbox + PU + Mechanical_Gear,Multi-Head DL (TABNET),0.625,0.604288967611336,0.8642857142857143
UOEMD,Diagnosis,Load_Loaded_Speed_Dec_45_to_15Hz,HUST_Gearbox + PU + Electric_Motor,Multi-Head DL (TABNET),0.4875,0.41609186008499505,0.8192857142857143
UOEMD,Diagnosis,Load_Loaded_Speed_Dec_45_to_15Hz,HUST_Gearbox + UORED + Mechanical_Gear,Multi-Head DL (TABNET),0.6,0.5806076512926358,0.8898214285714285
UOEMD,Diagnosis,Load_Loaded_Speed_Dec_45_to_15Hz,HUST_Gearbox + UORED + Electric_Motor,Multi-Head DL (TABNET),0.55,0.5194569757727652,0.8533928571428571
UOEMD,Diagnosis,Load_Loaded_Speed_Dec_45_to_15Hz,HUST_Gearbox + Mechanical_Gear + Electric_Motor,Multi-Head DL (TABNET),0.6375,0.6225164203612479,0.9044642857142857
UOEMD,Diagnosis,Load_Loaded_Speed_Dec_45_to_15Hz,HUST + PU + UORED,Multi-Head DL (TABNET),0.4375,0.43200139068166443,0.7844642857142857
UOEMD,Diagnosis,Load_Loaded_Speed_Dec_45_to_15Hz,HUST + PU + Mechanical_Gear,Multi-Head DL (TABNET),0.4125,0.37930209288904937,0.8192857142857142
UOEMD,Diagnosis,Load_Loaded_Speed_Dec_45_to_15Hz,HUST + PU + Electric_Motor,Multi-Head DL (TABNET),0.5,0.45059523809523805,0.8719642857142857
UOEMD,Diagnosis,Load_Loaded_Speed_Dec_45_to_15Hz,HUST + UORED + Mechanical_Gear,Multi-Head DL (TABNET),0.6125,0.6103089344865661,0.8966071428571429
UOEMD,Diagnosis,Load_Loaded_Speed_Dec_45_to_15Hz,HUST + UORED + Electric_Motor,Multi-Head DL (TABNET),0.6375,0.6349431818181819,0.9194642857142857
UOEMD,Diagnosis,Load_Loaded_Speed_Dec_45_to_15Hz,HUST + Mechanical_Gear + Electric_Motor,Multi-Head DL (TABNET),0.5625,0.5568948595264385,0.9125
UOEMD,Diagnosis,Load_Loaded_Speed_Dec_45_to_15Hz,PU + UORED + Mechanical_Gear,Multi-Head DL (TABNET),0.5625,0.5389161220043572,0.8951785714285714
UOEMD,Diagnosis,Load_Loaded_Speed_Dec_45_to_15Hz,PU + UORED + Electric_Motor,Multi-Head DL (TABNET),0.45,0.4370161088911089,0.8335714285714286
UOEMD,Diagnosis,Load_Loaded_Speed_Dec_45_to_15Hz,PU + Mechanical_Gear + Electric_Motor,Multi-Head DL (TABNET),0.5,0.47935069316648266,0.7973214285714286
UOEMD,Diagnosis,Load_Loaded_Speed_Dec_45_to_15Hz,UORED + Mechanical_Gear + Electric_Motor,Multi-Head DL (TABNET),0.6,0.556475468975469,0.9016071428571428
UOEMD,Diagnosis,Load_Loaded_Speed_Dec_45_to_15Hz,CWRU_12k + CWRU_48k + HUST_Gearbox + HUST,Multi-Head DL (TABNET),0.475,0.45357222139511144,0.8728571428571429
UOEMD,Diagnosis,Load_Loaded_Speed_Dec_45_to_15Hz,CWRU_12k + CWRU_48k + HUST_Gearbox + PU,Multi-Head DL (TABNET),0.44999999999999996,0.3972527472527473,0.7766071428571428
UOEMD,Diagnosis,Load_Loaded_Speed_Dec_45_to_15Hz,CWRU_12k + CWRU_48k + HUST_Gearbox + UORED,Multi-Head DL (TABNET),0.6000000000000001,0.5995945479641132,0.9007142857142857
UOEMD,Diagnosis,Load_Loaded_Speed_Dec_45_to_15Hz,CWRU_12k + CWRU_48k + HUST_Gearbox + Mechanical_Gear,Multi-Head DL (TABNET),0.5125000000000001,0.45401898602992996,0.8816071428571429
UOEMD,Diagnosis,Load_Loaded_Speed_Dec_45_to_15Hz,CWRU_12k + CWRU_48k + HUST_Gearbox + Electric_Motor,Multi-Head DL (TABNET),0.6000000000000001,0.5838744588744589,0.9094642857142857
UOEMD,Diagnosis,Load_Loaded_Speed_Dec_45_to_15Hz,CWRU_12k + CWRU_48k + HUST + PU,Multi-Head DL (TABNET),0.5375000000000001,0.5323771943086395,0.8478571428571429
UOEMD,Diagnosis,Load_Loaded_Speed_Dec_45_to_15Hz,CWRU_12k + CWRU_48k + HUST + UORED,Multi-Head DL (TABNET),0.7125,0.6905594405594406,0.93625
UOEMD,Diagnosis,Load_Loaded_Speed_Dec_45_to_15Hz,CWRU_12k + CWRU_48k + HUST + Mechanical_Gear,Multi-Head DL (TABNET),0.5625,0.5364514226743329,0.8598214285714286
UOEMD,Diagnosis,Load_Loaded_Speed_Dec_45_to_15Hz,CWRU_12k + CWRU_48k + HUST + Electric_Motor,Multi-Head DL (TABNET),0.5125,0.4596413828689371,0.8639285714285714
UOEMD,Diagnosis,Load_Loaded_Speed_Dec_45_to_15Hz,CWRU_12k + CWRU_48k + PU + UORED,Multi-Head DL (TABNET),0.5875,0.5560227374251765,0.8703571428571428
UOEMD,Diagnosis,Load_Loaded_Speed_Dec_45_to_15Hz,CWRU_12k + CWRU_48k + PU + Mechanical_Gear,Multi-Head DL (TABNET),0.3875,0.33540106951871657,0.8155357142857143
UOEMD,Diagnosis,Load_Loaded_Speed_Dec_45_to_15Hz,CWRU_12k + CWRU_48k + PU + Electric_Motor,Multi-Head DL (TABNET),0.5375000000000001,0.5071693940734188,0.8380357142857142
UOEMD,Diagnosis,Load_Loaded_Speed_Dec_45_to_15Hz,CWRU_12k + CWRU_48k + UORED + Mechanical_Gear,Multi-Head DL (TABNET),0.525,0.5154151404151404,0.8855357142857143
UOEMD,Diagnosis,Load_Loaded_Speed_Dec_45_to_15Hz,CWRU_12k + CWRU_48k + UORED + Electric_Motor,Multi-Head DL (TABNET),0.6125,0.5776401230348599,0.9057142857142858
UOEMD,Diagnosis,Load_Loaded_Speed_Dec_45_to_15Hz,CWRU_12k + CWRU_48k + Mechanical_Gear + Electric_Motor,Multi-Head DL (TABNET),0.625,0.6187299288402229,0.89625
UOEMD,Diagnosis,Load_Loaded_Speed_Dec_45_to_15Hz,CWRU_12k + HUST_Gearbox + HUST + PU,Multi-Head DL (TABNET),0.44999999999999996,0.4147413989519253,0.8135714285714285
UOEMD,Diagnosis,Load_Loaded_Speed_Dec_45_to_15Hz,CWRU_12k + HUST_Gearbox + HUST + UORED,Multi-Head DL (TABNET),0.6499999999999999,0.6431884635832005,0.9253571428571429
UOEMD,Diagnosis,Load_Loaded_Speed_Dec_45_to_15Hz,CWRU_12k + HUST_Gearbox + HUST + Mechanical_Gear,Multi-Head DL (TABNET),0.55,0.5105381849333462,0.8903571428571428
UOEMD,Diagnosis,Load_Loaded_Speed_Dec_45_to_15Hz,CWRU_12k + HUST_Gearbox + HUST + Electric_Motor,Multi-Head DL (TABNET),0.575,0.537194227731692,0.8319642857142857
UOEMD,Diagnosis,Load_Loaded_Speed_Dec_45_to_15Hz,CWRU_12k + HUST_Gearbox + PU + UORED,Multi-Head DL (TABNET),0.45,0.42949404761904764,0.8267857142857142
UOEMD,Diagnosis,Load_Loaded_Speed_Dec_45_to_15Hz,CWRU_12k + HUST_Gearbox + PU + Mechanical_Gear,Multi-Head DL (TABNET),0.475,0.45351352501453923,0.843392857142857
UOEMD,Diagnosis,Load_Loaded_Speed_Dec_45_to_15Hz,CWRU_12k + HUST_Gearbox + PU + Electric_Motor,Multi-Head DL (TABNET),0.55,0.49320806958106733,0.8757142857142858
UOEMD,Diagnosis,Load_Loaded_Speed_Dec_45_to_15Hz,CWRU_12k + HUST_Gearbox + UORED + Mechanical_Gear,Multi-Head DL (TABNET),0.7,0.6951284377387319,0.9317857142857142
UOEMD,Diagnosis,Load_Loaded_Speed_Dec_45_to_15Hz,CWRU_12k + HUST_Gearbox + UORED + Electric_Motor,Multi-Head DL (TABNET),0.5625,0.5504503190164955,0.8835714285714287
UOEMD,Diagnosis,Load_Loaded_Speed_Dec_45_to_15Hz,CWRU_12k + HUST_Gearbox + Mechanical_Gear + Electric_Motor,Multi-Head DL (TABNET),0.6125,0.6124617495881728,0.9198214285714286
UOEMD,Diagnosis,Load_Loaded_Speed_Dec_45_to_15Hz,CWRU_12k + HUST + PU + UORED,Multi-Head DL (TABNET),0.4,0.37803935241329134,0.7896428571428571
UOEMD,Diagnosis,Load_Loaded_Speed_Dec_45_to_15Hz,CWRU_12k + HUST + PU + Mechanical_Gear,Multi-Head DL (TABNET),0.3875,0.3120415799385469,0.8289285714285715
UOEMD,Diagnosis,Load_Loaded_Speed_Dec_45_to_15Hz,CWRU_12k + HUST + PU + Electric_Motor,Multi-Head DL (TABNET),0.475,0.46626542639507035,0.8180357142857143
UOEMD,Diagnosis,Load_Loaded_Speed_Dec_45_to_15Hz,CWRU_12k + HUST + UORED + Mechanical_Gear,Multi-Head DL (TABNET),0.4625,0.4115234234719529,0.84625
UOEMD,Diagnosis,Load_Loaded_Speed_Dec_45_to_15Hz,CWRU_12k + HUST + UORED + Electric_Motor,Multi-Head DL (TABNET),0.5375,0.522987147987148,0.8742857142857143
UOEMD,Diagnosis,Load_Loaded_Speed_Dec_45_to_15Hz,CWRU_12k + HUST + Mechanical_Gear + Electric_Motor,Multi-Head DL (TABNET),0.48750000000000004,0.44383961471075806,0.8446428571428571
UOEMD,Diagnosis,Load_Loaded_Speed_Dec_45_to_15Hz,CWRU_12k + PU + UORED + Mechanical_Gear,Multi-Head DL (TABNET),0.575,0.528431617524571,0.9048214285714287
UOEMD,Diagnosis,Load_Loaded_Speed_Dec_45_to_15Hz,CWRU_12k + PU + UORED + Electric_Motor,Multi-Head DL (TABNET),0.4,0.3958054300933558,0.78375
UOEMD,Diagnosis,Load_Loaded_Speed_Dec_45_to_15Hz,CWRU_12k + PU + Mechanical_Gear + Electric_Motor,Multi-Head DL (TABNET),0.5499999999999999,0.5146242646242646,0.8616071428571428
UOEMD,Diagnosis,Load_Loaded_Speed_Dec_45_to_15Hz,CWRU_12k + UORED + Mechanical_Gear + Electric_Motor,Multi-Head DL (TABNET),0.575,0.5669636473629214,0.8732142857142857
UOEMD,Diagnosis,Load_Loaded_Speed_Dec_45_to_15Hz,CWRU_48k + HUST_Gearbox + HUST + PU,Multi-Head DL (TABNET),0.4375,0.40835757379875026,0.8055357142857142
UOEMD,Diagnosis,Load_Loaded_Speed_Dec_45_to_15Hz,CWRU_48k + HUST_Gearbox + HUST + UORED,Multi-Head DL (TABNET),0.5875,0.5652079402079402,0.9055357142857143
UOEMD,Diagnosis,Load_Loaded_Speed_Dec_45_to_15Hz,CWRU_48k + HUST_Gearbox + HUST + Mechanical_Gear,Multi-Head DL (TABNET),0.5375,0.5061613673682639,0.8525
UOEMD,Diagnosis,Load_Loaded_Speed_Dec_45_to_15Hz,CWRU_48k + HUST_Gearbox + HUST + Electric_Motor,Multi-Head DL (TABNET),0.625,0.616197567956402,0.9173214285714286
UOEMD,Diagnosis,Load_Loaded_Speed_Dec_45_to_15Hz,CWRU_48k + HUST_Gearbox + PU + UORED,Multi-Head DL (TABNET),0.5125,0.4903943278943279,0.8660714285714286
UOEMD,Diagnosis,Load_Loaded_Speed_Dec_45_to_15Hz,CWRU_48k + HUST_Gearbox + PU + Mechanical_Gear,Multi-Head DL (TABNET),0.5125,0.5055702917771883,0.8755357142857143
UOEMD,Diagnosis,Load_Loaded_Speed_Dec_45_to_15Hz,CWRU_48k + HUST_Gearbox + PU + Electric_Motor,Multi-Head DL (TABNET),0.4,0.3627082128397918,0.8482142857142857
UOEMD,Diagnosis,Load_Loaded_Speed_Dec_45_to_15Hz,CWRU_48k + HUST_Gearbox + UORED + Mechanical_Gear,Multi-Head DL (TABNET),0.525,0.5243451370361387,0.8601785714285715
UOEMD,Diagnosis,Load_Loaded_Speed_Dec_45_to_15Hz,CWRU_48k + HUST_Gearbox + UORED + Electric_Motor,Multi-Head DL (TABNET),0.5875,0.5652414539483505,0.9205357142857142
UOEMD,Diagnosis,Load_Loaded_Speed_Dec_45_to_15Hz,CWRU_48k + HUST_Gearbox + Mechanical_Gear + Electric_Motor,Multi-Head DL (TABNET),0.65,0.6493968739808522,0.9285714285714286
UOEMD,Diagnosis,Load_Loaded_Speed_Dec_45_to_15Hz,CWRU_48k + HUST + PU + UORED,Multi-Head DL (TABNET),0.5375000000000001,0.4825743542848806,0.8707142857142857
UOEMD,Diagnosis,Load_Loaded_Speed_Dec_45_to_15Hz,CWRU_48k + HUST + PU + Mechanical_Gear,Multi-Head DL (TABNET),0.45,0.42934448132806546,0.835
UOEMD,Diagnosis,Load_Loaded_Speed_Dec_45_to_15Hz,CWRU_48k + HUST + PU + Electric_Motor,Multi-Head DL (TABNET),0.4625,0.4453838053582299,0.8925000000000001
UOEMD,Diagnosis,Load_Loaded_Speed_Dec_45_to_15Hz,CWRU_48k + HUST + UORED + Mechanical_Gear,Multi-Head DL (TABNET),0.625,0.5712579992471296,0.9148214285714286
UOEMD,Diagnosis,Load_Loaded_Speed_Dec_45_to_15Hz,CWRU_48k + HUST + UORED + Electric_Motor,Multi-Head DL (TABNET),0.5125,0.4823687277634645,0.9005357142857142
UOEMD,Diagnosis,Load_Loaded_Speed_Dec_45_to_15Hz,CWRU_48k + HUST + Mechanical_Gear + Electric_Motor,Multi-Head DL (TABNET),0.625,0.6172128090366582,0.8673214285714286
UOEMD,Diagnosis,Load_Loaded_Speed_Dec_45_to_15Hz,CWRU_48k + PU + UORED + Mechanical_Gear,Multi-Head DL (TABNET),0.45,0.4121927179962894,0.8714285714285714
UOEMD,Diagnosis,Load_Loaded_Speed_Dec_45_to_15Hz,CWRU_48k + PU + UORED + Electric_Motor,Multi-Head DL (TABNET),0.3875,0.35244799060588533,0.7605357142857143
UOEMD,Diagnosis,Load_Loaded_Speed_Dec_45_to_15Hz,CWRU_48k + PU + Mechanical_Gear + Electric_Motor,Multi-Head DL (TABNET),0.5499999999999999,0.5292639360498019,0.8485714285714285
UOEMD,Diagnosis,Load_Loaded_Speed_Dec_45_to_15Hz,CWRU_48k + UORED + Mechanical_Gear + Electric_Motor,Multi-Head DL (TABNET),0.5,0.4825036075036075,0.9183928571428572
UOEMD,Diagnosis,Load_Loaded_Speed_Dec_45_to_15Hz,HUST_Gearbox + HUST + PU + UORED,Multi-Head DL (TABNET),0.45,0.4078712973619717,0.8391071428571428
UOEMD,Diagnosis,Load_Loaded_Speed_Dec_45_to_15Hz,HUST_Gearbox + HUST + PU + Mechanical_Gear,Multi-Head DL (TABNET),0.3875,0.32345013477088946,0.7767857142857143
UOEMD,Diagnosis,Load_Loaded_Speed_Dec_45_to_15Hz,HUST_Gearbox + HUST + PU + Electric_Motor,Multi-Head DL (TABNET),0.475,0.4304397663268631,0.8457142857142856
UOEMD,Diagnosis,Load_Loaded_Speed_Dec_45_to_15Hz,HUST_Gearbox + HUST + UORED + Mechanical_Gear,Multi-Head DL (TABNET),0.525,0.49407592407592404,0.8785714285714286
UOEMD,Diagnosis,Load_Loaded_Speed_Dec_45_to_15Hz,HUST_Gearbox + HUST + UORED + Electric_Motor,Multi-Head DL (TABNET),0.5625,0.5265553272906214,0.8698214285714285
UOEMD,Diagnosis,Load_Loaded_Speed_Dec_45_to_15Hz,HUST_Gearbox + HUST + Mechanical_Gear + Electric_Motor,Multi-Head DL (TABNET),0.6000000000000001,0.5655420666290232,0.9014285714285715
UOEMD,Diagnosis,Load_Loaded_Speed_Dec_45_to_15Hz,HUST_Gearbox + PU + UORED + Mechanical_Gear,Multi-Head DL (TABNET),0.42500000000000004,0.3774050024050024,0.8535714285714285
UOEMD,Diagnosis,Load_Loaded_Speed_Dec_45_to_15Hz,HUST_Gearbox + PU + UORED + Electric_Motor,Multi-Head DL (TABNET),0.3875,0.32979020680633586,0.7982142857142858
UOEMD,Diagnosis,Load_Loaded_Speed_Dec_45_to_15Hz,HUST_Gearbox + PU + Mechanical_Gear + Electric_Motor,Multi-Head DL (TABNET),0.41250000000000003,0.3702687024466537,0.8421428571428571
UOEMD,Diagnosis,Load_Loaded_Speed_Dec_45_to_15Hz,HUST_Gearbox + UORED + Mechanical_Gear + Electric_Motor,Multi-Head DL (TABNET),0.5875,0.5083479409667864,0.9041071428571428
UOEMD,Diagnosis,Load_Loaded_Speed_Dec_45_to_15Hz,HUST + PU + UORED + Mechanical_Gear,Multi-Head DL (TABNET),0.5,0.46294642857142854,0.8767857142857143
UOEMD,Diagnosis,Load_Loaded_Speed_Dec_45_to_15Hz,HUST + PU + UORED + Electric_Motor,Multi-Head DL (TABNET),0.5,0.4368917112299465,0.8398214285714286
UOEMD,Diagnosis,Load_Loaded_Speed_Dec_45_to_15Hz,HUST + PU + Mechanical_Gear + Electric_Motor,Multi-Head DL (TABNET),0.4375,0.3811147186147186,0.8280357142857142
UOEMD,Diagnosis,Load_Loaded_Speed_Dec_45_to_15Hz,HUST + UORED + Mechanical_Gear + Electric_Motor,Multi-Head DL (TABNET),0.5125,0.48671328671328673,0.8833928571428571
UOEMD,Diagnosis,Load_Loaded_Speed_Dec_45_to_15Hz,PU + UORED + Mechanical_Gear + Electric_Motor,Multi-Head DL (TABNET),0.575,0.5614741046429852,0.8748214285714285
UOEMD,Diagnosis,Load_Loaded_Speed_Dec_45_to_15Hz,CWRU_12k + CWRU_48k + HUST_Gearbox + HUST + PU,Multi-Head DL (TABNET),0.4125,0.36590142313826524,0.8073214285714285
UOEMD,Diagnosis,Load_Loaded_Speed_Dec_45_to_15Hz,CWRU_12k + CWRU_48k + HUST_Gearbox + HUST + UORED,Multi-Head DL (TABNET),0.5499999999999999,0.5442725752508362,0.8589285714285715
UOEMD,Diagnosis,Load_Loaded_Speed_Dec_45_to_15Hz,CWRU_12k + CWRU_48k + HUST_Gearbox + HUST + Mechanical_Gear,Multi-Head DL (TABNET),0.625,0.5868168063820238,0.9167857142857143
UOEMD,Diagnosis,Load_Loaded_Speed_Dec_45_to_15Hz,CWRU_12k + CWRU_48k + HUST_Gearbox + HUST + Electric_Motor,Multi-Head DL (TABNET),0.575,0.5642460931741118,0.8825000000000001
UOEMD,Diagnosis,Load_Loaded_Speed_Dec_45_to_15Hz,CWRU_12k + CWRU_48k + HUST_Gearbox + PU + UORED,Multi-Head DL (TABNET),0.41250000000000003,0.3482379024484288,0.83875
UOEMD,Diagnosis,Load_Loaded_Speed_Dec_45_to_15Hz,CWRU_12k + CWRU_48k + HUST_Gearbox + PU + Mechanical_Gear,Multi-Head DL (TABNET),0.33749999999999997,0.21818711180124223,0.8448214285714286
UOEMD,Diagnosis,Load_Loaded_Speed_Dec_45_to_15Hz,CWRU_12k + CWRU_48k + HUST_Gearbox + PU + Electric_Motor,Multi-Head DL (TABNET),0.4875,0.4392446633825944,0.8635714285714285
UOEMD,Diagnosis,Load_Loaded_Speed_Dec_45_to_15Hz,CWRU_12k + CWRU_48k + HUST_Gearbox + UORED + Mechanical_Gear,Multi-Head DL (TABNET),0.575,0.553519530341781,0.8807142857142857
UOEMD,Diagnosis,Load_Loaded_Speed_Dec_45_to_15Hz,CWRU_12k + CWRU_48k + HUST_Gearbox + UORED + Electric_Motor,Multi-Head DL (TABNET),0.625,0.6076127819548872,0.90125
UOEMD,Diagnosis,Load_Loaded_Speed_Dec_45_to_15Hz,CWRU_12k + CWRU_48k + HUST_Gearbox + Mechanical_Gear + Electric_Motor,Multi-Head DL (TABNET),0.5875,0.5537523138626079,0.8555357142857143
UOEMD,Diagnosis,Load_Loaded_Speed_Dec_45_to_15Hz,CWRU_12k + CWRU_48k + HUST + PU + UORED,Multi-Head DL (TABNET),0.475,0.4293650793650794,0.8501785714285715
UOEMD,Diagnosis,Load_Loaded_Speed_Dec_45_to_15Hz,CWRU_12k + CWRU_48k + HUST + PU + Mechanical_Gear,Multi-Head DL (TABNET),0.475,0.44127673796791445,0.8678571428571429
UOEMD,Diagnosis,Load_Loaded_Speed_Dec_45_to_15Hz,CWRU_12k + CWRU_48k + HUST + PU + Electric_Motor,Multi-Head DL (TABNET),0.6125,0.5857588357588357,0.8605357142857143
UOEMD,Diagnosis,Load_Loaded_Speed_Dec_45_to_15Hz,CWRU_12k + CWRU_48k + HUST + UORED + Mechanical_Gear,Multi-Head DL (TABNET),0.6125,0.5994072376425318,0.8878571428571429
UOEMD,Diagnosis,Load_Loaded_Speed_Dec_45_to_15Hz,CWRU_12k + CWRU_48k + HUST + UORED + Electric_Motor,Multi-Head DL (TABNET),0.475,0.4055313825134797,0.8705357142857143
UOEMD,Diagnosis,Load_Loaded_Speed_Dec_45_to_15Hz,CWRU_12k + CWRU_48k + HUST + Mechanical_Gear + Electric_Motor,Multi-Head DL (TABNET),0.48750000000000004,0.42693001443001444,0.8557142857142858
UOEMD,Diagnosis,Load_Loaded_Speed_Dec_45_to_15Hz,CWRU_12k + CWRU_48k + PU + UORED + Mechanical_Gear,Multi-Head DL (TABNET),0.5375,0.5003287347327595,0.8694642857142857
UOEMD,Diagnosis,Load_Loaded_Speed_Dec_45_to_15Hz,CWRU_12k + CWRU_48k + PU + UORED + Electric_Motor,Multi-Head DL (TABNET),0.48750000000000004,0.4619020945529566,0.8473214285714286
UOEMD,Diagnosis,Load_Loaded_Speed_Dec_45_to_15Hz,CWRU_12k + CWRU_48k + PU + Mechanical_Gear + Electric_Motor,Multi-Head DL (TABNET),0.55,0.4924552721026001,0.8675
UOEMD,Diagnosis,Load_Loaded_Speed_Dec_45_to_15Hz,CWRU_12k + CWRU_48k + UORED + Mechanical_Gear + Electric_Motor,Multi-Head DL (TABNET),0.5249999999999999,0.51643316189352,0.8873214285714286
UOEMD,Diagnosis,Load_Loaded_Speed_Dec_45_to_15Hz,CWRU_12k + HUST_Gearbox + HUST + PU + UORED,Multi-Head DL (TABNET),0.47500000000000003,0.40535263347763345,0.8360714285714286
UOEMD,Diagnosis,Load_Loaded_Speed_Dec_45_to_15Hz,CWRU_12k + HUST_Gearbox + HUST + PU + Mechanical_Gear,Multi-Head DL (TABNET),0.4375,0.43335164998471454,0.7716071428571428
UOEMD,Diagnosis,Load_Loaded_Speed_Dec_45_to_15Hz,CWRU_12k + HUST_Gearbox + HUST + PU + Electric_Motor,Multi-Head DL (TABNET),0.6124999999999999,0.5822015389733606,0.9142857142857143
UOEMD,Diagnosis,Load_Loaded_Speed_Dec_45_to_15Hz,CWRU_12k + HUST_Gearbox + HUST + UORED + Mechanical_Gear,Multi-Head DL (TABNET),0.5375,0.4741593567251462,0.8657142857142857
UOEMD,Diagnosis,Load_Loaded_Speed_Dec_45_to_15Hz,CWRU_12k + HUST_Gearbox + HUST + UORED + Electric_Motor,Multi-Head DL (TABNET),0.6125,0.5881650607457058,0.9108928571428572
UOEMD,Diagnosis,Load_Loaded_Speed_Dec_45_to_15Hz,CWRU_12k + HUST_Gearbox + HUST + Mechanical_Gear + Electric_Motor,Multi-Head DL (TABNET),0.5375,0.510755584284996,0.8907142857142858
UOEMD,Diagnosis,Load_Loaded_Speed_Dec_45_to_15Hz,CWRU_12k + HUST_Gearbox + PU + UORED + Mechanical_Gear,Multi-Head DL (TABNET),0.55,0.49356868093612527,0.8728571428571429
UOEMD,Diagnosis,Load_Loaded_Speed_Dec_45_to_15Hz,CWRU_12k + HUST_Gearbox + PU + UORED + Electric_Motor,Multi-Head DL (TABNET),0.6000000000000001,0.5886941618752765,0.8705357142857143
UOEMD,Diagnosis,Load_Loaded_Speed_Dec_45_to_15Hz,CWRU_12k + HUST_Gearbox + PU + Mechanical_Gear + Electric_Motor,Multi-Head DL (TABNET),0.4625,0.4276515151515151,0.8185714285714286
UOEMD,Diagnosis,Load_Loaded_Speed_Dec_45_to_15Hz,CWRU_12k + HUST_Gearbox + UORED + Mechanical_Gear + Electric_Motor,Multi-Head DL (TABNET),0.6375000000000001,0.6219799498746867,0.9071428571428571
UOEMD,Diagnosis,Load_Loaded_Speed_Dec_45_to_15Hz,CWRU_12k + HUST + PU + UORED + Mechanical_Gear,Multi-Head DL (TABNET),0.425,0.37086416341735484,0.8264285714285714
UOEMD,Diagnosis,Load_Loaded_Speed_Dec_45_to_15Hz,CWRU_12k + HUST + PU + UORED + Electric_Motor,Multi-Head DL (TABNET),0.5375000000000001,0.47343628593628595,0.8269642857142858
UOEMD,Diagnosis,Load_Loaded_Speed_Dec_45_to_15Hz,CWRU_12k + HUST + PU + Mechanical_Gear + Electric_Motor,Multi-Head DL (TABNET),0.5125,0.48244588744588746,0.8244642857142856
UOEMD,Diagnosis,Load_Loaded_Speed_Dec_45_to_15Hz,CWRU_12k + HUST + UORED + Mechanical_Gear + Electric_Motor,Multi-Head DL (TABNET),0.55,0.5391339310843954,0.8200000000000001
UOEMD,Diagnosis,Load_Loaded_Speed_Dec_45_to_15Hz,CWRU_12k + PU + UORED + Mechanical_Gear + Electric_Motor,Multi-Head DL (TABNET),0.5125,0.469468031968032,0.8508928571428571
UOEMD,Diagnosis,Load_Loaded_Speed_Dec_45_to_15Hz,CWRU_48k + HUST_Gearbox + HUST + PU + UORED,Multi-Head DL (TABNET),0.525,0.49244067819435466,0.8703571428571428
UOEMD,Diagnosis,Load_Loaded_Speed_Dec_45_to_15Hz,CWRU_48k + HUST_Gearbox + HUST + PU + Mechanical_Gear,Multi-Head DL (TABNET),0.45,0.38583530338849487,0.8332142857142857
UOEMD,Diagnosis,Load_Loaded_Speed_Dec_45_to_15Hz,CWRU_48k + HUST_Gearbox + HUST + PU + Electric_Motor,Multi-Head DL (TABNET),0.42500000000000004,0.3869804807961873,0.80375
UOEMD,Diagnosis,Load_Loaded_Speed_Dec_45_to_15Hz,CWRU_48k + HUST_Gearbox + HUST + UORED + Mechanical_Gear,Multi-Head DL (TABNET),0.5375000000000001,0.5176807660678628,0.8848214285714286
UOEMD,Diagnosis,Load_Loaded_Speed_Dec_45_to_15Hz,CWRU_48k + HUST_Gearbox + HUST + UORED + Electric_Motor,Multi-Head DL (TABNET),0.55,0.5050019425019425,0.8876785714285715
UOEMD,Diagnosis,Load_Loaded_Speed_Dec_45_to_15Hz,CWRU_48k + HUST_Gearbox + HUST + Mechanical_Gear + Electric_Motor,Multi-Head DL (TABNET),0.575,0.5499865937365938,0.9141071428571428
UOEMD,Diagnosis,Load_Loaded_Speed_Dec_45_to_15Hz,CWRU_48k + HUST_Gearbox + PU + UORED + Mechanical_Gear,Multi-Head DL (TABNET),0.5125,0.4771107006020799,0.8569642857142856
UOEMD,Diagnosis,Load_Loaded_Speed_Dec_45_to_15Hz,CWRU_48k + HUST_Gearbox + PU + UORED + Electric_Motor,Multi-Head DL (TABNET),0.3875,0.36410200050374075,0.8008928571428572
UOEMD,Diagnosis,Load_Loaded_Speed_Dec_45_to_15Hz,CWRU_48k + HUST_Gearbox + PU + Mechanical_Gear + Electric_Motor,Multi-Head DL (TABNET),0.4125,0.34748420644853684,0.8049999999999999
UOEMD,Diagnosis,Load_Loaded_Speed_Dec_45_to_15Hz,CWRU_48k + HUST_Gearbox + UORED + Mechanical_Gear + Electric_Motor,Multi-Head DL (TABNET),0.46249999999999997,0.430806417870205,0.8592857142857143
UOEMD,Diagnosis,Load_Loaded_Speed_Dec_45_to_15Hz,CWRU_48k + HUST + PU + UORED + Mechanical_Gear,Multi-Head DL (TABNET),0.55,0.5321962394330815,0.8717857142857144
UOEMD,Diagnosis,Load_Loaded_Speed_Dec_45_to_15Hz,CWRU_48k + HUST + PU + UORED + Electric_Motor,Multi-Head DL (TABNET),0.3875,0.3338203463203463,0.8380357142857142
UOEMD,Diagnosis,Load_Loaded_Speed_Dec_45_to_15Hz,CWRU_48k + HUST + PU + Mechanical_Gear + Electric_Motor,Multi-Head DL (TABNET),0.4875,0.4783176593521421,0.8400000000000001
UOEMD,Diagnosis,Load_Loaded_Speed_Dec_45_to_15Hz,CWRU_48k + HUST + UORED + Mechanical_Gear + Electric_Motor,Multi-Head DL (TABNET),0.48750000000000004,0.4258966803124412,0.8432142857142858
UOEMD,Diagnosis,Load_Loaded_Speed_Dec_45_to_15Hz,CWRU_48k + PU + UORED + Mechanical_Gear + Electric_Motor,Multi-Head DL (TABNET),0.5125,0.44775045512957806,0.8408928571428571
UOEMD,Diagnosis,Load_Loaded_Speed_Dec_45_to_15Hz,HUST_Gearbox + HUST + PU + UORED + Mechanical_Gear,Multi-Head DL (TABNET),0.4625,0.3837834528850863,0.8744642857142857
UOEMD,Diagnosis,Load_Loaded_Speed_Dec_45_to_15Hz,HUST_Gearbox + HUST + PU + UORED + Electric_Motor,Multi-Head DL (TABNET),0.4375,0.39940476190476193,0.7914285714285715
UOEMD,Diagnosis,Load_Loaded_Speed_Dec_45_to_15Hz,HUST_Gearbox + HUST + PU + Mechanical_Gear + Electric_Motor,Multi-Head DL (TABNET),0.3875,0.3308982683982684,0.8316071428571428
UOEMD,Diagnosis,Load_Loaded_Speed_Dec_45_to_15Hz,HUST_Gearbox + HUST + UORED + Mechanical_Gear + Electric_Motor,Multi-Head DL (TABNET),0.5125,0.5074931647300068,0.865
UOEMD,Diagnosis,Load_Loaded_Speed_Dec_45_to_15Hz,HUST_Gearbox + PU + UORED + Mechanical_Gear + Electric_Motor,Multi-Head DL (TABNET),0.55,0.5498956564799095,0.8451785714285716
UOEMD,Diagnosis,Load_Loaded_Speed_Dec_45_to_15Hz,HUST + PU + UORED + Mechanical_Gear + Electric_Motor,Multi-Head DL (TABNET),0.41250000000000003,0.3787441724941725,0.8339285714285714
UOEMD,Diagnosis,Load_Loaded_Speed_Dec_45_to_15Hz,CWRU_12k + CWRU_48k + HUST_Gearbox + HUST + PU + UORED,Multi-Head DL (TABNET),0.5,0.488737669891131,0.82375
UOEMD,Diagnosis,Load_Loaded_Speed_Dec_45_to_15Hz,CWRU_12k + CWRU_48k + HUST_Gearbox + HUST + PU + Mechanical_Gear,Multi-Head DL (TABNET),0.525,0.5057786576168929,0.865
UOEMD,Diagnosis,Load_Loaded_Speed_Dec_45_to_15Hz,CWRU_12k + CWRU_48k + HUST_Gearbox + HUST + PU + Electric_Motor,Multi-Head DL (TABNET),0.36250000000000004,0.3044642857142857,0.8250000000000001
UOEMD,Diagnosis,Load_Loaded_Speed_Dec_45_to_15Hz,CWRU_12k + CWRU_48k + HUST_Gearbox + HUST + UORED + Mechanical_Gear,Multi-Head DL (TABNET),0.5,0.4568833943833944,0.8621428571428571
UOEMD,Diagnosis,Load_Loaded_Speed_Dec_45_to_15Hz,CWRU_12k + CWRU_48k + HUST_Gearbox + HUST + UORED + Electric_Motor,Multi-Head DL (TABNET),0.49999999999999994,0.46473701550091373,0.8966071428571428
UOEMD,Diagnosis,Load_Loaded_Speed_Dec_45_to_15Hz,CWRU_12k + CWRU_48k + HUST_Gearbox + HUST + Mechanical_Gear + Electric_Motor,Multi-Head DL (TABNET),0.45,0.4177111913079069,0.8628571428571429
UOEMD,Diagnosis,Load_Loaded_Speed_Dec_45_to_15Hz,CWRU_12k + CWRU_48k + HUST_Gearbox + PU + UORED + Mechanical_Gear,Multi-Head DL (TABNET),0.575,0.5192854020979021,0.9226785714285715
UOEMD,Diagnosis,Load_Loaded_Speed_Dec_45_to_15Hz,CWRU_12k + CWRU_48k + HUST_Gearbox + PU + UORED + Electric_Motor,Multi-Head DL (TABNET),0.6125,0.5691068245480011,0.875357142857143
UOEMD,Diagnosis,Load_Loaded_Speed_Dec_45_to_15Hz,CWRU_12k + CWRU_48k + HUST_Gearbox + PU + Mechanical_Gear + Electric_Motor,Multi-Head DL (TABNET),0.4375,0.4085092642967406,0.8130357142857143
UOEMD,Diagnosis,Load_Loaded_Speed_Dec_45_to_15Hz,CWRU_12k + CWRU_48k + HUST_Gearbox + UORED + Mechanical_Gear + Electric_Motor,Multi-Head DL (TABNET),0.5874999999999999,0.5661064425770308,0.8976785714285713
UOEMD,Diagnosis,Load_Loaded_Speed_Dec_45_to_15Hz,CWRU_12k + CWRU_48k + HUST + PU + UORED + Mechanical_Gear,Multi-Head DL (TABNET),0.5125,0.4580937473379334,0.7980357142857142
UOEMD,Diagnosis,Load_Loaded_Speed_Dec_45_to_15Hz,CWRU_12k + CWRU_48k + HUST + PU + UORED + Electric_Motor,Multi-Head DL (TABNET),0.5375,0.5032324851399185,0.8464285714285714
UOEMD,Diagnosis,Load_Loaded_Speed_Dec_45_to_15Hz,CWRU_12k + CWRU_48k + HUST + PU + Mechanical_Gear + Electric_Motor,Multi-Head DL (TABNET),0.575,0.5517533953460727,0.8828571428571428
UOEMD,Diagnosis,Load_Loaded_Speed_Dec_45_to_15Hz,CWRU_12k + CWRU_48k + HUST + UORED + Mechanical_Gear + Electric_Motor,Multi-Head DL (TABNET),0.55,0.5177304960485738,0.8364285714285715
UOEMD,Diagnosis,Load_Loaded_Speed_Dec_45_to_15Hz,CWRU_12k + CWRU_48k + PU + UORED + Mechanical_Gear + Electric_Motor,Multi-Head DL (TABNET),0.525,0.4770479807548773,0.8546428571428571
UOEMD,Diagnosis,Load_Loaded_Speed_Dec_45_to_15Hz,CWRU_12k + HUST_Gearbox + HUST + PU + UORED + Mechanical_Gear,Multi-Head DL (TABNET),0.4125,0.3267857142857143,0.849107142857143
UOEMD,Diagnosis,Load_Loaded_Speed_Dec_45_to_15Hz,CWRU_12k + HUST_Gearbox + HUST + PU + UORED + Electric_Motor,Multi-Head DL (TABNET),0.5,0.48903549464064,0.8694642857142857
UOEMD,Diagnosis,Load_Loaded_Speed_Dec_45_to_15Hz,CWRU_12k + HUST_Gearbox + HUST + PU + Mechanical_Gear + Electric_Motor,Multi-Head DL (TABNET),0.5125,0.4284046863988724,0.8653571428571428
UOEMD,Diagnosis,Load_Loaded_Speed_Dec_45_to_15Hz,CWRU_12k + HUST_Gearbox + HUST + UORED + Mechanical_Gear + Electric_Motor,Multi-Head DL (TABNET),0.5375,0.5104237867395762,0.87375
UOEMD,Diagnosis,Load_Loaded_Speed_Dec_45_to_15Hz,CWRU_12k + HUST_Gearbox + PU + UORED + Mechanical_Gear + Electric_Motor,Multi-Head DL (TABNET),0.45,0.40381329197118676,0.8458928571428571
UOEMD,Diagnosis,Load_Loaded_Speed_Dec_45_to_15Hz,CWRU_12k + HUST + PU + UORED + Mechanical_Gear + Electric_Motor,Multi-Head DL (TABNET),0.6125,0.6153936953569307,0.88625
UOEMD,Diagnosis,Load_Loaded_Speed_Dec_45_to_15Hz,CWRU_48k + HUST_Gearbox + HUST + PU + UORED + Mechanical_Gear,Multi-Head DL (TABNET),0.4875,0.46643498674748674,0.8476785714285715
UOEMD,Diagnosis,Load_Loaded_Speed_Dec_45_to_15Hz,CWRU_48k + HUST_Gearbox + HUST + PU + UORED + Electric_Motor,Multi-Head DL (TABNET),0.4375,0.39829141801648194,0.8098214285714286
UOEMD,Diagnosis,Load_Loaded_Speed_Dec_45_to_15Hz,CWRU_48k + HUST_Gearbox + HUST + PU + Mechanical_Gear + Electric_Motor,Multi-Head DL (TABNET),0.4,0.35196886446886444,0.8516071428571428
UOEMD,Diagnosis,Load_Loaded_Speed_Dec_45_to_15Hz,CWRU_48k + HUST_Gearbox + HUST + UORED + Mechanical_Gear + Electric_Motor,Multi-Head DL (TABNET),0.5375,0.4968545654047572,0.8560714285714286
UOEMD,Diagnosis,Load_Loaded_Speed_Dec_45_to_15Hz,CWRU_48k + HUST_Gearbox + PU + UORED + Mechanical_Gear + Electric_Motor,Multi-Head DL (TABNET),0.5875,0.5770123224728487,0.8908928571428572
UOEMD,Diagnosis,Load_Loaded_Speed_Dec_45_to_15Hz,CWRU_48k + HUST + PU + UORED + Mechanical_Gear + Electric_Motor,Multi-Head DL (TABNET),0.4875,0.44642418392418387,0.8739285714285714
UOEMD,Diagnosis,Load_Loaded_Speed_Dec_45_to_15Hz,HUST_Gearbox + HUST + PU + UORED + Mechanical_Gear + Electric_Motor,Multi-Head DL (TABNET),0.4625,0.3991942649265304,0.8498214285714285
UOEMD,Diagnosis,Load_Loaded_Speed_Dec_45_to_15Hz,CWRU_12k + CWRU_48k + HUST_Gearbox + HUST + PU + UORED + Mechanical_Gear,Multi-Head DL (TABNET),0.5375000000000001,0.4622883200557224,0.8776785714285713
UOEMD,Diagnosis,Load_Loaded_Speed_Dec_45_to_15Hz,CWRU_12k + CWRU_48k + HUST_Gearbox + HUST + PU + UORED + Electric_Motor,Multi-Head DL (TABNET),0.525,0.5085815714024957,0.8444642857142858
UOEMD,Diagnosis,Load_Loaded_Speed_Dec_45_to_15Hz,CWRU_12k + CWRU_48k + HUST_Gearbox + HUST + PU + Mechanical_Gear + Electric_Motor,Multi-Head DL (TABNET),0.5625,0.4913567033186528,0.8842857142857143
UOEMD,Diagnosis,Load_Loaded_Speed_Dec_45_to_15Hz,CWRU_12k + CWRU_48k + HUST_Gearbox + HUST + UORED + Mechanical_Gear + Electric_Motor,Multi-Head DL (TABNET),0.5125,0.4833428826075885,0.8632142857142857
UOEMD,Diagnosis,Load_Loaded_Speed_Dec_45_to_15Hz,CWRU_12k + CWRU_48k + HUST_Gearbox + PU + UORED + Mechanical_Gear + Electric_Motor,Multi-Head DL (TABNET),0.5,0.4384325024568927,0.8914285714285715
UOEMD,Diagnosis,Load_Loaded_Speed_Dec_45_to_15Hz,CWRU_12k + CWRU_48k + HUST + PU + UORED + Mechanical_Gear + Electric_Motor,Multi-Head DL (TABNET),0.5,0.4663940819687056,0.8755357142857143
UOEMD,Diagnosis,Load_Loaded_Speed_Dec_45_to_15Hz,CWRU_12k + HUST_Gearbox + HUST + PU + UORED + Mechanical_Gear + Electric_Motor,Multi-Head DL (TABNET),0.6625,0.6111763784461153,0.8905357142857143
UOEMD,Diagnosis,Load_Loaded_Speed_Dec_45_to_15Hz,CWRU_48k + HUST_Gearbox + HUST + PU + UORED + Mechanical_Gear + Electric_Motor,Multi-Head DL (TABNET),0.4625,0.44237193217838877,0.8207142857142857
UOEMD,Diagnosis,Load_Loaded_Speed_Dec_45_to_15Hz,CWRU_12k + CWRU_48k + HUST_Gearbox + HUST + PU + UORED + Mechanical_Gear + Electric_Motor,Multi-Head DL (TABNET),0.5625,0.5292815517815517,0.8603571428571428
UOEMD,Diagnosis,Load_Loaded_Speed_Dec_60_to_30Hz,CWRU_12k,Multi-Head DL (TABNET),0.625,0.6089442355889725,0.937857142857143
UOEMD,Diagnosis,Load_Loaded_Speed_Dec_60_to_30Hz,CWRU_48k,Multi-Head DL (TABNET),0.6499999999999999,0.6100597975597977,0.9408928571428572
UOEMD,Diagnosis,Load_Loaded_Speed_Dec_60_to_30Hz,HUST_Gearbox,Multi-Head DL (TABNET),0.525,0.43615731115731116,0.8769642857142856
UOEMD,Diagnosis,Load_Loaded_Speed_Dec_60_to_30Hz,HUST,Multi-Head DL (TABNET),0.5625,0.5398728078864262,0.9176785714285713
UOEMD,Diagnosis,Load_Loaded_Speed_Dec_60_to_30Hz,PU,Multi-Head DL (TABNET),0.425,0.37083333333333335,0.8173214285714285
UOEMD,Diagnosis,Load_Loaded_Speed_Dec_60_to_30Hz,UORED,Multi-Head DL (TABNET),0.5,0.3874633431085044,0.8983928571428572
UOEMD,Diagnosis,Load_Loaded_Speed_Dec_60_to_30Hz,Mechanical_Gear,Multi-Head DL (TABNET),0.575,0.5280752480902406,0.9071428571428571
UOEMD,Diagnosis,Load_Loaded_Speed_Dec_60_to_30Hz,Electric_Motor,Multi-Head DL (TABNET),0.6125,0.5632936507936508,0.9276785714285714
UOEMD,Diagnosis,Load_Loaded_Speed_Dec_60_to_30Hz,CWRU_12k + CWRU_48k,Multi-Head DL (TABNET),0.625,0.5955372419566793,0.88
UOEMD,Diagnosis,Load_Loaded_Speed_Dec_60_to_30Hz,CWRU_12k + HUST_Gearbox,Multi-Head DL (TABNET),0.55,0.4658724340175953,0.8682142857142856
UOEMD,Diagnosis,Load_Loaded_Speed_Dec_60_to_30Hz,CWRU_12k + HUST,Multi-Head DL (TABNET),0.4625,0.4055944055944056,0.86875
UOEMD,Diagnosis,Load_Loaded_Speed_Dec_60_to_30Hz,CWRU_12k + PU,Multi-Head DL (TABNET),0.5,0.4531072212960757,0.8617857142857143
UOEMD,Diagnosis,Load_Loaded_Speed_Dec_60_to_30Hz,CWRU_12k + UORED,Multi-Head DL (TABNET),0.525,0.496524064171123,0.8769642857142856
UOEMD,Diagnosis,Load_Loaded_Speed_Dec_60_to_30Hz,CWRU_12k + Mechanical_Gear,Multi-Head DL (TABNET),0.6000000000000001,0.5691468253968254,0.8941071428571429
UOEMD,Diagnosis,Load_Loaded_Speed_Dec_60_to_30Hz,CWRU_12k + Electric_Motor,Multi-Head DL (TABNET),0.4625,0.4281625237507591,0.7835714285714286
UOEMD,Diagnosis,Load_Loaded_Speed_Dec_60_to_30Hz,CWRU_48k + HUST_Gearbox,Multi-Head DL (TABNET),0.55,0.5130195891065457,0.8903571428571428
UOEMD,Diagnosis,Load_Loaded_Speed_Dec_60_to_30Hz,CWRU_48k + HUST,Multi-Head DL (TABNET),0.575,0.5066101461262752,0.8805357142857143
UOEMD,Diagnosis,Load_Loaded_Speed_Dec_60_to_30Hz,CWRU_48k + PU,Multi-Head DL (TABNET),0.4,0.36726910180857547,0.8283928571428572
UOEMD,Diagnosis,Load_Loaded_Speed_Dec_60_to_30Hz,CWRU_48k + UORED,Multi-Head DL (TABNET),0.6,0.5354635110440171,0.9107142857142857
UOEMD,Diagnosis,Load_Loaded_Speed_Dec_60_to_30Hz,CWRU_48k + Mechanical_Gear,Multi-Head DL (TABNET),0.6,0.5895822927072927,0.9121428571428571
UOEMD,Diagnosis,Load_Loaded_Speed_Dec_60_to_30Hz,CWRU_48k + Electric_Motor,Multi-Head DL (TABNET),0.5625,0.4946311858076564,0.9001785714285715
UOEMD,Diagnosis,Load_Loaded_Speed_Dec_60_to_30Hz,HUST_Gearbox + HUST,Multi-Head DL (TABNET),0.4875,0.4086309523809524,0.8546428571428571
UOEMD,Diagnosis,Load_Loaded_Speed_Dec_60_to_30Hz,HUST_Gearbox + PU,Multi-Head DL (TABNET),0.375,0.305316091954023,0.7739285714285714
UOEMD,Diagnosis,Load_Loaded_Speed_Dec_60_to_30Hz,HUST_Gearbox + UORED,Multi-Head DL (TABNET),0.5375000000000001,0.502020202020202,0.8846428571428572
UOEMD,Diagnosis,Load_Loaded_Speed_Dec_60_to_30Hz,HUST_Gearbox + Mechanical_Gear,Multi-Head DL (TABNET),0.5375,0.5158799533799534,0.8526785714285714
UOEMD,Diagnosis,Load_Loaded_Speed_Dec_60_to_30Hz,HUST_Gearbox + Electric_Motor,Multi-Head DL (TABNET),0.575,0.5608416164682148,0.8692857142857143
UOEMD,Diagnosis,Load_Loaded_Speed_Dec_60_to_30Hz,HUST + PU,Multi-Head DL (TABNET),0.5375000000000001,0.47541356492969394,0.83375
UOEMD,Diagnosis,Load_Loaded_Speed_Dec_60_to_30Hz,HUST + UORED,Multi-Head DL (TABNET),0.65,0.6276460307710308,0.9083928571428572
UOEMD,Diagnosis,Load_Loaded_Speed_Dec_60_to_30Hz,HUST + Mechanical_Gear,Multi-Head DL (TABNET),0.45,0.3713264106583072,0.8728571428571428
UOEMD,Diagnosis,Load_Loaded_Speed_Dec_60_to_30Hz,HUST + Electric_Motor,Multi-Head DL (TABNET),0.4625,0.4196394821394821,0.8873214285714286
UOEMD,Diagnosis,Load_Loaded_Speed_Dec_60_to_30Hz,PU + UORED,Multi-Head DL (TABNET),0.36250000000000004,0.3378056884635832,0.8067857142857142
UOEMD,Diagnosis,Load_Loaded_Speed_Dec_60_to_30Hz,PU + Mechanical_Gear,Multi-Head DL (TABNET),0.4625,0.37179979518689193,0.7837500000000001
UOEMD,Diagnosis,Load_Loaded_Speed_Dec_60_to_30Hz,PU + Electric_Motor,Multi-Head DL (TABNET),0.55,0.44607007575757573,0.8533928571428572
UOEMD,Diagnosis,Load_Loaded_Speed_Dec_60_to_30Hz,UORED + Mechanical_Gear,Multi-Head DL (TABNET),0.6125,0.5952872377020983,0.8969642857142858
UOEMD,Diagnosis,Load_Loaded_Speed_Dec_60_to_30Hz,UORED + Electric_Motor,Multi-Head DL (TABNET),0.6375,0.6134416924664603,0.9344642857142857
UOEMD,Diagnosis,Load_Loaded_Speed_Dec_60_to_30Hz,Mechanical_Gear + Electric_Motor,Multi-Head DL (TABNET),0.575,0.5092582149033762,0.9017857142857143
UOEMD,Diagnosis,Load_Loaded_Speed_Dec_60_to_30Hz,CWRU_12k + CWRU_48k + HUST_Gearbox,Multi-Head DL (TABNET),0.5625,0.5341714736876026,0.875357142857143
UOEMD,Diagnosis,Load_Loaded_Speed_Dec_60_to_30Hz,CWRU_12k + CWRU_48k + HUST,Multi-Head DL (TABNET),0.475,0.4484217171717172,0.8430357142857143
UOEMD,Diagnosis,Load_Loaded_Speed_Dec_60_to_30Hz,CWRU_12k + CWRU_48k + PU,Multi-Head DL (TABNET),0.425,0.33475935828877007,0.7578571428571429
UOEMD,Diagnosis,Load_Loaded_Speed_Dec_60_to_30Hz,CWRU_12k + CWRU_48k + UORED,Multi-Head DL (TABNET),0.5,0.4387228260869565,0.8821428571428571
UOEMD,Diagnosis,Load_Loaded_Speed_Dec_60_to_30Hz,CWRU_12k + CWRU_48k + Mechanical_Gear,Multi-Head DL (TABNET),0.55,0.49195387062566276,0.9091071428571429
UOEMD,Diagnosis,Load_Loaded_Speed_Dec_60_to_30Hz,CWRU_12k + CWRU_48k + Electric_Motor,Multi-Head DL (TABNET),0.6000000000000001,0.5473362461312609,0.8728571428571429
UOEMD,Diagnosis,Load_Loaded_Speed_Dec_60_to_30Hz,CWRU_12k + HUST_Gearbox + HUST,Multi-Head DL (TABNET),0.5249999999999999,0.45813080867428696,0.8616071428571428
UOEMD,Diagnosis,Load_Loaded_Speed_Dec_60_to_30Hz,CWRU_12k + HUST_Gearbox + PU,Multi-Head DL (TABNET),0.45,0.37096926713947986,0.8530357142857143
UOEMD,Diagnosis,Load_Loaded_Speed_Dec_60_to_30Hz,CWRU_12k + HUST_Gearbox + UORED,Multi-Head DL (TABNET),0.5375,0.5052456958393113,0.8728571428571428
UOEMD,Diagnosis,Load_Loaded_Speed_Dec_60_to_30Hz,CWRU_12k + HUST_Gearbox + Mechanical_Gear,Multi-Head DL (TABNET),0.5875,0.5655524728894294,0.8989285714285715
UOEMD,Diagnosis,Load_Loaded_Speed_Dec_60_to_30Hz,CWRU_12k + HUST_Gearbox + Electric_Motor,Multi-Head DL (TABNET),0.5625,0.5240259740259741,0.89625
UOEMD,Diagnosis,Load_Loaded_Speed_Dec_60_to_30Hz,CWRU_12k + HUST + PU,Multi-Head DL (TABNET),0.4375,0.4300799288528655,0.8344642857142858
UOEMD,Diagnosis,Load_Loaded_Speed_Dec_60_to_30Hz,CWRU_12k + HUST + UORED,Multi-Head DL (TABNET),0.5125,0.46608492082630015,0.8591071428571428
UOEMD,Diagnosis,Load_Loaded_Speed_Dec_60_to_30Hz,CWRU_12k + HUST + Mechanical_Gear,Multi-Head DL (TABNET),0.5375,0.4795454545454545,0.8866071428571429
UOEMD,Diagnosis,Load_Loaded_Speed_Dec_60_to_30Hz,CWRU_12k + HUST + Electric_Motor,Multi-Head DL (TABNET),0.575,0.5602875723792239,0.9260714285714285
UOEMD,Diagnosis,Load_Loaded_Speed_Dec_60_to_30Hz,CWRU_12k + PU + UORED,Multi-Head DL (TABNET),0.5249999999999999,0.5311446886446887,0.8657142857142857
UOEMD,Diagnosis,Load_Loaded_Speed_Dec_60_to_30Hz,CWRU_12k + PU + Mechanical_Gear,Multi-Head DL (TABNET),0.375,0.31340460526315783,0.7119642857142857
UOEMD,Diagnosis,Load_Loaded_Speed_Dec_60_to_30Hz,CWRU_12k + PU + Electric_Motor,Multi-Head DL (TABNET),0.41250000000000003,0.3981259968102073,0.8135714285714286
UOEMD,Diagnosis,Load_Loaded_Speed_Dec_60_to_30Hz,CWRU_12k + UORED + Mechanical_Gear,Multi-Head DL (TABNET),0.575,0.5340909090909092,0.9226785714285715
UOEMD,Diagnosis,Load_Loaded_Speed_Dec_60_to_30Hz,CWRU_12k + UORED + Electric_Motor,Multi-Head DL (TABNET),0.6375,0.6144262600144954,0.9369642857142857
UOEMD,Diagnosis,Load_Loaded_Speed_Dec_60_to_30Hz,CWRU_12k + Mechanical_Gear + Electric_Motor,Multi-Head DL (TABNET),0.625,0.5963833694012722,0.9076785714285714
UOEMD,Diagnosis,Load_Loaded_Speed_Dec_60_to_30Hz,CWRU_48k + HUST_Gearbox + HUST,Multi-Head DL (TABNET),0.45,0.40815018315018314,0.8474999999999999
UOEMD,Diagnosis,Load_Loaded_Speed_Dec_60_to_30Hz,CWRU_48k + HUST_Gearbox + PU,Multi-Head DL (TABNET),0.5625,0.5157309300531807,0.8574999999999999
UOEMD,Diagnosis,Load_Loaded_Speed_Dec_60_to_30Hz,CWRU_48k + HUST_Gearbox + UORED,Multi-Head DL (TABNET),0.6375,0.6019364407522302,0.9178571428571429
UOEMD,Diagnosis,Load_Loaded_Speed_Dec_60_to_30Hz,CWRU_48k + HUST_Gearbox + Mechanical_Gear,Multi-Head DL (TABNET),0.55,0.5436902966314731,0.8692857142857142
UOEMD,Diagnosis,Load_Loaded_Speed_Dec_60_to_30Hz,CWRU_48k + HUST_Gearbox + Electric_Motor,Multi-Head DL (TABNET),0.5875,0.5543498168498169,0.8775
UOEMD,Diagnosis,Load_Loaded_Speed_Dec_60_to_30Hz,CWRU_48k + HUST + PU,Multi-Head DL (TABNET),0.5,0.47729341736694675,0.8223214285714286
UOEMD,Diagnosis,Load_Loaded_Speed_Dec_60_to_30Hz,CWRU_48k + HUST + UORED,Multi-Head DL (TABNET),0.5375,0.441934046345811,0.8803571428571428
UOEMD,Diagnosis,Load_Loaded_Speed_Dec_60_to_30Hz,CWRU_48k + HUST + Mechanical_Gear,Multi-Head DL (TABNET),0.4625,0.4092177663606235,0.8875
UOEMD,Diagnosis,Load_Loaded_Speed_Dec_60_to_30Hz,CWRU_48k + HUST + Electric_Motor,Multi-Head DL (TABNET),0.525,0.4694972478238607,0.8775
UOEMD,Diagnosis,Load_Loaded_Speed_Dec_60_to_30Hz,CWRU_48k + PU + UORED,Multi-Head DL (TABNET),0.475,0.42080429732868757,0.8201785714285714
UOEMD,Diagnosis,Load_Loaded_Speed_Dec_60_to_30Hz,CWRU_48k + PU + Mechanical_Gear,Multi-Head DL (TABNET),0.5,0.44805253623188407,0.8548214285714285
UOEMD,Diagnosis,Load_Loaded_Speed_Dec_60_to_30Hz,CWRU_48k + PU + Electric_Motor,Multi-Head DL (TABNET),0.46249999999999997,0.4314674908424908,0.8466071428571429
UOEMD,Diagnosis,Load_Loaded_Speed_Dec_60_to_30Hz,CWRU_48k + UORED + Mechanical_Gear,Multi-Head DL (TABNET),0.5125,0.4821436036789297,0.87375
UOEMD,Diagnosis,Load_Loaded_Speed_Dec_60_to_30Hz,CWRU_48k + UORED + Electric_Motor,Multi-Head DL (TABNET),0.5125,0.47999542489674063,0.8966071428571429
UOEMD,Diagnosis,Load_Loaded_Speed_Dec_60_to_30Hz,CWRU_48k + Mechanical_Gear + Electric_Motor,Multi-Head DL (TABNET),0.575,0.518876730854285,0.9214285714285714
UOEMD,Diagnosis,Load_Loaded_Speed_Dec_60_to_30Hz,HUST_Gearbox + HUST + PU,Multi-Head DL (TABNET),0.41250000000000003,0.37566873915558124,0.8451785714285716
UOEMD,Diagnosis,Load_Loaded_Speed_Dec_60_to_30Hz,HUST_Gearbox + HUST + UORED,Multi-Head DL (TABNET),0.625,0.5717880147227974,0.9230357142857142
UOEMD,Diagnosis,Load_Loaded_Speed_Dec_60_to_30Hz,HUST_Gearbox + HUST + Mechanical_Gear,Multi-Head DL (TABNET),0.6000000000000001,0.5789772727272727,0.927142857142857
UOEMD,Diagnosis,Load_Loaded_Speed_Dec_60_to_30Hz,HUST_Gearbox + HUST + Electric_Motor,Multi-Head DL (TABNET),0.475,0.42601010101010106,0.9105357142857142
UOEMD,Diagnosis,Load_Loaded_Speed_Dec_60_to_30Hz,HUST_Gearbox + PU + UORED,Multi-Head DL (TABNET),0.5375000000000001,0.5081097733865515,0.8323214285714285
UOEMD,Diagnosis,Load_Loaded_Speed_Dec_60_to_30Hz,HUST_Gearbox + PU + Mechanical_Gear,Multi-Head DL (TABNET),0.4,0.328674853372434,0.7975
UOEMD,Diagnosis,Load_Loaded_Speed_Dec_60_to_30Hz,HUST_Gearbox + PU + Electric_Motor,Multi-Head DL (TABNET),0.45,0.4094113123718387,0.7957142857142857
UOEMD,Diagnosis,Load_Loaded_Speed_Dec_60_to_30Hz,HUST_Gearbox + UORED + Mechanical_Gear,Multi-Head DL (TABNET),0.6125,0.5792345585449035,0.8819642857142856
UOEMD,Diagnosis,Load_Loaded_Speed_Dec_60_to_30Hz,HUST_Gearbox + UORED + Electric_Motor,Multi-Head DL (TABNET),0.6000000000000001,0.5618114772526537,0.9158928571428571
UOEMD,Diagnosis,Load_Loaded_Speed_Dec_60_to_30Hz,HUST_Gearbox + Mechanical_Gear + Electric_Motor,Multi-Head DL (TABNET),0.6124999999999999,0.5568904072724106,0.9360714285714287
UOEMD,Diagnosis,Load_Loaded_Speed_Dec_60_to_30Hz,HUST + PU + UORED,Multi-Head DL (TABNET),0.4375,0.39952452452452447,0.8528571428571429
UOEMD,Diagnosis,Load_Loaded_Speed_Dec_60_to_30Hz,HUST + PU + Mechanical_Gear,Multi-Head DL (TABNET),0.5125,0.4807451320609215,0.8789285714285714
UOEMD,Diagnosis,Load_Loaded_Speed_Dec_60_to_30Hz,HUST + PU + Electric_Motor,Multi-Head DL (TABNET),0.4875,0.44768175965998114,0.8121428571428572
UOEMD,Diagnosis,Load_Loaded_Speed_Dec_60_to_30Hz,HUST + UORED + Mechanical_Gear,Multi-Head DL (TABNET),0.525,0.4736495388669302,0.8732142857142857
UOEMD,Diagnosis,Load_Loaded_Speed_Dec_60_to_30Hz,HUST + UORED + Electric_Motor,Multi-Head DL (TABNET),0.45,0.37924575424575424,0.875357142857143
UOEMD,Diagnosis,Load_Loaded_Speed_Dec_60_to_30Hz,HUST + Mechanical_Gear + Electric_Motor,Multi-Head DL (TABNET),0.4875,0.4137022397891963,0.9071428571428571
UOEMD,Diagnosis,Load_Loaded_Speed_Dec_60_to_30Hz,PU + UORED + Mechanical_Gear,Multi-Head DL (TABNET),0.5125000000000001,0.498155929038282,0.8751785714285714
UOEMD,Diagnosis,Load_Loaded_Speed_Dec_60_to_30Hz,PU + UORED + Electric_Motor,Multi-Head DL (TABNET),0.44999999999999996,0.4341865079365079,0.83375
UOEMD,Diagnosis,Load_Loaded_Speed_Dec_60_to_30Hz,PU + Mechanical_Gear + Electric_Motor,Multi-Head DL (TABNET),0.55,0.5220338361847796,0.8348214285714286
UOEMD,Diagnosis,Load_Loaded_Speed_Dec_60_to_30Hz,UORED + Mechanical_Gear + Electric_Motor,Multi-Head DL (TABNET),0.575,0.5207837301587301,0.9075
UOEMD,Diagnosis,Load_Loaded_Speed_Dec_60_to_30Hz,CWRU_12k + CWRU_48k + HUST_Gearbox + HUST,Multi-Head DL (TABNET),0.525,0.42055137844611523,0.8460714285714286
UOEMD,Diagnosis,Load_Loaded_Speed_Dec_60_to_30Hz,CWRU_12k + CWRU_48k + HUST_Gearbox + PU,Multi-Head DL (TABNET),0.4875,0.43690191387559807,0.7916071428571428
UOEMD,Diagnosis,Load_Loaded_Speed_Dec_60_to_30Hz,CWRU_12k + CWRU_48k + HUST_Gearbox + UORED,Multi-Head DL (TABNET),0.5,0.46497584541062803,0.8473214285714286
UOEMD,Diagnosis,Load_Loaded_Speed_Dec_60_to_30Hz,CWRU_12k + CWRU_48k + HUST_Gearbox + Mechanical_Gear,Multi-Head DL (TABNET),0.5249999999999999,0.434978354978355,0.8883928571428572
UOEMD,Diagnosis,Load_Loaded_Speed_Dec_60_to_30Hz,CWRU_12k + CWRU_48k + HUST_Gearbox + Electric_Motor,Multi-Head DL (TABNET),0.6,0.564130156284087,0.9182142857142856
UOEMD,Diagnosis,Load_Loaded_Speed_Dec_60_to_30Hz,CWRU_12k + CWRU_48k + HUST + PU,Multi-Head DL (TABNET),0.525,0.47438669166263503,0.8473214285714286
UOEMD,Diagnosis,Load_Loaded_Speed_Dec_60_to_30Hz,CWRU_12k + CWRU_48k + HUST + UORED,Multi-Head DL (TABNET),0.5375,0.5141172233563538,0.8769642857142858
UOEMD,Diagnosis,Load_Loaded_Speed_Dec_60_to_30Hz,CWRU_12k + CWRU_48k + HUST + Mechanical_Gear,Multi-Head DL (TABNET),0.4375,0.41374458874458875,0.8130357142857143
UOEMD,Diagnosis,Load_Loaded_Speed_Dec_60_to_30Hz,CWRU_12k + CWRU_48k + HUST + Electric_Motor,Multi-Head DL (TABNET),0.625,0.6070571789321789,0.9146428571428571
UOEMD,Diagnosis,Load_Loaded_Speed_Dec_60_to_30Hz,CWRU_12k + CWRU_48k + PU + UORED,Multi-Head DL (TABNET),0.6125,0.5994718541057213,0.8730357142857142
UOEMD,Diagnosis,Load_Loaded_Speed_Dec_60_to_30Hz,CWRU_12k + CWRU_48k + PU + Mechanical_Gear,Multi-Head DL (TABNET),0.39999999999999997,0.34608378672942564,0.7992857142857143
UOEMD,Diagnosis,Load_Loaded_Speed_Dec_60_to_30Hz,CWRU_12k + CWRU_48k + PU + Electric_Motor,Multi-Head DL (TABNET),0.38749999999999996,0.38501602564102566,0.8153571428571429
UOEMD,Diagnosis,Load_Loaded_Speed_Dec_60_to_30Hz,CWRU_12k + CWRU_48k + UORED + Mechanical_Gear,Multi-Head DL (TABNET),0.4875,0.45815262011851215,0.8578571428571429
UOEMD,Diagnosis,Load_Loaded_Speed_Dec_60_to_30Hz,CWRU_12k + CWRU_48k + UORED + Electric_Motor,Multi-Head DL (TABNET),0.4625,0.449895359125647,0.8533928571428572
UOEMD,Diagnosis,Load_Loaded_Speed_Dec_60_to_30Hz,CWRU_12k + CWRU_48k + Mechanical_Gear + Electric_Motor,Multi-Head DL (TABNET),0.55,0.5400545634920635,0.8558928571428572
UOEMD,Diagnosis,Load_Loaded_Speed_Dec_60_to_30Hz,CWRU_12k + HUST_Gearbox + HUST + PU,Multi-Head DL (TABNET),0.375,0.32893362262937964,0.7769642857142858
UOEMD,Diagnosis,Load_Loaded_Speed_Dec_60_to_30Hz,CWRU_12k + HUST_Gearbox + HUST + UORED,Multi-Head DL (TABNET),0.5375,0.5028255735492577,0.8671428571428572
UOEMD,Diagnosis,Load_Loaded_Speed_Dec_60_to_30Hz,CWRU_12k + HUST_Gearbox + HUST + Mechanical_Gear,Multi-Head DL (TABNET),0.475,0.38383838383838387,0.8141071428571428
UOEMD,Diagnosis,Load_Loaded_Speed_Dec_60_to_30Hz,CWRU_12k + HUST_Gearbox + HUST + Electric_Motor,Multi-Head DL (TABNET),0.475,0.4466769881529607,0.8264285714285715
UOEMD,Diagnosis,Load_Loaded_Speed_Dec_60_to_30Hz,CWRU_12k + HUST_Gearbox + PU + UORED,Multi-Head DL (TABNET),0.4125,0.3816384755483221,0.8083928571428571
UOEMD,Diagnosis,Load_Loaded_Speed_Dec_60_to_30Hz,CWRU_12k + HUST_Gearbox + PU + Mechanical_Gear,Multi-Head DL (TABNET),0.4375,0.3524305555555556,0.8198214285714286
UOEMD,Diagnosis,Load_Loaded_Speed_Dec_60_to_30Hz,CWRU_12k + HUST_Gearbox + PU + Electric_Motor,Multi-Head DL (TABNET),0.5125,0.4657986111111111,0.8507142857142858
UOEMD,Diagnosis,Load_Loaded_Speed_Dec_60_to_30Hz,CWRU_12k + HUST_Gearbox + UORED + Mechanical_Gear,Multi-Head DL (TABNET),0.5125,0.4968011812870501,0.8876785714285714
UOEMD,Diagnosis,Load_Loaded_Speed_Dec_60_to_30Hz,CWRU_12k + HUST_Gearbox + UORED + Electric_Motor,Multi-Head DL (TABNET),0.4375,0.38905038759689925,0.8407142857142857
UOEMD,Diagnosis,Load_Loaded_Speed_Dec_60_to_30Hz,CWRU_12k + HUST_Gearbox + Mechanical_Gear + Electric_Motor,Multi-Head DL (TABNET),0.5,0.43626937578550484,0.8494642857142858
UOEMD,Diagnosis,Load_Loaded_Speed_Dec_60_to_30Hz,CWRU_12k + HUST + PU + UORED,Multi-Head DL (TABNET),0.4625,0.4344244544394469,0.8800000000000001
UOEMD,Diagnosis,Load_Loaded_Speed_Dec_60_to_30Hz,CWRU_12k + HUST + PU + Mechanical_Gear,Multi-Head DL (TABNET),0.475,0.36458333333333337,0.8482142857142857
UOEMD,Diagnosis,Load_Loaded_Speed_Dec_60_to_30Hz,CWRU_12k + HUST + PU + Electric_Motor,Multi-Head DL (TABNET),0.375,0.29166666666666663,0.8400000000000001
UOEMD,Diagnosis,Load_Loaded_Speed_Dec_60_to_30Hz,CWRU_12k + HUST + UORED + Mechanical_Gear,Multi-Head DL (TABNET),0.6375,0.6008241758241758,0.9058928571428572
UOEMD,Diagnosis,Load_Loaded_Speed_Dec_60_to_30Hz,CWRU_12k + HUST + UORED + Electric_Motor,Multi-Head DL (TABNET),0.55,0.5080200501253133,0.8792857142857143
UOEMD,Diagnosis,Load_Loaded_Speed_Dec_60_to_30Hz,CWRU_12k + HUST + Mechanical_Gear + Electric_Motor,Multi-Head DL (TABNET),0.5625,0.5246743642933973,0.8769642857142858
UOEMD,Diagnosis,Load_Loaded_Speed_Dec_60_to_30Hz,CWRU_12k + PU + UORED + Mechanical_Gear,Multi-Head DL (TABNET),0.55,0.5456821528354603,0.8766071428571429
UOEMD,Diagnosis,Load_Loaded_Speed_Dec_60_to_30Hz,CWRU_12k + PU + UORED + Electric_Motor,Multi-Head DL (TABNET),0.525,0.47052527151211365,0.8417857142857142
UOEMD,Diagnosis,Load_Loaded_Speed_Dec_60_to_30Hz,CWRU_12k + PU + Mechanical_Gear + Electric_Motor,Multi-Head DL (TABNET),0.4625,0.3744274136715997,0.8498214285714286
UOEMD,Diagnosis,Load_Loaded_Speed_Dec_60_to_30Hz,CWRU_12k + UORED + Mechanical_Gear + Electric_Motor,Multi-Head DL (TABNET),0.4875,0.46789668664668665,0.9075
UOEMD,Diagnosis,Load_Loaded_Speed_Dec_60_to_30Hz,CWRU_48k + HUST_Gearbox + HUST + PU,Multi-Head DL (TABNET),0.42500000000000004,0.354000884173298,0.8103571428571428
UOEMD,Diagnosis,Load_Loaded_Speed_Dec_60_to_30Hz,CWRU_48k + HUST_Gearbox + HUST + UORED,Multi-Head DL (TABNET),0.475,0.3977414573256358,0.8685714285714285
UOEMD,Diagnosis,Load_Loaded_Speed_Dec_60_to_30Hz,CWRU_48k + HUST_Gearbox + HUST + Mechanical_Gear,Multi-Head DL (TABNET),0.575,0.5068181818181818,0.8907142857142857
UOEMD,Diagnosis,Load_Loaded_Speed_Dec_60_to_30Hz,CWRU_48k + HUST_Gearbox + HUST + Electric_Motor,Multi-Head DL (TABNET),0.6125,0.5749061124061124,0.9128571428571428
UOEMD,Diagnosis,Load_Loaded_Speed_Dec_60_to_30Hz,CWRU_48k + HUST_Gearbox + PU + UORED,Multi-Head DL (TABNET),0.5125,0.45704576125628754,0.8510714285714286
UOEMD,Diagnosis,Load_Loaded_Speed_Dec_60_to_30Hz,CWRU_48k + HUST_Gearbox + PU + Mechanical_Gear,Multi-Head DL (TABNET),0.4625,0.4222583895218166,0.83375
UOEMD,Diagnosis,Load_Loaded_Speed_Dec_60_to_30Hz,CWRU_48k + HUST_Gearbox + PU + Electric_Motor,Multi-Head DL (TABNET),0.4625,0.449482461982462,0.8441071428571428
UOEMD,Diagnosis,Load_Loaded_Speed_Dec_60_to_30Hz,CWRU_48k + HUST_Gearbox + UORED + Mechanical_Gear,Multi-Head DL (TABNET),0.5625,0.5247252747252746,0.8744642857142857
UOEMD,Diagnosis,Load_Loaded_Speed_Dec_60_to_30Hz,CWRU_48k + HUST_Gearbox + UORED + Electric_Motor,Multi-Head DL (TABNET),0.625,0.5845960353156755,0.9289285714285714
UOEMD,Diagnosis,Load_Loaded_Speed_Dec_60_to_30Hz,CWRU_48k + HUST_Gearbox + Mechanical_Gear + Electric_Motor,Multi-Head DL (TABNET),0.6125,0.5661253964962405,0.9105357142857142
UOEMD,Diagnosis,Load_Loaded_Speed_Dec_60_to_30Hz,CWRU_48k + HUST + PU + UORED,Multi-Head DL (TABNET),0.475,0.4493720947668316,0.8417857142857144
UOEMD,Diagnosis,Load_Loaded_Speed_Dec_60_to_30Hz,CWRU_48k + HUST + PU + Mechanical_Gear,Multi-Head DL (TABNET),0.5375,0.5024801587301586,0.8685714285714285
UOEMD,Diagnosis,Load_Loaded_Speed_Dec_60_to_30Hz,CWRU_48k + HUST + PU + Electric_Motor,Multi-Head DL (TABNET),0.4,0.3779884107431699,0.7421428571428572
UOEMD,Diagnosis,Load_Loaded_Speed_Dec_60_to_30Hz,CWRU_48k + HUST + UORED + Mechanical_Gear,Multi-Head DL (TABNET),0.5625,0.5419801462904911,0.8880357142857143
UOEMD,Diagnosis,Load_Loaded_Speed_Dec_60_to_30Hz,CWRU_48k + HUST + UORED + Electric_Motor,Multi-Head DL (TABNET),0.525,0.5219041922989291,0.8398214285714285
UOEMD,Diagnosis,Load_Loaded_Speed_Dec_60_to_30Hz,CWRU_48k + HUST + Mechanical_Gear + Electric_Motor,Multi-Head DL (TABNET),0.525,0.457034632034632,0.8767857142857143
UOEMD,Diagnosis,Load_Loaded_Speed_Dec_60_to_30Hz,CWRU_48k + PU + UORED + Mechanical_Gear,Multi-Head DL (TABNET),0.4625,0.43735569985569983,0.8316071428571429
UOEMD,Diagnosis,Load_Loaded_Speed_Dec_60_to_30Hz,CWRU_48k + PU + UORED + Electric_Motor,Multi-Head DL (TABNET),0.5375,0.48851033834586466,0.84625
UOEMD,Diagnosis,Load_Loaded_Speed_Dec_60_to_30Hz,CWRU_48k + PU + Mechanical_Gear + Electric_Motor,Multi-Head DL (TABNET),0.425,0.3913758553274682,0.8033928571428572
UOEMD,Diagnosis,Load_Loaded_Speed_Dec_60_to_30Hz,CWRU_48k + UORED + Mechanical_Gear + Electric_Motor,Multi-Head DL (TABNET),0.6125,0.5675673046996577,0.9148214285714286
UOEMD,Diagnosis,Load_Loaded_Speed_Dec_60_to_30Hz,HUST_Gearbox + HUST + PU + UORED,Multi-Head DL (TABNET),0.4875,0.40829276628378036,0.812857142857143
UOEMD,Diagnosis,Load_Loaded_Speed_Dec_60_to_30Hz,HUST_Gearbox + HUST + PU + Mechanical_Gear,Multi-Head DL (TABNET),0.5,0.44431046457786694,0.8405357142857143
UOEMD,Diagnosis,Load_Loaded_Speed_Dec_60_to_30Hz,HUST_Gearbox + HUST + PU + Electric_Motor,Multi-Head DL (TABNET),0.42499999999999993,0.40812588904694164,0.7807142857142857
UOEMD,Diagnosis,Load_Loaded_Speed_Dec_60_to_30Hz,HUST_Gearbox + HUST + UORED + Mechanical_Gear,Multi-Head DL (TABNET),0.575,0.5308855472013366,0.8889285714285715
UOEMD,Diagnosis,Load_Loaded_Speed_Dec_60_to_30Hz,HUST_Gearbox + HUST + UORED + Electric_Motor,Multi-Head DL (TABNET),0.5875,0.5269706872648049,0.8889285714285713
UOEMD,Diagnosis,Load_Loaded_Speed_Dec_60_to_30Hz,HUST_Gearbox + HUST + Mechanical_Gear + Electric_Motor,Multi-Head DL (TABNET),0.475,0.42514297385620914,0.8739285714285714
UOEMD,Diagnosis,Load_Loaded_Speed_Dec_60_to_30Hz,HUST_Gearbox + PU + UORED + Mechanical_Gear,Multi-Head DL (TABNET),0.4875,0.41792717086834735,0.8453571428571428
UOEMD,Diagnosis,Load_Loaded_Speed_Dec_60_to_30Hz,HUST_Gearbox + PU + UORED + Electric_Motor,Multi-Head DL (TABNET),0.5125000000000001,0.46858776998863205,0.8476785714285715
UOEMD,Diagnosis,Load_Loaded_Speed_Dec_60_to_30Hz,HUST_Gearbox + PU + Mechanical_Gear + Electric_Motor,Multi-Head DL (TABNET),0.45,0.39664502164502163,0.8398214285714285
UOEMD,Diagnosis,Load_Loaded_Speed_Dec_60_to_30Hz,HUST_Gearbox + UORED + Mechanical_Gear + Electric_Motor,Multi-Head DL (TABNET),0.5875,0.5443740573152338,0.8919642857142857
UOEMD,Diagnosis,Load_Loaded_Speed_Dec_60_to_30Hz,HUST + PU + UORED + Mechanical_Gear,Multi-Head DL (TABNET),0.4375,0.36837121212121215,0.845
UOEMD,Diagnosis,Load_Loaded_Speed_Dec_60_to_30Hz,HUST + PU + UORED + Electric_Motor,Multi-Head DL (TABNET),0.45,0.3938582251082251,0.8210714285714286
UOEMD,Diagnosis,Load_Loaded_Speed_Dec_60_to_30Hz,HUST + PU + Mechanical_Gear + Electric_Motor,Multi-Head DL (TABNET),0.5125,0.42771780303030305,0.8400000000000001
UOEMD,Diagnosis,Load_Loaded_Speed_Dec_60_to_30Hz,HUST + UORED + Mechanical_Gear + Electric_Motor,Multi-Head DL (TABNET),0.525,0.48652811004784685,0.8433928571428572
UOEMD,Diagnosis,Load_Loaded_Speed_Dec_60_to_30Hz,PU + UORED + Mechanical_Gear + Electric_Motor,Multi-Head DL (TABNET),0.5,0.4258996212121212,0.8492857142857143
UOEMD,Diagnosis,Load_Loaded_Speed_Dec_60_to_30Hz,CWRU_12k + CWRU_48k + HUST_Gearbox + HUST + PU,Multi-Head DL (TABNET),0.44999999999999996,0.42200854700854695,0.7930357142857143
UOEMD,Diagnosis,Load_Loaded_Speed_Dec_60_to_30Hz,CWRU_12k + CWRU_48k + HUST_Gearbox + HUST + UORED,Multi-Head DL (TABNET),0.5125,0.4553030303030303,0.8617857142857144
UOEMD,Diagnosis,Load_Loaded_Speed_Dec_60_to_30Hz,CWRU_12k + CWRU_48k + HUST_Gearbox + HUST + Mechanical_Gear,Multi-Head DL (TABNET),0.45,0.4037786889789393,0.8501785714285715
UOEMD,Diagnosis,Load_Loaded_Speed_Dec_60_to_30Hz,CWRU_12k + CWRU_48k + HUST_Gearbox + HUST + Electric_Motor,Multi-Head DL (TABNET),0.5,0.45294302471721826,0.8491071428571428
UOEMD,Diagnosis,Load_Loaded_Speed_Dec_60_to_30Hz,CWRU_12k + CWRU_48k + HUST_Gearbox + PU + UORED,Multi-Head DL (TABNET),0.47500000000000003,0.4457804213496813,0.8226785714285715
UOEMD,Diagnosis,Load_Loaded_Speed_Dec_60_to_30Hz,CWRU_12k + CWRU_48k + HUST_Gearbox + PU + Mechanical_Gear,Multi-Head DL (TABNET),0.45,0.40676659891598915,0.849107142857143
UOEMD,Diagnosis,Load_Loaded_Speed_Dec_60_to_30Hz,CWRU_12k + CWRU_48k + HUST_Gearbox + PU + Electric_Motor,Multi-Head DL (TABNET),0.425,0.4009510956879378,0.7480357142857144
UOEMD,Diagnosis,Load_Loaded_Speed_Dec_60_to_30Hz,CWRU_12k + CWRU_48k + HUST_Gearbox + UORED + Mechanical_Gear,Multi-Head DL (TABNET),0.575,0.5551032913165266,0.8914285714285715
UOEMD,Diagnosis,Load_Loaded_Speed_Dec_60_to_30Hz,CWRU_12k + CWRU_48k + HUST_Gearbox + UORED + Electric_Motor,Multi-Head DL (TABNET),0.4375,0.39950665865300017,0.8541071428571428
UOEMD,Diagnosis,Load_Loaded_Speed_Dec_60_to_30Hz,CWRU_12k + CWRU_48k + HUST_Gearbox + Mechanical_Gear + Electric_Motor,Multi-Head DL (TABNET),0.4625,0.40053366174055827,0.8357142857142857
UOEMD,Diagnosis,Load_Loaded_Speed_Dec_60_to_30Hz,CWRU_12k + CWRU_48k + HUST + PU + UORED,Multi-Head DL (TABNET),0.5249999999999999,0.4366880037932669,0.8266071428571429
UOEMD,Diagnosis,Load_Loaded_Speed_Dec_60_to_30Hz,CWRU_12k + CWRU_48k + HUST + PU + Mechanical_Gear,Multi-Head DL (TABNET),0.45000000000000007,0.3946922435095151,0.7775000000000001
UOEMD,Diagnosis,Load_Loaded_Speed_Dec_60_to_30Hz,CWRU_12k + CWRU_48k + HUST + PU + Electric_Motor,Multi-Head DL (TABNET),0.47500000000000003,0.44012788681906334,0.8698214285714285
UOEMD,Diagnosis,Load_Loaded_Speed_Dec_60_to_30Hz,CWRU_12k + CWRU_48k + HUST + UORED + Mechanical_Gear,Multi-Head DL (TABNET),0.525,0.46226200903558917,0.8241071428571429
UOEMD,Diagnosis,Load_Loaded_Speed_Dec_60_to_30Hz,CWRU_12k + CWRU_48k + HUST + UORED + Electric_Motor,Multi-Head DL (TABNET),0.575,0.5183518413953196,0.8792857142857142
UOEMD,Diagnosis,Load_Loaded_Speed_Dec_60_to_30Hz,CWRU_12k + CWRU_48k + HUST + Mechanical_Gear + Electric_Motor,Multi-Head DL (TABNET),0.5,0.42155870445344124,0.8573214285714286
UOEMD,Diagnosis,Load_Loaded_Speed_Dec_60_to_30Hz,CWRU_12k + CWRU_48k + PU + UORED + Mechanical_Gear,Multi-Head DL (TABNET),0.44999999999999996,0.4059402013239499,0.8657142857142858
UOEMD,Diagnosis,Load_Loaded_Speed_Dec_60_to_30Hz,CWRU_12k + CWRU_48k + PU + UORED + Electric_Motor,Multi-Head DL (TABNET),0.5625,0.5191252587991718,0.8767857142857143
UOEMD,Diagnosis,Load_Loaded_Speed_Dec_60_to_30Hz,CWRU_12k + CWRU_48k + PU + Mechanical_Gear + Electric_Motor,Multi-Head DL (TABNET),0.5875,0.5570435354642516,0.8464285714285714
UOEMD,Diagnosis,Load_Loaded_Speed_Dec_60_to_30Hz,CWRU_12k + CWRU_48k + UORED + Mechanical_Gear + Electric_Motor,Multi-Head DL (TABNET),0.5875,0.5518136216979229,0.9096428571428571
UOEMD,Diagnosis,Load_Loaded_Speed_Dec_60_to_30Hz,CWRU_12k + HUST_Gearbox + HUST + PU + UORED,Multi-Head DL (TABNET),0.48750000000000004,0.40384615384615385,0.7657142857142858
UOEMD,Diagnosis,Load_Loaded_Speed_Dec_60_to_30Hz,CWRU_12k + HUST_Gearbox + HUST + PU + Mechanical_Gear,Multi-Head DL (TABNET),0.5375000000000001,0.5149511708335238,0.7366071428571429
UOEMD,Diagnosis,Load_Loaded_Speed_Dec_60_to_30Hz,CWRU_12k + HUST_Gearbox + HUST + PU + Electric_Motor,Multi-Head DL (TABNET),0.5125,0.4603933566433566,0.8355357142857143
UOEMD,Diagnosis,Load_Loaded_Speed_Dec_60_to_30Hz,CWRU_12k + HUST_Gearbox + HUST + UORED + Mechanical_Gear,Multi-Head DL (TABNET),0.575,0.5284674815924816,0.8448214285714286
UOEMD,Diagnosis,Load_Loaded_Speed_Dec_60_to_30Hz,CWRU_12k + HUST_Gearbox + HUST + UORED + Electric_Motor,Multi-Head DL (TABNET),0.525,0.4836894586894587,0.8526785714285714
UOEMD,Diagnosis,Load_Loaded_Speed_Dec_60_to_30Hz,CWRU_12k + HUST_Gearbox + HUST + Mechanical_Gear + Electric_Motor,Multi-Head DL (TABNET),0.45,0.4043601074851075,0.8603571428571428
UOEMD,Diagnosis,Load_Loaded_Speed_Dec_60_to_30Hz,CWRU_12k + HUST_Gearbox + PU + UORED + Mechanical_Gear,Multi-Head DL (TABNET),0.5,0.4805047760210804,0.8826785714285714
UOEMD,Diagnosis,Load_Loaded_Speed_Dec_60_to_30Hz,CWRU_12k + HUST_Gearbox + PU + UORED + Electric_Motor,Multi-Head DL (TABNET),0.525,0.4935045948203843,0.8514285714285714
UOEMD,Diagnosis,Load_Loaded_Speed_Dec_60_to_30Hz,CWRU_12k + HUST_Gearbox + PU + Mechanical_Gear + Electric_Motor,Multi-Head DL (TABNET),0.5125,0.4331395348837209,0.7998214285714286
UOEMD,Diagnosis,Load_Loaded_Speed_Dec_60_to_30Hz,CWRU_12k + HUST_Gearbox + UORED + Mechanical_Gear + Electric_Motor,Multi-Head DL (TABNET),0.4625,0.3841771045718414,0.8960714285714285
UOEMD,Diagnosis,Load_Loaded_Speed_Dec_60_to_30Hz,CWRU_12k + HUST + PU + UORED + Mechanical_Gear,Multi-Head DL (TABNET),0.4625,0.39108187134502925,0.8639285714285714
UOEMD,Diagnosis,Load_Loaded_Speed_Dec_60_to_30Hz,CWRU_12k + HUST + PU + UORED + Electric_Motor,Multi-Head DL (TABNET),0.5,0.46064995405766196,0.8257142857142857
UOEMD,Diagnosis,Load_Loaded_Speed_Dec_60_to_30Hz,CWRU_12k + HUST + PU + Mechanical_Gear + Electric_Motor,Multi-Head DL (TABNET),0.5375,0.5034557762498939,0.84125
UOEMD,Diagnosis,Load_Loaded_Speed_Dec_60_to_30Hz,CWRU_12k + HUST + UORED + Mechanical_Gear + Electric_Motor,Multi-Head DL (TABNET),0.55,0.4885885885885886,0.8458928571428571
UOEMD,Diagnosis,Load_Loaded_Speed_Dec_60_to_30Hz,CWRU_12k + PU + UORED + Mechanical_Gear + Electric_Motor,Multi-Head DL (TABNET),0.575,0.5540449134199135,0.8835714285714286
UOEMD,Diagnosis,Load_Loaded_Speed_Dec_60_to_30Hz,CWRU_48k + HUST_Gearbox + HUST + PU + UORED,Multi-Head DL (TABNET),0.4375,0.37527221254355403,0.8173214285714286
UOEMD,Diagnosis,Load_Loaded_Speed_Dec_60_to_30Hz,CWRU_48k + HUST_Gearbox + HUST + PU + Mechanical_Gear,Multi-Head DL (TABNET),0.38749999999999996,0.35035624098124096,0.7892857142857144
UOEMD,Diagnosis,Load_Loaded_Speed_Dec_60_to_30Hz,CWRU_48k + HUST_Gearbox + HUST + PU + Electric_Motor,Multi-Head DL (TABNET),0.5,0.46825396825396826,0.8858928571428573
UOEMD,Diagnosis,Load_Loaded_Speed_Dec_60_to_30Hz,CWRU_48k + HUST_Gearbox + HUST + UORED + Mechanical_Gear,Multi-Head DL (TABNET),0.5125000000000001,0.4316868712030002,0.8548214285714286
UOEMD,Diagnosis,Load_Loaded_Speed_Dec_60_to_30Hz,CWRU_48k + HUST_Gearbox + HUST + UORED + Electric_Motor,Multi-Head DL (TABNET),0.4875,0.4095751269664313,0.8532142857142857
UOEMD,Diagnosis,Load_Loaded_Speed_Dec_60_to_30Hz,CWRU_48k + HUST_Gearbox + HUST + Mechanical_Gear + Electric_Motor,Multi-Head DL (TABNET),0.5,0.43302835608327594,0.8644642857142857
UOEMD,Diagnosis,Load_Loaded_Speed_Dec_60_to_30Hz,CWRU_48k + HUST_Gearbox + PU + UORED + Mechanical_Gear,Multi-Head DL (TABNET),0.48750000000000004,0.45068400167084377,0.8651785714285714
UOEMD,Diagnosis,Load_Loaded_Speed_Dec_60_to_30Hz,CWRU_48k + HUST_Gearbox + PU + UORED + Electric_Motor,Multi-Head DL (TABNET),0.4375,0.3615305882747743,0.8492857142857143
UOEMD,Diagnosis,Load_Loaded_Speed_Dec_60_to_30Hz,CWRU_48k + HUST_Gearbox + PU + Mechanical_Gear + Electric_Motor,Multi-Head DL (TABNET),0.45,0.3736559139784946,0.7705357142857143
UOEMD,Diagnosis,Load_Loaded_Speed_Dec_60_to_30Hz,CWRU_48k + HUST_Gearbox + UORED + Mechanical_Gear + Electric_Motor,Multi-Head DL (TABNET),0.44999999999999996,0.4339256535947712,0.8517857142857143
UOEMD,Diagnosis,Load_Loaded_Speed_Dec_60_to_30Hz,CWRU_48k + HUST + PU + UORED + Mechanical_Gear,Multi-Head DL (TABNET),0.5874999999999999,0.5272375079063883,0.8755357142857143
UOEMD,Diagnosis,Load_Loaded_Speed_Dec_60_to_30Hz,CWRU_48k + HUST + PU + UORED + Electric_Motor,Multi-Head DL (TABNET),0.475,0.45571892985686085,0.8273214285714285
UOEMD,Diagnosis,Load_Loaded_Speed_Dec_60_to_30Hz,CWRU_48k + HUST + PU + Mechanical_Gear + Electric_Motor,Multi-Head DL (TABNET),0.4,0.3456756009947499,0.7791071428571429
UOEMD,Diagnosis,Load_Loaded_Speed_Dec_60_to_30Hz,CWRU_48k + HUST + UORED + Mechanical_Gear + Electric_Motor,Multi-Head DL (TABNET),0.575,0.5276623376623377,0.8887499999999999
UOEMD,Diagnosis,Load_Loaded_Speed_Dec_60_to_30Hz,CWRU_48k + PU + UORED + Mechanical_Gear + Electric_Motor,Multi-Head DL (TABNET),0.4375,0.3706425153793575,0.8258928571428571
UOEMD,Diagnosis,Load_Loaded_Speed_Dec_60_to_30Hz,HUST_Gearbox + HUST + PU + UORED + Mechanical_Gear,Multi-Head DL (TABNET),0.6125,0.6130421865715983,0.8941071428571428
UOEMD,Diagnosis,Load_Loaded_Speed_Dec_60_to_30Hz,HUST_Gearbox + HUST + PU + UORED + Electric_Motor,Multi-Head DL (TABNET),0.425,0.3692012483130904,0.7521428571428571
UOEMD,Diagnosis,Load_Loaded_Speed_Dec_60_to_30Hz,HUST_Gearbox + HUST + PU + Mechanical_Gear + Electric_Motor,Multi-Head DL (TABNET),0.48750000000000004,0.4532745480326126,0.7998214285714285
UOEMD,Diagnosis,Load_Loaded_Speed_Dec_60_to_30Hz,HUST_Gearbox + HUST + UORED + Mechanical_Gear + Electric_Motor,Multi-Head DL (TABNET),0.4625,0.4018750856986151,0.8894642857142857
UOEMD,Diagnosis,Load_Loaded_Speed_Dec_60_to_30Hz,HUST_Gearbox + PU + UORED + Mechanical_Gear + Electric_Motor,Multi-Head DL (TABNET),0.4375,0.40121406371406376,0.8130357142857143
UOEMD,Diagnosis,Load_Loaded_Speed_Dec_60_to_30Hz,HUST + PU + UORED + Mechanical_Gear + Electric_Motor,Multi-Head DL (TABNET),0.5125,0.49255050505050507,0.8458928571428571
UOEMD,Diagnosis,Load_Loaded_Speed_Dec_60_to_30Hz,CWRU_12k + CWRU_48k + HUST_Gearbox + HUST + PU + UORED,Multi-Head DL (TABNET),0.525,0.49670646030704174,0.8417857142857144
UOEMD,Diagnosis,Load_Loaded_Speed_Dec_60_to_30Hz,CWRU_12k + CWRU_48k + HUST_Gearbox + HUST + PU + Mechanical_Gear,Multi-Head DL (TABNET),0.4375,0.4133957326892109,0.8298214285714287
UOEMD,Diagnosis,Load_Loaded_Speed_Dec_60_to_30Hz,CWRU_12k + CWRU_48k + HUST_Gearbox + HUST + PU + Electric_Motor,Multi-Head DL (TABNET),0.5375000000000001,0.4654761904761905,0.8767857142857143
UOEMD,Diagnosis,Load_Loaded_Speed_Dec_60_to_30Hz,CWRU_12k + CWRU_48k + HUST_Gearbox + HUST + UORED + Mechanical_Gear,Multi-Head DL (TABNET),0.525,0.4838309887512015,0.8716071428571428
UOEMD,Diagnosis,Load_Loaded_Speed_Dec_60_to_30Hz,CWRU_12k + CWRU_48k + HUST_Gearbox + HUST + UORED + Electric_Motor,Multi-Head DL (TABNET),0.4125,0.37681159420289856,0.8298214285714286
UOEMD,Diagnosis,Load_Loaded_Speed_Dec_60_to_30Hz,CWRU_12k + CWRU_48k + HUST_Gearbox + HUST + Mechanical_Gear + Electric_Motor,Multi-Head DL (TABNET),0.5,0.4250975473801561,0.8298214285714286
UOEMD,Diagnosis,Load_Loaded_Speed_Dec_60_to_30Hz,CWRU_12k + CWRU_48k + HUST_Gearbox + PU + UORED + Mechanical_Gear,Multi-Head DL (TABNET),0.4625,0.35787898936170215,0.8264285714285715
UOEMD,Diagnosis,Load_Loaded_Speed_Dec_60_to_30Hz,CWRU_12k + CWRU_48k + HUST_Gearbox + PU + UORED + Electric_Motor,Multi-Head DL (TABNET),0.42500000000000004,0.3721524377262082,0.8107142857142857
UOEMD,Diagnosis,Load_Loaded_Speed_Dec_60_to_30Hz,CWRU_12k + CWRU_48k + HUST_Gearbox + PU + Mechanical_Gear + Electric_Motor,Multi-Head DL (TABNET),0.46249999999999997,0.38231535905954506,0.8157142857142856
UOEMD,Diagnosis,Load_Loaded_Speed_Dec_60_to_30Hz,CWRU_12k + CWRU_48k + HUST_Gearbox + UORED + Mechanical_Gear + Electric_Motor,Multi-Head DL (TABNET),0.475,0.43659104681108923,0.8521428571428571
UOEMD,Diagnosis,Load_Loaded_Speed_Dec_60_to_30Hz,CWRU_12k + CWRU_48k + HUST + PU + UORED + Mechanical_Gear,Multi-Head DL (TABNET),0.4375,0.41247882552230375,0.8491071428571428
UOEMD,Diagnosis,Load_Loaded_Speed_Dec_60_to_30Hz,CWRU_12k + CWRU_48k + HUST + PU + UORED + Electric_Motor,Multi-Head DL (TABNET),0.4,0.32329393398751116,0.79125
UOEMD,Diagnosis,Load_Loaded_Speed_Dec_60_to_30Hz,CWRU_12k + CWRU_48k + HUST + PU + Mechanical_Gear + Electric_Motor,Multi-Head DL (TABNET),0.575,0.5702420625694282,0.8689285714285714
UOEMD,Diagnosis,Load_Loaded_Speed_Dec_60_to_30Hz,CWRU_12k + CWRU_48k + HUST + UORED + Mechanical_Gear + Electric_Motor,Multi-Head DL (TABNET),0.5625,0.5666781135531135,0.8901785714285715
UOEMD,Diagnosis,Load_Loaded_Speed_Dec_60_to_30Hz,CWRU_12k + CWRU_48k + PU + UORED + Mechanical_Gear + Electric_Motor,Multi-Head DL (TABNET),0.5375,0.47438672438672436,0.8530357142857142
UOEMD,Diagnosis,Load_Loaded_Speed_Dec_60_to_30Hz,CWRU_12k + HUST_Gearbox + HUST + PU + UORED + Mechanical_Gear,Multi-Head DL (TABNET),0.3875,0.30814676616915426,0.7508928571428571
UOEMD,Diagnosis,Load_Loaded_Speed_Dec_60_to_30Hz,CWRU_12k + HUST_Gearbox + HUST + PU + UORED + Electric_Motor,Multi-Head DL (TABNET),0.45,0.4021245368856925,0.8325
UOEMD,Diagnosis,Load_Loaded_Speed_Dec_60_to_30Hz,CWRU_12k + HUST_Gearbox + HUST + PU + Mechanical_Gear + Electric_Motor,Multi-Head DL (TABNET),0.4625,0.4343095223407974,0.8594642857142857
UOEMD,Diagnosis,Load_Loaded_Speed_Dec_60_to_30Hz,CWRU_12k + HUST_Gearbox + HUST + UORED + Mechanical_Gear + Electric_Motor,Multi-Head DL (TABNET),0.4625,0.40796210574222563,0.8535714285714286
UOEMD,Diagnosis,Load_Loaded_Speed_Dec_60_to_30Hz,CWRU_12k + HUST_Gearbox + PU + UORED + Mechanical_Gear + Electric_Motor,Multi-Head DL (TABNET),0.4625,0.3931646423751687,0.8444642857142857
UOEMD,Diagnosis,Load_Loaded_Speed_Dec_60_to_30Hz,CWRU_12k + HUST + PU + UORED + Mechanical_Gear + Electric_Motor,Multi-Head DL (TABNET),0.6125,0.5915178571428572,0.8612500000000001
UOEMD,Diagnosis,Load_Loaded_Speed_Dec_60_to_30Hz,CWRU_48k + HUST_Gearbox + HUST + PU + UORED + Mechanical_Gear,Multi-Head DL (TABNET),0.525,0.48283880471380475,0.825
UOEMD,Diagnosis,Load_Loaded_Speed_Dec_60_to_30Hz,CWRU_48k + HUST_Gearbox + HUST + PU + UORED + Electric_Motor,Multi-Head DL (TABNET),0.5125,0.4958712395598791,0.822857142857143
UOEMD,Diagnosis,Load_Loaded_Speed_Dec_60_to_30Hz,CWRU_48k + HUST_Gearbox + HUST + PU + Mechanical_Gear + Electric_Motor,Multi-Head DL (TABNET),0.3875,0.3124098124098124,0.8089285714285714
UOEMD,Diagnosis,Load_Loaded_Speed_Dec_60_to_30Hz,CWRU_48k + HUST_Gearbox + HUST + UORED + Mechanical_Gear + Electric_Motor,Multi-Head DL (TABNET),0.4625,0.40679824561403505,0.835
UOEMD,Diagnosis,Load_Loaded_Speed_Dec_60_to_30Hz,CWRU_48k + HUST_Gearbox + PU + UORED + Mechanical_Gear + Electric_Motor,Multi-Head DL (TABNET),0.5125,0.4533377250768555,0.8607142857142858
UOEMD,Diagnosis,Load_Loaded_Speed_Dec_60_to_30Hz,CWRU_48k + HUST + PU + UORED + Mechanical_Gear + Electric_Motor,Multi-Head DL (TABNET),0.525,0.442287250162013,0.9033928571428571
UOEMD,Diagnosis,Load_Loaded_Speed_Dec_60_to_30Hz,HUST_Gearbox + HUST + PU + UORED + Mechanical_Gear + Electric_Motor,Multi-Head DL (TABNET),0.475,0.43950320512820507,0.7628571428571429
UOEMD,Diagnosis,Load_Loaded_Speed_Dec_60_to_30Hz,CWRU_12k + CWRU_48k + HUST_Gearbox + HUST + PU + UORED + Mechanical_Gear,Multi-Head DL (TABNET),0.4625,0.41116427432216907,0.7978571428571428
UOEMD,Diagnosis,Load_Loaded_Speed_Dec_60_to_30Hz,CWRU_12k + CWRU_48k + HUST_Gearbox + HUST + PU + UORED + Electric_Motor,Multi-Head DL (TABNET),0.475,0.43768397056470965,0.8383928571428572
UOEMD,Diagnosis,Load_Loaded_Speed_Dec_60_to_30Hz,CWRU_12k + CWRU_48k + HUST_Gearbox + HUST + PU + Mechanical_Gear + Electric_Motor,Multi-Head DL (TABNET),0.5125,0.47082509881422924,0.8978571428571428
UOEMD,Diagnosis,Load_Loaded_Speed_Dec_60_to_30Hz,CWRU_12k + CWRU_48k + HUST_Gearbox + HUST + UORED + Mechanical_Gear + Electric_Motor,Multi-Head DL (TABNET),0.4375,0.3743032329988852,0.8367857142857142
UOEMD,Diagnosis,Load_Loaded_Speed_Dec_60_to_30Hz,CWRU_12k + CWRU_48k + HUST_Gearbox + PU + UORED + Mechanical_Gear + Electric_Motor,Multi-Head DL (TABNET),0.5375000000000001,0.5100607725607726,0.8716071428571428
UOEMD,Diagnosis,Load_Loaded_Speed_Dec_60_to_30Hz,CWRU_12k + CWRU_48k + HUST + PU + UORED + Mechanical_Gear + Electric_Motor,Multi-Head DL (TABNET),0.5375000000000001,0.478449912660439,0.8928571428571429
UOEMD,Diagnosis,Load_Loaded_Speed_Dec_60_to_30Hz,CWRU_12k + HUST_Gearbox + HUST + PU + UORED + Mechanical_Gear + Electric_Motor,Multi-Head DL (TABNET),0.5,0.4550751879699248,0.8694642857142857
UOEMD,Diagnosis,Load_Loaded_Speed_Dec_60_to_30Hz,CWRU_48k + HUST_Gearbox + HUST + PU + UORED + Mechanical_Gear + Electric_Motor,Multi-Head DL (TABNET),0.46249999999999997,0.45963845301659945,0.87
UOEMD,Diagnosis,Load_Loaded_Speed_Dec_60_to_30Hz,CWRU_12k + CWRU_48k + HUST_Gearbox + HUST + PU + UORED + Mechanical_Gear + Electric_Motor,Multi-Head DL (TABNET),0.5,0.437767094017094,0.8192857142857142
UOEMD,Diagnosis,Load_Loaded_Speed_Inc_15_to_45Hz,CWRU_12k,Multi-Head DL (TABNET),0.7125,0.7007162793347004,0.9269642857142857
UOEMD,Diagnosis,Load_Loaded_Speed_Inc_15_to_45Hz,CWRU_48k,Multi-Head DL (TABNET),0.7375,0.7326067453713335,0.9664285714285714
UOEMD,Diagnosis,Load_Loaded_Speed_Inc_15_to_45Hz,HUST_Gearbox,Multi-Head DL (TABNET),0.7124999999999999,0.7054492021744077,0.9408928571428572
UOEMD,Diagnosis,Load_Loaded_Speed_Inc_15_to_45Hz,HUST,Multi-Head DL (TABNET),0.625,0.6229114452798663,0.9410714285714286
UOEMD,Diagnosis,Load_Loaded_Speed_Inc_15_to_45Hz,PU,Multi-Head DL (TABNET),0.6,0.5433600713012477,0.8894642857142858
UOEMD,Diagnosis,Load_Loaded_Speed_Inc_15_to_45Hz,UORED,Multi-Head DL (TABNET),0.6625000000000001,0.6487513948040264,0.9446428571428571
UOEMD,Diagnosis,Load_Loaded_Speed_Inc_15_to_45Hz,Mechanical_Gear,Multi-Head DL (TABNET),0.6875,0.6489360516934046,0.9473214285714285
UOEMD,Diagnosis,Load_Loaded_Speed_Inc_15_to_45Hz,Electric_Motor,Multi-Head DL (TABNET),0.7125,0.6893136435176077,0.9498214285714286
UOEMD,Diagnosis,Load_Loaded_Speed_Inc_15_to_45Hz,CWRU_12k + CWRU_48k,Multi-Head DL (TABNET),0.5625,0.500184132996633,0.9098214285714286
UOEMD,Diagnosis,Load_Loaded_Speed_Inc_15_to_45Hz,CWRU_12k + HUST_Gearbox,Multi-Head DL (TABNET),0.5,0.46530760905760904,0.91125
UOEMD,Diagnosis,Load_Loaded_Speed_Inc_15_to_45Hz,CWRU_12k + HUST,Multi-Head DL (TABNET),0.5625,0.5067359111476759,0.9125
UOEMD,Diagnosis,Load_Loaded_Speed_Inc_15_to_45Hz,CWRU_12k + PU,Multi-Head DL (TABNET),0.4625,0.4170019157088123,0.8475
UOEMD,Diagnosis,Load_Loaded_Speed_Inc_15_to_45Hz,CWRU_12k + UORED,Multi-Head DL (TABNET),0.675,0.6324107142857143,0.92875
UOEMD,Diagnosis,Load_Loaded_Speed_Inc_15_to_45Hz,CWRU_12k + Mechanical_Gear,Multi-Head DL (TABNET),0.6125,0.5638250517598344,0.9446428571428571
UOEMD,Diagnosis,Load_Loaded_Speed_Inc_15_to_45Hz,CWRU_12k + Electric_Motor,Multi-Head DL (TABNET),0.6875,0.6648809523809525,0.93125
UOEMD,Diagnosis,Load_Loaded_Speed_Inc_15_to_45Hz,CWRU_48k + HUST_Gearbox,Multi-Head DL (TABNET),0.6375,0.6256097427049103,0.9221428571428572
UOEMD,Diagnosis,Load_Loaded_Speed_Inc_15_to_45Hz,CWRU_48k + HUST,Multi-Head DL (TABNET),0.55,0.5071185506870625,0.9153571428571429
UOEMD,Diagnosis,Load_Loaded_Speed_Inc_15_to_45Hz,CWRU_48k + PU,Multi-Head DL (TABNET),0.5125,0.45384224828375286,0.8769642857142856
UOEMD,Diagnosis,Load_Loaded_Speed_Inc_15_to_45Hz,CWRU_48k + UORED,Multi-Head DL (TABNET),0.675,0.6618872549019608,0.915
UOEMD,Diagnosis,Load_Loaded_Speed_Inc_15_to_45Hz,CWRU_48k + Mechanical_Gear,Multi-Head DL (TABNET),0.7000000000000001,0.6599725810252126,0.9467857142857143
UOEMD,Diagnosis,Load_Loaded_Speed_Inc_15_to_45Hz,CWRU_48k + Electric_Motor,Multi-Head DL (TABNET),0.6875,0.6558706816059757,0.9171428571428571
UOEMD,Diagnosis,Load_Loaded_Speed_Inc_15_to_45Hz,HUST_Gearbox + HUST,Multi-Head DL (TABNET),0.525,0.43885281385281383,0.9019642857142858
UOEMD,Diagnosis,Load_Loaded_Speed_Inc_15_to_45Hz,HUST_Gearbox + PU,Multi-Head DL (TABNET),0.5875,0.5411023334825652,0.9
UOEMD,Diagnosis,Load_Loaded_Speed_Inc_15_to_45Hz,HUST_Gearbox + UORED,Multi-Head DL (TABNET),0.6875,0.6598194833488951,0.9280357142857143
UOEMD,Diagnosis,Load_Loaded_Speed_Inc_15_to_45Hz,HUST_Gearbox + Mechanical_Gear,Multi-Head DL (TABNET),0.625,0.6326567427670369,0.9235714285714285
UOEMD,Diagnosis,Load_Loaded_Speed_Inc_15_to_45Hz,HUST_Gearbox + Electric_Motor,Multi-Head DL (TABNET),0.6625000000000001,0.6376717726717727,0.9201785714285715
UOEMD,Diagnosis,Load_Loaded_Speed_Inc_15_to_45Hz,HUST + PU,Multi-Head DL (TABNET),0.47500000000000003,0.40714578165362253,0.8291071428571428
UOEMD,Diagnosis,Load_Loaded_Speed_Inc_15_to_45Hz,HUST + UORED,Multi-Head DL (TABNET),0.6375,0.6069090223501988,0.9014285714285715
UOEMD,Diagnosis,Load_Loaded_Speed_Inc_15_to_45Hz,HUST + Mechanical_Gear,Multi-Head DL (TABNET),0.5249999999999999,0.4823816659466724,0.9430357142857142
UOEMD,Diagnosis,Load_Loaded_Speed_Inc_15_to_45Hz,HUST + Electric_Motor,Multi-Head DL (TABNET),0.575,0.5193103997451823,0.9314285714285715
UOEMD,Diagnosis,Load_Loaded_Speed_Inc_15_to_45Hz,PU + UORED,Multi-Head DL (TABNET),0.5125,0.4468253968253968,0.9046428571428572
UOEMD,Diagnosis,Load_Loaded_Speed_Inc_15_to_45Hz,PU + Mechanical_Gear,Multi-Head DL (TABNET),0.575,0.5639742739200944,0.9110714285714285
UOEMD,Diagnosis,Load_Loaded_Speed_Inc_15_to_45Hz,PU + Electric_Motor,Multi-Head DL (TABNET),0.7125,0.710125339991069,0.9532142857142858
UOEMD,Diagnosis,Load_Loaded_Speed_Inc_15_to_45Hz,UORED + Mechanical_Gear,Multi-Head DL (TABNET),0.6,0.53854175449444,0.9325
UOEMD,Diagnosis,Load_Loaded_Speed_Inc_15_to_45Hz,UORED + Electric_Motor,Multi-Head DL (TABNET),0.625,0.6019217085097066,0.9308928571428572
UOEMD,Diagnosis,Load_Loaded_Speed_Inc_15_to_45Hz,Mechanical_Gear + Electric_Motor,Multi-Head DL (TABNET),0.575,0.5466269841269842,0.9137500000000001
UOEMD,Diagnosis,Load_Loaded_Speed_Inc_15_to_45Hz,CWRU_12k + CWRU_48k + HUST_Gearbox,Multi-Head DL (TABNET),0.6,0.5971121123888151,0.9060714285714286
UOEMD,Diagnosis,Load_Loaded_Speed_Inc_15_to_45Hz,CWRU_12k + CWRU_48k + HUST,Multi-Head DL (TABNET),0.475,0.4390806561859193,0.8758928571428573
UOEMD,Diagnosis,Load_Loaded_Speed_Inc_15_to_45Hz,CWRU_12k + CWRU_48k + PU,Multi-Head DL (TABNET),0.45,0.3863766009074934,0.8451785714285713
UOEMD,Diagnosis,Load_Loaded_Speed_Inc_15_to_45Hz,CWRU_12k + CWRU_48k + UORED,Multi-Head DL (TABNET),0.6375,0.6096915584415584,0.9264285714285714
UOEMD,Diagnosis,Load_Loaded_Speed_Inc_15_to_45Hz,CWRU_12k + CWRU_48k + Mechanical_Gear,Multi-Head DL (TABNET),0.7,0.6890994336331022,0.9296428571428572
UOEMD,Diagnosis,Load_Loaded_Speed_Inc_15_to_45Hz,CWRU_12k + CWRU_48k + Electric_Motor,Multi-Head DL (TABNET),0.625,0.591189713064713,0.9182142857142858
UOEMD,Diagnosis,Load_Loaded_Speed_Inc_15_to_45Hz,CWRU_12k + HUST_Gearbox + HUST,Multi-Head DL (TABNET),0.6125,0.5986724386724386,0.8964285714285714
UOEMD,Diagnosis,Load_Loaded_Speed_Inc_15_to_45Hz,CWRU_12k + HUST_Gearbox + PU,Multi-Head DL (TABNET),0.5375,0.49244290192566054,0.9005357142857143
UOEMD,Diagnosis,Load_Loaded_Speed_Inc_15_to_45Hz,CWRU_12k + HUST_Gearbox + UORED,Multi-Head DL (TABNET),0.625,0.5940068146623024,0.8982142857142856
UOEMD,Diagnosis,Load_Loaded_Speed_Inc_15_to_45Hz,CWRU_12k + HUST_Gearbox + Mechanical_Gear,Multi-Head DL (TABNET),0.5,0.4311851343101343,0.8473214285714286
UOEMD,Diagnosis,Load_Loaded_Speed_Inc_15_to_45Hz,CWRU_12k + HUST_Gearbox + Electric_Motor,Multi-Head DL (TABNET),0.55,0.5051826891643825,0.89375
UOEMD,Diagnosis,Load_Loaded_Speed_Inc_15_to_45Hz,CWRU_12k + HUST + PU,Multi-Head DL (TABNET),0.5125000000000001,0.46576836476217287,0.8642857142857143
UOEMD,Diagnosis,Load_Loaded_Speed_Inc_15_to_45Hz,CWRU_12k + HUST + UORED,Multi-Head DL (TABNET),0.55,0.47179383116883117,0.9007142857142858
UOEMD,Diagnosis,Load_Loaded_Speed_Inc_15_to_45Hz,CWRU_12k + HUST + Mechanical_Gear,Multi-Head DL (TABNET),0.5,0.45293040293040293,0.8819642857142858
UOEMD,Diagnosis,Load_Loaded_Speed_Inc_15_to_45Hz,CWRU_12k + HUST + Electric_Motor,Multi-Head DL (TABNET),0.6125,0.5383075258075258,0.9205357142857142
UOEMD,Diagnosis,Load_Loaded_Speed_Inc_15_to_45Hz,CWRU_12k + PU + UORED,Multi-Head DL (TABNET),0.525,0.45958748615725353,0.81875
UOEMD,Diagnosis,Load_Loaded_Speed_Inc_15_to_45Hz,CWRU_12k + PU + Mechanical_Gear,Multi-Head DL (TABNET),0.5125,0.43998733464677736,0.8685714285714287
UOEMD,Diagnosis,Load_Loaded_Speed_Inc_15_to_45Hz,CWRU_12k + PU + Electric_Motor,Multi-Head DL (TABNET),0.4625,0.41115107480239055,0.8267857142857142
UOEMD,Diagnosis,Load_Loaded_Speed_Inc_15_to_45Hz,CWRU_12k + UORED + Mechanical_Gear,Multi-Head DL (TABNET),0.55,0.5142385027253449,0.9041071428571429
UOEMD,Diagnosis,Load_Loaded_Speed_Inc_15_to_45Hz,CWRU_12k + UORED + Electric_Motor,Multi-Head DL (TABNET),0.5874999999999999,0.5789734996349278,0.8951785714285715
UOEMD,Diagnosis,Load_Loaded_Speed_Inc_15_to_45Hz,CWRU_12k + Mechanical_Gear + Electric_Motor,Multi-Head DL (TABNET),0.65,0.6173897018761738,0.9337500000000001
UOEMD,Diagnosis,Load_Loaded_Speed_Inc_15_to_45Hz,CWRU_48k + HUST_Gearbox + HUST,Multi-Head DL (TABNET),0.6375,0.6265460030165912,0.9001785714285714
UOEMD,Diagnosis,Load_Loaded_Speed_Inc_15_to_45Hz,CWRU_48k + HUST_Gearbox + PU,Multi-Head DL (TABNET),0.5,0.449810606060606,0.8619642857142857
UOEMD,Diagnosis,Load_Loaded_Speed_Inc_15_to_45Hz,CWRU_48k + HUST_Gearbox + UORED,Multi-Head DL (TABNET),0.5625,0.5261363636363636,0.9039285714285714
UOEMD,Diagnosis,Load_Loaded_Speed_Inc_15_to_45Hz,CWRU_48k + HUST_Gearbox + Mechanical_Gear,Multi-Head DL (TABNET),0.6375,0.5966540404040404,0.9276785714285715
UOEMD,Diagnosis,Load_Loaded_Speed_Inc_15_to_45Hz,CWRU_48k + HUST_Gearbox + Electric_Motor,Multi-Head DL (TABNET),0.5875,0.5436337760910815,0.9212499999999999
UOEMD,Diagnosis,Load_Loaded_Speed_Inc_15_to_45Hz,CWRU_48k + HUST + PU,Multi-Head DL (TABNET),0.4,0.3440965360122969,0.7771428571428571
UOEMD,Diagnosis,Load_Loaded_Speed_Inc_15_to_45Hz,CWRU_48k + HUST + UORED,Multi-Head DL (TABNET),0.525,0.4786690054131914,0.9069642857142857
UOEMD,Diagnosis,Load_Loaded_Speed_Inc_15_to_45Hz,CWRU_48k + HUST + Mechanical_Gear,Multi-Head DL (TABNET),0.525,0.4627945133827487,0.9130357142857143
UOEMD,Diagnosis,Load_Loaded_Speed_Inc_15_to_45Hz,CWRU_48k + HUST + Electric_Motor,Multi-Head DL (TABNET),0.6375,0.5886631484457571,0.906607142857143
UOEMD,Diagnosis,Load_Loaded_Speed_Inc_15_to_45Hz,CWRU_48k + PU + UORED,Multi-Head DL (TABNET),0.42500000000000004,0.38557841614906835,0.8501785714285715
UOEMD,Diagnosis,Load_Loaded_Speed_Inc_15_to_45Hz,CWRU_48k + PU + Mechanical_Gear,Multi-Head DL (TABNET),0.525,0.49193683155080214,0.8692857142857142
UOEMD,Diagnosis,Load_Loaded_Speed_Inc_15_to_45Hz,CWRU_48k + PU + Electric_Motor,Multi-Head DL (TABNET),0.4875,0.42827380952380956,0.8644642857142857
UOEMD,Diagnosis,Load_Loaded_Speed_Inc_15_to_45Hz,CWRU_48k + UORED + Mechanical_Gear,Multi-Head DL (TABNET),0.7125,0.6798721608504217,0.9342857142857143
UOEMD,Diagnosis,Load_Loaded_Speed_Inc_15_to_45Hz,CWRU_48k + UORED + Electric_Motor,Multi-Head DL (TABNET),0.6,0.5865404040404041,0.9135714285714285
UOEMD,Diagnosis,Load_Loaded_Speed_Inc_15_to_45Hz,CWRU_48k + Mechanical_Gear + Electric_Motor,Multi-Head DL (TABNET),0.6000000000000001,0.5925775613275612,0.8810714285714286
UOEMD,Diagnosis,Load_Loaded_Speed_Inc_15_to_45Hz,HUST_Gearbox + HUST + PU,Multi-Head DL (TABNET),0.525,0.4824326805385557,0.8741071428571427
UOEMD,Diagnosis,Load_Loaded_Speed_Inc_15_to_45Hz,HUST_Gearbox + HUST + UORED,Multi-Head DL (TABNET),0.4875,0.426501860712387,0.8980357142857143
UOEMD,Diagnosis,Load_Loaded_Speed_Inc_15_to_45Hz,HUST_Gearbox + HUST + Mechanical_Gear,Multi-Head DL (TABNET),0.5625,0.5184101277851278,0.9151785714285714
UOEMD,Diagnosis,Load_Loaded_Speed_Inc_15_to_45Hz,HUST_Gearbox + HUST + Electric_Motor,Multi-Head DL (TABNET),0.525,0.47056277056277057,0.8985714285714286
UOEMD,Diagnosis,Load_Loaded_Speed_Inc_15_to_45Hz,HUST_Gearbox + PU + UORED,Multi-Head DL (TABNET),0.625,0.5827099289599289,0.8616071428571428
UOEMD,Diagnosis,Load_Loaded_Speed_Inc_15_to_45Hz,HUST_Gearbox + PU + Mechanical_Gear,Multi-Head DL (TABNET),0.48750000000000004,0.4351305235012665,0.8908928571428572
UOEMD,Diagnosis,Load_Loaded_Speed_Inc_15_to_45Hz,HUST_Gearbox + PU + Electric_Motor,Multi-Head DL (TABNET),0.5125000000000001,0.47978219696969693,0.8617857142857143
UOEMD,Diagnosis,Load_Loaded_Speed_Inc_15_to_45Hz,HUST_Gearbox + UORED + Mechanical_Gear,Multi-Head DL (TABNET),0.6,0.5410678859010052,0.94125
UOEMD,Diagnosis,Load_Loaded_Speed_Inc_15_to_45Hz,HUST_Gearbox + UORED + Electric_Motor,Multi-Head DL (TABNET),0.6625,0.6484025234025234,0.9296428571428571
UOEMD,Diagnosis,Load_Loaded_Speed_Inc_15_to_45Hz,HUST_Gearbox + Mechanical_Gear + Electric_Motor,Multi-Head DL (TABNET),0.6000000000000001,0.547000221141088,0.9153571428571429
UOEMD,Diagnosis,Load_Loaded_Speed_Inc_15_to_45Hz,HUST + PU + UORED,Multi-Head DL (TABNET),0.45,0.41374135124135125,0.8614285714285714
UOEMD,Diagnosis,Load_Loaded_Speed_Inc_15_to_45Hz,HUST + PU + Mechanical_Gear,Multi-Head DL (TABNET),0.575,0.49346829640947293,0.8955357142857143
UOEMD,Diagnosis,Load_Loaded_Speed_Inc_15_to_45Hz,HUST + PU + Electric_Motor,Multi-Head DL (TABNET),0.48750000000000004,0.4222270975811495,0.8332142857142857
UOEMD,Diagnosis,Load_Loaded_Speed_Inc_15_to_45Hz,HUST + UORED + Mechanical_Gear,Multi-Head DL (TABNET),0.625,0.580456414930099,0.89375
UOEMD,Diagnosis,Load_Loaded_Speed_Inc_15_to_45Hz,HUST + UORED + Electric_Motor,Multi-Head DL (TABNET),0.65,0.6277485994397759,0.9357142857142857
UOEMD,Diagnosis,Load_Loaded_Speed_Inc_15_to_45Hz,HUST + Mechanical_Gear + Electric_Motor,Multi-Head DL (TABNET),0.6,0.5446428571428571,0.9071428571428571
UOEMD,Diagnosis,Load_Loaded_Speed_Inc_15_to_45Hz,PU + UORED + Mechanical_Gear,Multi-Head DL (TABNET),0.42500000000000004,0.3638014527845036,0.8507142857142858
UOEMD,Diagnosis,Load_Loaded_Speed_Inc_15_to_45Hz,PU + UORED + Electric_Motor,Multi-Head DL (TABNET),0.525,0.46978791516606644,0.8614285714285714
UOEMD,Diagnosis,Load_Loaded_Speed_Inc_15_to_45Hz,PU + Mechanical_Gear + Electric_Motor,Multi-Head DL (TABNET),0.4125,0.32738095238095233,0.8321428571428571
UOEMD,Diagnosis,Load_Loaded_Speed_Inc_15_to_45Hz,UORED + Mechanical_Gear + Electric_Motor,Multi-Head DL (TABNET),0.625,0.6215062111801242,0.9230357142857143
UOEMD,Diagnosis,Load_Loaded_Speed_Inc_15_to_45Hz,CWRU_12k + CWRU_48k + HUST_Gearbox + HUST,Multi-Head DL (TABNET),0.5,0.4614906832298137,0.8666071428571429
UOEMD,Diagnosis,Load_Loaded_Speed_Inc_15_to_45Hz,CWRU_12k + CWRU_48k + HUST_Gearbox + PU,Multi-Head DL (TABNET),0.575,0.5422795164716604,0.8726785714285714
UOEMD,Diagnosis,Load_Loaded_Speed_Inc_15_to_45Hz,CWRU_12k + CWRU_48k + HUST_Gearbox + UORED,Multi-Head DL (TABNET),0.55,0.5063079573934837,0.8951785714285714
UOEMD,Diagnosis,Load_Loaded_Speed_Inc_15_to_45Hz,CWRU_12k + CWRU_48k + HUST_Gearbox + Mechanical_Gear,Multi-Head DL (TABNET),0.48750000000000004,0.446102671837966,0.87125
UOEMD,Diagnosis,Load_Loaded_Speed_Inc_15_to_45Hz,CWRU_12k + CWRU_48k + HUST_Gearbox + Electric_Motor,Multi-Head DL (TABNET),0.3875,0.3619217811758134,0.8405357142857143
UOEMD,Diagnosis,Load_Loaded_Speed_Inc_15_to_45Hz,CWRU_12k + CWRU_48k + HUST + PU,Multi-Head DL (TABNET),0.425,0.4409340659340659,0.7967857142857142
UOEMD,Diagnosis,Load_Loaded_Speed_Inc_15_to_45Hz,CWRU_12k + CWRU_48k + HUST + UORED,Multi-Head DL (TABNET),0.675,0.6557997155823243,0.9169642857142857
UOEMD,Diagnosis,Load_Loaded_Speed_Inc_15_to_45Hz,CWRU_12k + CWRU_48k + HUST + Mechanical_Gear,Multi-Head DL (TABNET),0.4,0.3159340659340659,0.8892857142857142
UOEMD,Diagnosis,Load_Loaded_Speed_Inc_15_to_45Hz,CWRU_12k + CWRU_48k + HUST + Electric_Motor,Multi-Head DL (TABNET),0.6125,0.5477636869269322,0.9053571428571429
UOEMD,Diagnosis,Load_Loaded_Speed_Inc_15_to_45Hz,CWRU_12k + CWRU_48k + PU + UORED,Multi-Head DL (TABNET),0.5,0.4153918385536033,0.8482142857142857
UOEMD,Diagnosis,Load_Loaded_Speed_Inc_15_to_45Hz,CWRU_12k + CWRU_48k + PU + Mechanical_Gear,Multi-Head DL (TABNET),0.6000000000000001,0.5662937681513532,0.8875
UOEMD,Diagnosis,Load_Loaded_Speed_Inc_15_to_45Hz,CWRU_12k + CWRU_48k + PU + Electric_Motor,Multi-Head DL (TABNET),0.4875,0.4313958551027517,0.8605357142857143
UOEMD,Diagnosis,Load_Loaded_Speed_Inc_15_to_45Hz,CWRU_12k + CWRU_48k + UORED + Mechanical_Gear,Multi-Head DL (TABNET),0.5375000000000001,0.4844530469530469,0.9017857142857143
UOEMD,Diagnosis,Load_Loaded_Speed_Inc_15_to_45Hz,CWRU_12k + CWRU_48k + UORED + Electric_Motor,Multi-Head DL (TABNET),0.6499999999999999,0.6351103810356782,0.9325000000000001
UOEMD,Diagnosis,Load_Loaded_Speed_Inc_15_to_45Hz,CWRU_12k + CWRU_48k + Mechanical_Gear + Electric_Motor,Multi-Head DL (TABNET),0.46249999999999997,0.4270833333333333,0.8673214285714286
UOEMD,Diagnosis,Load_Loaded_Speed_Inc_15_to_45Hz,CWRU_12k + HUST_Gearbox + HUST + PU,Multi-Head DL (TABNET),0.6375,0.6031451612903226,0.9355357142857144
UOEMD,Diagnosis,Load_Loaded_Speed_Inc_15_to_45Hz,CWRU_12k + HUST_Gearbox + HUST + UORED,Multi-Head DL (TABNET),0.425,0.37477106227106227,0.8796428571428572
UOEMD,Diagnosis,Load_Loaded_Speed_Inc_15_to_45Hz,CWRU_12k + HUST_Gearbox + HUST + Mechanical_Gear,Multi-Head DL (TABNET),0.55,0.5054204374057316,0.8871428571428571
UOEMD,Diagnosis,Load_Loaded_Speed_Inc_15_to_45Hz,CWRU_12k + HUST_Gearbox + HUST + Electric_Motor,Multi-Head DL (TABNET),0.675,0.6526725589225588,0.9007142857142858
UOEMD,Diagnosis,Load_Loaded_Speed_Inc_15_to_45Hz,CWRU_12k + HUST_Gearbox + PU + UORED,Multi-Head DL (TABNET),0.5249999999999999,0.49148351648351646,0.8733928571428571
UOEMD,Diagnosis,Load_Loaded_Speed_Inc_15_to_45Hz,CWRU_12k + HUST_Gearbox + PU + Mechanical_Gear,Multi-Head DL (TABNET),0.4,0.343056943056943,0.8526785714285714
UOEMD,Diagnosis,Load_Loaded_Speed_Inc_15_to_45Hz,CWRU_12k + HUST_Gearbox + PU + Electric_Motor,Multi-Head DL (TABNET),0.5375000000000001,0.4871574761667641,0.8853571428571428
UOEMD,Diagnosis,Load_Loaded_Speed_Inc_15_to_45Hz,CWRU_12k + HUST_Gearbox + UORED + Mechanical_Gear,Multi-Head DL (TABNET),0.6375,0.5842086834733893,0.9330357142857142
UOEMD,Diagnosis,Load_Loaded_Speed_Inc_15_to_45Hz,CWRU_12k + HUST_Gearbox + UORED + Electric_Motor,Multi-Head DL (TABNET),0.575,0.5290178571428572,0.9053571428571427
UOEMD,Diagnosis,Load_Loaded_Speed_Inc_15_to_45Hz,CWRU_12k + HUST_Gearbox + Mechanical_Gear + Electric_Motor,Multi-Head DL (TABNET),0.5,0.47533233507151373,0.8717857142857144
UOEMD,Diagnosis,Load_Loaded_Speed_Inc_15_to_45Hz,CWRU_12k + HUST + PU + UORED,Multi-Head DL (TABNET),0.475,0.4280113161692109,0.89
UOEMD,Diagnosis,Load_Loaded_Speed_Inc_15_to_45Hz,CWRU_12k + HUST + PU + Mechanical_Gear,Multi-Head DL (TABNET),0.4,0.33472222222222225,0.8223214285714286
UOEMD,Diagnosis,Load_Loaded_Speed_Inc_15_to_45Hz,CWRU_12k + HUST + PU + Electric_Motor,Multi-Head DL (TABNET),0.4375,0.38005883005883,0.8589285714285714
UOEMD,Diagnosis,Load_Loaded_Speed_Inc_15_to_45Hz,CWRU_12k + HUST + UORED + Mechanical_Gear,Multi-Head DL (TABNET),0.55,0.5026079822954823,0.8766071428571428
UOEMD,Diagnosis,Load_Loaded_Speed_Inc_15_to_45Hz,CWRU_12k + HUST + UORED + Electric_Motor,Multi-Head DL (TABNET),0.575,0.5497198879551821,0.8923214285714285
UOEMD,Diagnosis,Load_Loaded_Speed_Inc_15_to_45Hz,CWRU_12k + HUST + Mechanical_Gear + Electric_Motor,Multi-Head DL (TABNET),0.6125,0.6016790807231983,0.8910714285714286
UOEMD,Diagnosis,Load_Loaded_Speed_Inc_15_to_45Hz,CWRU_12k + PU + UORED + Mechanical_Gear,Multi-Head DL (TABNET),0.525,0.484753341896199,0.8801785714285715
UOEMD,Diagnosis,Load_Loaded_Speed_Inc_15_to_45Hz,CWRU_12k + PU + UORED + Electric_Motor,Multi-Head DL (TABNET),0.48750000000000004,0.4349362970994849,0.885357142857143
UOEMD,Diagnosis,Load_Loaded_Speed_Inc_15_to_45Hz,CWRU_12k + PU + Mechanical_Gear + Electric_Motor,Multi-Head DL (TABNET),0.45,0.3831782945736434,0.8458928571428571
UOEMD,Diagnosis,Load_Loaded_Speed_Inc_15_to_45Hz,CWRU_12k + UORED + Mechanical_Gear + Electric_Motor,Multi-Head DL (TABNET),0.5249999999999999,0.509870337995338,0.8728571428571429
UOEMD,Diagnosis,Load_Loaded_Speed_Inc_15_to_45Hz,CWRU_48k + HUST_Gearbox + HUST + PU,Multi-Head DL (TABNET),0.375,0.3079071194762684,0.7848214285714286
UOEMD,Diagnosis,Load_Loaded_Speed_Inc_15_to_45Hz,CWRU_48k + HUST_Gearbox + HUST + UORED,Multi-Head DL (TABNET),0.6,0.5560891166811552,0.8614285714285714
UOEMD,Diagnosis,Load_Loaded_Speed_Inc_15_to_45Hz,CWRU_48k + HUST_Gearbox + HUST + Mechanical_Gear,Multi-Head DL (TABNET),0.4875,0.42958782703364745,0.8496428571428571
UOEMD,Diagnosis,Load_Loaded_Speed_Inc_15_to_45Hz,CWRU_48k + HUST_Gearbox + HUST + Electric_Motor,Multi-Head DL (TABNET),0.6125,0.5967760309865573,0.9237500000000001
UOEMD,Diagnosis,Load_Loaded_Speed_Inc_15_to_45Hz,CWRU_48k + HUST_Gearbox + PU + UORED,Multi-Head DL (TABNET),0.45,0.3999188311688312,0.8521428571428571
UOEMD,Diagnosis,Load_Loaded_Speed_Inc_15_to_45Hz,CWRU_48k + HUST_Gearbox + PU + Mechanical_Gear,Multi-Head DL (TABNET),0.42500000000000004,0.3727924617755126,0.8071428571428572
UOEMD,Diagnosis,Load_Loaded_Speed_Inc_15_to_45Hz,CWRU_48k + HUST_Gearbox + PU + Electric_Motor,Multi-Head DL (TABNET),0.6,0.5907167165405152,0.9076785714285713
UOEMD,Diagnosis,Load_Loaded_Speed_Inc_15_to_45Hz,CWRU_48k + HUST_Gearbox + UORED + Mechanical_Gear,Multi-Head DL (TABNET),0.6125,0.5696548469646295,0.9289285714285714
UOEMD,Diagnosis,Load_Loaded_Speed_Inc_15_to_45Hz,CWRU_48k + HUST_Gearbox + UORED + Electric_Motor,Multi-Head DL (TABNET),0.6499999999999999,0.6244528388278389,0.9310714285714285
UOEMD,Diagnosis,Load_Loaded_Speed_Inc_15_to_45Hz,CWRU_48k + HUST_Gearbox + Mechanical_Gear + Electric_Motor,Multi-Head DL (TABNET),0.6125,0.5681020428846516,0.9330357142857142
UOEMD,Diagnosis,Load_Loaded_Speed_Inc_15_to_45Hz,CWRU_48k + HUST + PU + UORED,Multi-Head DL (TABNET),0.55,0.5213556680733453,0.8501785714285715
UOEMD,Diagnosis,Load_Loaded_Speed_Inc_15_to_45Hz,CWRU_48k + HUST + PU + Mechanical_Gear,Multi-Head DL (TABNET),0.4,0.32242063492063494,0.8246428571428572
UOEMD,Diagnosis,Load_Loaded_Speed_Inc_15_to_45Hz,CWRU_48k + HUST + PU + Electric_Motor,Multi-Head DL (TABNET),0.4625,0.4240349927849928,0.83125
UOEMD,Diagnosis,Load_Loaded_Speed_Inc_15_to_45Hz,CWRU_48k + HUST + UORED + Mechanical_Gear,Multi-Head DL (TABNET),0.525,0.4741263258705119,0.8882142857142857
UOEMD,Diagnosis,Load_Loaded_Speed_Inc_15_to_45Hz,CWRU_48k + HUST + UORED + Electric_Motor,Multi-Head DL (TABNET),0.5375,0.5089572263485307,0.8778571428571429
UOEMD,Diagnosis,Load_Loaded_Speed_Inc_15_to_45Hz,CWRU_48k + HUST + Mechanical_Gear + Electric_Motor,Multi-Head DL (TABNET),0.5,0.45204060645237115,0.8941071428571428
UOEMD,Diagnosis,Load_Loaded_Speed_Inc_15_to_45Hz,CWRU_48k + PU + UORED + Mechanical_Gear,Multi-Head DL (TABNET),0.5625,0.5411575462268866,0.8842857142857143
UOEMD,Diagnosis,Load_Loaded_Speed_Inc_15_to_45Hz,CWRU_48k + PU + UORED + Electric_Motor,Multi-Head DL (TABNET),0.4125,0.3818131977671452,0.8408928571428571
UOEMD,Diagnosis,Load_Loaded_Speed_Inc_15_to_45Hz,CWRU_48k + PU + Mechanical_Gear + Electric_Motor,Multi-Head DL (TABNET),0.425,0.38413916291154143,0.87125
UOEMD,Diagnosis,Load_Loaded_Speed_Inc_15_to_45Hz,CWRU_48k + UORED + Mechanical_Gear + Electric_Motor,Multi-Head DL (TABNET),0.625,0.5928268832616659,0.9233928571428571
UOEMD,Diagnosis,Load_Loaded_Speed_Inc_15_to_45Hz,HUST_Gearbox + HUST + PU + UORED,Multi-Head DL (TABNET),0.5,0.4346877156659765,0.7960714285714285
UOEMD,Diagnosis,Load_Loaded_Speed_Inc_15_to_45Hz,HUST_Gearbox + HUST + PU + Mechanical_Gear,Multi-Head DL (TABNET),0.5,0.4696049048990225,0.8798214285714286
UOEMD,Diagnosis,Load_Loaded_Speed_Inc_15_to_45Hz,HUST_Gearbox + HUST + PU + Electric_Motor,Multi-Head DL (TABNET),0.5,0.43505754475703323,0.8462500000000001
UOEMD,Diagnosis,Load_Loaded_Speed_Inc_15_to_45Hz,HUST_Gearbox + HUST + UORED + Mechanical_Gear,Multi-Head DL (TABNET),0.48749999999999993,0.45638234314704906,0.8821428571428571
UOEMD,Diagnosis,Load_Loaded_Speed_Inc_15_to_45Hz,HUST_Gearbox + HUST + UORED + Electric_Motor,Multi-Head DL (TABNET),0.5249999999999999,0.4953174603174603,0.9030357142857143
UOEMD,Diagnosis,Load_Loaded_Speed_Inc_15_to_45Hz,HUST_Gearbox + HUST + Mechanical_Gear + Electric_Motor,Multi-Head DL (TABNET),0.6375,0.563425925925926,0.9105357142857142
UOEMD,Diagnosis,Load_Loaded_Speed_Inc_15_to_45Hz,HUST_Gearbox + PU + UORED + Mechanical_Gear,Multi-Head DL (TABNET),0.6125,0.5473776223776223,0.8812500000000001
UOEMD,Diagnosis,Load_Loaded_Speed_Inc_15_to_45Hz,HUST_Gearbox + PU + UORED + Electric_Motor,Multi-Head DL (TABNET),0.45,0.3978755825192569,0.8796428571428572
UOEMD,Diagnosis,Load_Loaded_Speed_Inc_15_to_45Hz,HUST_Gearbox + PU + Mechanical_Gear + Electric_Motor,Multi-Head DL (TABNET),0.48750000000000004,0.46638379280233666,0.8680357142857142
UOEMD,Diagnosis,Load_Loaded_Speed_Inc_15_to_45Hz,HUST_Gearbox + UORED + Mechanical_Gear + Electric_Motor,Multi-Head DL (TABNET),0.5875,0.53892089093702,0.8933928571428571
UOEMD,Diagnosis,Load_Loaded_Speed_Inc_15_to_45Hz,HUST + PU + UORED + Mechanical_Gear,Multi-Head DL (TABNET),0.45,0.4083675382588426,0.8889285714285714
UOEMD,Diagnosis,Load_Loaded_Speed_Inc_15_to_45Hz,HUST + PU + UORED + Electric_Motor,Multi-Head DL (TABNET),0.4,0.36566839501758147,0.8103571428571428
UOEMD,Diagnosis,Load_Loaded_Speed_Inc_15_to_45Hz,HUST + PU + Mechanical_Gear + Electric_Motor,Multi-Head DL (TABNET),0.5375,0.4872015776621039,0.8503571428571428
UOEMD,Diagnosis,Load_Loaded_Speed_Inc_15_to_45Hz,HUST + UORED + Mechanical_Gear + Electric_Motor,Multi-Head DL (TABNET),0.5375,0.4788144045496986,0.916607142857143
UOEMD,Diagnosis,Load_Loaded_Speed_Inc_15_to_45Hz,PU + UORED + Mechanical_Gear + Electric_Motor,Multi-Head DL (TABNET),0.55,0.5164271566011804,0.8728571428571429
UOEMD,Diagnosis,Load_Loaded_Speed_Inc_15_to_45Hz,CWRU_12k + CWRU_48k + HUST_Gearbox + HUST + PU,Multi-Head DL (TABNET),0.5125,0.48750728438228436,0.835
UOEMD,Diagnosis,Load_Loaded_Speed_Inc_15_to_45Hz,CWRU_12k + CWRU_48k + HUST_Gearbox + HUST + UORED,Multi-Head DL (TABNET),0.5375000000000001,0.4734182484182484,0.8896428571428572
UOEMD,Diagnosis,Load_Loaded_Speed_Inc_15_to_45Hz,CWRU_12k + CWRU_48k + HUST_Gearbox + HUST + Mechanical_Gear,Multi-Head DL (TABNET),0.45,0.41203736084397036,0.8480357142857142
UOEMD,Diagnosis,Load_Loaded_Speed_Inc_15_to_45Hz,CWRU_12k + CWRU_48k + HUST_Gearbox + HUST + Electric_Motor,Multi-Head DL (TABNET),0.6125,0.5684065934065934,0.9173214285714285
UOEMD,Diagnosis,Load_Loaded_Speed_Inc_15_to_45Hz,CWRU_12k + CWRU_48k + HUST_Gearbox + PU + UORED,Multi-Head DL (TABNET),0.5125000000000001,0.4621026816750501,0.8751785714285715
UOEMD,Diagnosis,Load_Loaded_Speed_Inc_15_to_45Hz,CWRU_12k + CWRU_48k + HUST_Gearbox + PU + Mechanical_Gear,Multi-Head DL (TABNET),0.7125,0.710657904187316,0.9089285714285715
UOEMD,Diagnosis,Load_Loaded_Speed_Inc_15_to_45Hz,CWRU_12k + CWRU_48k + HUST_Gearbox + PU + Electric_Motor,Multi-Head DL (TABNET),0.525,0.5318120142053069,0.8542857142857143
UOEMD,Diagnosis,Load_Loaded_Speed_Inc_15_to_45Hz,CWRU_12k + CWRU_48k + HUST_Gearbox + UORED + Mechanical_Gear,Multi-Head DL (TABNET),0.48749999999999993,0.4533412694236908,0.8980357142857143
UOEMD,Diagnosis,Load_Loaded_Speed_Inc_15_to_45Hz,CWRU_12k + CWRU_48k + HUST_Gearbox + UORED + Electric_Motor,Multi-Head DL (TABNET),0.625,0.624877492863174,0.9380357142857143
UOEMD,Diagnosis,Load_Loaded_Speed_Inc_15_to_45Hz,CWRU_12k + CWRU_48k + HUST_Gearbox + Mechanical_Gear + Electric_Motor,Multi-Head DL (TABNET),0.5499999999999999,0.5267740571449011,0.8674999999999999
UOEMD,Diagnosis,Load_Loaded_Speed_Inc_15_to_45Hz,CWRU_12k + CWRU_48k + HUST + PU + UORED,Multi-Head DL (TABNET),0.425,0.374481658692185,0.86
UOEMD,Diagnosis,Load_Loaded_Speed_Inc_15_to_45Hz,CWRU_12k + CWRU_48k + HUST + PU + Mechanical_Gear,Multi-Head DL (TABNET),0.5,0.4654044879851332,0.8614285714285714
UOEMD,Diagnosis,Load_Loaded_Speed_Inc_15_to_45Hz,CWRU_12k + CWRU_48k + HUST + PU + Electric_Motor,Multi-Head DL (TABNET),0.5,0.44332127340294314,0.8471428571428572
UOEMD,Diagnosis,Load_Loaded_Speed_Inc_15_to_45Hz,CWRU_12k + CWRU_48k + HUST + UORED + Mechanical_Gear,Multi-Head DL (TABNET),0.47500000000000003,0.4440714543393115,0.8976785714285714
UOEMD,Diagnosis,Load_Loaded_Speed_Inc_15_to_45Hz,CWRU_12k + CWRU_48k + HUST + UORED + Electric_Motor,Multi-Head DL (TABNET),0.6,0.5703001547122939,0.8921428571428571
UOEMD,Diagnosis,Load_Loaded_Speed_Inc_15_to_45Hz,CWRU_12k + CWRU_48k + HUST + Mechanical_Gear + Electric_Motor,Multi-Head DL (TABNET),0.5625,0.5238839285714285,0.9098214285714286
UOEMD,Diagnosis,Load_Loaded_Speed_Inc_15_to_45Hz,CWRU_12k + CWRU_48k + PU + UORED + Mechanical_Gear,Multi-Head DL (TABNET),0.5375,0.47275641025641024,0.8792857142857143
UOEMD,Diagnosis,Load_Loaded_Speed_Inc_15_to_45Hz,CWRU_12k + CWRU_48k + PU + UORED + Electric_Motor,Multi-Head DL (TABNET),0.45,0.4019624862016167,0.8744642857142857
UOEMD,Diagnosis,Load_Loaded_Speed_Inc_15_to_45Hz,CWRU_12k + CWRU_48k + PU + Mechanical_Gear + Electric_Motor,Multi-Head DL (TABNET),0.575,0.5466791979949874,0.85625
UOEMD,Diagnosis,Load_Loaded_Speed_Inc_15_to_45Hz,CWRU_12k + CWRU_48k + UORED + Mechanical_Gear + Electric_Motor,Multi-Head DL (TABNET),0.55,0.4951279457858405,0.8939285714285714
UOEMD,Diagnosis,Load_Loaded_Speed_Inc_15_to_45Hz,CWRU_12k + HUST_Gearbox + HUST + PU + UORED,Multi-Head DL (TABNET),0.5125,0.45315563725490193,0.8839285714285714
UOEMD,Diagnosis,Load_Loaded_Speed_Inc_15_to_45Hz,CWRU_12k + HUST_Gearbox + HUST + PU + Mechanical_Gear,Multi-Head DL (TABNET),0.375,0.32530165912518855,0.8608928571428572
UOEMD,Diagnosis,Load_Loaded_Speed_Inc_15_to_45Hz,CWRU_12k + HUST_Gearbox + HUST + PU + Electric_Motor,Multi-Head DL (TABNET),0.55,0.5188416907166907,0.9051785714285714
UOEMD,Diagnosis,Load_Loaded_Speed_Inc_15_to_45Hz,CWRU_12k + HUST_Gearbox + HUST + UORED + Mechanical_Gear,Multi-Head DL (TABNET),0.6125,0.5935455772297877,0.9208928571428572
UOEMD,Diagnosis,Load_Loaded_Speed_Inc_15_to_45Hz,CWRU_12k + HUST_Gearbox + HUST + UORED + Electric_Motor,Multi-Head DL (TABNET),0.6625,0.655434660368871,0.9089285714285714
UOEMD,Diagnosis,Load_Loaded_Speed_Inc_15_to_45Hz,CWRU_12k + HUST_Gearbox + HUST + Mechanical_Gear + Electric_Motor,Multi-Head DL (TABNET),0.6125,0.5602383727383727,0.9158928571428572
UOEMD,Diagnosis,Load_Loaded_Speed_Inc_15_to_45Hz,CWRU_12k + HUST_Gearbox + PU + UORED + Mechanical_Gear,Multi-Head DL (TABNET),0.575,0.527739109414334,0.9142857142857143
UOEMD,Diagnosis,Load_Loaded_Speed_Inc_15_to_45Hz,CWRU_12k + HUST_Gearbox + PU + UORED + Electric_Motor,Multi-Head DL (TABNET),0.5125,0.4554193411952032,0.8564285714285714
UOEMD,Diagnosis,Load_Loaded_Speed_Inc_15_to_45Hz,CWRU_12k + HUST_Gearbox + PU + Mechanical_Gear + Electric_Motor,Multi-Head DL (TABNET),0.4625,0.4196969696969697,0.8433928571428572
UOEMD,Diagnosis,Load_Loaded_Speed_Inc_15_to_45Hz,CWRU_12k + HUST_Gearbox + UORED + Mechanical_Gear + Electric_Motor,Multi-Head DL (TABNET),0.475,0.4321403409541954,0.8571428571428572
UOEMD,Diagnosis,Load_Loaded_Speed_Inc_15_to_45Hz,CWRU_12k + HUST + PU + UORED + Mechanical_Gear,Multi-Head DL (TABNET),0.4625,0.45607954951095886,0.8553571428571428
UOEMD,Diagnosis,Load_Loaded_Speed_Inc_15_to_45Hz,CWRU_12k + HUST + PU + UORED + Electric_Motor,Multi-Head DL (TABNET),0.4625,0.42902711323763953,0.8542857142857143
UOEMD,Diagnosis,Load_Loaded_Speed_Inc_15_to_45Hz,CWRU_12k + HUST + PU + Mechanical_Gear + Electric_Motor,Multi-Head DL (TABNET),0.5375,0.5167207792207792,0.8983928571428571
UOEMD,Diagnosis,Load_Loaded_Speed_Inc_15_to_45Hz,CWRU_12k + HUST + UORED + Mechanical_Gear + Electric_Motor,Multi-Head DL (TABNET),0.55,0.5006636732443184,0.9155357142857143
UOEMD,Diagnosis,Load_Loaded_Speed_Inc_15_to_45Hz,CWRU_12k + PU + UORED + Mechanical_Gear + Electric_Motor,Multi-Head DL (TABNET),0.55,0.49464285714285716,0.8526785714285714
UOEMD,Diagnosis,Load_Loaded_Speed_Inc_15_to_45Hz,CWRU_48k + HUST_Gearbox + HUST + PU + UORED,Multi-Head DL (TABNET),0.425,0.3684682964094729,0.8519642857142857
UOEMD,Diagnosis,Load_Loaded_Speed_Inc_15_to_45Hz,CWRU_48k + HUST_Gearbox + HUST + PU + Mechanical_Gear,Multi-Head DL (TABNET),0.5375,0.4615914786967418,0.8644642857142857
UOEMD,Diagnosis,Load_Loaded_Speed_Inc_15_to_45Hz,CWRU_48k + HUST_Gearbox + HUST + PU + Electric_Motor,Multi-Head DL (TABNET),0.45,0.42745421245421245,0.8171428571428572
UOEMD,Diagnosis,Load_Loaded_Speed_Inc_15_to_45Hz,CWRU_48k + HUST_Gearbox + HUST + UORED + Mechanical_Gear,Multi-Head DL (TABNET),0.625,0.5621051653660349,0.9142857142857144
UOEMD,Diagnosis,Load_Loaded_Speed_Inc_15_to_45Hz,CWRU_48k + HUST_Gearbox + HUST + UORED + Electric_Motor,Multi-Head DL (TABNET),0.625,0.6085949631842127,0.9264285714285714
UOEMD,Diagnosis,Load_Loaded_Speed_Inc_15_to_45Hz,CWRU_48k + HUST_Gearbox + HUST + Mechanical_Gear + Electric_Motor,Multi-Head DL (TABNET),0.5125000000000001,0.46334279325765393,0.8573214285714286
UOEMD,Diagnosis,Load_Loaded_Speed_Inc_15_to_45Hz,CWRU_48k + HUST_Gearbox + PU + UORED + Mechanical_Gear,Multi-Head DL (TABNET),0.5375,0.49766087983336266,0.8535714285714286
UOEMD,Diagnosis,Load_Loaded_Speed_Inc_15_to_45Hz,CWRU_48k + HUST_Gearbox + PU + UORED + Electric_Motor,Multi-Head DL (TABNET),0.4625,0.4412722210709827,0.8244642857142856
UOEMD,Diagnosis,Load_Loaded_Speed_Inc_15_to_45Hz,CWRU_48k + HUST_Gearbox + PU + Mechanical_Gear + Electric_Motor,Multi-Head DL (TABNET),0.5249999999999999,0.47636872930990576,0.8875
UOEMD,Diagnosis,Load_Loaded_Speed_Inc_15_to_45Hz,CWRU_48k + HUST_Gearbox + UORED + Mechanical_Gear + Electric_Motor,Multi-Head DL (TABNET),0.5125,0.46275252525252525,0.9076785714285714
UOEMD,Diagnosis,Load_Loaded_Speed_Inc_15_to_45Hz,CWRU_48k + HUST + PU + UORED + Mechanical_Gear,Multi-Head DL (TABNET),0.35,0.2666083916083916,0.8435714285714286
UOEMD,Diagnosis,Load_Loaded_Speed_Inc_15_to_45Hz,CWRU_48k + HUST + PU + UORED + Electric_Motor,Multi-Head DL (TABNET),0.55,0.5318666960404577,0.8789285714285714
UOEMD,Diagnosis,Load_Loaded_Speed_Inc_15_to_45Hz,CWRU_48k + HUST + PU + Mechanical_Gear + Electric_Motor,Multi-Head DL (TABNET),0.42500000000000004,0.38797728539576365,0.8325
UOEMD,Diagnosis,Load_Loaded_Speed_Inc_15_to_45Hz,CWRU_48k + HUST + UORED + Mechanical_Gear + Electric_Motor,Multi-Head DL (TABNET),0.575,0.5470532099479468,0.9067857142857143
UOEMD,Diagnosis,Load_Loaded_Speed_Inc_15_to_45Hz,CWRU_48k + PU + UORED + Mechanical_Gear + Electric_Motor,Multi-Head DL (TABNET),0.575,0.5740879977722082,0.8421428571428572
UOEMD,Diagnosis,Load_Loaded_Speed_Inc_15_to_45Hz,HUST_Gearbox + HUST + PU + UORED + Mechanical_Gear,Multi-Head DL (TABNET),0.5125000000000001,0.42827221797810033,0.9101785714285715
UOEMD,Diagnosis,Load_Loaded_Speed_Inc_15_to_45Hz,HUST_Gearbox + HUST + PU + UORED + Electric_Motor,Multi-Head DL (TABNET),0.4125,0.34250398724082937,0.8358928571428571
UOEMD,Diagnosis,Load_Loaded_Speed_Inc_15_to_45Hz,HUST_Gearbox + HUST + PU + Mechanical_Gear + Electric_Motor,Multi-Head DL (TABNET),0.48749999999999993,0.43947147436849954,0.8698214285714285
UOEMD,Diagnosis,Load_Loaded_Speed_Inc_15_to_45Hz,HUST_Gearbox + HUST + UORED + Mechanical_Gear + Electric_Motor,Multi-Head DL (TABNET),0.46249999999999997,0.431078833685384,0.8592857142857143
UOEMD,Diagnosis,Load_Loaded_Speed_Inc_15_to_45Hz,HUST_Gearbox + PU + UORED + Mechanical_Gear + Electric_Motor,Multi-Head DL (TABNET),0.4375,0.37321585419411507,0.8771428571428571
UOEMD,Diagnosis,Load_Loaded_Speed_Inc_15_to_45Hz,HUST + PU + UORED + Mechanical_Gear + Electric_Motor,Multi-Head DL (TABNET),0.5,0.5085362846218109,0.8651785714285716
UOEMD,Diagnosis,Load_Loaded_Speed_Inc_15_to_45Hz,CWRU_12k + CWRU_48k + HUST_Gearbox + HUST + PU + UORED,Multi-Head DL (TABNET),0.4625,0.4122093473206727,0.8110714285714287
UOEMD,Diagnosis,Load_Loaded_Speed_Inc_15_to_45Hz,CWRU_12k + CWRU_48k + HUST_Gearbox + HUST + PU + Mechanical_Gear,Multi-Head DL (TABNET),0.48750000000000004,0.41851674641148323,0.8210714285714286
UOEMD,Diagnosis,Load_Loaded_Speed_Inc_15_to_45Hz,CWRU_12k + CWRU_48k + HUST_Gearbox + HUST + PU + Electric_Motor,Multi-Head DL (TABNET),0.6,0.5758054838937192,0.8792857142857143
UOEMD,Diagnosis,Load_Loaded_Speed_Inc_15_to_45Hz,CWRU_12k + CWRU_48k + HUST_Gearbox + HUST + UORED + Mechanical_Gear,Multi-Head DL (TABNET),0.48750000000000004,0.43054686957125976,0.8823214285714286
UOEMD,Diagnosis,Load_Loaded_Speed_Inc_15_to_45Hz,CWRU_12k + CWRU_48k + HUST_Gearbox + HUST + UORED + Electric_Motor,Multi-Head DL (TABNET),0.48750000000000004,0.43219246031746034,0.8832142857142857
UOEMD,Diagnosis,Load_Loaded_Speed_Inc_15_to_45Hz,CWRU_12k + CWRU_48k + HUST_Gearbox + HUST + Mechanical_Gear + Electric_Motor,Multi-Head DL (TABNET),0.44999999999999996,0.39822330447330445,0.8498214285714285
UOEMD,Diagnosis,Load_Loaded_Speed_Inc_15_to_45Hz,CWRU_12k + CWRU_48k + HUST_Gearbox + PU + UORED + Mechanical_Gear,Multi-Head DL (TABNET),0.525,0.47824871182107037,0.9046428571428571
UOEMD,Diagnosis,Load_Loaded_Speed_Inc_15_to_45Hz,CWRU_12k + CWRU_48k + HUST_Gearbox + PU + UORED + Electric_Motor,Multi-Head DL (TABNET),0.47500000000000003,0.4155691530691531,0.8532142857142857
UOEMD,Diagnosis,Load_Loaded_Speed_Inc_15_to_45Hz,CWRU_12k + CWRU_48k + HUST_Gearbox + PU + Mechanical_Gear + Electric_Motor,Multi-Head DL (TABNET),0.48750000000000004,0.4297949265054528,0.8382142857142858
UOEMD,Diagnosis,Load_Loaded_Speed_Inc_15_to_45Hz,CWRU_12k + CWRU_48k + HUST_Gearbox + UORED + Mechanical_Gear + Electric_Motor,Multi-Head DL (TABNET),0.575,0.5285555727167569,0.9098214285714286
UOEMD,Diagnosis,Load_Loaded_Speed_Inc_15_to_45Hz,CWRU_12k + CWRU_48k + HUST + PU + UORED + Mechanical_Gear,Multi-Head DL (TABNET),0.5375000000000001,0.5065641534391534,0.8925
UOEMD,Diagnosis,Load_Loaded_Speed_Inc_15_to_45Hz,CWRU_12k + CWRU_48k + HUST + PU + UORED + Electric_Motor,Multi-Head DL (TABNET),0.525,0.45561831012598275,0.87
UOEMD,Diagnosis,Load_Loaded_Speed_Inc_15_to_45Hz,CWRU_12k + CWRU_48k + HUST + PU + Mechanical_Gear + Electric_Motor,Multi-Head DL (TABNET),0.5,0.45198586744639374,0.8794642857142857
UOEMD,Diagnosis,Load_Loaded_Speed_Inc_15_to_45Hz,CWRU_12k + CWRU_48k + HUST + UORED + Mechanical_Gear + Electric_Motor,Multi-Head DL (TABNET),0.625,0.6035732705991327,0.8846428571428571
UOEMD,Diagnosis,Load_Loaded_Speed_Inc_15_to_45Hz,CWRU_12k + CWRU_48k + PU + UORED + Mechanical_Gear + Electric_Motor,Multi-Head DL (TABNET),0.5625,0.534799218759459,0.8816071428571429
UOEMD,Diagnosis,Load_Loaded_Speed_Inc_15_to_45Hz,CWRU_12k + HUST_Gearbox + HUST + PU + UORED + Mechanical_Gear,Multi-Head DL (TABNET),0.5,0.4777724979550537,0.8494642857142857
UOEMD,Diagnosis,Load_Loaded_Speed_Inc_15_to_45Hz,CWRU_12k + HUST_Gearbox + HUST + PU + UORED + Electric_Motor,Multi-Head DL (TABNET),0.45000000000000007,0.41211484593837533,0.84625
UOEMD,Diagnosis,Load_Loaded_Speed_Inc_15_to_45Hz,CWRU_12k + HUST_Gearbox + HUST + PU + Mechanical_Gear + Electric_Motor,Multi-Head DL (TABNET),0.5625,0.5328544061302681,0.8898214285714285
UOEMD,Diagnosis,Load_Loaded_Speed_Inc_15_to_45Hz,CWRU_12k + HUST_Gearbox + HUST + UORED + Mechanical_Gear + Electric_Motor,Multi-Head DL (TABNET),0.6125,0.5819047619047619,0.9108928571428572
UOEMD,Diagnosis,Load_Loaded_Speed_Inc_15_to_45Hz,CWRU_12k + HUST_Gearbox + PU + UORED + Mechanical_Gear + Electric_Motor,Multi-Head DL (TABNET),0.48750000000000004,0.4784333925878044,0.8241071428571429
UOEMD,Diagnosis,Load_Loaded_Speed_Inc_15_to_45Hz,CWRU_12k + HUST + PU + UORED + Mechanical_Gear + Electric_Motor,Multi-Head DL (TABNET),0.4625,0.4163560610929032,0.8601785714285715
UOEMD,Diagnosis,Load_Loaded_Speed_Inc_15_to_45Hz,CWRU_48k + HUST_Gearbox + HUST + PU + UORED + Mechanical_Gear,Multi-Head DL (TABNET),0.475,0.42545101175420325,0.8687499999999999
UOEMD,Diagnosis,Load_Loaded_Speed_Inc_15_to_45Hz,CWRU_48k + HUST_Gearbox + HUST + PU + UORED + Electric_Motor,Multi-Head DL (TABNET),0.575,0.5362876239496752,0.8785714285714286
UOEMD,Diagnosis,Load_Loaded_Speed_Inc_15_to_45Hz,CWRU_48k + HUST_Gearbox + HUST + PU + Mechanical_Gear + Electric_Motor,Multi-Head DL (TABNET),0.39999999999999997,0.38426257650395584,0.7835714285714286
UOEMD,Diagnosis,Load_Loaded_Speed_Inc_15_to_45Hz,CWRU_48k + HUST_Gearbox + HUST + UORED + Mechanical_Gear + Electric_Motor,Multi-Head DL (TABNET),0.5125,0.4803242792154082,0.8871428571428572
UOEMD,Diagnosis,Load_Loaded_Speed_Inc_15_to_45Hz,CWRU_48k + HUST_Gearbox + PU + UORED + Mechanical_Gear + Electric_Motor,Multi-Head DL (TABNET),0.5375000000000001,0.4510520117137764,0.8901785714285715
UOEMD,Diagnosis,Load_Loaded_Speed_Inc_15_to_45Hz,CWRU_48k + HUST + PU + UORED + Mechanical_Gear + Electric_Motor,Multi-Head DL (TABNET),0.47500000000000003,0.4016421983813288,0.8101785714285714
UOEMD,Diagnosis,Load_Loaded_Speed_Inc_15_to_45Hz,HUST_Gearbox + HUST + PU + UORED + Mechanical_Gear + Electric_Motor,Multi-Head DL (TABNET),0.42500000000000004,0.3613734326018809,0.8771428571428571
UOEMD,Diagnosis,Load_Loaded_Speed_Inc_15_to_45Hz,CWRU_12k + CWRU_48k + HUST_Gearbox + HUST + PU + UORED + Mechanical_Gear,Multi-Head DL (TABNET),0.4375,0.37971261194945405,0.8460714285714286
UOEMD,Diagnosis,Load_Loaded_Speed_Inc_15_to_45Hz,CWRU_12k + CWRU_48k + HUST_Gearbox + HUST + PU + UORED + Electric_Motor,Multi-Head DL (TABNET),0.5125,0.4688775510204082,0.8619642857142857
UOEMD,Diagnosis,Load_Loaded_Speed_Inc_15_to_45Hz,CWRU_12k + CWRU_48k + HUST_Gearbox + HUST + PU + Mechanical_Gear + Electric_Motor,Multi-Head DL (TABNET),0.4125,0.35833189580817665,0.815
UOEMD,Diagnosis,Load_Loaded_Speed_Inc_15_to_45Hz,CWRU_12k + CWRU_48k + HUST_Gearbox + HUST + UORED + Mechanical_Gear + Electric_Motor,Multi-Head DL (TABNET),0.5,0.45846966409962775,0.8769642857142858
UOEMD,Diagnosis,Load_Loaded_Speed_Inc_15_to_45Hz,CWRU_12k + CWRU_48k + HUST_Gearbox + PU + UORED + Mechanical_Gear + Electric_Motor,Multi-Head DL (TABNET),0.55,0.5444449104505686,0.8467857142857143
UOEMD,Diagnosis,Load_Loaded_Speed_Inc_15_to_45Hz,CWRU_12k + CWRU_48k + HUST + PU + UORED + Mechanical_Gear + Electric_Motor,Multi-Head DL (TABNET),0.4625,0.43740160768024544,0.8878571428571429
UOEMD,Diagnosis,Load_Loaded_Speed_Inc_15_to_45Hz,CWRU_12k + HUST_Gearbox + HUST + PU + UORED + Mechanical_Gear + Electric_Motor,Multi-Head DL (TABNET),0.475,0.438435430990578,0.8803571428571428
UOEMD,Diagnosis,Load_Loaded_Speed_Inc_15_to_45Hz,CWRU_48k + HUST_Gearbox + HUST + PU + UORED + Mechanical_Gear + Electric_Motor,Multi-Head DL (TABNET),0.475,0.4094453564727955,0.8510714285714286
UOEMD,Diagnosis,Load_Loaded_Speed_Inc_15_to_45Hz,CWRU_12k + CWRU_48k + HUST_Gearbox + HUST + PU + UORED + Mechanical_Gear + Electric_Motor,Multi-Head DL (TABNET),0.42500000000000004,0.4022965130107987,0.8353571428571429
UOEMD,Diagnosis,Load_Loaded_Speed_Inc_30_to_60Hz,CWRU_12k,Multi-Head DL (TABNET),0.44999999999999996,0.43948502722323046,0.8626785714285714
UOEMD,Diagnosis,Load_Loaded_Speed_Inc_30_to_60Hz,CWRU_48k,Multi-Head DL (TABNET),0.625,0.5908369012809802,0.9069642857142857
UOEMD,Diagnosis,Load_Loaded_Speed_Inc_30_to_60Hz,HUST_Gearbox,Multi-Head DL (TABNET),0.5375000000000001,0.4869858759661392,0.8483928571428572
UOEMD,Diagnosis,Load_Loaded_Speed_Inc_30_to_60Hz,HUST,Multi-Head DL (TABNET),0.55,0.48058945364979844,0.9185714285714287
UOEMD,Diagnosis,Load_Loaded_Speed_Inc_30_to_60Hz,PU,Multi-Head DL (TABNET),0.475,0.4681547619047619,0.8267857142857142
UOEMD,Diagnosis,Load_Loaded_Speed_Inc_30_to_60Hz,UORED,Multi-Head DL (TABNET),0.45,0.43184635486464756,0.8544642857142857
UOEMD,Diagnosis,Load_Loaded_Speed_Inc_30_to_60Hz,Mechanical_Gear,Multi-Head DL (TABNET),0.5875,0.5412735708451821,0.9164285714285714
UOEMD,Diagnosis,Load_Loaded_Speed_Inc_30_to_60Hz,Electric_Motor,Multi-Head DL (TABNET),0.5874999999999999,0.5704026365791072,0.8678571428571429
UOEMD,Diagnosis,Load_Loaded_Speed_Inc_30_to_60Hz,CWRU_12k + CWRU_48k,Multi-Head DL (TABNET),0.5125,0.47787629037629037,0.8567857142857143
UOEMD,Diagnosis,Load_Loaded_Speed_Inc_30_to_60Hz,CWRU_12k + HUST_Gearbox,Multi-Head DL (TABNET),0.5249999999999999,0.47648237179487174,0.8107142857142857
UOEMD,Diagnosis,Load_Loaded_Speed_Inc_30_to_60Hz,CWRU_12k + HUST,Multi-Head DL (TABNET),0.5,0.44931879276637343,0.8355357142857143
UOEMD,Diagnosis,Load_Loaded_Speed_Inc_30_to_60Hz,CWRU_12k + PU,Multi-Head DL (TABNET),0.425,0.378669210906053,0.7191071428571428
UOEMD,Diagnosis,Load_Loaded_Speed_Inc_30_to_60Hz,CWRU_12k + UORED,Multi-Head DL (TABNET),0.525,0.49847132034632036,0.8910714285714286
UOEMD,Diagnosis,Load_Loaded_Speed_Inc_30_to_60Hz,CWRU_12k + Mechanical_Gear,Multi-Head DL (TABNET),0.475,0.4755292386232338,0.8603571428571429
UOEMD,Diagnosis,Load_Loaded_Speed_Inc_30_to_60Hz,CWRU_12k + Electric_Motor,Multi-Head DL (TABNET),0.575,0.5264705882352941,0.9007142857142858
UOEMD,Diagnosis,Load_Loaded_Speed_Inc_30_to_60Hz,CWRU_48k + HUST_Gearbox,Multi-Head DL (TABNET),0.575,0.5561617024305185,0.8826785714285714
UOEMD,Diagnosis,Load_Loaded_Speed_Inc_30_to_60Hz,CWRU_48k + HUST,Multi-Head DL (TABNET),0.5875,0.5238793464599916,0.9296428571428572
UOEMD,Diagnosis,Load_Loaded_Speed_Inc_30_to_60Hz,CWRU_48k + PU,Multi-Head DL (TABNET),0.525,0.4928720226134019,0.844107142857143
UOEMD,Diagnosis,Load_Loaded_Speed_Inc_30_to_60Hz,CWRU_48k + UORED,Multi-Head DL (TABNET),0.6,0.5611607142857142,0.9183928571428571
UOEMD,Diagnosis,Load_Loaded_Speed_Inc_30_to_60Hz,CWRU_48k + Mechanical_Gear,Multi-Head DL (TABNET),0.55,0.5119734432234433,0.9048214285714286
UOEMD,Diagnosis,Load_Loaded_Speed_Inc_30_to_60Hz,CWRU_48k + Electric_Motor,Multi-Head DL (TABNET),0.5625,0.5583385547201336,0.8757142857142857
UOEMD,Diagnosis,Load_Loaded_Speed_Inc_30_to_60Hz,HUST_Gearbox + HUST,Multi-Head DL (TABNET),0.44999999999999996,0.4323593797506841,0.8292857142857142
UOEMD,Diagnosis,Load_Loaded_Speed_Inc_30_to_60Hz,HUST_Gearbox + PU,Multi-Head DL (TABNET),0.5,0.42347560975609755,0.7703571428571429
UOEMD,Diagnosis,Load_Loaded_Speed_Inc_30_to_60Hz,HUST_Gearbox + UORED,Multi-Head DL (TABNET),0.475,0.42538833715304303,0.8496428571428571
UOEMD,Diagnosis,Load_Loaded_Speed_Inc_30_to_60Hz,HUST_Gearbox + Mechanical_Gear,Multi-Head DL (TABNET),0.5625,0.4897144522144522,0.9105357142857143
UOEMD,Diagnosis,Load_Loaded_Speed_Inc_30_to_60Hz,HUST_Gearbox + Electric_Motor,Multi-Head DL (TABNET),0.48750000000000004,0.43419886565047855,0.8530357142857143
UOEMD,Diagnosis,Load_Loaded_Speed_Inc_30_to_60Hz,HUST + PU,Multi-Head DL (TABNET),0.42500000000000004,0.3816359836971539,0.8260714285714286
UOEMD,Diagnosis,Load_Loaded_Speed_Inc_30_to_60Hz,HUST + UORED,Multi-Head DL (TABNET),0.6,0.5269909688013137,0.89875
UOEMD,Diagnosis,Load_Loaded_Speed_Inc_30_to_60Hz,HUST + Mechanical_Gear,Multi-Head DL (TABNET),0.5625,0.5314078282828283,0.8758928571428571
UOEMD,Diagnosis,Load_Loaded_Speed_Inc_30_to_60Hz,HUST + Electric_Motor,Multi-Head DL (TABNET),0.575,0.5026315789473684,0.8816071428571428
UOEMD,Diagnosis,Load_Loaded_Speed_Inc_30_to_60Hz,PU + UORED,Multi-Head DL (TABNET),0.5125,0.47738095238095235,0.8444642857142857
UOEMD,Diagnosis,Load_Loaded_Speed_Inc_30_to_60Hz,PU + Mechanical_Gear,Multi-Head DL (TABNET),0.38749999999999996,0.31797235023041476,0.7939285714285714
UOEMD,Diagnosis,Load_Loaded_Speed_Inc_30_to_60Hz,PU + Electric_Motor,Multi-Head DL (TABNET),0.4375,0.4148332801099829,0.7553571428571428
UOEMD,Diagnosis,Load_Loaded_Speed_Inc_30_to_60Hz,UORED + Mechanical_Gear,Multi-Head DL (TABNET),0.5375000000000001,0.5049145299145299,0.8369642857142857
UOEMD,Diagnosis,Load_Loaded_Speed_Inc_30_to_60Hz,UORED + Electric_Motor,Multi-Head DL (TABNET),0.6625,0.6541666666666667,0.9291071428571429
UOEMD,Diagnosis,Load_Loaded_Speed_Inc_30_to_60Hz,Mechanical_Gear + Electric_Motor,Multi-Head DL (TABNET),0.6000000000000001,0.5720041843113531,0.885
UOEMD,Diagnosis,Load_Loaded_Speed_Inc_30_to_60Hz,CWRU_12k + CWRU_48k + HUST_Gearbox,Multi-Head DL (TABNET),0.5375000000000001,0.5149116599774495,0.8851785714285714
UOEMD,Diagnosis,Load_Loaded_Speed_Inc_30_to_60Hz,CWRU_12k + CWRU_48k + HUST,Multi-Head DL (TABNET),0.5125,0.455382730015083,0.8153571428571429
UOEMD,Diagnosis,Load_Loaded_Speed_Inc_30_to_60Hz,CWRU_12k + CWRU_48k + PU,Multi-Head DL (TABNET),0.4,0.3727247807017544,0.7796428571428572
UOEMD,Diagnosis,Load_Loaded_Speed_Inc_30_to_60Hz,CWRU_12k + CWRU_48k + UORED,Multi-Head DL (TABNET),0.5625,0.5109953703703703,0.8782142857142857
UOEMD,Diagnosis,Load_Loaded_Speed_Inc_30_to_60Hz,CWRU_12k + CWRU_48k + Mechanical_Gear,Multi-Head DL (TABNET),0.5625,0.5518076825285063,0.8703571428571428
UOEMD,Diagnosis,Load_Loaded_Speed_Inc_30_to_60Hz,CWRU_12k + CWRU_48k + Electric_Motor,Multi-Head DL (TABNET),0.575,0.5491086978155943,0.87875
UOEMD,Diagnosis,Load_Loaded_Speed_Inc_30_to_60Hz,CWRU_12k + HUST_Gearbox + HUST,Multi-Head DL (TABNET),0.44999999999999996,0.3979361281992861,0.8278571428571428
UOEMD,Diagnosis,Load_Loaded_Speed_Inc_30_to_60Hz,CWRU_12k + HUST_Gearbox + PU,Multi-Head DL (TABNET),0.5,0.4314865388234953,0.8626785714285714
UOEMD,Diagnosis,Load_Loaded_Speed_Inc_30_to_60Hz,CWRU_12k + HUST_Gearbox + UORED,Multi-Head DL (TABNET),0.5,0.46852941176470586,0.8857142857142857
UOEMD,Diagnosis,Load_Loaded_Speed_Inc_30_to_60Hz,CWRU_12k + HUST_Gearbox + Mechanical_Gear,Multi-Head DL (TABNET),0.5875,0.5739551083591332,0.8905357142857142
UOEMD,Diagnosis,Load_Loaded_Speed_Inc_30_to_60Hz,CWRU_12k + HUST_Gearbox + Electric_Motor,Multi-Head DL (TABNET),0.5125,0.49067800964085795,0.8578571428571429
UOEMD,Diagnosis,Load_Loaded_Speed_Inc_30_to_60Hz,CWRU_12k + HUST + PU,Multi-Head DL (TABNET),0.42500000000000004,0.38237363127069013,0.8342857142857143
UOEMD,Diagnosis,Load_Loaded_Speed_Inc_30_to_60Hz,CWRU_12k + HUST + UORED,Multi-Head DL (TABNET),0.48750000000000004,0.450432769726248,0.8632142857142857
UOEMD,Diagnosis,Load_Loaded_Speed_Inc_30_to_60Hz,CWRU_12k + HUST + Mechanical_Gear,Multi-Head DL (TABNET),0.5125,0.46640374331550805,0.8623214285714286
UOEMD,Diagnosis,Load_Loaded_Speed_Inc_30_to_60Hz,CWRU_12k + HUST + Electric_Motor,Multi-Head DL (TABNET),0.3875,0.3579584666541188,0.8360714285714286
UOEMD,Diagnosis,Load_Loaded_Speed_Inc_30_to_60Hz,CWRU_12k + PU + UORED,Multi-Head DL (TABNET),0.5375000000000001,0.5103174603174603,0.8569642857142856
UOEMD,Diagnosis,Load_Loaded_Speed_Inc_30_to_60Hz,CWRU_12k + PU + Mechanical_Gear,Multi-Head DL (TABNET),0.5375,0.5213419913419913,0.8674999999999999
UOEMD,Diagnosis,Load_Loaded_Speed_Inc_30_to_60Hz,CWRU_12k + PU + Electric_Motor,Multi-Head DL (TABNET),0.44999999999999996,0.41855907885656174,0.8114285714285714
UOEMD,Diagnosis,Load_Loaded_Speed_Inc_30_to_60Hz,CWRU_12k + UORED + Mechanical_Gear,Multi-Head DL (TABNET),0.475,0.4583455522971652,0.8807142857142858
UOEMD,Diagnosis,Load_Loaded_Speed_Inc_30_to_60Hz,CWRU_12k + UORED + Electric_Motor,Multi-Head DL (TABNET),0.4875,0.46226393783319775,0.874642857142857
UOEMD,Diagnosis,Load_Loaded_Speed_Inc_30_to_60Hz,CWRU_12k + Mechanical_Gear + Electric_Motor,Multi-Head DL (TABNET),0.48750000000000004,0.46064539175994285,0.8694642857142858
UOEMD,Diagnosis,Load_Loaded_Speed_Inc_30_to_60Hz,CWRU_48k + HUST_Gearbox + HUST,Multi-Head DL (TABNET),0.5375,0.4652235019882079,0.8407142857142857
UOEMD,Diagnosis,Load_Loaded_Speed_Inc_30_to_60Hz,CWRU_48k + HUST_Gearbox + PU,Multi-Head DL (TABNET),0.5,0.4210850401866736,0.8326785714285715
UOEMD,Diagnosis,Load_Loaded_Speed_Inc_30_to_60Hz,CWRU_48k + HUST_Gearbox + UORED,Multi-Head DL (TABNET),0.5375,0.521003996003996,0.8525
UOEMD,Diagnosis,Load_Loaded_Speed_Inc_30_to_60Hz,CWRU_48k + HUST_Gearbox + Mechanical_Gear,Multi-Head DL (TABNET),0.575,0.5629826254826255,0.8748214285714286
UOEMD,Diagnosis,Load_Loaded_Speed_Inc_30_to_60Hz,CWRU_48k + HUST_Gearbox + Electric_Motor,Multi-Head DL (TABNET),0.6000000000000001,0.5422794117647058,0.9130357142857143
UOEMD,Diagnosis,Load_Loaded_Speed_Inc_30_to_60Hz,CWRU_48k + HUST + PU,Multi-Head DL (TABNET),0.42500000000000004,0.39416282642089095,0.8392857142857143
UOEMD,Diagnosis,Load_Loaded_Speed_Inc_30_to_60Hz,CWRU_48k + HUST + UORED,Multi-Head DL (TABNET),0.525,0.46458333333333335,0.8562500000000001
UOEMD,Diagnosis,Load_Loaded_Speed_Inc_30_to_60Hz,CWRU_48k + HUST + Mechanical_Gear,Multi-Head DL (TABNET),0.5249999999999999,0.5021863553113552,0.85
UOEMD,Diagnosis,Load_Loaded_Speed_Inc_30_to_60Hz,CWRU_48k + HUST + Electric_Motor,Multi-Head DL (TABNET),0.575,0.5614183716965047,0.8458928571428571
UOEMD,Diagnosis,Load_Loaded_Speed_Inc_30_to_60Hz,CWRU_48k + PU + UORED,Multi-Head DL (TABNET),0.525,0.49089291467340246,0.8526785714285714
UOEMD,Diagnosis,Load_Loaded_Speed_Inc_30_to_60Hz,CWRU_48k + PU + Mechanical_Gear,Multi-Head DL (TABNET),0.425,0.38358918128654973,0.790357142857143
UOEMD,Diagnosis,Load_Loaded_Speed_Inc_30_to_60Hz,CWRU_48k + PU + Electric_Motor,Multi-Head DL (TABNET),0.4625,0.39398537192654837,0.82875
UOEMD,Diagnosis,Load_Loaded_Speed_Inc_30_to_60Hz,CWRU_48k + UORED + Mechanical_Gear,Multi-Head DL (TABNET),0.6000000000000001,0.5983547008547009,0.8689285714285714
UOEMD,Diagnosis,Load_Loaded_Speed_Inc_30_to_60Hz,CWRU_48k + UORED + Electric_Motor,Multi-Head DL (TABNET),0.6625,0.665531307772687,0.9055357142857143
UOEMD,Diagnosis,Load_Loaded_Speed_Inc_30_to_60Hz,CWRU_48k + Mechanical_Gear + Electric_Motor,Multi-Head DL (TABNET),0.5,0.45843493129677343,0.8796428571428572
UOEMD,Diagnosis,Load_Loaded_Speed_Inc_30_to_60Hz,HUST_Gearbox + HUST + PU,Multi-Head DL (TABNET),0.5125,0.4275609448023241,0.8383928571428572
UOEMD,Diagnosis,Load_Loaded_Speed_Inc_30_to_60Hz,HUST_Gearbox + HUST + UORED,Multi-Head DL (TABNET),0.6,0.5789661319073084,0.9078571428571429
UOEMD,Diagnosis,Load_Loaded_Speed_Inc_30_to_60Hz,HUST_Gearbox + HUST + Mechanical_Gear,Multi-Head DL (TABNET),0.575,0.5550194419873212,0.89125
UOEMD,Diagnosis,Load_Loaded_Speed_Inc_30_to_60Hz,HUST_Gearbox + HUST + Electric_Motor,Multi-Head DL (TABNET),0.4375,0.3850267379679144,0.8103571428571429
UOEMD,Diagnosis,Load_Loaded_Speed_Inc_30_to_60Hz,HUST_Gearbox + PU + UORED,Multi-Head DL (TABNET),0.3875,0.32317813765182185,0.8233928571428571
UOEMD,Diagnosis,Load_Loaded_Speed_Inc_30_to_60Hz,HUST_Gearbox + PU + Mechanical_Gear,Multi-Head DL (TABNET),0.4625,0.40085569315445474,0.7723214285714286
UOEMD,Diagnosis,Load_Loaded_Speed_Inc_30_to_60Hz,HUST_Gearbox + PU + Electric_Motor,Multi-Head DL (TABNET),0.475,0.41105974162240144,0.8017857142857143
UOEMD,Diagnosis,Load_Loaded_Speed_Inc_30_to_60Hz,HUST_Gearbox + UORED + Mechanical_Gear,Multi-Head DL (TABNET),0.5,0.45658988687474444,0.8610714285714286
UOEMD,Diagnosis,Load_Loaded_Speed_Inc_30_to_60Hz,HUST_Gearbox + UORED + Electric_Motor,Multi-Head DL (TABNET),0.5874999999999999,0.5507548920377867,0.8892857142857143
UOEMD,Diagnosis,Load_Loaded_Speed_Inc_30_to_60Hz,HUST_Gearbox + Mechanical_Gear + Electric_Motor,Multi-Head DL (TABNET),0.6625,0.6659154606947476,0.8864285714285713
UOEMD,Diagnosis,Load_Loaded_Speed_Inc_30_to_60Hz,HUST + PU + UORED,Multi-Head DL (TABNET),0.4375,0.3928571428571428,0.8123214285714286
UOEMD,Diagnosis,Load_Loaded_Speed_Inc_30_to_60Hz,HUST + PU + Mechanical_Gear,Multi-Head DL (TABNET),0.5125000000000001,0.44767810330423763,0.8323214285714285
UOEMD,Diagnosis,Load_Loaded_Speed_Inc_30_to_60Hz,HUST + PU + Electric_Motor,Multi-Head DL (TABNET),0.5874999999999999,0.5152914614121511,0.8433928571428572
UOEMD,Diagnosis,Load_Loaded_Speed_Inc_30_to_60Hz,HUST + UORED + Mechanical_Gear,Multi-Head DL (TABNET),0.4875,0.43669623059866963,0.8548214285714286
UOEMD,Diagnosis,Load_Loaded_Speed_Inc_30_to_60Hz,HUST + UORED + Electric_Motor,Multi-Head DL (TABNET),0.5125,0.5102109440267335,0.8594642857142858
UOEMD,Diagnosis,Load_Loaded_Speed_Inc_30_to_60Hz,HUST + Mechanical_Gear + Electric_Motor,Multi-Head DL (TABNET),0.47500000000000003,0.42234871620363906,0.8273214285714285
UOEMD,Diagnosis,Load_Loaded_Speed_Inc_30_to_60Hz,PU + UORED + Mechanical_Gear,Multi-Head DL (TABNET),0.4375,0.3928293928293929,0.7398214285714286
UOEMD,Diagnosis,Load_Loaded_Speed_Inc_30_to_60Hz,PU + UORED + Electric_Motor,Multi-Head DL (TABNET),0.4875,0.4051339285714286,0.8342857142857143
UOEMD,Diagnosis,Load_Loaded_Speed_Inc_30_to_60Hz,PU + Mechanical_Gear + Electric_Motor,Multi-Head DL (TABNET),0.4375,0.38908935849725323,0.8285714285714285
UOEMD,Diagnosis,Load_Loaded_Speed_Inc_30_to_60Hz,UORED + Mechanical_Gear + Electric_Motor,Multi-Head DL (TABNET),0.575,0.5401671245421245,0.8826785714285714
UOEMD,Diagnosis,Load_Loaded_Speed_Inc_30_to_60Hz,CWRU_12k + CWRU_48k + HUST_Gearbox + HUST,Multi-Head DL (TABNET),0.42500000000000004,0.3697705802968961,0.7907142857142857
UOEMD,Diagnosis,Load_Loaded_Speed_Inc_30_to_60Hz,CWRU_12k + CWRU_48k + HUST_Gearbox + PU,Multi-Head DL (TABNET),0.48750000000000004,0.4234625668449198,0.8144642857142856
UOEMD,Diagnosis,Load_Loaded_Speed_Inc_30_to_60Hz,CWRU_12k + CWRU_48k + HUST_Gearbox + UORED,Multi-Head DL (TABNET),0.5,0.47906127447869734,0.8585714285714285
UOEMD,Diagnosis,Load_Loaded_Speed_Inc_30_to_60Hz,CWRU_12k + CWRU_48k + HUST_Gearbox + Mechanical_Gear,Multi-Head DL (TABNET),0.48750000000000004,0.43533549783549785,0.8625
UOEMD,Diagnosis,Load_Loaded_Speed_Inc_30_to_60Hz,CWRU_12k + CWRU_48k + HUST_Gearbox + Electric_Motor,Multi-Head DL (TABNET),0.525,0.48297032828282827,0.8380357142857143
UOEMD,Diagnosis,Load_Loaded_Speed_Inc_30_to_60Hz,CWRU_12k + CWRU_48k + HUST + PU,Multi-Head DL (TABNET),0.525,0.4625881989075392,0.8210714285714286
UOEMD,Diagnosis,Load_Loaded_Speed_Inc_30_to_60Hz,CWRU_12k + CWRU_48k + HUST + UORED,Multi-Head DL (TABNET),0.525,0.5035954241836595,0.8332142857142857
UOEMD,Diagnosis,Load_Loaded_Speed_Inc_30_to_60Hz,CWRU_12k + CWRU_48k + HUST + Mechanical_Gear,Multi-Head DL (TABNET),0.475,0.42466819356354246,0.8269642857142857
UOEMD,Diagnosis,Load_Loaded_Speed_Inc_30_to_60Hz,CWRU_12k + CWRU_48k + HUST + Electric_Motor,Multi-Head DL (TABNET),0.5125,0.4809332358674464,0.8676785714285714
UOEMD,Diagnosis,Load_Loaded_Speed_Inc_30_to_60Hz,CWRU_12k + CWRU_48k + PU + UORED,Multi-Head DL (TABNET),0.45,0.4594960799004917,0.8425
UOEMD,Diagnosis,Load_Loaded_Speed_Inc_30_to_60Hz,CWRU_12k + CWRU_48k + PU + Mechanical_Gear,Multi-Head DL (TABNET),0.4375,0.36348149537384344,0.7908928571428571
UOEMD,Diagnosis,Load_Loaded_Speed_Inc_30_to_60Hz,CWRU_12k + CWRU_48k + PU + Electric_Motor,Multi-Head DL (TABNET),0.4125,0.41025450584274115,0.8171428571428572
UOEMD,Diagnosis,Load_Loaded_Speed_Inc_30_to_60Hz,CWRU_12k + CWRU_48k + UORED + Mechanical_Gear,Multi-Head DL (TABNET),0.5375,0.5219096035543405,0.8617857142857143
UOEMD,Diagnosis,Load_Loaded_Speed_Inc_30_to_60Hz,CWRU_12k + CWRU_48k + UORED + Electric_Motor,Multi-Head DL (TABNET),0.44999999999999996,0.3854682483539207,0.8889285714285715
UOEMD,Diagnosis,Load_Loaded_Speed_Inc_30_to_60Hz,CWRU_12k + CWRU_48k + Mechanical_Gear + Electric_Motor,Multi-Head DL (TABNET),0.475,0.4569128787878788,0.8574999999999999
UOEMD,Diagnosis,Load_Loaded_Speed_Inc_30_to_60Hz,CWRU_12k + HUST_Gearbox + HUST + PU,Multi-Head DL (TABNET),0.48750000000000004,0.42606209150326796,0.8460714285714286
UOEMD,Diagnosis,Load_Loaded_Speed_Inc_30_to_60Hz,CWRU_12k + HUST_Gearbox + HUST + UORED,Multi-Head DL (TABNET),0.525,0.5063702147525677,0.8455357142857143
UOEMD,Diagnosis,Load_Loaded_Speed_Inc_30_to_60Hz,CWRU_12k + HUST_Gearbox + HUST + Mechanical_Gear,Multi-Head DL (TABNET),0.41250000000000003,0.3517073722297603,0.8271428571428572
UOEMD,Diagnosis,Load_Loaded_Speed_Inc_30_to_60Hz,CWRU_12k + HUST_Gearbox + HUST + Electric_Motor,Multi-Head DL (TABNET),0.4875,0.4176587301587302,0.85
UOEMD,Diagnosis,Load_Loaded_Speed_Inc_30_to_60Hz,CWRU_12k + HUST_Gearbox + PU + UORED,Multi-Head DL (TABNET),0.55,0.5243702376055317,0.8678571428571429
UOEMD,Diagnosis,Load_Loaded_Speed_Inc_30_to_60Hz,CWRU_12k + HUST_Gearbox + PU + Mechanical_Gear,Multi-Head DL (TABNET),0.525,0.5089335169876361,0.8362499999999999
UOEMD,Diagnosis,Load_Loaded_Speed_Inc_30_to_60Hz,CWRU_12k + HUST_Gearbox + PU + Electric_Motor,Multi-Head DL (TABNET),0.4625,0.40067693744164334,0.8082142857142858
UOEMD,Diagnosis,Load_Loaded_Speed_Inc_30_to_60Hz,CWRU_12k + HUST_Gearbox + UORED + Mechanical_Gear,Multi-Head DL (TABNET),0.46249999999999997,0.4329260651629072,0.8580357142857142
UOEMD,Diagnosis,Load_Loaded_Speed_Inc_30_to_60Hz,CWRU_12k + HUST_Gearbox + UORED + Electric_Motor,Multi-Head DL (TABNET),0.4875,0.47678571428571426,0.8276785714285715
UOEMD,Diagnosis,Load_Loaded_Speed_Inc_30_to_60Hz,CWRU_12k + HUST_Gearbox + Mechanical_Gear + Electric_Motor,Multi-Head DL (TABNET),0.5249999999999999,0.4550653594771241,0.8516071428571428
UOEMD,Diagnosis,Load_Loaded_Speed_Inc_30_to_60Hz,CWRU_12k + HUST + PU + UORED,Multi-Head DL (TABNET),0.425,0.36014361578271353,0.8223214285714285
UOEMD,Diagnosis,Load_Loaded_Speed_Inc_30_to_60Hz,CWRU_12k + HUST + PU + Mechanical_Gear,Multi-Head DL (TABNET),0.4625,0.39364035087719296,0.7953571428571429
UOEMD,Diagnosis,Load_Loaded_Speed_Inc_30_to_60Hz,CWRU_12k + HUST + PU + Electric_Motor,Multi-Head DL (TABNET),0.5,0.502115423990424,0.8382142857142858
UOEMD,Diagnosis,Load_Loaded_Speed_Inc_30_to_60Hz,CWRU_12k + HUST + UORED + Mechanical_Gear,Multi-Head DL (TABNET),0.5375,0.4933634992458522,0.8596428571428572
UOEMD,Diagnosis,Load_Loaded_Speed_Inc_30_to_60Hz,CWRU_12k + HUST + UORED + Electric_Motor,Multi-Head DL (TABNET),0.4625,0.44908988957902,0.8816071428571428
UOEMD,Diagnosis,Load_Loaded_Speed_Inc_30_to_60Hz,CWRU_12k + HUST + Mechanical_Gear + Electric_Motor,Multi-Head DL (TABNET),0.5625,0.5397132537225416,0.8801785714285715
UOEMD,Diagnosis,Load_Loaded_Speed_Inc_30_to_60Hz,CWRU_12k + PU + UORED + Mechanical_Gear,Multi-Head DL (TABNET),0.525,0.5445116287221551,0.8232142857142857
UOEMD,Diagnosis,Load_Loaded_Speed_Inc_30_to_60Hz,CWRU_12k + PU + UORED + Electric_Motor,Multi-Head DL (TABNET),0.4375,0.4462071697365815,0.8310714285714286
UOEMD,Diagnosis,Load_Loaded_Speed_Inc_30_to_60Hz,CWRU_12k + PU + Mechanical_Gear + Electric_Motor,Multi-Head DL (TABNET),0.475,0.3997748732295856,0.82375
UOEMD,Diagnosis,Load_Loaded_Speed_Inc_30_to_60Hz,CWRU_12k + UORED + Mechanical_Gear + Electric_Motor,Multi-Head DL (TABNET),0.5750000000000001,0.563005604288499,0.8882142857142857
UOEMD,Diagnosis,Load_Loaded_Speed_Inc_30_to_60Hz,CWRU_48k + HUST_Gearbox + HUST + PU,Multi-Head DL (TABNET),0.45,0.4028125870231133,0.815
UOEMD,Diagnosis,Load_Loaded_Speed_Inc_30_to_60Hz,CWRU_48k + HUST_Gearbox + HUST + UORED,Multi-Head DL (TABNET),0.46249999999999997,0.41909722222222223,0.8358928571428571
UOEMD,Diagnosis,Load_Loaded_Speed_Inc_30_to_60Hz,CWRU_48k + HUST_Gearbox + HUST + Mechanical_Gear,Multi-Head DL (TABNET),0.5,0.47281884781884775,0.8548214285714285
UOEMD,Diagnosis,Load_Loaded_Speed_Inc_30_to_60Hz,CWRU_48k + HUST_Gearbox + HUST + Electric_Motor,Multi-Head DL (TABNET),0.5625,0.5225243506493507,0.8816071428571428
UOEMD,Diagnosis,Load_Loaded_Speed_Inc_30_to_60Hz,CWRU_48k + HUST_Gearbox + PU + UORED,Multi-Head DL (TABNET),0.6,0.5429790515997412,0.9198214285714286
UOEMD,Diagnosis,Load_Loaded_Speed_Inc_30_to_60Hz,CWRU_48k + HUST_Gearbox + PU + Mechanical_Gear,Multi-Head DL (TABNET),0.5875,0.5329081760533373,0.8703571428571428
UOEMD,Diagnosis,Load_Loaded_Speed_Inc_30_to_60Hz,CWRU_48k + HUST_Gearbox + PU + Electric_Motor,Multi-Head DL (TABNET),0.41250000000000003,0.3823413643460083,0.7830357142857143
UOEMD,Diagnosis,Load_Loaded_Speed_Inc_30_to_60Hz,CWRU_48k + HUST_Gearbox + UORED + Mechanical_Gear,Multi-Head DL (TABNET),0.55,0.5198412698412698,0.8432142857142857
UOEMD,Diagnosis,Load_Loaded_Speed_Inc_30_to_60Hz,CWRU_48k + HUST_Gearbox + UORED + Electric_Motor,Multi-Head DL (TABNET),0.48750000000000004,0.4677069275753486,0.8383928571428572
UOEMD,Diagnosis,Load_Loaded_Speed_Inc_30_to_60Hz,CWRU_48k + HUST_Gearbox + Mechanical_Gear + Electric_Motor,Multi-Head DL (TABNET),0.525,0.4522926260731139,0.8680357142857142
UOEMD,Diagnosis,Load_Loaded_Speed_Inc_30_to_60Hz,CWRU_48k + HUST + PU + UORED,Multi-Head DL (TABNET),0.5,0.4641461608566872,0.8566071428571429
UOEMD,Diagnosis,Load_Loaded_Speed_Inc_30_to_60Hz,CWRU_48k + HUST + PU + Mechanical_Gear,Multi-Head DL (TABNET),0.4375,0.41098840772753814,0.8182142857142857
UOEMD,Diagnosis,Load_Loaded_Speed_Inc_30_to_60Hz,CWRU_48k + HUST + PU + Electric_Motor,Multi-Head DL (TABNET),0.4125,0.3673449612403101,0.8233928571428571
UOEMD,Diagnosis,Load_Loaded_Speed_Inc_30_to_60Hz,CWRU_48k + HUST + UORED + Mechanical_Gear,Multi-Head DL (TABNET),0.46249999999999997,0.40929047732453305,0.8707142857142858
UOEMD,Diagnosis,Load_Loaded_Speed_Inc_30_to_60Hz,CWRU_48k + HUST + UORED + Electric_Motor,Multi-Head DL (TABNET),0.6625,0.6371074879227053,0.9205357142857142
UOEMD,Diagnosis,Load_Loaded_Speed_Inc_30_to_60Hz,CWRU_48k + HUST + Mechanical_Gear + Electric_Motor,Multi-Head DL (TABNET),0.44999999999999996,0.42853615647733295,0.8441071428571428
UOEMD,Diagnosis,Load_Loaded_Speed_Inc_30_to_60Hz,CWRU_48k + PU + UORED + Mechanical_Gear,Multi-Head DL (TABNET),0.5,0.49821658926728585,0.8573214285714286
UOEMD,Diagnosis,Load_Loaded_Speed_Inc_30_to_60Hz,CWRU_48k + PU + UORED + Electric_Motor,Multi-Head DL (TABNET),0.525,0.47876984126984123,0.8821428571428571
UOEMD,Diagnosis,Load_Loaded_Speed_Inc_30_to_60Hz,CWRU_48k + PU + Mechanical_Gear + Electric_Motor,Multi-Head DL (TABNET),0.4375,0.40730994152046784,0.7851785714285714
UOEMD,Diagnosis,Load_Loaded_Speed_Inc_30_to_60Hz,CWRU_48k + UORED + Mechanical_Gear + Electric_Motor,Multi-Head DL (TABNET),0.5625,0.5302632974648485,0.8657142857142857
UOEMD,Diagnosis,Load_Loaded_Speed_Inc_30_to_60Hz,HUST_Gearbox + HUST + PU + UORED,Multi-Head DL (TABNET),0.4375,0.3775883838383838,0.8721428571428571
UOEMD,Diagnosis,Load_Loaded_Speed_Inc_30_to_60Hz,HUST_Gearbox + HUST + PU + Mechanical_Gear,Multi-Head DL (TABNET),0.4375,0.37952275249722534,0.825
UOEMD,Diagnosis,Load_Loaded_Speed_Inc_30_to_60Hz,HUST_Gearbox + HUST + PU + Electric_Motor,Multi-Head DL (TABNET),0.4375,0.3794642857142857,0.7925
UOEMD,Diagnosis,Load_Loaded_Speed_Inc_30_to_60Hz,HUST_Gearbox + HUST + UORED + Mechanical_Gear,Multi-Head DL (TABNET),0.48749999999999993,0.4785740392648287,0.8357142857142856
UOEMD,Diagnosis,Load_Loaded_Speed_Inc_30_to_60Hz,HUST_Gearbox + HUST + UORED + Electric_Motor,Multi-Head DL (TABNET),0.5375,0.5088713369963369,0.8891071428571429
UOEMD,Diagnosis,Load_Loaded_Speed_Inc_30_to_60Hz,HUST_Gearbox + HUST + Mechanical_Gear + Electric_Motor,Multi-Head DL (TABNET),0.45,0.42351219072020824,0.8042857142857143
UOEMD,Diagnosis,Load_Loaded_Speed_Inc_30_to_60Hz,HUST_Gearbox + PU + UORED + Mechanical_Gear,Multi-Head DL (TABNET),0.4625,0.39468864468864473,0.7492857142857143
UOEMD,Diagnosis,Load_Loaded_Speed_Inc_30_to_60Hz,HUST_Gearbox + PU + UORED + Electric_Motor,Multi-Head DL (TABNET),0.475,0.4348577409432673,0.7933928571428571
UOEMD,Diagnosis,Load_Loaded_Speed_Inc_30_to_60Hz,HUST_Gearbox + PU + Mechanical_Gear + Electric_Motor,Multi-Head DL (TABNET),0.47500000000000003,0.42728032201716415,0.8291071428571428
UOEMD,Diagnosis,Load_Loaded_Speed_Inc_30_to_60Hz,HUST_Gearbox + UORED + Mechanical_Gear + Electric_Motor,Multi-Head DL (TABNET),0.6375,0.6232560331825038,0.885357142857143
UOEMD,Diagnosis,Load_Loaded_Speed_Inc_30_to_60Hz,HUST + PU + UORED + Mechanical_Gear,Multi-Head DL (TABNET),0.4,0.3927682578539372,0.7880357142857143
UOEMD,Diagnosis,Load_Loaded_Speed_Inc_30_to_60Hz,HUST + PU + UORED + Electric_Motor,Multi-Head DL (TABNET),0.5125,0.47552107552507167,0.8823214285714286
UOEMD,Diagnosis,Load_Loaded_Speed_Inc_30_to_60Hz,HUST + PU + Mechanical_Gear + Electric_Motor,Multi-Head DL (TABNET),0.4,0.3707324795947087,0.7746428571428572
UOEMD,Diagnosis,Load_Loaded_Speed_Inc_30_to_60Hz,HUST + UORED + Mechanical_Gear + Electric_Motor,Multi-Head DL (TABNET),0.45,0.3889411027568922,0.8153571428571429
UOEMD,Diagnosis,Load_Loaded_Speed_Inc_30_to_60Hz,PU + UORED + Mechanical_Gear + Electric_Motor,Multi-Head DL (TABNET),0.55,0.4956840034965035,0.8716071428571428
UOEMD,Diagnosis,Load_Loaded_Speed_Inc_30_to_60Hz,CWRU_12k + CWRU_48k + HUST_Gearbox + HUST + PU,Multi-Head DL (TABNET),0.5125,0.4777337858220211,0.8764285714285716
UOEMD,Diagnosis,Load_Loaded_Speed_Inc_30_to_60Hz,CWRU_12k + CWRU_48k + HUST_Gearbox + HUST + UORED,Multi-Head DL (TABNET),0.5375,0.4830089930709126,0.8523214285714286
UOEMD,Diagnosis,Load_Loaded_Speed_Inc_30_to_60Hz,CWRU_12k + CWRU_48k + HUST_Gearbox + HUST + Mechanical_Gear,Multi-Head DL (TABNET),0.45,0.42639420974266706,0.8394642857142857
UOEMD,Diagnosis,Load_Loaded_Speed_Inc_30_to_60Hz,CWRU_12k + CWRU_48k + HUST_Gearbox + HUST + Electric_Motor,Multi-Head DL (TABNET),0.475,0.4136904761904762,0.845
UOEMD,Diagnosis,Load_Loaded_Speed_Inc_30_to_60Hz,CWRU_12k + CWRU_48k + HUST_Gearbox + PU + UORED,Multi-Head DL (TABNET),0.4125,0.36485042735042733,0.8257142857142858
UOEMD,Diagnosis,Load_Loaded_Speed_Inc_30_to_60Hz,CWRU_12k + CWRU_48k + HUST_Gearbox + PU + Mechanical_Gear,Multi-Head DL (TABNET),0.4125,0.4012279407141087,0.7992857142857144
UOEMD,Diagnosis,Load_Loaded_Speed_Inc_30_to_60Hz,CWRU_12k + CWRU_48k + HUST_Gearbox + PU + Electric_Motor,Multi-Head DL (TABNET),0.4125,0.3543799058084772,0.7896428571428572
UOEMD,Diagnosis,Load_Loaded_Speed_Inc_30_to_60Hz,CWRU_12k + CWRU_48k + HUST_Gearbox + UORED + Mechanical_Gear,Multi-Head DL (TABNET),0.5625,0.5239317134478425,0.8610714285714286
UOEMD,Diagnosis,Load_Loaded_Speed_Inc_30_to_60Hz,CWRU_12k + CWRU_48k + HUST_Gearbox + UORED + Electric_Motor,Multi-Head DL (TABNET),0.5625,0.5279879540749106,0.8933928571428571
UOEMD,Diagnosis,Load_Loaded_Speed_Inc_30_to_60Hz,CWRU_12k + CWRU_48k + HUST_Gearbox + Mechanical_Gear + Electric_Motor,Multi-Head DL (TABNET),0.48750000000000004,0.4425968768074031,0.8375
UOEMD,Diagnosis,Load_Loaded_Speed_Inc_30_to_60Hz,CWRU_12k + CWRU_48k + HUST + PU + UORED,Multi-Head DL (TABNET),0.4875,0.4567934782608696,0.8283928571428572
UOEMD,Diagnosis,Load_Loaded_Speed_Inc_30_to_60Hz,CWRU_12k + CWRU_48k + HUST + PU + Mechanical_Gear,Multi-Head DL (TABNET),0.5125,0.4916269841269841,0.8442857142857143
UOEMD,Diagnosis,Load_Loaded_Speed_Inc_30_to_60Hz,CWRU_12k + CWRU_48k + HUST + PU + Electric_Motor,Multi-Head DL (TABNET),0.4,0.37068160597572364,0.8155357142857143
UOEMD,Diagnosis,Load_Loaded_Speed_Inc_30_to_60Hz,CWRU_12k + CWRU_48k + HUST + UORED + Mechanical_Gear,Multi-Head DL (TABNET),0.5249999999999999,0.5001420454545455,0.8864285714285713
UOEMD,Diagnosis,Load_Loaded_Speed_Inc_30_to_60Hz,CWRU_12k + CWRU_48k + HUST + UORED + Electric_Motor,Multi-Head DL (TABNET),0.6499999999999999,0.6232585918298161,0.8841071428571429
UOEMD,Diagnosis,Load_Loaded_Speed_Inc_30_to_60Hz,CWRU_12k + CWRU_48k + HUST + Mechanical_Gear + Electric_Motor,Multi-Head DL (TABNET),0.45,0.39521179285111174,0.8323214285714287
UOEMD,Diagnosis,Load_Loaded_Speed_Inc_30_to_60Hz,CWRU_12k + CWRU_48k + PU + UORED + Mechanical_Gear,Multi-Head DL (TABNET),0.41250000000000003,0.3646978021978022,0.835
UOEMD,Diagnosis,Load_Loaded_Speed_Inc_30_to_60Hz,CWRU_12k + CWRU_48k + PU + UORED + Electric_Motor,Multi-Head DL (TABNET),0.45,0.4353408029878618,0.8480357142857142
UOEMD,Diagnosis,Load_Loaded_Speed_Inc_30_to_60Hz,CWRU_12k + CWRU_48k + PU + Mechanical_Gear + Electric_Motor,Multi-Head DL (TABNET),0.525,0.512022358670629,0.8853571428571428
UOEMD,Diagnosis,Load_Loaded_Speed_Inc_30_to_60Hz,CWRU_12k + CWRU_48k + UORED + Mechanical_Gear + Electric_Motor,Multi-Head DL (TABNET),0.5125,0.4969115363536719,0.8778571428571429
UOEMD,Diagnosis,Load_Loaded_Speed_Inc_30_to_60Hz,CWRU_12k + HUST_Gearbox + HUST + PU + UORED,Multi-Head DL (TABNET),0.36250000000000004,0.31384948778565797,0.7741071428571429
UOEMD,Diagnosis,Load_Loaded_Speed_Inc_30_to_60Hz,CWRU_12k + HUST_Gearbox + HUST + PU + Mechanical_Gear,Multi-Head DL (TABNET),0.5,0.473593761829056,0.8503571428571428
UOEMD,Diagnosis,Load_Loaded_Speed_Inc_30_to_60Hz,CWRU_12k + HUST_Gearbox + HUST + PU + Electric_Motor,Multi-Head DL (TABNET),0.44999999999999996,0.4226672450356661,0.8096428571428572
UOEMD,Diagnosis,Load_Loaded_Speed_Inc_30_to_60Hz,CWRU_12k + HUST_Gearbox + HUST + UORED + Mechanical_Gear,Multi-Head DL (TABNET),0.45,0.4055735930735931,0.8664285714285714
UOEMD,Diagnosis,Load_Loaded_Speed_Inc_30_to_60Hz,CWRU_12k + HUST_Gearbox + HUST + UORED + Electric_Motor,Multi-Head DL (TABNET),0.5,0.46061597716009484,0.8430357142857143
UOEMD,Diagnosis,Load_Loaded_Speed_Inc_30_to_60Hz,CWRU_12k + HUST_Gearbox + HUST + Mechanical_Gear + Electric_Motor,Multi-Head DL (TABNET),0.45,0.37784090909090906,0.8696428571428572
UOEMD,Diagnosis,Load_Loaded_Speed_Inc_30_to_60Hz,CWRU_12k + HUST_Gearbox + PU + UORED + Mechanical_Gear,Multi-Head DL (TABNET),0.575,0.5324768622182415,0.8492857142857142
UOEMD,Diagnosis,Load_Loaded_Speed_Inc_30_to_60Hz,CWRU_12k + HUST_Gearbox + PU + UORED + Electric_Motor,Multi-Head DL (TABNET),0.4125,0.3566521023302938,0.7823214285714286
UOEMD,Diagnosis,Load_Loaded_Speed_Inc_30_to_60Hz,CWRU_12k + HUST_Gearbox + PU + Mechanical_Gear + Electric_Motor,Multi-Head DL (TABNET),0.475,0.45786120129870134,0.8692857142857142
UOEMD,Diagnosis,Load_Loaded_Speed_Inc_30_to_60Hz,CWRU_12k + HUST_Gearbox + UORED + Mechanical_Gear + Electric_Motor,Multi-Head DL (TABNET),0.5125,0.49643759018759015,0.89
UOEMD,Diagnosis,Load_Loaded_Speed_Inc_30_to_60Hz,CWRU_12k + HUST + PU + UORED + Mechanical_Gear,Multi-Head DL (TABNET),0.5,0.4695138888888889,0.8217857142857143
UOEMD,Diagnosis,Load_Loaded_Speed_Inc_30_to_60Hz,CWRU_12k + HUST + PU + UORED + Electric_Motor,Multi-Head DL (TABNET),0.3875,0.3707518992445463,0.7876785714285715
UOEMD,Diagnosis,Load_Loaded_Speed_Inc_30_to_60Hz,CWRU_12k + HUST + PU + Mechanical_Gear + Electric_Motor,Multi-Head DL (TABNET),0.5,0.4349912577887406,0.8401785714285714
UOEMD,Diagnosis,Load_Loaded_Speed_Inc_30_to_60Hz,CWRU_12k + HUST + UORED + Mechanical_Gear + Electric_Motor,Multi-Head DL (TABNET),0.525,0.4826923076923077,0.8414285714285714
UOEMD,Diagnosis,Load_Loaded_Speed_Inc_30_to_60Hz,CWRU_12k + PU + UORED + Mechanical_Gear + Electric_Motor,Multi-Head DL (TABNET),0.4375,0.37956487956487955,0.765
UOEMD,Diagnosis,Load_Loaded_Speed_Inc_30_to_60Hz,CWRU_48k + HUST_Gearbox + HUST + PU + UORED,Multi-Head DL (TABNET),0.45,0.4178607340372046,0.8323214285714287
UOEMD,Diagnosis,Load_Loaded_Speed_Inc_30_to_60Hz,CWRU_48k + HUST_Gearbox + HUST + PU + Mechanical_Gear,Multi-Head DL (TABNET),0.44999999999999996,0.38125,0.8200000000000001
UOEMD,Diagnosis,Load_Loaded_Speed_Inc_30_to_60Hz,CWRU_48k + HUST_Gearbox + HUST + PU + Electric_Motor,Multi-Head DL (TABNET),0.41250000000000003,0.38426735301735304,0.7960714285714285
UOEMD,Diagnosis,Load_Loaded_Speed_Inc_30_to_60Hz,CWRU_48k + HUST_Gearbox + HUST + UORED + Mechanical_Gear,Multi-Head DL (TABNET),0.5,0.4649149719495091,0.8657142857142857
UOEMD,Diagnosis,Load_Loaded_Speed_Inc_30_to_60Hz,CWRU_48k + HUST_Gearbox + HUST + UORED + Electric_Motor,Multi-Head DL (TABNET),0.475,0.44106060606060604,0.8410714285714286
UOEMD,Diagnosis,Load_Loaded_Speed_Inc_30_to_60Hz,CWRU_48k + HUST_Gearbox + HUST + Mechanical_Gear + Electric_Motor,Multi-Head DL (TABNET),0.525,0.489443818145107,0.8817857142857143
UOEMD,Diagnosis,Load_Loaded_Speed_Inc_30_to_60Hz,CWRU_48k + HUST_Gearbox + PU + UORED + Mechanical_Gear,Multi-Head DL (TABNET),0.525,0.4649044205495818,0.8464285714285714
UOEMD,Diagnosis,Load_Loaded_Speed_Inc_30_to_60Hz,CWRU_48k + HUST_Gearbox + PU + UORED + Electric_Motor,Multi-Head DL (TABNET),0.5375,0.5001716455890685,0.8880357142857143
UOEMD,Diagnosis,Load_Loaded_Speed_Inc_30_to_60Hz,CWRU_48k + HUST_Gearbox + PU + Mechanical_Gear + Electric_Motor,Multi-Head DL (TABNET),0.4,0.3268398268398268,0.770892857142857
UOEMD,Diagnosis,Load_Loaded_Speed_Inc_30_to_60Hz,CWRU_48k + HUST_Gearbox + UORED + Mechanical_Gear + Electric_Motor,Multi-Head DL (TABNET),0.475,0.4235851721881877,0.8353571428571429
UOEMD,Diagnosis,Load_Loaded_Speed_Inc_30_to_60Hz,CWRU_48k + HUST + PU + UORED + Mechanical_Gear,Multi-Head DL (TABNET),0.4125,0.3861874796350603,0.8132142857142857
UOEMD,Diagnosis,Load_Loaded_Speed_Inc_30_to_60Hz,CWRU_48k + HUST + PU + UORED + Electric_Motor,Multi-Head DL (TABNET),0.5125000000000001,0.48726504976504975,0.8123214285714286
UOEMD,Diagnosis,Load_Loaded_Speed_Inc_30_to_60Hz,CWRU_48k + HUST + PU + Mechanical_Gear + Electric_Motor,Multi-Head DL (TABNET),0.47500000000000003,0.4479096670723137,0.8071428571428572
UOEMD,Diagnosis,Load_Loaded_Speed_Inc_30_to_60Hz,CWRU_48k + HUST + UORED + Mechanical_Gear + Electric_Motor,Multi-Head DL (TABNET),0.55,0.537962962962963,0.8610714285714285
UOEMD,Diagnosis,Load_Loaded_Speed_Inc_30_to_60Hz,CWRU_48k + PU + UORED + Mechanical_Gear + Electric_Motor,Multi-Head DL (TABNET),0.48750000000000004,0.4309173669467787,0.8314285714285714
UOEMD,Diagnosis,Load_Loaded_Speed_Inc_30_to_60Hz,HUST_Gearbox + HUST + PU + UORED + Mechanical_Gear,Multi-Head DL (TABNET),0.4,0.3508762955983309,0.7923214285714286
UOEMD,Diagnosis,Load_Loaded_Speed_Inc_30_to_60Hz,HUST_Gearbox + HUST + PU + UORED + Electric_Motor,Multi-Head DL (TABNET),0.4625,0.4389379470846436,0.8105357142857142
UOEMD,Diagnosis,Load_Loaded_Speed_Inc_30_to_60Hz,HUST_Gearbox + HUST + PU + Mechanical_Gear + Electric_Motor,Multi-Head DL (TABNET),0.5125,0.433500417710944,0.87875
UOEMD,Diagnosis,Load_Loaded_Speed_Inc_30_to_60Hz,HUST_Gearbox + HUST + UORED + Mechanical_Gear + Electric_Motor,Multi-Head DL (TABNET),0.5375000000000001,0.5155751594896332,0.8501785714285715
UOEMD,Diagnosis,Load_Loaded_Speed_Inc_30_to_60Hz,HUST_Gearbox + PU + UORED + Mechanical_Gear + Electric_Motor,Multi-Head DL (TABNET),0.5,0.44017425810904076,0.8330357142857143
UOEMD,Diagnosis,Load_Loaded_Speed_Inc_30_to_60Hz,HUST + PU + UORED + Mechanical_Gear + Electric_Motor,Multi-Head DL (TABNET),0.525,0.47057109557109555,0.8025
UOEMD,Diagnosis,Load_Loaded_Speed_Inc_30_to_60Hz,CWRU_12k + CWRU_48k + HUST_Gearbox + HUST + PU + UORED,Multi-Head DL (TABNET),0.45000000000000007,0.42323864079183227,0.8367857142857142
UOEMD,Diagnosis,Load_Loaded_Speed_Inc_30_to_60Hz,CWRU_12k + CWRU_48k + HUST_Gearbox + HUST + PU + Mechanical_Gear,Multi-Head DL (TABNET),0.38749999999999996,0.32533328283593393,0.7514285714285716
UOEMD,Diagnosis,Load_Loaded_Speed_Inc_30_to_60Hz,CWRU_12k + CWRU_48k + HUST_Gearbox + HUST + PU + Electric_Motor,Multi-Head DL (TABNET),0.42500000000000004,0.3377594627594628,0.8308928571428571
UOEMD,Diagnosis,Load_Loaded_Speed_Inc_30_to_60Hz,CWRU_12k + CWRU_48k + HUST_Gearbox + HUST + UORED + Mechanical_Gear,Multi-Head DL (TABNET),0.475,0.4048388752052545,0.8010714285714285
UOEMD,Diagnosis,Load_Loaded_Speed_Inc_30_to_60Hz,CWRU_12k + CWRU_48k + HUST_Gearbox + HUST + UORED + Electric_Motor,Multi-Head DL (TABNET),0.5,0.4627332219437482,0.8530357142857143
UOEMD,Diagnosis,Load_Loaded_Speed_Inc_30_to_60Hz,CWRU_12k + CWRU_48k + HUST_Gearbox + HUST + Mechanical_Gear + Electric_Motor,Multi-Head DL (TABNET),0.525,0.45769577269577266,0.7894642857142857
UOEMD,Diagnosis,Load_Loaded_Speed_Inc_30_to_60Hz,CWRU_12k + CWRU_48k + HUST_Gearbox + PU + UORED + Mechanical_Gear,Multi-Head DL (TABNET),0.5,0.4731781376518218,0.8675
UOEMD,Diagnosis,Load_Loaded_Speed_Inc_30_to_60Hz,CWRU_12k + CWRU_48k + HUST_Gearbox + PU + UORED + Electric_Motor,Multi-Head DL (TABNET),0.4875,0.40526050945706615,0.8539285714285715
UOEMD,Diagnosis,Load_Loaded_Speed_Inc_30_to_60Hz,CWRU_12k + CWRU_48k + HUST_Gearbox + PU + Mechanical_Gear + Electric_Motor,Multi-Head DL (TABNET),0.5375,0.5026602564102565,0.8512500000000001
UOEMD,Diagnosis,Load_Loaded_Speed_Inc_30_to_60Hz,CWRU_12k + CWRU_48k + HUST_Gearbox + UORED + Mechanical_Gear + Electric_Motor,Multi-Head DL (TABNET),0.5375,0.5257952946642757,0.8685714285714285
UOEMD,Diagnosis,Load_Loaded_Speed_Inc_30_to_60Hz,CWRU_12k + CWRU_48k + HUST + PU + UORED + Mechanical_Gear,Multi-Head DL (TABNET),0.47500000000000003,0.45525826830174654,0.8371428571428572
UOEMD,Diagnosis,Load_Loaded_Speed_Inc_30_to_60Hz,CWRU_12k + CWRU_48k + HUST + PU + UORED + Electric_Motor,Multi-Head DL (TABNET),0.5,0.47745353202009555,0.8680357142857142
UOEMD,Diagnosis,Load_Loaded_Speed_Inc_30_to_60Hz,CWRU_12k + CWRU_48k + HUST + PU + Mechanical_Gear + Electric_Motor,Multi-Head DL (TABNET),0.475,0.44588317384370013,0.8208928571428571
UOEMD,Diagnosis,Load_Loaded_Speed_Inc_30_to_60Hz,CWRU_12k + CWRU_48k + HUST + UORED + Mechanical_Gear + Electric_Motor,Multi-Head DL (TABNET),0.5,0.4502371123888152,0.8267857142857143
UOEMD,Diagnosis,Load_Loaded_Speed_Inc_30_to_60Hz,CWRU_12k + CWRU_48k + PU + UORED + Mechanical_Gear + Electric_Motor,Multi-Head DL (TABNET),0.5,0.46196581196581193,0.8355357142857143
UOEMD,Diagnosis,Load_Loaded_Speed_Inc_30_to_60Hz,CWRU_12k + HUST_Gearbox + HUST + PU + UORED + Mechanical_Gear,Multi-Head DL (TABNET),0.38749999999999996,0.334289248762933,0.77125
UOEMD,Diagnosis,Load_Loaded_Speed_Inc_30_to_60Hz,CWRU_12k + HUST_Gearbox + HUST + PU + UORED + Electric_Motor,Multi-Head DL (TABNET),0.525,0.48552008606356434,0.8575
UOEMD,Diagnosis,Load_Loaded_Speed_Inc_30_to_60Hz,CWRU_12k + HUST_Gearbox + HUST + PU + Mechanical_Gear + Electric_Motor,Multi-Head DL (TABNET),0.475,0.3870545930042497,0.8257142857142856
UOEMD,Diagnosis,Load_Loaded_Speed_Inc_30_to_60Hz,CWRU_12k + HUST_Gearbox + HUST + UORED + Mechanical_Gear + Electric_Motor,Multi-Head DL (TABNET),0.525,0.5109979889391654,0.8466071428571429
UOEMD,Diagnosis,Load_Loaded_Speed_Inc_30_to_60Hz,CWRU_12k + HUST_Gearbox + PU + UORED + Mechanical_Gear + Electric_Motor,Multi-Head DL (TABNET),0.5375,0.48304843304843303,0.8866071428571429
UOEMD,Diagnosis,Load_Loaded_Speed_Inc_30_to_60Hz,CWRU_12k + HUST + PU + UORED + Mechanical_Gear + Electric_Motor,Multi-Head DL (TABNET),0.475,0.4395283975659229,0.8221428571428572
UOEMD,Diagnosis,Load_Loaded_Speed_Inc_30_to_60Hz,CWRU_48k + HUST_Gearbox + HUST + PU + UORED + Mechanical_Gear,Multi-Head DL (TABNET),0.5499999999999999,0.5136300505050505,0.8744642857142857
UOEMD,Diagnosis,Load_Loaded_Speed_Inc_30_to_60Hz,CWRU_48k + HUST_Gearbox + HUST + PU + UORED + Electric_Motor,Multi-Head DL (TABNET),0.5,0.44827720666430343,0.8194642857142858
UOEMD,Diagnosis,Load_Loaded_Speed_Inc_30_to_60Hz,CWRU_48k + HUST_Gearbox + HUST + PU + Mechanical_Gear + Electric_Motor,Multi-Head DL (TABNET),0.4375,0.3611111111111111,0.8201785714285714
UOEMD,Diagnosis,Load_Loaded_Speed_Inc_30_to_60Hz,CWRU_48k + HUST_Gearbox + HUST + UORED + Mechanical_Gear + Electric_Motor,Multi-Head DL (TABNET),0.5125,0.4952099210129396,0.8875
UOEMD,Diagnosis,Load_Loaded_Speed_Inc_30_to_60Hz,CWRU_48k + HUST_Gearbox + PU + UORED + Mechanical_Gear + Electric_Motor,Multi-Head DL (TABNET),0.4125,0.41603192248572685,0.8294642857142857
UOEMD,Diagnosis,Load_Loaded_Speed_Inc_30_to_60Hz,CWRU_48k + HUST + PU + UORED + Mechanical_Gear + Electric_Motor,Multi-Head DL (TABNET),0.4375,0.3832809224318658,0.8151785714285714
UOEMD,Diagnosis,Load_Loaded_Speed_Inc_30_to_60Hz,HUST_Gearbox + HUST + PU + UORED + Mechanical_Gear + Electric_Motor,Multi-Head DL (TABNET),0.5125,0.4721341706539075,0.8469642857142857
UOEMD,Diagnosis,Load_Loaded_Speed_Inc_30_to_60Hz,CWRU_12k + CWRU_48k + HUST_Gearbox + HUST + PU + UORED + Mechanical_Gear,Multi-Head DL (TABNET),0.3875,0.3177104583163335,0.7971428571428572
UOEMD,Diagnosis,Load_Loaded_Speed_Inc_30_to_60Hz,CWRU_12k + CWRU_48k + HUST_Gearbox + HUST + PU + UORED + Electric_Motor,Multi-Head DL (TABNET),0.475,0.43340372551177636,0.8869642857142856
UOEMD,Diagnosis,Load_Loaded_Speed_Inc_30_to_60Hz,CWRU_12k + CWRU_48k + HUST_Gearbox + HUST + PU + Mechanical_Gear + Electric_Motor,Multi-Head DL (TABNET),0.3875,0.30691964285714285,0.7853571428571429
UOEMD,Diagnosis,Load_Loaded_Speed_Inc_30_to_60Hz,CWRU_12k + CWRU_48k + HUST_Gearbox + HUST + UORED + Mechanical_Gear + Electric_Motor,Multi-Head DL (TABNET),0.5375000000000001,0.4842004401025294,0.9175
UOEMD,Diagnosis,Load_Loaded_Speed_Inc_30_to_60Hz,CWRU_12k + CWRU_48k + HUST_Gearbox + PU + UORED + Mechanical_Gear + Electric_Motor,Multi-Head DL (TABNET),0.5125,0.49853452067829473,0.8355357142857144
UOEMD,Diagnosis,Load_Loaded_Speed_Inc_30_to_60Hz,CWRU_12k + CWRU_48k + HUST + PU + UORED + Mechanical_Gear + Electric_Motor,Multi-Head DL (TABNET),0.575,0.5527920179235969,0.8712500000000001
UOEMD,Diagnosis,Load_Loaded_Speed_Inc_30_to_60Hz,CWRU_12k + HUST_Gearbox + HUST + PU + UORED + Mechanical_Gear + Electric_Motor,Multi-Head DL (TABNET),0.4375,0.3891390297449049,0.7807142857142857
UOEMD,Diagnosis,Load_Loaded_Speed_Inc_30_to_60Hz,CWRU_48k + HUST_Gearbox + HUST + PU + UORED + Mechanical_Gear + Electric_Motor,Multi-Head DL (TABNET),0.5125,0.4927075490934187,0.835
UOEMD,Diagnosis,Load_Loaded_Speed_Inc_30_to_60Hz,CWRU_12k + CWRU_48k + HUST_Gearbox + HUST + PU + UORED + Mechanical_Gear + Electric_Motor,Multi-Head DL (TABNET),0.41250000000000003,0.377831541218638,0.8551785714285713
UOEMD,Diagnosis,Load_No_Load_Speed_15Hz,CWRU_12k,Multi-Head DL (TABNET),0.725,0.6848443223443224,0.9803571428571429
UOEMD,Diagnosis,Load_No_Load_Speed_15Hz,CWRU_48k,Multi-Head DL (TABNET),0.5,0.38916419837472466,0.8653571428571428
UOEMD,Diagnosis,Load_No_Load_Speed_15Hz,HUST_Gearbox,Multi-Head DL (TABNET),0.375,0.28965677179962895,0.8435714285714286
UOEMD,Diagnosis,Load_No_Load_Speed_15Hz,HUST,Multi-Head DL (TABNET),0.4875,0.4219924812030075,0.86625
UOEMD,Diagnosis,Load_No_Load_Speed_15Hz,PU,Multi-Head DL (TABNET),0.375,0.2666207710464201,0.7664285714285715
UOEMD,Diagnosis,Load_No_Load_Speed_15Hz,UORED,Multi-Head DL (TABNET),0.4875,0.44246031746031744,0.89375
UOEMD,Diagnosis,Load_No_Load_Speed_15Hz,Mechanical_Gear,Multi-Head DL (TABNET),0.7375,0.6697380607280495,0.93375
UOEMD,Diagnosis,Load_No_Load_Speed_15Hz,Electric_Motor,Multi-Head DL (TABNET),0.4375,0.3810817805383023,0.9146428571428571
UOEMD,Diagnosis,Load_No_Load_Speed_15Hz,CWRU_12k + CWRU_48k,Multi-Head DL (TABNET),0.4375,0.380718954248366,0.7755357142857142
UOEMD,Diagnosis,Load_No_Load_Speed_15Hz,CWRU_12k + HUST_Gearbox,Multi-Head DL (TABNET),0.35,0.25702772897410436,0.8057142857142857
UOEMD,Diagnosis,Load_No_Load_Speed_15Hz,CWRU_12k + HUST,Multi-Head DL (TABNET),0.2375,0.12719298245614036,0.7535714285714286
UOEMD,Diagnosis,Load_No_Load_Speed_15Hz,CWRU_12k + PU,Multi-Head DL (TABNET),0.3,0.23261490831150278,0.843392857142857
UOEMD,Diagnosis,Load_No_Load_Speed_15Hz,CWRU_12k + UORED,Multi-Head DL (TABNET),0.25,0.16194331983805668,0.74375
UOEMD,Diagnosis,Load_No_Load_Speed_15Hz,CWRU_12k + Mechanical_Gear,Multi-Head DL (TABNET),0.4375,0.42397660818713445,0.9128571428571428
UOEMD,Diagnosis,Load_No_Load_Speed_15Hz,CWRU_12k + Electric_Motor,Multi-Head DL (TABNET),0.6,0.49749072199730093,0.9176785714285715
UOEMD,Diagnosis,Load_No_Load_Speed_15Hz,CWRU_48k + HUST_Gearbox,Multi-Head DL (TABNET),0.5875,0.5057053376906318,0.9482142857142857
UOEMD,Diagnosis,Load_No_Load_Speed_15Hz,CWRU_48k + HUST,Multi-Head DL (TABNET),0.36250000000000004,0.2657123978117893,0.8110714285714287
UOEMD,Diagnosis,Load_No_Load_Speed_15Hz,CWRU_48k + PU,Multi-Head DL (TABNET),0.475,0.37436868686868685,0.7689285714285714
UOEMD,Diagnosis,Load_No_Load_Speed_15Hz,CWRU_48k + UORED,Multi-Head DL (TABNET),0.45,0.3905369484316853,0.9126785714285715
UOEMD,Diagnosis,Load_No_Load_Speed_15Hz,CWRU_48k + Mechanical_Gear,Multi-Head DL (TABNET),0.375,0.22916666666666663,0.815
UOEMD,Diagnosis,Load_No_Load_Speed_15Hz,CWRU_48k + Electric_Motor,Multi-Head DL (TABNET),0.625,0.557692843219159,0.8396428571428571
UOEMD,Diagnosis,Load_No_Load_Speed_15Hz,HUST_Gearbox + HUST,Multi-Head DL (TABNET),0.2875,0.20398351648351648,0.86875
UOEMD,Diagnosis,Load_No_Load_Speed_15Hz,HUST_Gearbox + PU,Multi-Head DL (TABNET),0.55,0.4899891774891775,0.8669642857142857
UOEMD,Diagnosis,Load_No_Load_Speed_15Hz,HUST_Gearbox + UORED,Multi-Head DL (TABNET),0.525,0.47305826324705036,0.9110714285714285
UOEMD,Diagnosis,Load_No_Load_Speed_15Hz,HUST_Gearbox + Mechanical_Gear,Multi-Head DL (TABNET),0.3875,0.3629303790594113,0.8676785714285713
UOEMD,Diagnosis,Load_No_Load_Speed_15Hz,HUST_Gearbox + Electric_Motor,Multi-Head DL (TABNET),0.525,0.40673498650472334,0.8646428571428572
UOEMD,Diagnosis,Load_No_Load_Speed_15Hz,HUST + PU,Multi-Head DL (TABNET),0.45,0.40689033189033186,0.8101785714285714
UOEMD,Diagnosis,Load_No_Load_Speed_15Hz,HUST + UORED,Multi-Head DL (TABNET),0.4875,0.4285714285714286,0.8217857142857143
UOEMD,Diagnosis,Load_No_Load_Speed_15Hz,HUST + Mechanical_Gear,Multi-Head DL (TABNET),0.7124999999999999,0.6379211603669808,0.8630357142857144
UOEMD,Diagnosis,Load_No_Load_Speed_15Hz,HUST + Electric_Motor,Multi-Head DL (TABNET),0.3875,0.36863309187603155,0.8417857142857142
UOEMD,Diagnosis,Load_No_Load_Speed_15Hz,PU + UORED,Multi-Head DL (TABNET),0.38749999999999996,0.2865734600648394,0.8071428571428572
UOEMD,Diagnosis,Load_No_Load_Speed_15Hz,PU + Mechanical_Gear,Multi-Head DL (TABNET),0.4875,0.4041353383458647,0.7523214285714286
UOEMD,Diagnosis,Load_No_Load_Speed_15Hz,PU + Electric_Motor,Multi-Head DL (TABNET),0.375,0.2736170491588448,0.7782142857142857
UOEMD,Diagnosis,Load_No_Load_Speed_15Hz,UORED + Mechanical_Gear,Multi-Head DL (TABNET),0.4125,0.29963023580044856,0.8878571428571429
UOEMD,Diagnosis,Load_No_Load_Speed_15Hz,UORED + Electric_Motor,Multi-Head DL (TABNET),0.475,0.42142857142857143,0.8805357142857143
UOEMD,Diagnosis,Load_No_Load_Speed_15Hz,Mechanical_Gear + Electric_Motor,Multi-Head DL (TABNET),0.75,0.7083464611084954,0.9671428571428571
UOEMD,Diagnosis,Load_No_Load_Speed_15Hz,CWRU_12k + CWRU_48k + HUST_Gearbox,Multi-Head DL (TABNET),0.5125,0.3813219301024179,0.8869642857142856
UOEMD,Diagnosis,Load_No_Load_Speed_15Hz,CWRU_12k + CWRU_48k + HUST,Multi-Head DL (TABNET),0.4875,0.4076354679802956,0.8542857142857143
UOEMD,Diagnosis,Load_No_Load_Speed_15Hz,CWRU_12k + CWRU_48k + PU,Multi-Head DL (TABNET),0.375,0.20833333333333331,0.8792857142857142
UOEMD,Diagnosis,Load_No_Load_Speed_15Hz,CWRU_12k + CWRU_48k + UORED,Multi-Head DL (TABNET),0.3125,0.24088145896656538,0.7446428571428572
UOEMD,Diagnosis,Load_No_Load_Speed_15Hz,CWRU_12k + CWRU_48k + Mechanical_Gear,Multi-Head DL (TABNET),0.6875,0.6030344202898551,0.8491071428571428
UOEMD,Diagnosis,Load_No_Load_Speed_15Hz,CWRU_12k + CWRU_48k + Electric_Motor,Multi-Head DL (TABNET),0.6,0.5428701519954674,0.9891071428571429
UOEMD,Diagnosis,Load_No_Load_Speed_15Hz,CWRU_12k + HUST_Gearbox + HUST,Multi-Head DL (TABNET),0.4625,0.4087810337810338,0.8433928571428572
UOEMD,Diagnosis,Load_No_Load_Speed_15Hz,CWRU_12k + HUST_Gearbox + PU,Multi-Head DL (TABNET),0.475,0.3495861390117881,0.8758928571428571
UOEMD,Diagnosis,Load_No_Load_Speed_15Hz,CWRU_12k + HUST_Gearbox + UORED,Multi-Head DL (TABNET),0.425,0.38097666222666227,0.8991071428571429
UOEMD,Diagnosis,Load_No_Load_Speed_15Hz,CWRU_12k + HUST_Gearbox + Mechanical_Gear,Multi-Head DL (TABNET),0.6,0.5433897243107769,0.8889285714285715
UOEMD,Diagnosis,Load_No_Load_Speed_15Hz,CWRU_12k + HUST_Gearbox + Electric_Motor,Multi-Head DL (TABNET),0.55,0.4476304945054945,0.9569642857142857
UOEMD,Diagnosis,Load_No_Load_Speed_15Hz,CWRU_12k + HUST + PU,Multi-Head DL (TABNET),0.4875,0.4088645021040665,0.8155357142857143
UOEMD,Diagnosis,Load_No_Load_Speed_15Hz,CWRU_12k + HUST + UORED,Multi-Head DL (TABNET),0.5125,0.41768871041450123,0.8475
UOEMD,Diagnosis,Load_No_Load_Speed_15Hz,CWRU_12k + HUST + Mechanical_Gear,Multi-Head DL (TABNET),0.325,0.23451017068038343,0.8516071428571428
UOEMD,Diagnosis,Load_No_Load_Speed_15Hz,CWRU_12k + HUST + Electric_Motor,Multi-Head DL (TABNET),0.25,0.10905253283302063,0.7210714285714286
UOEMD,Diagnosis,Load_No_Load_Speed_15Hz,CWRU_12k + PU + UORED,Multi-Head DL (TABNET),0.275,0.2058017285861713,0.7878571428571428
UOEMD,Diagnosis,Load_No_Load_Speed_15Hz,CWRU_12k + PU + Mechanical_Gear,Multi-Head DL (TABNET),0.25,0.12141816415735796,0.6430357142857144
UOEMD,Diagnosis,Load_No_Load_Speed_15Hz,CWRU_12k + PU + Electric_Motor,Multi-Head DL (TABNET),0.2625,0.15404376208897486,0.84375
UOEMD,Diagnosis,Load_No_Load_Speed_15Hz,CWRU_12k + UORED + Mechanical_Gear,Multi-Head DL (TABNET),0.4625,0.39564326604767786,0.8255357142857143
UOEMD,Diagnosis,Load_No_Load_Speed_15Hz,CWRU_12k + UORED + Electric_Motor,Multi-Head DL (TABNET),0.3875,0.3181818181818182,0.8841071428571429
UOEMD,Diagnosis,Load_No_Load_Speed_15Hz,CWRU_12k + Mechanical_Gear + Electric_Motor,Multi-Head DL (TABNET),0.5,0.38087815848173473,0.8733928571428571
UOEMD,Diagnosis,Load_No_Load_Speed_15Hz,CWRU_48k + HUST_Gearbox + HUST,Multi-Head DL (TABNET),0.525,0.41835016835016836,0.9183928571428572
UOEMD,Diagnosis,Load_No_Load_Speed_15Hz,CWRU_48k + HUST_Gearbox + PU,Multi-Head DL (TABNET),0.375,0.2568710359408034,0.7230357142857143
UOEMD,Diagnosis,Load_No_Load_Speed_15Hz,CWRU_48k + HUST_Gearbox + UORED,Multi-Head DL (TABNET),0.5875,0.5271164021164021,0.8466071428571429
UOEMD,Diagnosis,Load_No_Load_Speed_15Hz,CWRU_48k + HUST_Gearbox + Mechanical_Gear,Multi-Head DL (TABNET),0.4,0.3113122752953261,0.7905357142857143
UOEMD,Diagnosis,Load_No_Load_Speed_15Hz,CWRU_48k + HUST_Gearbox + Electric_Motor,Multi-Head DL (TABNET),0.525,0.470483682983683,0.93875
UOEMD,Diagnosis,Load_No_Load_Speed_15Hz,CWRU_48k + HUST + PU,Multi-Head DL (TABNET),0.4,0.2923832323627125,0.8167857142857142
UOEMD,Diagnosis,Load_No_Load_Speed_15Hz,CWRU_48k + HUST + UORED,Multi-Head DL (TABNET),0.625,0.5682767524872787,0.8505357142857143
UOEMD,Diagnosis,Load_No_Load_Speed_15Hz,CWRU_48k + HUST + Mechanical_Gear,Multi-Head DL (TABNET),0.375,0.22764227642276422,0.7932142857142858
UOEMD,Diagnosis,Load_No_Load_Speed_15Hz,CWRU_48k + HUST + Electric_Motor,Multi-Head DL (TABNET),0.4875,0.4206188548293811,0.8296428571428571
UOEMD,Diagnosis,Load_No_Load_Speed_15Hz,CWRU_48k + PU + UORED,Multi-Head DL (TABNET),0.5,0.3784013605442177,0.78
UOEMD,Diagnosis,Load_No_Load_Speed_15Hz,CWRU_48k + PU + Mechanical_Gear,Multi-Head DL (TABNET),0.325,0.23245614035087717,0.7523214285714286
UOEMD,Diagnosis,Load_No_Load_Speed_15Hz,CWRU_48k + PU + Electric_Motor,Multi-Head DL (TABNET),0.375,0.20906054729584142,0.9087500000000001
UOEMD,Diagnosis,Load_No_Load_Speed_15Hz,CWRU_48k + UORED + Mechanical_Gear,Multi-Head DL (TABNET),0.4875,0.4293966623876765,0.7826785714285714
UOEMD,Diagnosis,Load_No_Load_Speed_15Hz,CWRU_48k + UORED + Electric_Motor,Multi-Head DL (TABNET),0.6124999999999999,0.5652919311021181,0.9728571428571429
UOEMD,Diagnosis,Load_No_Load_Speed_15Hz,CWRU_48k + Mechanical_Gear + Electric_Motor,Multi-Head DL (TABNET),0.55,0.47274793975561236,0.8576785714285715
UOEMD,Diagnosis,Load_No_Load_Speed_15Hz,HUST_Gearbox + HUST + PU,Multi-Head DL (TABNET),0.3625,0.21754807692307693,0.8046428571428572
UOEMD,Diagnosis,Load_No_Load_Speed_15Hz,HUST_Gearbox + HUST + UORED,Multi-Head DL (TABNET),0.375,0.22859025032938074,0.7092857142857143
UOEMD,Diagnosis,Load_No_Load_Speed_15Hz,HUST_Gearbox + HUST + Mechanical_Gear,Multi-Head DL (TABNET),0.575,0.5416980929162919,0.8944642857142857
UOEMD,Diagnosis,Load_No_Load_Speed_15Hz,HUST_Gearbox + HUST + Electric_Motor,Multi-Head DL (TABNET),0.5,0.448644971838549,0.8971428571428571
UOEMD,Diagnosis,Load_No_Load_Speed_15Hz,HUST_Gearbox + PU + UORED,Multi-Head DL (TABNET),0.46249999999999997,0.40056390977443607,0.8357142857142856
UOEMD,Diagnosis,Load_No_Load_Speed_15Hz,HUST_Gearbox + PU + Mechanical_Gear,Multi-Head DL (TABNET),0.1875,0.16578947368421054,0.7382142857142857
UOEMD,Diagnosis,Load_No_Load_Speed_15Hz,HUST_Gearbox + PU + Electric_Motor,Multi-Head DL (TABNET),0.375,0.2664141414141414,0.9053571428571429
UOEMD,Diagnosis,Load_No_Load_Speed_15Hz,HUST_Gearbox + UORED + Mechanical_Gear,Multi-Head DL (TABNET),0.23750000000000002,0.1405433646812957,0.8239285714285715
UOEMD,Diagnosis,Load_No_Load_Speed_15Hz,HUST_Gearbox + UORED + Electric_Motor,Multi-Head DL (TABNET),0.5375,0.43716145201713963,0.9817857142857143
UOEMD,Diagnosis,Load_No_Load_Speed_15Hz,HUST_Gearbox + Mechanical_Gear + Electric_Motor,Multi-Head DL (TABNET),0.5,0.4651534739770034,0.9098214285714286
UOEMD,Diagnosis,Load_No_Load_Speed_15Hz,HUST + PU + UORED,Multi-Head DL (TABNET),0.3625,0.2099391480730223,0.8892857142857142
UOEMD,Diagnosis,Load_No_Load_Speed_15Hz,HUST + PU + Mechanical_Gear,Multi-Head DL (TABNET),0.375,0.27540106951871657,0.8526785714285714
UOEMD,Diagnosis,Load_No_Load_Speed_15Hz,HUST + PU + Electric_Motor,Multi-Head DL (TABNET),0.5625,0.4814888775018086,0.9296428571428572
UOEMD,Diagnosis,Load_No_Load_Speed_15Hz,HUST + UORED + Mechanical_Gear,Multi-Head DL (TABNET),0.5125,0.478878287817075,0.8241071428571429
UOEMD,Diagnosis,Load_No_Load_Speed_15Hz,HUST + UORED + Electric_Motor,Multi-Head DL (TABNET),0.5375,0.44546778041360086,0.8133928571428573
UOEMD,Diagnosis,Load_No_Load_Speed_15Hz,HUST + Mechanical_Gear + Electric_Motor,Multi-Head DL (TABNET),0.625,0.55,0.9042857142857144
UOEMD,Diagnosis,Load_No_Load_Speed_15Hz,PU + UORED + Mechanical_Gear,Multi-Head DL (TABNET),0.42500000000000004,0.33524135882148054,0.8932142857142857
UOEMD,Diagnosis,Load_No_Load_Speed_15Hz,PU + UORED + Electric_Motor,Multi-Head DL (TABNET),0.25,0.19016793320198894,0.7860714285714285
UOEMD,Diagnosis,Load_No_Load_Speed_15Hz,PU + Mechanical_Gear + Electric_Motor,Multi-Head DL (TABNET),0.3,0.3056586270871985,0.7857142857142857
UOEMD,Diagnosis,Load_No_Load_Speed_15Hz,UORED + Mechanical_Gear + Electric_Motor,Multi-Head DL (TABNET),0.525,0.47172619047619047,0.91375
UOEMD,Diagnosis,Load_No_Load_Speed_15Hz,CWRU_12k + CWRU_48k + HUST_Gearbox + HUST,Multi-Head DL (TABNET),0.6,0.544024615735142,0.9312499999999999
UOEMD,Diagnosis,Load_No_Load_Speed_15Hz,CWRU_12k + CWRU_48k + HUST_Gearbox + PU,Multi-Head DL (TABNET),0.38749999999999996,0.29269989878542507,0.8435714285714286
UOEMD,Diagnosis,Load_No_Load_Speed_15Hz,CWRU_12k + CWRU_48k + HUST_Gearbox + UORED,Multi-Head DL (TABNET),0.2625,0.15610398059975159,0.9351785714285714
UOEMD,Diagnosis,Load_No_Load_Speed_15Hz,CWRU_12k + CWRU_48k + HUST_Gearbox + Mechanical_Gear,Multi-Head DL (TABNET),0.6125,0.5126692410373761,0.9467857142857143
UOEMD,Diagnosis,Load_No_Load_Speed_15Hz,CWRU_12k + CWRU_48k + HUST_Gearbox + Electric_Motor,Multi-Head DL (TABNET),0.375,0.27208672086720864,0.8028571428571428
UOEMD,Diagnosis,Load_No_Load_Speed_15Hz,CWRU_12k + CWRU_48k + HUST + PU,Multi-Head DL (TABNET),0.275,0.21234524438185765,0.73
UOEMD,Diagnosis,Load_No_Load_Speed_15Hz,CWRU_12k + CWRU_48k + HUST + UORED,Multi-Head DL (TABNET),0.5,0.4443139097744361,0.7983928571428571
UOEMD,Diagnosis,Load_No_Load_Speed_15Hz,CWRU_12k + CWRU_48k + HUST + Mechanical_Gear,Multi-Head DL (TABNET),0.4375,0.33290200138026227,0.8798214285714285
UOEMD,Diagnosis,Load_No_Load_Speed_15Hz,CWRU_12k + CWRU_48k + HUST + Electric_Motor,Multi-Head DL (TABNET),0.4,0.3449248120300752,0.8066071428571429
UOEMD,Diagnosis,Load_No_Load_Speed_15Hz,CWRU_12k + CWRU_48k + PU + UORED,Multi-Head DL (TABNET),0.4,0.30513468013468015,0.9146428571428572
UOEMD,Diagnosis,Load_No_Load_Speed_15Hz,CWRU_12k + CWRU_48k + PU + Mechanical_Gear,Multi-Head DL (TABNET),0.5,0.38446969696969696,0.8403571428571428
UOEMD,Diagnosis,Load_No_Load_Speed_15Hz,CWRU_12k + CWRU_48k + PU + Electric_Motor,Multi-Head DL (TABNET),0.2625,0.12760015408320494,0.7117857142857144
UOEMD,Diagnosis,Load_No_Load_Speed_15Hz,CWRU_12k + CWRU_48k + UORED + Mechanical_Gear,Multi-Head DL (TABNET),0.55,0.4254926108374384,0.9135714285714285
UOEMD,Diagnosis,Load_No_Load_Speed_15Hz,CWRU_12k + CWRU_48k + UORED + Electric_Motor,Multi-Head DL (TABNET),0.625,0.5272242125690402,0.8341071428571428
UOEMD,Diagnosis,Load_No_Load_Speed_15Hz,CWRU_12k + CWRU_48k + Mechanical_Gear + Electric_Motor,Multi-Head DL (TABNET),0.375,0.2767562724014337,0.8857142857142857
UOEMD,Diagnosis,Load_No_Load_Speed_15Hz,CWRU_12k + HUST_Gearbox + HUST + PU,Multi-Head DL (TABNET),0.2375,0.10841836734693877,0.8317857142857144
UOEMD,Diagnosis,Load_No_Load_Speed_15Hz,CWRU_12k + HUST_Gearbox + HUST + UORED,Multi-Head DL (TABNET),0.2375,0.22327898550724637,0.7735714285714286
UOEMD,Diagnosis,Load_No_Load_Speed_15Hz,CWRU_12k + HUST_Gearbox + HUST + Mechanical_Gear,Multi-Head DL (TABNET),0.375,0.28311011904761907,0.8133928571428573
UOEMD,Diagnosis,Load_No_Load_Speed_15Hz,CWRU_12k + HUST_Gearbox + HUST + Electric_Motor,Multi-Head DL (TABNET),0.475,0.38768015521064303,0.845
UOEMD,Diagnosis,Load_No_Load_Speed_15Hz,CWRU_12k + HUST_Gearbox + PU + UORED,Multi-Head DL (TABNET),0.35,0.28079436902966315,0.7035714285714285
UOEMD,Diagnosis,Load_No_Load_Speed_15Hz,CWRU_12k + HUST_Gearbox + PU + Mechanical_Gear,Multi-Head DL (TABNET),0.2625,0.1861888111888112,0.70375
UOEMD,Diagnosis,Load_No_Load_Speed_15Hz,CWRU_12k + HUST_Gearbox + PU + Electric_Motor,Multi-Head DL (TABNET),0.3375,0.24879032258064515,0.8319642857142857
UOEMD,Diagnosis,Load_No_Load_Speed_15Hz,CWRU_12k + HUST_Gearbox + UORED + Mechanical_Gear,Multi-Head DL (TABNET),0.42500000000000004,0.42453033078033076,0.9105357142857142
UOEMD,Diagnosis,Load_No_Load_Speed_15Hz,CWRU_12k + HUST_Gearbox + UORED + Electric_Motor,Multi-Head DL (TABNET),0.5,0.37628824476650563,0.7298214285714286
UOEMD,Diagnosis,Load_No_Load_Speed_15Hz,CWRU_12k + HUST_Gearbox + Mechanical_Gear + Electric_Motor,Multi-Head DL (TABNET),0.35,0.2666494133885438,0.8417857142857144
UOEMD,Diagnosis,Load_No_Load_Speed_15Hz,CWRU_12k + HUST + PU + UORED,Multi-Head DL (TABNET),0.25,0.1392857142857143,0.8666071428571429
UOEMD,Diagnosis,Load_No_Load_Speed_15Hz,CWRU_12k + HUST + PU + Mechanical_Gear,Multi-Head DL (TABNET),0.3125,0.26226624252940045,0.8228571428571428
UOEMD,Diagnosis,Load_No_Load_Speed_15Hz,CWRU_12k + HUST + PU + Electric_Motor,Multi-Head DL (TABNET),0.35,0.2625,0.9319642857142857
UOEMD,Diagnosis,Load_No_Load_Speed_15Hz,CWRU_12k + HUST + UORED + Mechanical_Gear,Multi-Head DL (TABNET),0.5125,0.4560394670688789,0.9326785714285715
UOEMD,Diagnosis,Load_No_Load_Speed_15Hz,CWRU_12k + HUST + UORED + Electric_Motor,Multi-Head DL (TABNET),0.625,0.5342712842712842,0.8085714285714285
UOEMD,Diagnosis,Load_No_Load_Speed_15Hz,CWRU_12k + HUST + Mechanical_Gear + Electric_Motor,Multi-Head DL (TABNET),0.4125,0.34867591424968475,0.7575000000000001
UOEMD,Diagnosis,Load_No_Load_Speed_15Hz,CWRU_12k + PU + UORED + Mechanical_Gear,Multi-Head DL (TABNET),0.25,0.16964285714285715,0.73875
UOEMD,Diagnosis,Load_No_Load_Speed_15Hz,CWRU_12k + PU + UORED + Electric_Motor,Multi-Head DL (TABNET),0.3375,0.2751109877913429,0.8841071428571429
UOEMD,Diagnosis,Load_No_Load_Speed_15Hz,CWRU_12k + PU + Mechanical_Gear + Electric_Motor,Multi-Head DL (TABNET),0.375,0.25109970674486803,0.8598214285714285
UOEMD,Diagnosis,Load_No_Load_Speed_15Hz,CWRU_12k + UORED + Mechanical_Gear + Electric_Motor,Multi-Head DL (TABNET),0.25,0.21632794289044288,0.7557142857142857
UOEMD,Diagnosis,Load_No_Load_Speed_15Hz,CWRU_48k + HUST_Gearbox + HUST + PU,Multi-Head DL (TABNET),0.25,0.12672090112640802,0.7875000000000001
UOEMD,Diagnosis,Load_No_Load_Speed_15Hz,CWRU_48k + HUST_Gearbox + HUST + UORED,Multi-Head DL (TABNET),0.4375,0.33214285714285713,0.8778571428571429
UOEMD,Diagnosis,Load_No_Load_Speed_15Hz,CWRU_48k + HUST_Gearbox + HUST + Mechanical_Gear,Multi-Head DL (TABNET),0.35,0.261197603087163,0.8498214285714285
UOEMD,Diagnosis,Load_No_Load_Speed_15Hz,CWRU_48k + HUST_Gearbox + HUST + Electric_Motor,Multi-Head DL (TABNET),0.5625,0.47570505635021765,0.9005357142857143
UOEMD,Diagnosis,Load_No_Load_Speed_15Hz,CWRU_48k + HUST_Gearbox + PU + UORED,Multi-Head DL (TABNET),0.1875,0.1568627450980392,0.7696428571428572
UOEMD,Diagnosis,Load_No_Load_Speed_15Hz,CWRU_48k + HUST_Gearbox + PU + Mechanical_Gear,Multi-Head DL (TABNET),0.375,0.3134920634920635,0.8258928571428571
UOEMD,Diagnosis,Load_No_Load_Speed_15Hz,CWRU_48k + HUST_Gearbox + PU + Electric_Motor,Multi-Head DL (TABNET),0.3125,0.21848833732057416,0.7678571428571428
UOEMD,Diagnosis,Load_No_Load_Speed_15Hz,CWRU_48k + HUST_Gearbox + UORED + Mechanical_Gear,Multi-Head DL (TABNET),0.2875,0.16058488612836438,0.9203571428571429
UOEMD,Diagnosis,Load_No_Load_Speed_15Hz,CWRU_48k + HUST_Gearbox + UORED + Electric_Motor,Multi-Head DL (TABNET),0.4375,0.3544259049773756,0.9217857142857143
UOEMD,Diagnosis,Load_No_Load_Speed_15Hz,CWRU_48k + HUST_Gearbox + Mechanical_Gear + Electric_Motor,Multi-Head DL (TABNET),0.3375,0.34984756097560976,0.7716071428571429
UOEMD,Diagnosis,Load_No_Load_Speed_15Hz,CWRU_48k + HUST + PU + UORED,Multi-Head DL (TABNET),0.35,0.24242424242424243,0.7366071428571428
UOEMD,Diagnosis,Load_No_Load_Speed_15Hz,CWRU_48k + HUST + PU + Mechanical_Gear,Multi-Head DL (TABNET),0.225,0.17149758454106281,0.7760714285714285
UOEMD,Diagnosis,Load_No_Load_Speed_15Hz,CWRU_48k + HUST + PU + Electric_Motor,Multi-Head DL (TABNET),0.35,0.28015873015873016,0.7628571428571429
UOEMD,Diagnosis,Load_No_Load_Speed_15Hz,CWRU_48k + HUST + UORED + Mechanical_Gear,Multi-Head DL (TABNET),0.42500000000000004,0.32731820234869013,0.75125
UOEMD,Diagnosis,Load_No_Load_Speed_15Hz,CWRU_48k + HUST + UORED + Electric_Motor,Multi-Head DL (TABNET),0.4625,0.3727327033778647,0.9128571428571428
UOEMD,Diagnosis,Load_No_Load_Speed_15Hz,CWRU_48k + HUST + Mechanical_Gear + Electric_Motor,Multi-Head DL (TABNET),0.5125,0.45893719806763283,0.8569642857142857
UOEMD,Diagnosis,Load_No_Load_Speed_15Hz,CWRU_48k + PU + UORED + Mechanical_Gear,Multi-Head DL (TABNET),0.4375,0.3664619694031459,0.8896428571428572
UOEMD,Diagnosis,Load_No_Load_Speed_15Hz,CWRU_48k + PU + UORED + Electric_Motor,Multi-Head DL (TABNET),0.4375,0.3138888888888889,0.8682142857142857
UOEMD,Diagnosis,Load_No_Load_Speed_15Hz,CWRU_48k + PU + Mechanical_Gear + Electric_Motor,Multi-Head DL (TABNET),0.525,0.42372742200328406,0.8626785714285714
UOEMD,Diagnosis,Load_No_Load_Speed_15Hz,CWRU_48k + UORED + Mechanical_Gear + Electric_Motor,Multi-Head DL (TABNET),0.1375,0.07056451612903225,0.8580357142857142
UOEMD,Diagnosis,Load_No_Load_Speed_15Hz,HUST_Gearbox + HUST + PU + UORED,Multi-Head DL (TABNET),0.225,0.2152777777777778,0.7348214285714285
UOEMD,Diagnosis,Load_No_Load_Speed_15Hz,HUST_Gearbox + HUST + PU + Mechanical_Gear,Multi-Head DL (TABNET),0.2625,0.16054778554778554,0.82375
UOEMD,Diagnosis,Load_No_Load_Speed_15Hz,HUST_Gearbox + HUST + PU + Electric_Motor,Multi-Head DL (TABNET),0.4,0.25721500721500723,0.8153571428571429
UOEMD,Diagnosis,Load_No_Load_Speed_15Hz,HUST_Gearbox + HUST + UORED + Mechanical_Gear,Multi-Head DL (TABNET),0.45,0.36599288925056184,0.8571428571428572
UOEMD,Diagnosis,Load_No_Load_Speed_15Hz,HUST_Gearbox + HUST + UORED + Electric_Motor,Multi-Head DL (TABNET),0.55,0.5176183538683539,0.9135714285714286
UOEMD,Diagnosis,Load_No_Load_Speed_15Hz,HUST_Gearbox + HUST + Mechanical_Gear + Electric_Motor,Multi-Head DL (TABNET),0.575,0.5021678321678322,0.9450000000000001
UOEMD,Diagnosis,Load_No_Load_Speed_15Hz,HUST_Gearbox + PU + UORED + Mechanical_Gear,Multi-Head DL (TABNET),0.6,0.5530615331432028,0.9421428571428572
UOEMD,Diagnosis,Load_No_Load_Speed_15Hz,HUST_Gearbox + PU + UORED + Electric_Motor,Multi-Head DL (TABNET),0.4625,0.366198752228164,0.9405357142857143
UOEMD,Diagnosis,Load_No_Load_Speed_15Hz,HUST_Gearbox + PU + Mechanical_Gear + Electric_Motor,Multi-Head DL (TABNET),0.225,0.13257575757575757,0.7591071428571428
UOEMD,Diagnosis,Load_No_Load_Speed_15Hz,HUST_Gearbox + UORED + Mechanical_Gear + Electric_Motor,Multi-Head DL (TABNET),0.25,0.13166556945358787,0.8680357142857142
UOEMD,Diagnosis,Load_No_Load_Speed_15Hz,HUST + PU + UORED + Mechanical_Gear,Multi-Head DL (TABNET),0.25,0.16964285714285715,0.7662500000000001
UOEMD,Diagnosis,Load_No_Load_Speed_15Hz,HUST + PU + UORED + Electric_Motor,Multi-Head DL (TABNET),0.375,0.3346134152585765,0.750357142857143
UOEMD,Diagnosis,Load_No_Load_Speed_15Hz,HUST + PU + Mechanical_Gear + Electric_Motor,Multi-Head DL (TABNET),0.4625,0.3642314990512334,0.8426785714285714
UOEMD,Diagnosis,Load_No_Load_Speed_15Hz,HUST + UORED + Mechanical_Gear + Electric_Motor,Multi-Head DL (TABNET),0.4125,0.31132756132756134,0.8614285714285714
UOEMD,Diagnosis,Load_No_Load_Speed_15Hz,PU + UORED + Mechanical_Gear + Electric_Motor,Multi-Head DL (TABNET),0.4375,0.3233901515151515,0.9055357142857143
UOEMD,Diagnosis,Load_No_Load_Speed_15Hz,CWRU_12k + CWRU_48k + HUST_Gearbox + HUST + PU,Multi-Head DL (TABNET),0.35,0.2847593582887701,0.8753571428571428
UOEMD,Diagnosis,Load_No_Load_Speed_15Hz,CWRU_12k + CWRU_48k + HUST_Gearbox + HUST + UORED,Multi-Head DL (TABNET),0.25,0.2051502419149478,0.7966071428571428
UOEMD,Diagnosis,Load_No_Load_Speed_15Hz,CWRU_12k + CWRU_48k + HUST_Gearbox + HUST + Mechanical_Gear,Multi-Head DL (TABNET),0.2625,0.16715542521994137,0.9008928571428572
UOEMD,Diagnosis,Load_No_Load_Speed_15Hz,CWRU_12k + CWRU_48k + HUST_Gearbox + HUST + Electric_Motor,Multi-Head DL (TABNET),0.25,0.12993762993762994,0.7798214285714286
UOEMD,Diagnosis,Load_No_Load_Speed_15Hz,CWRU_12k + CWRU_48k + HUST_Gearbox + PU + UORED,Multi-Head DL (TABNET),0.4375,0.3586977554179567,0.8844642857142857
UOEMD,Diagnosis,Load_No_Load_Speed_15Hz,CWRU_12k + CWRU_48k + HUST_Gearbox + PU + Mechanical_Gear,Multi-Head DL (TABNET),0.25,0.14166666666666666,0.729107142857143
UOEMD,Diagnosis,Load_No_Load_Speed_15Hz,CWRU_12k + CWRU_48k + HUST_Gearbox + PU + Electric_Motor,Multi-Head DL (TABNET),0.325,0.267825311942959,0.7407142857142858
UOEMD,Diagnosis,Load_No_Load_Speed_15Hz,CWRU_12k + CWRU_48k + HUST_Gearbox + UORED + Mechanical_Gear,Multi-Head DL (TABNET),0.525,0.4077636459989401,0.9105357142857142
UOEMD,Diagnosis,Load_No_Load_Speed_15Hz,CWRU_12k + CWRU_48k + HUST_Gearbox + UORED + Electric_Motor,Multi-Head DL (TABNET),0.375,0.2216235632183908,0.8960714285714286
UOEMD,Diagnosis,Load_No_Load_Speed_15Hz,CWRU_12k + CWRU_48k + HUST_Gearbox + Mechanical_Gear + Electric_Motor,Multi-Head DL (TABNET),0.35,0.25042794895736076,0.7360714285714286
UOEMD,Diagnosis,Load_No_Load_Speed_15Hz,CWRU_12k + CWRU_48k + HUST + PU + UORED,Multi-Head DL (TABNET),0.25,0.13392857142857142,0.8692857142857142
UOEMD,Diagnosis,Load_No_Load_Speed_15Hz,CWRU_12k + CWRU_48k + HUST + PU + Mechanical_Gear,Multi-Head DL (TABNET),0.4625,0.45305571621361096,0.79625
UOEMD,Diagnosis,Load_No_Load_Speed_15Hz,CWRU_12k + CWRU_48k + HUST + PU + Electric_Motor,Multi-Head DL (TABNET),0.25,0.11904761904761904,0.7151785714285714
UOEMD,Diagnosis,Load_No_Load_Speed_15Hz,CWRU_12k + CWRU_48k + HUST + UORED + Mechanical_Gear,Multi-Head DL (TABNET),0.4375,0.3894230769230769,0.825
UOEMD,Diagnosis,Load_No_Load_Speed_15Hz,CWRU_12k + CWRU_48k + HUST + UORED + Electric_Motor,Multi-Head DL (TABNET),0.575,0.51875,0.8689285714285715
UOEMD,Diagnosis,Load_No_Load_Speed_15Hz,CWRU_12k + CWRU_48k + HUST + Mechanical_Gear + Electric_Motor,Multi-Head DL (TABNET),0.36250000000000004,0.27222222222222225,0.8633928571428571
UOEMD,Diagnosis,Load_No_Load_Speed_15Hz,CWRU_12k + CWRU_48k + PU + UORED + Mechanical_Gear,Multi-Head DL (TABNET),0.35,0.2236061247454721,0.8458928571428571
UOEMD,Diagnosis,Load_No_Load_Speed_15Hz,CWRU_12k + CWRU_48k + PU + UORED + Electric_Motor,Multi-Head DL (TABNET),0.38749999999999996,0.2696146346469622,0.8401785714285714
UOEMD,Diagnosis,Load_No_Load_Speed_15Hz,CWRU_12k + CWRU_48k + PU + Mechanical_Gear + Electric_Motor,Multi-Head DL (TABNET),0.3125,0.23440669371196754,0.8341071428571428
UOEMD,Diagnosis,Load_No_Load_Speed_15Hz,CWRU_12k + CWRU_48k + UORED + Mechanical_Gear + Electric_Motor,Multi-Head DL (TABNET),0.2375,0.10667340748230536,0.8375
UOEMD,Diagnosis,Load_No_Load_Speed_15Hz,CWRU_12k + HUST_Gearbox + HUST + PU + UORED,Multi-Head DL (TABNET),0.25,0.12962962962962962,0.6894642857142856
UOEMD,Diagnosis,Load_No_Load_Speed_15Hz,CWRU_12k + HUST_Gearbox + HUST + PU + Mechanical_Gear,Multi-Head DL (TABNET),0.21250000000000002,0.18250670679840347,0.7385714285714287
UOEMD,Diagnosis,Load_No_Load_Speed_15Hz,CWRU_12k + HUST_Gearbox + HUST + PU + Electric_Motor,Multi-Head DL (TABNET),0.2625,0.25066844919786097,0.8308928571428571
UOEMD,Diagnosis,Load_No_Load_Speed_15Hz,CWRU_12k + HUST_Gearbox + HUST + UORED + Mechanical_Gear,Multi-Head DL (TABNET),0.675,0.6243734335839599,0.9214285714285715
UOEMD,Diagnosis,Load_No_Load_Speed_15Hz,CWRU_12k + HUST_Gearbox + HUST + UORED + Electric_Motor,Multi-Head DL (TABNET),0.475,0.4141025641025641,0.7594642857142857
UOEMD,Diagnosis,Load_No_Load_Speed_15Hz,CWRU_12k + HUST_Gearbox + HUST + Mechanical_Gear + Electric_Motor,Multi-Head DL (TABNET),0.2625,0.16695804195804198,0.8083928571428571
UOEMD,Diagnosis,Load_No_Load_Speed_15Hz,CWRU_12k + HUST_Gearbox + PU + UORED + Mechanical_Gear,Multi-Head DL (TABNET),0.3375,0.2671659838842501,0.8105357142857144
UOEMD,Diagnosis,Load_No_Load_Speed_15Hz,CWRU_12k + HUST_Gearbox + PU + UORED + Electric_Motor,Multi-Head DL (TABNET),0.2875,0.23154761904761906,0.74875
UOEMD,Diagnosis,Load_No_Load_Speed_15Hz,CWRU_12k + HUST_Gearbox + PU + Mechanical_Gear + Electric_Motor,Multi-Head DL (TABNET),0.25,0.21363636363636362,0.7146428571428571
UOEMD,Diagnosis,Load_No_Load_Speed_15Hz,CWRU_12k + HUST_Gearbox + UORED + Mechanical_Gear + Electric_Motor,Multi-Head DL (TABNET),0.4625,0.3802800269905533,0.9083928571428572
UOEMD,Diagnosis,Load_No_Load_Speed_15Hz,CWRU_12k + HUST + PU + UORED + Mechanical_Gear,Multi-Head DL (TABNET),0.375,0.26967592592592593,0.8051785714285714
UOEMD,Diagnosis,Load_No_Load_Speed_15Hz,CWRU_12k + HUST + PU + UORED + Electric_Motor,Multi-Head DL (TABNET),0.38749999999999996,0.3058340794597685,0.8101785714285715
UOEMD,Diagnosis,Load_No_Load_Speed_15Hz,CWRU_12k + HUST + PU + Mechanical_Gear + Electric_Motor,Multi-Head DL (TABNET),0.25,0.17860991379310345,0.7701785714285714
UOEMD,Diagnosis,Load_No_Load_Speed_15Hz,CWRU_12k + HUST + UORED + Mechanical_Gear + Electric_Motor,Multi-Head DL (TABNET),0.25,0.10036130068245686,0.8341071428571429
UOEMD,Diagnosis,Load_No_Load_Speed_15Hz,CWRU_12k + PU + UORED + Mechanical_Gear + Electric_Motor,Multi-Head DL (TABNET),0.25,0.1141025641025641,0.7760714285714285
UOEMD,Diagnosis,Load_No_Load_Speed_15Hz,CWRU_48k + HUST_Gearbox + HUST + PU + UORED,Multi-Head DL (TABNET),0.175,0.1254432624113475,0.685
UOEMD,Diagnosis,Load_No_Load_Speed_15Hz,CWRU_48k + HUST_Gearbox + HUST + PU + Mechanical_Gear,Multi-Head DL (TABNET),0.175,0.18421052631578946,0.77875
UOEMD,Diagnosis,Load_No_Load_Speed_15Hz,CWRU_48k + HUST_Gearbox + HUST + PU + Electric_Motor,Multi-Head DL (TABNET),0.425,0.3363095238095238,0.8339285714285714
UOEMD,Diagnosis,Load_No_Load_Speed_15Hz,CWRU_48k + HUST_Gearbox + HUST + UORED + Mechanical_Gear,Multi-Head DL (TABNET),0.55,0.43253968253968256,0.9067857142857143
UOEMD,Diagnosis,Load_No_Load_Speed_15Hz,CWRU_48k + HUST_Gearbox + HUST + UORED + Electric_Motor,Multi-Head DL (TABNET),0.3875,0.3150688257624029,0.8707142857142858
UOEMD,Diagnosis,Load_No_Load_Speed_15Hz,CWRU_48k + HUST_Gearbox + HUST + Mechanical_Gear + Electric_Motor,Multi-Head DL (TABNET),0.2875,0.16910060975609756,0.8417857142857142
UOEMD,Diagnosis,Load_No_Load_Speed_15Hz,CWRU_48k + HUST_Gearbox + PU + UORED + Mechanical_Gear,Multi-Head DL (TABNET),0.375,0.2693089430894309,0.8610714285714285
UOEMD,Diagnosis,Load_No_Load_Speed_15Hz,CWRU_48k + HUST_Gearbox + PU + UORED + Electric_Motor,Multi-Head DL (TABNET),0.375,0.2182347794049922,0.8860714285714286
UOEMD,Diagnosis,Load_No_Load_Speed_15Hz,CWRU_48k + HUST_Gearbox + PU + Mechanical_Gear + Electric_Motor,Multi-Head DL (TABNET),0.25,0.1266025641025641,0.6969642857142857
UOEMD,Diagnosis,Load_No_Load_Speed_15Hz,CWRU_48k + HUST_Gearbox + UORED + Mechanical_Gear + Electric_Motor,Multi-Head DL (TABNET),0.3125,0.23572712010212013,0.9146428571428571
UOEMD,Diagnosis,Load_No_Load_Speed_15Hz,CWRU_48k + HUST + PU + UORED + Mechanical_Gear,Multi-Head DL (TABNET),0.2375,0.1400862068965517,0.6725000000000001
UOEMD,Diagnosis,Load_No_Load_Speed_15Hz,CWRU_48k + HUST + PU + UORED + Electric_Motor,Multi-Head DL (TABNET),0.0875,0.10606060606060606,0.7923214285714286
UOEMD,Diagnosis,Load_No_Load_Speed_15Hz,CWRU_48k + HUST + PU + Mechanical_Gear + Electric_Motor,Multi-Head DL (TABNET),0.3625,0.26789021164021165,0.6960714285714286
UOEMD,Diagnosis,Load_No_Load_Speed_15Hz,CWRU_48k + HUST + UORED + Mechanical_Gear + Electric_Motor,Multi-Head DL (TABNET),0.35,0.30808080808080807,0.7566071428571428
UOEMD,Diagnosis,Load_No_Load_Speed_15Hz,CWRU_48k + PU + UORED + Mechanical_Gear + Electric_Motor,Multi-Head DL (TABNET),0.4,0.2912202380952381,0.8692857142857142
UOEMD,Diagnosis,Load_No_Load_Speed_15Hz,HUST_Gearbox + HUST + PU + UORED + Mechanical_Gear,Multi-Head DL (TABNET),0.5,0.3766025641025641,0.8605357142857143
UOEMD,Diagnosis,Load_No_Load_Speed_15Hz,HUST_Gearbox + HUST + PU + UORED + Electric_Motor,Multi-Head DL (TABNET),0.375,0.21340090090090091,0.9182142857142858
UOEMD,Diagnosis,Load_No_Load_Speed_15Hz,HUST_Gearbox + HUST + PU + Mechanical_Gear + Electric_Motor,Multi-Head DL (TABNET),0.375,0.2518939393939394,0.8566071428571429
UOEMD,Diagnosis,Load_No_Load_Speed_15Hz,HUST_Gearbox + HUST + UORED + Mechanical_Gear + Electric_Motor,Multi-Head DL (TABNET),0.675,0.6191306899700013,0.9221428571428572
UOEMD,Diagnosis,Load_No_Load_Speed_15Hz,HUST_Gearbox + PU + UORED + Mechanical_Gear + Electric_Motor,Multi-Head DL (TABNET),0.3,0.23097826086956522,0.82125
UOEMD,Diagnosis,Load_No_Load_Speed_15Hz,HUST + PU + UORED + Mechanical_Gear + Electric_Motor,Multi-Head DL (TABNET),0.2375,0.1343402225755167,0.6860714285714286
UOEMD,Diagnosis,Load_No_Load_Speed_15Hz,CWRU_12k + CWRU_48k + HUST_Gearbox + HUST + PU + UORED,Multi-Head DL (TABNET),0.375,0.25297619047619047,0.7460714285714285
UOEMD,Diagnosis,Load_No_Load_Speed_15Hz,CWRU_12k + CWRU_48k + HUST_Gearbox + HUST + PU + Mechanical_Gear,Multi-Head DL (TABNET),0.2625,0.14706065512517125,0.7410714285714286
UOEMD,Diagnosis,Load_No_Load_Speed_15Hz,CWRU_12k + CWRU_48k + HUST_Gearbox + HUST + PU + Electric_Motor,Multi-Head DL (TABNET),0.25,0.14322916666666669,0.8489285714285715
UOEMD,Diagnosis,Load_No_Load_Speed_15Hz,CWRU_12k + CWRU_48k + HUST_Gearbox + HUST + UORED + Mechanical_Gear,Multi-Head DL (TABNET),0.3875,0.29600168350168354,0.8875
UOEMD,Diagnosis,Load_No_Load_Speed_15Hz,CWRU_12k + CWRU_48k + HUST_Gearbox + HUST + UORED + Electric_Motor,Multi-Head DL (TABNET),0.39999999999999997,0.3202499049685751,0.8560714285714286
UOEMD,Diagnosis,Load_No_Load_Speed_15Hz,CWRU_12k + CWRU_48k + HUST_Gearbox + HUST + Mechanical_Gear + Electric_Motor,Multi-Head DL (TABNET),0.2625,0.14085772984078068,0.8135714285714286
UOEMD,Diagnosis,Load_No_Load_Speed_15Hz,CWRU_12k + CWRU_48k + HUST_Gearbox + PU + UORED + Mechanical_Gear,Multi-Head DL (TABNET),0.3375,0.2634785353535354,0.8126785714285715
UOEMD,Diagnosis,Load_No_Load_Speed_15Hz,CWRU_12k + CWRU_48k + HUST_Gearbox + PU + UORED + Electric_Motor,Multi-Head DL (TABNET),0.475,0.3805052790346908,0.8667857142857144
UOEMD,Diagnosis,Load_No_Load_Speed_15Hz,CWRU_12k + CWRU_48k + HUST_Gearbox + PU + Mechanical_Gear + Electric_Motor,Multi-Head DL (TABNET),0.375,0.255952380952381,0.9358928571428571
UOEMD,Diagnosis,Load_No_Load_Speed_15Hz,CWRU_12k + CWRU_48k + HUST_Gearbox + UORED + Mechanical_Gear + Electric_Motor,Multi-Head DL (TABNET),0.4625,0.447172619047619,0.875
UOEMD,Diagnosis,Load_No_Load_Speed_15Hz,CWRU_12k + CWRU_48k + HUST + PU + UORED + Mechanical_Gear,Multi-Head DL (TABNET),0.2875,0.19685374149659862,0.91625
UOEMD,Diagnosis,Load_No_Load_Speed_15Hz,CWRU_12k + CWRU_48k + HUST + PU + UORED + Electric_Motor,Multi-Head DL (TABNET),0.4,0.30224867724867727,0.7980357142857143
UOEMD,Diagnosis,Load_No_Load_Speed_15Hz,CWRU_12k + CWRU_48k + HUST + PU + Mechanical_Gear + Electric_Motor,Multi-Head DL (TABNET),0.2125,0.1907894736842105,0.7683928571428571
UOEMD,Diagnosis,Load_No_Load_Speed_15Hz,CWRU_12k + CWRU_48k + HUST + UORED + Mechanical_Gear + Electric_Motor,Multi-Head DL (TABNET),0.3875,0.2584651938100214,0.9246428571428571
UOEMD,Diagnosis,Load_No_Load_Speed_15Hz,CWRU_12k + CWRU_48k + PU + UORED + Mechanical_Gear + Electric_Motor,Multi-Head DL (TABNET),0.625,0.5486111111111112,0.9207142857142857
UOEMD,Diagnosis,Load_No_Load_Speed_15Hz,CWRU_12k + HUST_Gearbox + HUST + PU + UORED + Mechanical_Gear,Multi-Head DL (TABNET),0.1375,0.10606060606060605,0.8180357142857143
UOEMD,Diagnosis,Load_No_Load_Speed_15Hz,CWRU_12k + HUST_Gearbox + HUST + PU + UORED + Electric_Motor,Multi-Head DL (TABNET),0.125,0.07352941176470588,0.7575000000000001
UOEMD,Diagnosis,Load_No_Load_Speed_15Hz,CWRU_12k + HUST_Gearbox + HUST + PU + Mechanical_Gear + Electric_Motor,Multi-Head DL (TABNET),0.3375,0.24632043734230447,0.7933928571428571
UOEMD,Diagnosis,Load_No_Load_Speed_15Hz,CWRU_12k + HUST_Gearbox + HUST + UORED + Mechanical_Gear + Electric_Motor,Multi-Head DL (TABNET),0.5125,0.4208258891743465,0.8008928571428571
UOEMD,Diagnosis,Load_No_Load_Speed_15Hz,CWRU_12k + HUST_Gearbox + PU + UORED + Mechanical_Gear + Electric_Motor,Multi-Head DL (TABNET),0.2375,0.14747064137308039,0.7430357142857144
UOEMD,Diagnosis,Load_No_Load_Speed_15Hz,CWRU_12k + HUST + PU + UORED + Mechanical_Gear + Electric_Motor,Multi-Head DL (TABNET),0.36250000000000004,0.31380534670008353,0.7525
UOEMD,Diagnosis,Load_No_Load_Speed_15Hz,CWRU_48k + HUST_Gearbox + HUST + PU + UORED + Mechanical_Gear,Multi-Head DL (TABNET),0.4,0.29244306418219457,0.7941071428571429
UOEMD,Diagnosis,Load_No_Load_Speed_15Hz,CWRU_48k + HUST_Gearbox + HUST + PU + UORED + Electric_Motor,Multi-Head DL (TABNET),0.275,0.18456277764788404,0.8033928571428571
UOEMD,Diagnosis,Load_No_Load_Speed_15Hz,CWRU_48k + HUST_Gearbox + HUST + PU + Mechanical_Gear + Electric_Motor,Multi-Head DL (TABNET),0.475,0.47075621746674373,0.8946428571428572
UOEMD,Diagnosis,Load_No_Load_Speed_15Hz,CWRU_48k + HUST_Gearbox + HUST + UORED + Mechanical_Gear + Electric_Motor,Multi-Head DL (TABNET),0.4125,0.31454106238588997,0.9199999999999999
UOEMD,Diagnosis,Load_No_Load_Speed_15Hz,CWRU_48k + HUST_Gearbox + PU + UORED + Mechanical_Gear + Electric_Motor,Multi-Head DL (TABNET),0.3125,0.22627068290079255,0.8066071428571429
UOEMD,Diagnosis,Load_No_Load_Speed_15Hz,CWRU_48k + HUST + PU + UORED + Mechanical_Gear + Electric_Motor,Multi-Head DL (TABNET),0.3875,0.2781914893617021,0.8798214285714285
UOEMD,Diagnosis,Load_No_Load_Speed_15Hz,HUST_Gearbox + HUST + PU + UORED + Mechanical_Gear + Electric_Motor,Multi-Head DL (TABNET),0.375,0.25007817385866166,0.7660714285714285
UOEMD,Diagnosis,Load_No_Load_Speed_15Hz,CWRU_12k + CWRU_48k + HUST_Gearbox + HUST + PU + UORED + Mechanical_Gear,Multi-Head DL (TABNET),0.375,0.2361111111111111,0.8392857142857143
UOEMD,Diagnosis,Load_No_Load_Speed_15Hz,CWRU_12k + CWRU_48k + HUST_Gearbox + HUST + PU + UORED + Electric_Motor,Multi-Head DL (TABNET),0.5,0.3869047619047619,0.8653571428571429
UOEMD,Diagnosis,Load_No_Load_Speed_15Hz,CWRU_12k + CWRU_48k + HUST_Gearbox + HUST + PU + Mechanical_Gear + Electric_Motor,Multi-Head DL (TABNET),0.5,0.35416666666666663,0.8592857142857143
UOEMD,Diagnosis,Load_No_Load_Speed_15Hz,CWRU_12k + CWRU_48k + HUST_Gearbox + HUST + UORED + Mechanical_Gear + Electric_Motor,Multi-Head DL (TABNET),0.35,0.2504585473220836,0.7764285714285715
UOEMD,Diagnosis,Load_No_Load_Speed_15Hz,CWRU_12k + CWRU_48k + HUST_Gearbox + PU + UORED + Mechanical_Gear + Electric_Motor,Multi-Head DL (TABNET),0.4625,0.36890898080414203,0.8907142857142858
UOEMD,Diagnosis,Load_No_Load_Speed_15Hz,CWRU_12k + CWRU_48k + HUST + PU + UORED + Mechanical_Gear + Electric_Motor,Multi-Head DL (TABNET),0.5125,0.4273809523809524,0.8980357142857143
UOEMD,Diagnosis,Load_No_Load_Speed_15Hz,CWRU_12k + HUST_Gearbox + HUST + PU + UORED + Mechanical_Gear + Electric_Motor,Multi-Head DL (TABNET),0.375,0.20833333333333331,0.6921428571428572
UOEMD,Diagnosis,Load_No_Load_Speed_15Hz,CWRU_48k + HUST_Gearbox + HUST + PU + UORED + Mechanical_Gear + Electric_Motor,Multi-Head DL (TABNET),0.3,0.19023711211211214,0.8032142857142857
UOEMD,Diagnosis,Load_No_Load_Speed_15Hz,CWRU_12k + CWRU_48k + HUST_Gearbox + HUST + PU + UORED + Mechanical_Gear + Electric_Motor,Multi-Head DL (TABNET),0.5,0.3737068965517241,0.8653571428571429
UOEMD,Diagnosis,Load_No_Load_Speed_30Hz,CWRU_12k,Multi-Head DL (TABNET),0.5,0.4312094155844156,0.9421428571428572
UOEMD,Diagnosis,Load_No_Load_Speed_30Hz,CWRU_48k,Multi-Head DL (TABNET),0.625,0.5544986263736263,0.9369642857142857
UOEMD,Diagnosis,Load_No_Load_Speed_30Hz,HUST_Gearbox,Multi-Head DL (TABNET),0.425,0.37142857142857144,0.8710714285714285
UOEMD,Diagnosis,Load_No_Load_Speed_30Hz,HUST,Multi-Head DL (TABNET),0.625,0.5208333333333333,0.9358928571428571
UOEMD,Diagnosis,Load_No_Load_Speed_30Hz,PU,Multi-Head DL (TABNET),0.5375,0.4717432950191571,0.8916071428571428
UOEMD,Diagnosis,Load_No_Load_Speed_30Hz,UORED,Multi-Head DL (TABNET),0.5125,0.44772727272727275,0.8678571428571429
UOEMD,Diagnosis,Load_No_Load_Speed_30Hz,Mechanical_Gear,Multi-Head DL (TABNET),0.6875,0.6857370699475963,0.9546428571428571
UOEMD,Diagnosis,Load_No_Load_Speed_30Hz,Electric_Motor,Multi-Head DL (TABNET),0.75,0.7203282828282829,0.95375
UOEMD,Diagnosis,Load_No_Load_Speed_30Hz,CWRU_12k + CWRU_48k,Multi-Head DL (TABNET),0.525,0.4770656380203504,0.845
UOEMD,Diagnosis,Load_No_Load_Speed_30Hz,CWRU_12k + HUST_Gearbox,Multi-Head DL (TABNET),0.42500000000000004,0.3613425925925926,0.9282142857142857
UOEMD,Diagnosis,Load_No_Load_Speed_30Hz,CWRU_12k + HUST,Multi-Head DL (TABNET),0.5625,0.47581053698074977,0.8694642857142858
UOEMD,Diagnosis,Load_No_Load_Speed_30Hz,CWRU_12k + PU,Multi-Head DL (TABNET),0.4625,0.3781702898550725,0.8723214285714286
UOEMD,Diagnosis,Load_No_Load_Speed_30Hz,CWRU_12k + UORED,Multi-Head DL (TABNET),0.675,0.6038281186838063,0.9501785714285714
UOEMD,Diagnosis,Load_No_Load_Speed_30Hz,CWRU_12k + Mechanical_Gear,Multi-Head DL (TABNET),0.5125,0.4132819953659534,0.8992857142857142
UOEMD,Diagnosis,Load_No_Load_Speed_30Hz,CWRU_12k + Electric_Motor,Multi-Head DL (TABNET),0.5,0.43315018315018317,0.8807142857142858
UOEMD,Diagnosis,Load_No_Load_Speed_30Hz,CWRU_48k + HUST_Gearbox,Multi-Head DL (TABNET),0.5,0.38768115942028986,0.8708928571428571
UOEMD,Diagnosis,Load_No_Load_Speed_30Hz,CWRU_48k + HUST,Multi-Head DL (TABNET),0.4875,0.38629629629629625,0.8728571428571428
UOEMD,Diagnosis,Load_No_Load_Speed_30Hz,CWRU_48k + PU,Multi-Head DL (TABNET),0.4875,0.40940465918895597,0.823392857142857
UOEMD,Diagnosis,Load_No_Load_Speed_30Hz,CWRU_48k + UORED,Multi-Head DL (TABNET),0.45,0.353988603988604,0.8719642857142857
UOEMD,Diagnosis,Load_No_Load_Speed_30Hz,CWRU_48k + Mechanical_Gear,Multi-Head DL (TABNET),0.875,0.8302545155993432,0.9448214285714286
UOEMD,Diagnosis,Load_No_Load_Speed_30Hz,CWRU_48k + Electric_Motor,Multi-Head DL (TABNET),0.475,0.36696306429548564,0.8646428571428572
UOEMD,Diagnosis,Load_No_Load_Speed_30Hz,HUST_Gearbox + HUST,Multi-Head DL (TABNET),0.525,0.4363213530655391,0.9235714285714286
UOEMD,Diagnosis,Load_No_Load_Speed_30Hz,HUST_Gearbox + PU,Multi-Head DL (TABNET),0.375,0.2857142857142857,0.7589285714285714
UOEMD,Diagnosis,Load_No_Load_Speed_30Hz,HUST_Gearbox + UORED,Multi-Head DL (TABNET),0.5,0.425,0.8889285714285714
UOEMD,Diagnosis,Load_No_Load_Speed_30Hz,HUST_Gearbox + Mechanical_Gear,Multi-Head DL (TABNET),0.6,0.575266290726817,0.9164285714285714
UOEMD,Diagnosis,Load_No_Load_Speed_30Hz,HUST_Gearbox + Electric_Motor,Multi-Head DL (TABNET),0.725,0.6418520578420467,0.9051785714285714
UOEMD,Diagnosis,Load_No_Load_Speed_30Hz,HUST + PU,Multi-Head DL (TABNET),0.375,0.2857142857142857,0.8496428571428571
UOEMD,Diagnosis,Load_No_Load_Speed_30Hz,HUST + UORED,Multi-Head DL (TABNET),0.65,0.5526960784313726,0.9291071428571429
UOEMD,Diagnosis,Load_No_Load_Speed_30Hz,HUST + Mechanical_Gear,Multi-Head DL (TABNET),0.6125,0.5035774921173902,0.9796428571428571
UOEMD,Diagnosis,Load_No_Load_Speed_30Hz,HUST + Electric_Motor,Multi-Head DL (TABNET),0.5875,0.500369549150037,0.9014285714285715
UOEMD,Diagnosis,Load_No_Load_Speed_30Hz,PU + UORED,Multi-Head DL (TABNET),0.36250000000000004,0.29322066822066817,0.7473214285714286
UOEMD,Diagnosis,Load_No_Load_Speed_30Hz,PU + Mechanical_Gear,Multi-Head DL (TABNET),0.5,0.35308105872622,0.8939285714285714
UOEMD,Diagnosis,Load_No_Load_Speed_30Hz,PU + Electric_Motor,Multi-Head DL (TABNET),0.625,0.5079826396961946,0.8658928571428572
UOEMD,Diagnosis,Load_No_Load_Speed_30Hz,UORED + Mechanical_Gear,Multi-Head DL (TABNET),0.5125,0.4569264069264069,0.9307142857142856
UOEMD,Diagnosis,Load_No_Load_Speed_30Hz,UORED + Electric_Motor,Multi-Head DL (TABNET),0.575,0.4919871794871795,0.92625
UOEMD,Diagnosis,Load_No_Load_Speed_30Hz,Mechanical_Gear + Electric_Motor,Multi-Head DL (TABNET),0.7,0.6255660048763497,0.9844642857142858
UOEMD,Diagnosis,Load_No_Load_Speed_30Hz,CWRU_12k + CWRU_48k + HUST_Gearbox,Multi-Head DL (TABNET),0.44999999999999996,0.41025641025641024,0.8871428571428571
UOEMD,Diagnosis,Load_No_Load_Speed_30Hz,CWRU_12k + CWRU_48k + HUST,Multi-Head DL (TABNET),0.5,0.3964346349745331,0.9096428571428572
UOEMD,Diagnosis,Load_No_Load_Speed_30Hz,CWRU_12k + CWRU_48k + PU,Multi-Head DL (TABNET),0.375,0.2971698113207547,0.6873214285714286
UOEMD,Diagnosis,Load_No_Load_Speed_30Hz,CWRU_12k + CWRU_48k + UORED,Multi-Head DL (TABNET),0.5875,0.4739057239057239,0.9078571428571429
UOEMD,Diagnosis,Load_No_Load_Speed_30Hz,CWRU_12k + CWRU_48k + Mechanical_Gear,Multi-Head DL (TABNET),0.375,0.29166666666666663,0.8532142857142857
UOEMD,Diagnosis,Load_No_Load_Speed_30Hz,CWRU_12k + CWRU_48k + Electric_Motor,Multi-Head DL (TABNET),0.475,0.3981191222570533,0.8314285714285714
UOEMD,Diagnosis,Load_No_Load_Speed_30Hz,CWRU_12k + HUST_Gearbox + HUST,Multi-Head DL (TABNET),0.6,0.5621148459383754,0.9267857142857143
UOEMD,Diagnosis,Load_No_Load_Speed_30Hz,CWRU_12k + HUST_Gearbox + PU,Multi-Head DL (TABNET),0.625,0.5183251433251433,0.9523214285714285
UOEMD,Diagnosis,Load_No_Load_Speed_30Hz,CWRU_12k + HUST_Gearbox + UORED,Multi-Head DL (TABNET),0.6,0.5003094606542883,0.8678571428571429
UOEMD,Diagnosis,Load_No_Load_Speed_30Hz,CWRU_12k + HUST_Gearbox + Mechanical_Gear,Multi-Head DL (TABNET),0.65,0.5858317669172932,0.9332142857142858
UOEMD,Diagnosis,Load_No_Load_Speed_30Hz,CWRU_12k + HUST_Gearbox + Electric_Motor,Multi-Head DL (TABNET),0.4125,0.402695476224888,0.8976785714285714
UOEMD,Diagnosis,Load_No_Load_Speed_30Hz,CWRU_12k + HUST + PU,Multi-Head DL (TABNET),0.4625,0.4162157287157287,0.7808928571428572
UOEMD,Diagnosis,Load_No_Load_Speed_30Hz,CWRU_12k + HUST + UORED,Multi-Head DL (TABNET),0.475,0.3902609506057782,0.9130357142857143
UOEMD,Diagnosis,Load_No_Load_Speed_30Hz,CWRU_12k + HUST + Mechanical_Gear,Multi-Head DL (TABNET),0.6125,0.5424406604747162,0.8044642857142859
UOEMD,Diagnosis,Load_No_Load_Speed_30Hz,CWRU_12k + HUST + Electric_Motor,Multi-Head DL (TABNET),0.575,0.5164690382081686,0.8596428571428572
UOEMD,Diagnosis,Load_No_Load_Speed_30Hz,CWRU_12k + PU + UORED,Multi-Head DL (TABNET),0.425,0.40476190476190477,0.8592857142857143
UOEMD,Diagnosis,Load_No_Load_Speed_30Hz,CWRU_12k + PU + Mechanical_Gear,Multi-Head DL (TABNET),0.5875,0.4739057239057239,0.8496428571428571
UOEMD,Diagnosis,Load_No_Load_Speed_30Hz,CWRU_12k + PU + Electric_Motor,Multi-Head DL (TABNET),0.6000000000000001,0.5133281086729362,0.9123214285714285
UOEMD,Diagnosis,Load_No_Load_Speed_30Hz,CWRU_12k + UORED + Mechanical_Gear,Multi-Head DL (TABNET),0.625,0.5030165912518854,0.8776785714285715
UOEMD,Diagnosis,Load_No_Load_Speed_30Hz,CWRU_12k + UORED + Electric_Motor,Multi-Head DL (TABNET),0.375,0.2867132867132867,0.8733928571428571
UOEMD,Diagnosis,Load_No_Load_Speed_30Hz,CWRU_12k + Mechanical_Gear + Electric_Motor,Multi-Head DL (TABNET),0.5,0.40673981191222575,0.8564285714285714
UOEMD,Diagnosis,Load_No_Load_Speed_30Hz,CWRU_48k + HUST_Gearbox + HUST,Multi-Head DL (TABNET),0.48750000000000004,0.4355914496946319,0.8782142857142857
UOEMD,Diagnosis,Load_No_Load_Speed_30Hz,CWRU_48k + HUST_Gearbox + PU,Multi-Head DL (TABNET),0.42500000000000004,0.38062598776884493,0.7744642857142857
UOEMD,Diagnosis,Load_No_Load_Speed_30Hz,CWRU_48k + HUST_Gearbox + UORED,Multi-Head DL (TABNET),0.675,0.6002030355478631,0.8216071428571429
UOEMD,Diagnosis,Load_No_Load_Speed_30Hz,CWRU_48k + HUST_Gearbox + Mechanical_Gear,Multi-Head DL (TABNET),0.625,0.5683354792901917,0.9103571428571429
UOEMD,Diagnosis,Load_No_Load_Speed_30Hz,CWRU_48k + HUST_Gearbox + Electric_Motor,Multi-Head DL (TABNET),0.625,0.5028735632183907,0.96
UOEMD,Diagnosis,Load_No_Load_Speed_30Hz,CWRU_48k + HUST + PU,Multi-Head DL (TABNET),0.4125,0.3498168498168498,0.8092857142857143
UOEMD,Diagnosis,Load_No_Load_Speed_30Hz,CWRU_48k + HUST + UORED,Multi-Head DL (TABNET),0.42500000000000004,0.3824737762237762,0.9085714285714286
UOEMD,Diagnosis,Load_No_Load_Speed_30Hz,CWRU_48k + HUST + Mechanical_Gear,Multi-Head DL (TABNET),0.6375,0.5669263582494467,0.95
UOEMD,Diagnosis,Load_No_Load_Speed_30Hz,CWRU_48k + HUST + Electric_Motor,Multi-Head DL (TABNET),0.575,0.5039312039312039,0.9082142857142858
UOEMD,Diagnosis,Load_No_Load_Speed_30Hz,CWRU_48k + PU + UORED,Multi-Head DL (TABNET),0.6375,0.559185606060606,0.9551785714285714
UOEMD,Diagnosis,Load_No_Load_Speed_30Hz,CWRU_48k + PU + Mechanical_Gear,Multi-Head DL (TABNET),0.375,0.2857142857142857,0.7975
UOEMD,Diagnosis,Load_No_Load_Speed_30Hz,CWRU_48k + PU + Electric_Motor,Multi-Head DL (TABNET),0.5,0.4212962962962963,0.7967857142857142
UOEMD,Diagnosis,Load_No_Load_Speed_30Hz,CWRU_48k + UORED + Mechanical_Gear,Multi-Head DL (TABNET),0.625,0.5793287843592722,0.9044642857142857
UOEMD,Diagnosis,Load_No_Load_Speed_30Hz,CWRU_48k + UORED + Electric_Motor,Multi-Head DL (TABNET),0.6375,0.5541138222589835,0.8669642857142857
UOEMD,Diagnosis,Load_No_Load_Speed_30Hz,CWRU_48k + Mechanical_Gear + Electric_Motor,Multi-Head DL (TABNET),0.6375,0.5599747474747474,0.9683928571428572
UOEMD,Diagnosis,Load_No_Load_Speed_30Hz,HUST_Gearbox + HUST + PU,Multi-Head DL (TABNET),0.375,0.29166666666666663,0.76125
UOEMD,Diagnosis,Load_No_Load_Speed_30Hz,HUST_Gearbox + HUST + UORED,Multi-Head DL (TABNET),0.4875,0.4348587920016491,0.8553571428571429
UOEMD,Diagnosis,Load_No_Load_Speed_30Hz,HUST_Gearbox + HUST + Mechanical_Gear,Multi-Head DL (TABNET),0.625,0.5368871415356151,0.8142857142857143
UOEMD,Diagnosis,Load_No_Load_Speed_30Hz,HUST_Gearbox + HUST + Electric_Motor,Multi-Head DL (TABNET),0.7375,0.66703216374269,0.9426785714285715
UOEMD,Diagnosis,Load_No_Load_Speed_30Hz,HUST_Gearbox + PU + UORED,Multi-Head DL (TABNET),0.375,0.2857142857142857,0.8482142857142857
UOEMD,Diagnosis,Load_No_Load_Speed_30Hz,HUST_Gearbox + PU + Mechanical_Gear,Multi-Head DL (TABNET),0.625,0.5208333333333333,0.9010714285714286
UOEMD,Diagnosis,Load_No_Load_Speed_30Hz,HUST_Gearbox + PU + Electric_Motor,Multi-Head DL (TABNET),0.625,0.5208333333333333,0.9187500000000001
UOEMD,Diagnosis,Load_No_Load_Speed_30Hz,HUST_Gearbox + UORED + Mechanical_Gear,Multi-Head DL (TABNET),0.6625000000000001,0.6149604072398189,0.9083928571428571
UOEMD,Diagnosis,Load_No_Load_Speed_30Hz,HUST_Gearbox + UORED + Electric_Motor,Multi-Head DL (TABNET),0.6,0.5327380952380952,0.9128571428571428
UOEMD,Diagnosis,Load_No_Load_Speed_30Hz,HUST_Gearbox + Mechanical_Gear + Electric_Motor,Multi-Head DL (TABNET),0.3875,0.3129251700680272,0.9244642857142857
UOEMD,Diagnosis,Load_No_Load_Speed_30Hz,HUST + PU + UORED,Multi-Head DL (TABNET),0.4125,0.28361823361823363,0.8119642857142857
UOEMD,Diagnosis,Load_No_Load_Speed_30Hz,HUST + PU + Mechanical_Gear,Multi-Head DL (TABNET),0.5,0.4221698113207547,0.8823214285714286
UOEMD,Diagnosis,Load_No_Load_Speed_30Hz,HUST + PU + Electric_Motor,Multi-Head DL (TABNET),0.55,0.5089285714285714,0.8712500000000001
UOEMD,Diagnosis,Load_No_Load_Speed_30Hz,HUST + UORED + Mechanical_Gear,Multi-Head DL (TABNET),0.75,0.6825396825396826,0.9469642857142857
UOEMD,Diagnosis,Load_No_Load_Speed_30Hz,HUST + UORED + Electric_Motor,Multi-Head DL (TABNET),0.625,0.5208333333333333,0.9680357142857142
UOEMD,Diagnosis,Load_No_Load_Speed_30Hz,HUST + Mechanical_Gear + Electric_Motor,Multi-Head DL (TABNET),0.6125,0.5826486013986014,0.9221428571428572
UOEMD,Diagnosis,Load_No_Load_Speed_30Hz,PU + UORED + Mechanical_Gear,Multi-Head DL (TABNET),0.5,0.3833333333333333,0.8794642857142857
UOEMD,Diagnosis,Load_No_Load_Speed_30Hz,PU + UORED + Electric_Motor,Multi-Head DL (TABNET),0.6125,0.5660794723294723,0.90125
UOEMD,Diagnosis,Load_No_Load_Speed_30Hz,PU + Mechanical_Gear + Electric_Motor,Multi-Head DL (TABNET),0.7,0.6419101731601732,0.8044642857142856
UOEMD,Diagnosis,Load_No_Load_Speed_30Hz,UORED + Mechanical_Gear + Electric_Motor,Multi-Head DL (TABNET),0.5625,0.4600984167736414,0.9194642857142857
UOEMD,Diagnosis,Load_No_Load_Speed_30Hz,CWRU_12k + CWRU_48k + HUST_Gearbox + HUST,Multi-Head DL (TABNET),0.625,0.5279720279720279,0.8780357142857143
UOEMD,Diagnosis,Load_No_Load_Speed_30Hz,CWRU_12k + CWRU_48k + HUST_Gearbox + PU,Multi-Head DL (TABNET),0.5125,0.46660445030010245,0.8300000000000001
UOEMD,Diagnosis,Load_No_Load_Speed_30Hz,CWRU_12k + CWRU_48k + HUST_Gearbox + UORED,Multi-Head DL (TABNET),0.55,0.5005656108597285,0.9025
UOEMD,Diagnosis,Load_No_Load_Speed_30Hz,CWRU_12k + CWRU_48k + HUST_Gearbox + Mechanical_Gear,Multi-Head DL (TABNET),0.5375,0.44633642930856554,0.8973214285714286
UOEMD,Diagnosis,Load_No_Load_Speed_30Hz,CWRU_12k + CWRU_48k + HUST_Gearbox + Electric_Motor,Multi-Head DL (TABNET),0.375,0.29464285714285715,0.8926785714285714
UOEMD,Diagnosis,Load_No_Load_Speed_30Hz,CWRU_12k + CWRU_48k + HUST + PU,Multi-Head DL (TABNET),0.375,0.286231884057971,0.5823214285714285
UOEMD,Diagnosis,Load_No_Load_Speed_30Hz,CWRU_12k + CWRU_48k + HUST + UORED,Multi-Head DL (TABNET),0.5,0.3833333333333333,0.9107142857142857
UOEMD,Diagnosis,Load_No_Load_Speed_30Hz,CWRU_12k + CWRU_48k + HUST + Mechanical_Gear,Multi-Head DL (TABNET),0.675,0.6038281186838063,0.9089285714285714
UOEMD,Diagnosis,Load_No_Load_Speed_30Hz,CWRU_12k + CWRU_48k + HUST + Electric_Motor,Multi-Head DL (TABNET),0.625,0.5288588223370831,0.9155357142857143
UOEMD,Diagnosis,Load_No_Load_Speed_30Hz,CWRU_12k + CWRU_48k + PU + UORED,Multi-Head DL (TABNET),0.625,0.5208333333333333,0.7658928571428572
UOEMD,Diagnosis,Load_No_Load_Speed_30Hz,CWRU_12k + CWRU_48k + PU + Mechanical_Gear,Multi-Head DL (TABNET),0.625,0.5225694444444444,0.8825000000000001
UOEMD,Diagnosis,Load_No_Load_Speed_30Hz,CWRU_12k + CWRU_48k + PU + Electric_Motor,Multi-Head DL (TABNET),0.375,0.31614000035052664,0.7671428571428571
UOEMD,Diagnosis,Load_No_Load_Speed_30Hz,CWRU_12k + CWRU_48k + UORED + Mechanical_Gear,Multi-Head DL (TABNET),0.5874999999999999,0.5459821428571427,0.9160714285714285
UOEMD,Diagnosis,Load_No_Load_Speed_30Hz,CWRU_12k + CWRU_48k + UORED + Electric_Motor,Multi-Head DL (TABNET),0.4875,0.3885618166526493,0.9460714285714286
UOEMD,Diagnosis,Load_No_Load_Speed_30Hz,CWRU_12k + CWRU_48k + Mechanical_Gear + Electric_Motor,Multi-Head DL (TABNET),0.375,0.2971698113207547,0.8394642857142858
UOEMD,Diagnosis,Load_No_Load_Speed_30Hz,CWRU_12k + HUST_Gearbox + HUST + PU,Multi-Head DL (TABNET),0.55,0.4684714795008913,0.8739285714285714
UOEMD,Diagnosis,Load_No_Load_Speed_30Hz,CWRU_12k + HUST_Gearbox + HUST + UORED,Multi-Head DL (TABNET),0.4375,0.3933499536178108,0.8883928571428572
UOEMD,Diagnosis,Load_No_Load_Speed_30Hz,CWRU_12k + HUST_Gearbox + HUST + Mechanical_Gear,Multi-Head DL (TABNET),0.625,0.5137259693711307,0.9110714285714285
UOEMD,Diagnosis,Load_No_Load_Speed_30Hz,CWRU_12k + HUST_Gearbox + HUST + Electric_Motor,Multi-Head DL (TABNET),0.5125,0.45406445406445406,0.9267857142857143
UOEMD,Diagnosis,Load_No_Load_Speed_30Hz,CWRU_12k + HUST_Gearbox + PU + UORED,Multi-Head DL (TABNET),0.375,0.286231884057971,0.9101785714285715
UOEMD,Diagnosis,Load_No_Load_Speed_30Hz,CWRU_12k + HUST_Gearbox + PU + Mechanical_Gear,Multi-Head DL (TABNET),0.5,0.3833333333333333,0.895
UOEMD,Diagnosis,Load_No_Load_Speed_30Hz,CWRU_12k + HUST_Gearbox + PU + Electric_Motor,Multi-Head DL (TABNET),0.5875,0.5583333333333333,0.8967857142857143
UOEMD,Diagnosis,Load_No_Load_Speed_30Hz,CWRU_12k + HUST_Gearbox + UORED + Mechanical_Gear,Multi-Head DL (TABNET),0.7124999999999999,0.6414966360519899,0.955
UOEMD,Diagnosis,Load_No_Load_Speed_30Hz,CWRU_12k + HUST_Gearbox + UORED + Electric_Motor,Multi-Head DL (TABNET),0.5875,0.5267019750634447,0.8932142857142857
UOEMD,Diagnosis,Load_No_Load_Speed_30Hz,CWRU_12k + HUST_Gearbox + Mechanical_Gear + Electric_Motor,Multi-Head DL (TABNET),0.375,0.29166666666666663,0.810357142857143
UOEMD,Diagnosis,Load_No_Load_Speed_30Hz,CWRU_12k + HUST + PU + UORED,Multi-Head DL (TABNET),0.375,0.2867647058823529,0.8492857142857142
UOEMD,Diagnosis,Load_No_Load_Speed_30Hz,CWRU_12k + HUST + PU + Mechanical_Gear,Multi-Head DL (TABNET),0.65,0.5684523809523809,0.9764285714285714
UOEMD,Diagnosis,Load_No_Load_Speed_30Hz,CWRU_12k + HUST + PU + Electric_Motor,Multi-Head DL (TABNET),0.375,0.2931034482758621,0.9051785714285714
UOEMD,Diagnosis,Load_No_Load_Speed_30Hz,CWRU_12k + HUST + UORED + Mechanical_Gear,Multi-Head DL (TABNET),0.525,0.42550331731869134,0.9389285714285714
UOEMD,Diagnosis,Load_No_Load_Speed_30Hz,CWRU_12k + HUST + UORED + Electric_Motor,Multi-Head DL (TABNET),0.425,0.33630952380952384,0.7858928571428571
UOEMD,Diagnosis,Load_No_Load_Speed_30Hz,CWRU_12k + HUST + Mechanical_Gear + Electric_Motor,Multi-Head DL (TABNET),0.7,0.6183333333333334,0.9433928571428571
UOEMD,Diagnosis,Load_No_Load_Speed_30Hz,CWRU_12k + PU + UORED + Mechanical_Gear,Multi-Head DL (TABNET),0.7875000000000001,0.7725001606580554,0.9862500000000001
UOEMD,Diagnosis,Load_No_Load_Speed_30Hz,CWRU_12k + PU + UORED + Electric_Motor,Multi-Head DL (TABNET),0.5125,0.40995457744226216,0.8828571428571429
UOEMD,Diagnosis,Load_No_Load_Speed_30Hz,CWRU_12k + PU + Mechanical_Gear + Electric_Motor,Multi-Head DL (TABNET),0.6625,0.5866402116402116,0.9364285714285715
UOEMD,Diagnosis,Load_No_Load_Speed_30Hz,CWRU_12k + UORED + Mechanical_Gear + Electric_Motor,Multi-Head DL (TABNET),0.6125,0.5328064479380269,0.9323214285714285
UOEMD,Diagnosis,Load_No_Load_Speed_30Hz,CWRU_48k + HUST_Gearbox + HUST + PU,Multi-Head DL (TABNET),0.25,0.25,0.7575
UOEMD,Diagnosis,Load_No_Load_Speed_30Hz,CWRU_48k + HUST_Gearbox + HUST + UORED,Multi-Head DL (TABNET),0.5625,0.5567363001085165,0.9325
UOEMD,Diagnosis,Load_No_Load_Speed_30Hz,CWRU_48k + HUST_Gearbox + HUST + Mechanical_Gear,Multi-Head DL (TABNET),0.6125,0.5020713327546753,0.8987499999999999
UOEMD,Diagnosis,Load_No_Load_Speed_30Hz,CWRU_48k + HUST_Gearbox + HUST + Electric_Motor,Multi-Head DL (TABNET),0.5375,0.4714781746031746,0.9199999999999999
UOEMD,Diagnosis,Load_No_Load_Speed_30Hz,CWRU_48k + HUST_Gearbox + PU + UORED,Multi-Head DL (TABNET),0.7,0.6328525641025641,0.9500000000000001
UOEMD,Diagnosis,Load_No_Load_Speed_30Hz,CWRU_48k + HUST_Gearbox + PU + Mechanical_Gear,Multi-Head DL (TABNET),0.425,0.3551282051282051,0.805
UOEMD,Diagnosis,Load_No_Load_Speed_30Hz,CWRU_48k + HUST_Gearbox + PU + Electric_Motor,Multi-Head DL (TABNET),0.4,0.3333333333333333,0.9203571428571429
UOEMD,Diagnosis,Load_No_Load_Speed_30Hz,CWRU_48k + HUST_Gearbox + UORED + Mechanical_Gear,Multi-Head DL (TABNET),0.47500000000000003,0.4218371670702179,0.8880357142857143
UOEMD,Diagnosis,Load_No_Load_Speed_30Hz,CWRU_48k + HUST_Gearbox + UORED + Electric_Motor,Multi-Head DL (TABNET),0.5125,0.40995457744226216,0.9298214285714286
UOEMD,Diagnosis,Load_No_Load_Speed_30Hz,CWRU_48k + HUST_Gearbox + Mechanical_Gear + Electric_Motor,Multi-Head DL (TABNET),0.75,0.7024999999999999,0.9583928571428572
UOEMD,Diagnosis,Load_No_Load_Speed_30Hz,CWRU_48k + HUST + PU + UORED,Multi-Head DL (TABNET),0.475,0.39496468443836863,0.7833928571428571
UOEMD,Diagnosis,Load_No_Load_Speed_30Hz,CWRU_48k + HUST + PU + Mechanical_Gear,Multi-Head DL (TABNET),0.5,0.41666666666666663,0.8357142857142857
UOEMD,Diagnosis,Load_No_Load_Speed_30Hz,CWRU_48k + HUST + PU + Electric_Motor,Multi-Head DL (TABNET),0.375,0.30208333333333337,0.8914285714285713
UOEMD,Diagnosis,Load_No_Load_Speed_30Hz,CWRU_48k + HUST + UORED + Mechanical_Gear,Multi-Head DL (TABNET),0.55,0.470213996529786,0.9283928571428572
UOEMD,Diagnosis,Load_No_Load_Speed_30Hz,CWRU_48k + HUST + UORED + Electric_Motor,Multi-Head DL (TABNET),0.45,0.3828125,0.8326785714285714
UOEMD,Diagnosis,Load_No_Load_Speed_30Hz,CWRU_48k + HUST + Mechanical_Gear + Electric_Motor,Multi-Head DL (TABNET),0.7375,0.6600877192982455,0.9428571428571428
UOEMD,Diagnosis,Load_No_Load_Speed_30Hz,CWRU_48k + PU + UORED + Mechanical_Gear,Multi-Head DL (TABNET),0.6875,0.6297619047619047,0.8466071428571429
UOEMD,Diagnosis,Load_No_Load_Speed_30Hz,CWRU_48k + PU + UORED + Electric_Motor,Multi-Head DL (TABNET),0.675,0.6234593837535014,0.8544642857142857
UOEMD,Diagnosis,Load_No_Load_Speed_30Hz,CWRU_48k + PU + Mechanical_Gear + Electric_Motor,Multi-Head DL (TABNET),0.425,0.3617511520737327,0.8116071428571427
UOEMD,Diagnosis,Load_No_Load_Speed_30Hz,CWRU_48k + UORED + Mechanical_Gear + Electric_Motor,Multi-Head DL (TABNET),0.7125,0.6769619269619269,0.94375
UOEMD,Diagnosis,Load_No_Load_Speed_30Hz,HUST_Gearbox + HUST + PU + UORED,Multi-Head DL (TABNET),0.375,0.2980769230769231,0.8630357142857144
UOEMD,Diagnosis,Load_No_Load_Speed_30Hz,HUST_Gearbox + HUST + PU + Mechanical_Gear,Multi-Head DL (TABNET),0.5625,0.5236280487804879,0.8558928571428571
UOEMD,Diagnosis,Load_No_Load_Speed_30Hz,HUST_Gearbox + HUST + PU + Electric_Motor,Multi-Head DL (TABNET),0.4125,0.32719435736677116,0.8944642857142857
UOEMD,Diagnosis,Load_No_Load_Speed_30Hz,HUST_Gearbox + HUST + UORED + Mechanical_Gear,Multi-Head DL (TABNET),0.8,0.7726648351648352,0.9694642857142857
UOEMD,Diagnosis,Load_No_Load_Speed_30Hz,HUST_Gearbox + HUST + UORED + Electric_Motor,Multi-Head DL (TABNET),0.4125,0.33469202898550726,0.8460714285714286
UOEMD,Diagnosis,Load_No_Load_Speed_30Hz,HUST_Gearbox + HUST + Mechanical_Gear + Electric_Motor,Multi-Head DL (TABNET),0.5,0.42760015408320495,0.9205357142857142
UOEMD,Diagnosis,Load_No_Load_Speed_30Hz,HUST_Gearbox + PU + UORED + Mechanical_Gear,Multi-Head DL (TABNET),0.625,0.5972065859836757,0.8946428571428571
UOEMD,Diagnosis,Load_No_Load_Speed_30Hz,HUST_Gearbox + PU + UORED + Electric_Motor,Multi-Head DL (TABNET),0.4375,0.34615384615384615,0.7851785714285715
UOEMD,Diagnosis,Load_No_Load_Speed_30Hz,HUST_Gearbox + PU + Mechanical_Gear + Electric_Motor,Multi-Head DL (TABNET),0.375,0.2867647058823529,0.8857142857142857
UOEMD,Diagnosis,Load_No_Load_Speed_30Hz,HUST_Gearbox + UORED + Mechanical_Gear + Electric_Motor,Multi-Head DL (TABNET),0.4125,0.35233516483516486,0.8869642857142856
UOEMD,Diagnosis,Load_No_Load_Speed_30Hz,HUST + PU + UORED + Mechanical_Gear,Multi-Head DL (TABNET),0.5625,0.45695970695970695,0.8846428571428571
UOEMD,Diagnosis,Load_No_Load_Speed_30Hz,HUST + PU + UORED + Electric_Motor,Multi-Head DL (TABNET),0.4,0.3158307210031348,0.8467857142857143
UOEMD,Diagnosis,Load_No_Load_Speed_30Hz,HUST + PU + Mechanical_Gear + Electric_Motor,Multi-Head DL (TABNET),0.5125,0.4562484794420566,0.9612499999999999
UOEMD,Diagnosis,Load_No_Load_Speed_30Hz,HUST + UORED + Mechanical_Gear + Electric_Motor,Multi-Head DL (TABNET),0.6125,0.5223320158102767,0.9066071428571428
UOEMD,Diagnosis,Load_No_Load_Speed_30Hz,PU + UORED + Mechanical_Gear + Electric_Motor,Multi-Head DL (TABNET),0.4375,0.3775149679754942,0.845
UOEMD,Diagnosis,Load_No_Load_Speed_30Hz,CWRU_12k + CWRU_48k + HUST_Gearbox + HUST + PU,Multi-Head DL (TABNET),0.375,0.2873134328358209,0.8848214285714286
UOEMD,Diagnosis,Load_No_Load_Speed_30Hz,CWRU_12k + CWRU_48k + HUST_Gearbox + HUST + UORED,Multi-Head DL (TABNET),0.5,0.3833570412517781,0.9275
UOEMD,Diagnosis,Load_No_Load_Speed_30Hz,CWRU_12k + CWRU_48k + HUST_Gearbox + HUST + Mechanical_Gear,Multi-Head DL (TABNET),0.3375,0.2786885245901639,0.7844642857142857
UOEMD,Diagnosis,Load_No_Load_Speed_30Hz,CWRU_12k + CWRU_48k + HUST_Gearbox + HUST + Electric_Motor,Multi-Head DL (TABNET),0.48750000000000004,0.4008041958041958,0.8691071428571429
UOEMD,Diagnosis,Load_No_Load_Speed_30Hz,CWRU_12k + CWRU_48k + HUST_Gearbox + PU + UORED,Multi-Head DL (TABNET),0.47500000000000003,0.3794779187221048,0.9069642857142857
UOEMD,Diagnosis,Load_No_Load_Speed_30Hz,CWRU_12k + CWRU_48k + HUST_Gearbox + PU + Mechanical_Gear,Multi-Head DL (TABNET),0.5,0.37854317732366516,0.8521428571428571
UOEMD,Diagnosis,Load_No_Load_Speed_30Hz,CWRU_12k + CWRU_48k + HUST_Gearbox + PU + Electric_Motor,Multi-Head DL (TABNET),0.4875,0.4174406604747162,0.8755357142857143
UOEMD,Diagnosis,Load_No_Load_Speed_30Hz,CWRU_12k + CWRU_48k + HUST_Gearbox + UORED + Mechanical_Gear,Multi-Head DL (TABNET),0.6375,0.5451631701631702,0.9589285714285715
UOEMD,Diagnosis,Load_No_Load_Speed_30Hz,CWRU_12k + CWRU_48k + HUST_Gearbox + UORED + Electric_Motor,Multi-Head DL (TABNET),0.5,0.4145021645021645,0.9182142857142856
UOEMD,Diagnosis,Load_No_Load_Speed_30Hz,CWRU_12k + CWRU_48k + HUST_Gearbox + Mechanical_Gear + Electric_Motor,Multi-Head DL (TABNET),0.4125,0.35233516483516486,0.9185714285714286
UOEMD,Diagnosis,Load_No_Load_Speed_30Hz,CWRU_12k + CWRU_48k + HUST + PU + UORED,Multi-Head DL (TABNET),0.5375,0.4402680652680653,0.8692857142857142
UOEMD,Diagnosis,Load_No_Load_Speed_30Hz,CWRU_12k + CWRU_48k + HUST + PU + Mechanical_Gear,Multi-Head DL (TABNET),0.5,0.5,0.8060714285714285
UOEMD,Diagnosis,Load_No_Load_Speed_30Hz,CWRU_12k + CWRU_48k + HUST + PU + Electric_Motor,Multi-Head DL (TABNET),0.6,0.530952380952381,0.8985714285714286
UOEMD,Diagnosis,Load_No_Load_Speed_30Hz,CWRU_12k + CWRU_48k + HUST + UORED + Mechanical_Gear,Multi-Head DL (TABNET),0.5125,0.4156792260240536,0.8996428571428572
UOEMD,Diagnosis,Load_No_Load_Speed_30Hz,CWRU_12k + CWRU_48k + HUST + UORED + Electric_Motor,Multi-Head DL (TABNET),0.55,0.4811648797450015,0.8880357142857143
UOEMD,Diagnosis,Load_No_Load_Speed_30Hz,CWRU_12k + CWRU_48k + HUST + Mechanical_Gear + Electric_Motor,Multi-Head DL (TABNET),0.5625,0.4767207426856714,0.9192857142857143
UOEMD,Diagnosis,Load_No_Load_Speed_30Hz,CWRU_12k + CWRU_48k + PU + UORED + Mechanical_Gear,Multi-Head DL (TABNET),0.5,0.3958333333333333,0.8760714285714285
UOEMD,Diagnosis,Load_No_Load_Speed_30Hz,CWRU_12k + CWRU_48k + PU + UORED + Electric_Motor,Multi-Head DL (TABNET),0.3875,0.3650793650793651,0.8335714285714285
UOEMD,Diagnosis,Load_No_Load_Speed_30Hz,CWRU_12k + CWRU_48k + PU + Mechanical_Gear + Electric_Motor,Multi-Head DL (TABNET),0.47500000000000003,0.43503664091899386,0.8846428571428572
UOEMD,Diagnosis,Load_No_Load_Speed_30Hz,CWRU_12k + CWRU_48k + UORED + Mechanical_Gear + Electric_Motor,Multi-Head DL (TABNET),0.6,0.5575396825396826,0.9110714285714285
UOEMD,Diagnosis,Load_No_Load_Speed_30Hz,CWRU_12k + HUST_Gearbox + HUST + PU + UORED,Multi-Head DL (TABNET),0.4375,0.35653409090909094,0.8517857142857143
UOEMD,Diagnosis,Load_No_Load_Speed_30Hz,CWRU_12k + HUST_Gearbox + HUST + PU + Mechanical_Gear,Multi-Head DL (TABNET),0.55,0.529967159277504,0.9389285714285714
UOEMD,Diagnosis,Load_No_Load_Speed_30Hz,CWRU_12k + HUST_Gearbox + HUST + PU + Electric_Motor,Multi-Head DL (TABNET),0.55,0.5055555555555555,0.9007142857142856
UOEMD,Diagnosis,Load_No_Load_Speed_30Hz,CWRU_12k + HUST_Gearbox + HUST + UORED + Mechanical_Gear,Multi-Head DL (TABNET),0.44999999999999996,0.3783386424895859,0.8351785714285715
UOEMD,Diagnosis,Load_No_Load_Speed_30Hz,CWRU_12k + HUST_Gearbox + HUST + UORED + Electric_Motor,Multi-Head DL (TABNET),0.55,0.5007763975155279,0.8392857142857143
UOEMD,Diagnosis,Load_No_Load_Speed_30Hz,CWRU_12k + HUST_Gearbox + HUST + Mechanical_Gear + Electric_Motor,Multi-Head DL (TABNET),0.8625,0.8208020050125313,0.9807142857142856
UOEMD,Diagnosis,Load_No_Load_Speed_30Hz,CWRU_12k + HUST_Gearbox + PU + UORED + Mechanical_Gear,Multi-Head DL (TABNET),0.4625,0.3926237161531279,0.7151785714285714
UOEMD,Diagnosis,Load_No_Load_Speed_30Hz,CWRU_12k + HUST_Gearbox + PU + UORED + Electric_Motor,Multi-Head DL (TABNET),0.5125,0.45041208791208787,0.9216071428571428
UOEMD,Diagnosis,Load_No_Load_Speed_30Hz,CWRU_12k + HUST_Gearbox + PU + Mechanical_Gear + Electric_Motor,Multi-Head DL (TABNET),0.375,0.3223039215686274,0.8667857142857143
UOEMD,Diagnosis,Load_No_Load_Speed_30Hz,CWRU_12k + HUST_Gearbox + UORED + Mechanical_Gear + Electric_Motor,Multi-Head DL (TABNET),0.625,0.5494851258581235,0.9217857142857142
UOEMD,Diagnosis,Load_No_Load_Speed_30Hz,CWRU_12k + HUST + PU + UORED + Mechanical_Gear,Multi-Head DL (TABNET),0.4375,0.34980237154150196,0.7998214285714286
UOEMD,Diagnosis,Load_No_Load_Speed_30Hz,CWRU_12k + HUST + PU + UORED + Electric_Motor,Multi-Head DL (TABNET),0.475,0.39161402204880463,0.8867857142857143
UOEMD,Diagnosis,Load_No_Load_Speed_30Hz,CWRU_12k + HUST + PU + Mechanical_Gear + Electric_Motor,Multi-Head DL (TABNET),0.5375,0.4769736842105263,0.9080357142857143
UOEMD,Diagnosis,Load_No_Load_Speed_30Hz,CWRU_12k + HUST + UORED + Mechanical_Gear + Electric_Motor,Multi-Head DL (TABNET),0.525,0.45977011494252873,0.8803571428571428
UOEMD,Diagnosis,Load_No_Load_Speed_30Hz,CWRU_12k + PU + UORED + Mechanical_Gear + Electric_Motor,Multi-Head DL (TABNET),0.375,0.2857142857142857,0.7980357142857143
UOEMD,Diagnosis,Load_No_Load_Speed_30Hz,CWRU_48k + HUST_Gearbox + HUST + PU + UORED,Multi-Head DL (TABNET),0.4625,0.3899053318291068,0.9142857142857143
UOEMD,Diagnosis,Load_No_Load_Speed_30Hz,CWRU_48k + HUST_Gearbox + HUST + PU + Mechanical_Gear,Multi-Head DL (TABNET),0.3875,0.3279761904761905,0.8186607142857143
UOEMD,Diagnosis,Load_No_Load_Speed_30Hz,CWRU_48k + HUST_Gearbox + HUST + PU + Electric_Motor,Multi-Head DL (TABNET),0.4875,0.4100877192982456,0.8375
UOEMD,Diagnosis,Load_No_Load_Speed_30Hz,CWRU_48k + HUST_Gearbox + HUST + UORED + Mechanical_Gear,Multi-Head DL (TABNET),0.5,0.3971698113207547,0.8885714285714286
UOEMD,Diagnosis,Load_No_Load_Speed_30Hz,CWRU_48k + HUST_Gearbox + HUST + UORED + Electric_Motor,Multi-Head DL (TABNET),0.5125,0.416958041958042,0.936607142857143
UOEMD,Diagnosis,Load_No_Load_Speed_30Hz,CWRU_48k + HUST_Gearbox + HUST + Mechanical_Gear + Electric_Motor,Multi-Head DL (TABNET),0.4375,0.35745614035087714,0.9139285714285714
UOEMD,Diagnosis,Load_No_Load_Speed_30Hz,CWRU_48k + HUST_Gearbox + PU + UORED + Mechanical_Gear,Multi-Head DL (TABNET),0.4,0.323015873015873,0.8200000000000001
UOEMD,Diagnosis,Load_No_Load_Speed_30Hz,CWRU_48k + HUST_Gearbox + PU + UORED + Electric_Motor,Multi-Head DL (TABNET),0.725,0.6622474747474747,0.7858928571428572
UOEMD,Diagnosis,Load_No_Load_Speed_30Hz,CWRU_48k + HUST_Gearbox + PU + Mechanical_Gear + Electric_Motor,Multi-Head DL (TABNET),0.4875,0.40311004784689,0.61375
UOEMD,Diagnosis,Load_No_Load_Speed_30Hz,CWRU_48k + HUST_Gearbox + UORED + Mechanical_Gear + Electric_Motor,Multi-Head DL (TABNET),0.8375,0.7863971173753783,0.9410714285714286
UOEMD,Diagnosis,Load_No_Load_Speed_30Hz,CWRU_48k + HUST + PU + UORED + Mechanical_Gear,Multi-Head DL (TABNET),0.425,0.38186975591151795,0.8217857142857143
UOEMD,Diagnosis,Load_No_Load_Speed_30Hz,CWRU_48k + HUST + PU + UORED + Electric_Motor,Multi-Head DL (TABNET),0.3875,0.3151001540832049,0.8955357142857143
UOEMD,Diagnosis,Load_No_Load_Speed_30Hz,CWRU_48k + HUST + PU + Mechanical_Gear + Electric_Motor,Multi-Head DL (TABNET),0.4,0.33113154960981045,0.8928571428571429
UOEMD,Diagnosis,Load_No_Load_Speed_30Hz,CWRU_48k + HUST + UORED + Mechanical_Gear + Electric_Motor,Multi-Head DL (TABNET),0.6625,0.5864709477514356,0.9244642857142857
UOEMD,Diagnosis,Load_No_Load_Speed_30Hz,CWRU_48k + PU + UORED + Mechanical_Gear + Electric_Motor,Multi-Head DL (TABNET),0.4,0.32577497129735933,0.8373214285714285
UOEMD,Diagnosis,Load_No_Load_Speed_30Hz,HUST_Gearbox + HUST + PU + UORED + Mechanical_Gear,Multi-Head DL (TABNET),0.525,0.43830833145349274,0.9405357142857143
UOEMD,Diagnosis,Load_No_Load_Speed_30Hz,HUST_Gearbox + HUST + PU + UORED + Electric_Motor,Multi-Head DL (TABNET),0.475,0.469150641025641,0.9008928571428572
UOEMD,Diagnosis,Load_No_Load_Speed_30Hz,HUST_Gearbox + HUST + PU + Mechanical_Gear + Electric_Motor,Multi-Head DL (TABNET),0.45,0.35841313269493846,0.8648214285714286
UOEMD,Diagnosis,Load_No_Load_Speed_30Hz,HUST_Gearbox + HUST + UORED + Mechanical_Gear + Electric_Motor,Multi-Head DL (TABNET),0.55,0.4675824175824176,0.9303571428571429
UOEMD,Diagnosis,Load_No_Load_Speed_30Hz,HUST_Gearbox + PU + UORED + Mechanical_Gear + Electric_Motor,Multi-Head DL (TABNET),0.625,0.5368871415356151,0.9344642857142857
UOEMD,Diagnosis,Load_No_Load_Speed_30Hz,HUST + PU + UORED + Mechanical_Gear + Electric_Motor,Multi-Head DL (TABNET),0.425,0.40990734411787044,0.8133928571428571
UOEMD,Diagnosis,Load_No_Load_Speed_30Hz,CWRU_12k + CWRU_48k + HUST_Gearbox + HUST + PU + UORED,Multi-Head DL (TABNET),0.4625,0.36092397154239697,0.8530357142857143
UOEMD,Diagnosis,Load_No_Load_Speed_30Hz,CWRU_12k + CWRU_48k + HUST_Gearbox + HUST + PU + Mechanical_Gear,Multi-Head DL (TABNET),0.4625,0.39024644945697573,0.7551785714285715
UOEMD,Diagnosis,Load_No_Load_Speed_30Hz,CWRU_12k + CWRU_48k + HUST_Gearbox + HUST + PU + Electric_Motor,Multi-Head DL (TABNET),0.2625,0.17666666666666667,0.8739285714285715
UOEMD,Diagnosis,Load_No_Load_Speed_30Hz,CWRU_12k + CWRU_48k + HUST_Gearbox + HUST + UORED + Mechanical_Gear,Multi-Head DL (TABNET),0.5,0.3838366506520247,0.8989285714285714
UOEMD,Diagnosis,Load_No_Load_Speed_30Hz,CWRU_12k + CWRU_48k + HUST_Gearbox + HUST + UORED + Electric_Motor,Multi-Head DL (TABNET),0.5,0.44515065913371,0.8716071428571428
UOEMD,Diagnosis,Load_No_Load_Speed_30Hz,CWRU_12k + CWRU_48k + HUST_Gearbox + HUST + Mechanical_Gear + Electric_Motor,Multi-Head DL (TABNET),0.65,0.566220238095238,0.9375
UOEMD,Diagnosis,Load_No_Load_Speed_30Hz,CWRU_12k + CWRU_48k + HUST_Gearbox + PU + UORED + Mechanical_Gear,Multi-Head DL (TABNET),0.375,0.2857142857142857,0.8683928571428572
UOEMD,Diagnosis,Load_No_Load_Speed_30Hz,CWRU_12k + CWRU_48k + HUST_Gearbox + PU + UORED + Electric_Motor,Multi-Head DL (TABNET),0.475,0.3817585216142092,0.8792857142857142
UOEMD,Diagnosis,Load_No_Load_Speed_30Hz,CWRU_12k + CWRU_48k + HUST_Gearbox + PU + Mechanical_Gear + Electric_Motor,Multi-Head DL (TABNET),0.5125,0.42584892584892586,0.8585714285714285
UOEMD,Diagnosis,Load_No_Load_Speed_30Hz,CWRU_12k + CWRU_48k + HUST_Gearbox + UORED + Mechanical_Gear + Electric_Motor,Multi-Head DL (TABNET),0.75,0.6924115451003323,0.9775
UOEMD,Diagnosis,Load_No_Load_Speed_30Hz,CWRU_12k + CWRU_48k + HUST + PU + UORED + Mechanical_Gear,Multi-Head DL (TABNET),0.425,0.3416666666666667,0.8901785714285715
UOEMD,Diagnosis,Load_No_Load_Speed_30Hz,CWRU_12k + CWRU_48k + HUST + PU + UORED + Electric_Motor,Multi-Head DL (TABNET),0.5,0.38020833333333337,0.7826785714285714
UOEMD,Diagnosis,Load_No_Load_Speed_30Hz,CWRU_12k + CWRU_48k + HUST + PU + Mechanical_Gear + Electric_Motor,Multi-Head DL (TABNET),0.4625,0.47198879551820727,0.8135714285714286
UOEMD,Diagnosis,Load_No_Load_Speed_30Hz,CWRU_12k + CWRU_48k + HUST + UORED + Mechanical_Gear + Electric_Motor,Multi-Head DL (TABNET),0.55,0.4797979797979798,0.9067857142857143
UOEMD,Diagnosis,Load_No_Load_Speed_30Hz,CWRU_12k + CWRU_48k + PU + UORED + Mechanical_Gear + Electric_Motor,Multi-Head DL (TABNET),0.425,0.34587813620071683,0.7485714285714286
UOEMD,Diagnosis,Load_No_Load_Speed_30Hz,CWRU_12k + HUST_Gearbox + HUST + PU + UORED + Mechanical_Gear,Multi-Head DL (TABNET),0.5,0.4126082251082251,0.9482142857142857
UOEMD,Diagnosis,Load_No_Load_Speed_30Hz,CWRU_12k + HUST_Gearbox + HUST + PU + UORED + Electric_Motor,Multi-Head DL (TABNET),0.7375,0.7066259398496241,0.9228571428571428
UOEMD,Diagnosis,Load_No_Load_Speed_30Hz,CWRU_12k + HUST_Gearbox + HUST + PU + Mechanical_Gear + Electric_Motor,Multi-Head DL (TABNET),0.25,0.11956521739130435,0.7982142857142858
UOEMD,Diagnosis,Load_No_Load_Speed_30Hz,CWRU_12k + HUST_Gearbox + HUST + UORED + Mechanical_Gear + Electric_Motor,Multi-Head DL (TABNET),0.4375,0.3596698113207547,0.8673214285714286
UOEMD,Diagnosis,Load_No_Load_Speed_30Hz,CWRU_12k + HUST_Gearbox + PU + UORED + Mechanical_Gear + Electric_Motor,Multi-Head DL (TABNET),0.25,0.16666666666666666,0.7989285714285714
UOEMD,Diagnosis,Load_No_Load_Speed_30Hz,CWRU_12k + HUST + PU + UORED + Mechanical_Gear + Electric_Motor,Multi-Head DL (TABNET),0.5,0.3833333333333333,0.8851785714285714
UOEMD,Diagnosis,Load_No_Load_Speed_30Hz,CWRU_48k + HUST_Gearbox + HUST + PU + UORED + Mechanical_Gear,Multi-Head DL (TABNET),0.5,0.38166556945358787,0.8696428571428572
UOEMD,Diagnosis,Load_No_Load_Speed_30Hz,CWRU_48k + HUST_Gearbox + HUST + PU + UORED + Electric_Motor,Multi-Head DL (TABNET),0.375,0.25,0.81
UOEMD,Diagnosis,Load_No_Load_Speed_30Hz,CWRU_48k + HUST_Gearbox + HUST + PU + Mechanical_Gear + Electric_Motor,Multi-Head DL (TABNET),0.375,0.2890625,0.8448214285714286
UOEMD,Diagnosis,Load_No_Load_Speed_30Hz,CWRU_48k + HUST_Gearbox + HUST + UORED + Mechanical_Gear + Electric_Motor,Multi-Head DL (TABNET),0.75,0.7118967039043765,0.9582142857142857
UOEMD,Diagnosis,Load_No_Load_Speed_30Hz,CWRU_48k + HUST_Gearbox + PU + UORED + Mechanical_Gear + Electric_Motor,Multi-Head DL (TABNET),0.4625,0.4751602564102564,0.8296428571428571
UOEMD,Diagnosis,Load_No_Load_Speed_30Hz,CWRU_48k + HUST + PU + UORED + Mechanical_Gear + Electric_Motor,Multi-Head DL (TABNET),0.6,0.6026104886399004,0.9321428571428572
UOEMD,Diagnosis,Load_No_Load_Speed_30Hz,HUST_Gearbox + HUST + PU + UORED + Mechanical_Gear + Electric_Motor,Multi-Head DL (TABNET),0.475,0.4111111111111111,0.7001785714285715
UOEMD,Diagnosis,Load_No_Load_Speed_30Hz,CWRU_12k + CWRU_48k + HUST_Gearbox + HUST + PU + UORED + Mechanical_Gear,Multi-Head DL (TABNET),0.55,0.4653430451127819,0.8775
UOEMD,Diagnosis,Load_No_Load_Speed_30Hz,CWRU_12k + CWRU_48k + HUST_Gearbox + HUST + PU + UORED + Electric_Motor,Multi-Head DL (TABNET),0.25,0.20238095238095238,0.7342857142857143
UOEMD,Diagnosis,Load_No_Load_Speed_30Hz,CWRU_12k + CWRU_48k + HUST_Gearbox + HUST + PU + Mechanical_Gear + Electric_Motor,Multi-Head DL (TABNET),0.4625,0.3605769230769231,0.8689285714285715
UOEMD,Diagnosis,Load_No_Load_Speed_30Hz,CWRU_12k + CWRU_48k + HUST_Gearbox + HUST + UORED + Mechanical_Gear + Electric_Motor,Multi-Head DL (TABNET),0.475,0.4464285714285714,0.9271428571428572
UOEMD,Diagnosis,Load_No_Load_Speed_30Hz,CWRU_12k + CWRU_48k + HUST_Gearbox + PU + UORED + Mechanical_Gear + Electric_Motor,Multi-Head DL (TABNET),0.3875,0.31666666666666665,0.8133928571428571
UOEMD,Diagnosis,Load_No_Load_Speed_30Hz,CWRU_12k + CWRU_48k + HUST + PU + UORED + Mechanical_Gear + Electric_Motor,Multi-Head DL (TABNET),0.475,0.4091880341880342,0.9294642857142856
UOEMD,Diagnosis,Load_No_Load_Speed_30Hz,CWRU_12k + HUST_Gearbox + HUST + PU + UORED + Mechanical_Gear + Electric_Motor,Multi-Head DL (TABNET),0.5375000000000001,0.49220053966840993,0.9110714285714286
UOEMD,Diagnosis,Load_No_Load_Speed_30Hz,CWRU_48k + HUST_Gearbox + HUST + PU + UORED + Mechanical_Gear + Electric_Motor,Multi-Head DL (TABNET),0.4625,0.4095238095238095,0.7946428571428572
UOEMD,Diagnosis,Load_No_Load_Speed_30Hz,CWRU_12k + CWRU_48k + HUST_Gearbox + HUST + PU + UORED + Mechanical_Gear + Electric_Motor,Multi-Head DL (TABNET),0.6875,0.6550510892616156,0.9482142857142857
UOEMD,Diagnosis,Load_No_Load_Speed_45Hz,CWRU_12k,Multi-Head DL (TABNET),0.6375,0.5441619077018058,0.96
UOEMD,Diagnosis,Load_No_Load_Speed_45Hz,CWRU_48k,Multi-Head DL (TABNET),0.4,0.3427601809954751,0.8457142857142858
UOEMD,Diagnosis,Load_No_Load_Speed_45Hz,HUST_Gearbox,Multi-Head DL (TABNET),0.5,0.42401960784313725,0.9466071428571429
UOEMD,Diagnosis,Load_No_Load_Speed_45Hz,HUST,Multi-Head DL (TABNET),0.7250000000000001,0.7114162217137046,0.9475
UOEMD,Diagnosis,Load_No_Load_Speed_45Hz,PU,Multi-Head DL (TABNET),0.525,0.4685304128238911,0.8935714285714286
UOEMD,Diagnosis,Load_No_Load_Speed_45Hz,UORED,Multi-Head DL (TABNET),0.775,0.7142857142857142,0.9753571428571428
UOEMD,Diagnosis,Load_No_Load_Speed_45Hz,Mechanical_Gear,Multi-Head DL (TABNET),0.575,0.4990601503759398,0.905357142857143
UOEMD,Diagnosis,Load_No_Load_Speed_45Hz,Electric_Motor,Multi-Head DL (TABNET),0.4875,0.39276960784313725,0.8378571428571429
UOEMD,Diagnosis,Load_No_Load_Speed_45Hz,CWRU_12k + CWRU_48k,Multi-Head DL (TABNET),0.4625,0.4001109877913429,0.92625
UOEMD,Diagnosis,Load_No_Load_Speed_45Hz,CWRU_12k + HUST_Gearbox,Multi-Head DL (TABNET),0.5625,0.48908730158730157,0.9580357142857143
UOEMD,Diagnosis,Load_No_Load_Speed_45Hz,CWRU_12k + HUST,Multi-Head DL (TABNET),0.6125,0.5135618166526492,0.8382142857142858
UOEMD,Diagnosis,Load_No_Load_Speed_45Hz,CWRU_12k + PU,Multi-Head DL (TABNET),0.375,0.2857142857142857,0.6689285714285714
UOEMD,Diagnosis,Load_No_Load_Speed_45Hz,CWRU_12k + UORED,Multi-Head DL (TABNET),0.675,0.6494779730073847,0.9721428571428572
UOEMD,Diagnosis,Load_No_Load_Speed_45Hz,CWRU_12k + Mechanical_Gear,Multi-Head DL (TABNET),0.4,0.3535714285714286,0.8910714285714286
UOEMD,Diagnosis,Load_No_Load_Speed_45Hz,CWRU_12k + Electric_Motor,Multi-Head DL (TABNET),0.6,0.5109649122807017,0.935
UOEMD,Diagnosis,Load_No_Load_Speed_45Hz,CWRU_48k + HUST_Gearbox,Multi-Head DL (TABNET),0.5,0.4260204081632653,0.9251785714285714
UOEMD,Diagnosis,Load_No_Load_Speed_45Hz,CWRU_48k + HUST,Multi-Head DL (TABNET),0.625,0.5364583333333333,0.9010714285714285
UOEMD,Diagnosis,Load_No_Load_Speed_45Hz,CWRU_48k + PU,Multi-Head DL (TABNET),0.55,0.4591097308488613,0.7989285714285714
UOEMD,Diagnosis,Load_No_Load_Speed_45Hz,CWRU_48k + UORED,Multi-Head DL (TABNET),0.6000000000000001,0.5542857142857143,0.9248214285714286
UOEMD,Diagnosis,Load_No_Load_Speed_45Hz,CWRU_48k + Mechanical_Gear,Multi-Head DL (TABNET),0.7375,0.6737965022864911,0.9676785714285714
UOEMD,Diagnosis,Load_No_Load_Speed_45Hz,CWRU_48k + Electric_Motor,Multi-Head DL (TABNET),0.625,0.593719806763285,0.90625
UOEMD,Diagnosis,Load_No_Load_Speed_45Hz,HUST_Gearbox + HUST,Multi-Head DL (TABNET),0.5,0.4142512077294686,0.8823214285714286
UOEMD,Diagnosis,Load_No_Load_Speed_45Hz,HUST_Gearbox + PU,Multi-Head DL (TABNET),0.4875,0.37137330754352027,0.8894642857142857
UOEMD,Diagnosis,Load_No_Load_Speed_45Hz,HUST_Gearbox + UORED,Multi-Head DL (TABNET),0.75,0.6985347985347985,0.9723214285714286
UOEMD,Diagnosis,Load_No_Load_Speed_45Hz,HUST_Gearbox + Mechanical_Gear,Multi-Head DL (TABNET),0.5125,0.4401001540832049,0.8939285714285714
UOEMD,Diagnosis,Load_No_Load_Speed_45Hz,HUST_Gearbox + Electric_Motor,Multi-Head DL (TABNET),0.6625,0.6201923076923077,0.9630357142857142
UOEMD,Diagnosis,Load_No_Load_Speed_45Hz,HUST + PU,Multi-Head DL (TABNET),0.5,0.41666666666666663,0.8923214285714285
UOEMD,Diagnosis,Load_No_Load_Speed_45Hz,HUST + UORED,Multi-Head DL (TABNET),0.6375,0.5464341692789969,0.9014285714285715
UOEMD,Diagnosis,Load_No_Load_Speed_45Hz,HUST + Mechanical_Gear,Multi-Head DL (TABNET),0.5,0.4717934866491742,0.9246428571428571
UOEMD,Diagnosis,Load_No_Load_Speed_45Hz,HUST + Electric_Motor,Multi-Head DL (TABNET),0.725,0.6771284271284271,0.9357142857142857
UOEMD,Diagnosis,Load_No_Load_Speed_45Hz,PU + UORED,Multi-Head DL (TABNET),0.375,0.30952380952380953,0.85375
UOEMD,Diagnosis,Load_No_Load_Speed_45Hz,PU + Mechanical_Gear,Multi-Head DL (TABNET),0.5,0.3906695156695157,0.7176785714285714
UOEMD,Diagnosis,Load_No_Load_Speed_45Hz,PU + Electric_Motor,Multi-Head DL (TABNET),0.45,0.3828125,0.8508928571428571
UOEMD,Diagnosis,Load_No_Load_Speed_45Hz,UORED + Mechanical_Gear,Multi-Head DL (TABNET),0.6125,0.5329951298701299,0.9476785714285714
UOEMD,Diagnosis,Load_No_Load_Speed_45Hz,UORED + Electric_Motor,Multi-Head DL (TABNET),0.475,0.4826388888888889,0.8474999999999999
UOEMD,Diagnosis,Load_No_Load_Speed_45Hz,Mechanical_Gear + Electric_Motor,Multi-Head DL (TABNET),0.7,0.666433225643752,0.8985714285714286
UOEMD,Diagnosis,Load_No_Load_Speed_45Hz,CWRU_12k + CWRU_48k + HUST_Gearbox,Multi-Head DL (TABNET),0.5,0.41666666666666663,0.8176785714285715
UOEMD,Diagnosis,Load_No_Load_Speed_45Hz,CWRU_12k + CWRU_48k + HUST,Multi-Head DL (TABNET),0.4375,0.37431693989071035,0.9257142857142857
UOEMD,Diagnosis,Load_No_Load_Speed_45Hz,CWRU_12k + CWRU_48k + PU,Multi-Head DL (TABNET),0.525,0.5018470655806182,0.7796428571428571
UOEMD,Diagnosis,Load_No_Load_Speed_45Hz,CWRU_12k + CWRU_48k + UORED,Multi-Head DL (TABNET),0.625,0.5208333333333333,0.9276785714285714
UOEMD,Diagnosis,Load_No_Load_Speed_45Hz,CWRU_12k + CWRU_48k + Mechanical_Gear,Multi-Head DL (TABNET),0.5,0.41885964912280704,0.8775
UOEMD,Diagnosis,Load_No_Load_Speed_45Hz,CWRU_12k + CWRU_48k + Electric_Motor,Multi-Head DL (TABNET),0.5,0.39880952380952384,0.9103571428571429
UOEMD,Diagnosis,Load_No_Load_Speed_45Hz,CWRU_12k + HUST_Gearbox + HUST,Multi-Head DL (TABNET),0.5,0.43681917211328974,0.8678571428571429
UOEMD,Diagnosis,Load_No_Load_Speed_45Hz,CWRU_12k + HUST_Gearbox + PU,Multi-Head DL (TABNET),0.5,0.41666666666666663,0.844107142857143
UOEMD,Diagnosis,Load_No_Load_Speed_45Hz,CWRU_12k + HUST_Gearbox + UORED,Multi-Head DL (TABNET),0.8374999999999999,0.7971247563352827,0.9714285714285714
UOEMD,Diagnosis,Load_No_Load_Speed_45Hz,CWRU_12k + HUST_Gearbox + Mechanical_Gear,Multi-Head DL (TABNET),0.625,0.5297619047619047,0.9319642857142857
UOEMD,Diagnosis,Load_No_Load_Speed_45Hz,CWRU_12k + HUST_Gearbox + Electric_Motor,Multi-Head DL (TABNET),0.65,0.5616151866151866,0.9585714285714286
UOEMD,Diagnosis,Load_No_Load_Speed_45Hz,CWRU_12k + HUST + PU,Multi-Head DL (TABNET),0.5625,0.5561327561327561,0.9267857142857143
UOEMD,Diagnosis,Load_No_Load_Speed_45Hz,CWRU_12k + HUST + UORED,Multi-Head DL (TABNET),0.5,0.3954545454545455,0.7705357142857143
UOEMD,Diagnosis,Load_No_Load_Speed_45Hz,CWRU_12k + HUST + Mechanical_Gear,Multi-Head DL (TABNET),0.625,0.5164835164835164,0.9648214285714285
UOEMD,Diagnosis,Load_No_Load_Speed_45Hz,CWRU_12k + HUST + Electric_Motor,Multi-Head DL (TABNET),0.5,0.42045454545454547,0.8182142857142857
UOEMD,Diagnosis,Load_No_Load_Speed_45Hz,CWRU_12k + PU + UORED,Multi-Head DL (TABNET),0.525,0.45486111111111116,0.9069642857142857
UOEMD,Diagnosis,Load_No_Load_Speed_45Hz,CWRU_12k + PU + Mechanical_Gear,Multi-Head DL (TABNET),0.575,0.5039101601601601,0.9257142857142857
UOEMD,Diagnosis,Load_No_Load_Speed_45Hz,CWRU_12k + PU + Electric_Motor,Multi-Head DL (TABNET),0.3875,0.3977272727272727,0.8166071428571429
UOEMD,Diagnosis,Load_No_Load_Speed_45Hz,CWRU_12k + UORED + Mechanical_Gear,Multi-Head DL (TABNET),0.7375,0.6610034702139965,0.9283928571428571
UOEMD,Diagnosis,Load_No_Load_Speed_45Hz,CWRU_12k + UORED + Electric_Motor,Multi-Head DL (TABNET),0.625,0.49999999999999994,0.8716071428571428
UOEMD,Diagnosis,Load_No_Load_Speed_45Hz,CWRU_12k + Mechanical_Gear + Electric_Motor,Multi-Head DL (TABNET),0.625,0.50018539117538,0.9557142857142857
UOEMD,Diagnosis,Load_No_Load_Speed_45Hz,CWRU_48k + HUST_Gearbox + HUST,Multi-Head DL (TABNET),0.5875,0.5389167862266858,0.9025
UOEMD,Diagnosis,Load_No_Load_Speed_45Hz,CWRU_48k + HUST_Gearbox + PU,Multi-Head DL (TABNET),0.475,0.4252136752136752,0.8183928571428571
UOEMD,Diagnosis,Load_No_Load_Speed_45Hz,CWRU_48k + HUST_Gearbox + UORED,Multi-Head DL (TABNET),0.5375,0.47959183673469385,0.8946428571428571
UOEMD,Diagnosis,Load_No_Load_Speed_45Hz,CWRU_48k + HUST_Gearbox + Mechanical_Gear,Multi-Head DL (TABNET),0.6625000000000001,0.6298307113543091,0.9160714285714286
UOEMD,Diagnosis,Load_No_Load_Speed_45Hz,CWRU_48k + HUST_Gearbox + Electric_Motor,Multi-Head DL (TABNET),0.625,0.540719696969697,0.9573214285714287
UOEMD,Diagnosis,Load_No_Load_Speed_45Hz,CWRU_48k + HUST + PU,Multi-Head DL (TABNET),0.5875,0.5291417464114833,0.9339285714285714
UOEMD,Diagnosis,Load_No_Load_Speed_45Hz,CWRU_48k + HUST + UORED,Multi-Head DL (TABNET),0.6,0.5082936174189328,0.8803571428571428
UOEMD,Diagnosis,Load_No_Load_Speed_45Hz,CWRU_48k + HUST + Mechanical_Gear,Multi-Head DL (TABNET),0.6,0.5036186931348221,0.9157142857142857
UOEMD,Diagnosis,Load_No_Load_Speed_45Hz,CWRU_48k + HUST + Electric_Motor,Multi-Head DL (TABNET),0.85,0.8214285714285714,0.9635714285714285
UOEMD,Diagnosis,Load_No_Load_Speed_45Hz,CWRU_48k + PU + UORED,Multi-Head DL (TABNET),0.4875,0.44270833333333337,0.8726785714285714
UOEMD,Diagnosis,Load_No_Load_Speed_45Hz,CWRU_48k + PU + Mechanical_Gear,Multi-Head DL (TABNET),0.5875,0.5428921568627452,0.8785714285714286
UOEMD,Diagnosis,Load_No_Load_Speed_45Hz,CWRU_48k + PU + Electric_Motor,Multi-Head DL (TABNET),0.625,0.5555555555555556,0.9064285714285715
UOEMD,Diagnosis,Load_No_Load_Speed_45Hz,CWRU_48k + UORED + Mechanical_Gear,Multi-Head DL (TABNET),0.575,0.5439668174962293,0.9346428571428571
UOEMD,Diagnosis,Load_No_Load_Speed_45Hz,CWRU_48k + UORED + Electric_Motor,Multi-Head DL (TABNET),0.6625,0.6304053308430377,0.9705357142857143
UOEMD,Diagnosis,Load_No_Load_Speed_45Hz,CWRU_48k + Mechanical_Gear + Electric_Motor,Multi-Head DL (TABNET),0.85,0.8080808080808081,0.9696428571428571
UOEMD,Diagnosis,Load_No_Load_Speed_45Hz,HUST_Gearbox + HUST + PU,Multi-Head DL (TABNET),0.4,0.3320810142238714,0.8858928571428571
UOEMD,Diagnosis,Load_No_Load_Speed_45Hz,HUST_Gearbox + HUST + UORED,Multi-Head DL (TABNET),0.5375000000000001,0.48695141065830716,0.8899999999999999
UOEMD,Diagnosis,Load_No_Load_Speed_45Hz,HUST_Gearbox + HUST + Mechanical_Gear,Multi-Head DL (TABNET),0.65,0.59375,0.96
UOEMD,Diagnosis,Load_No_Load_Speed_45Hz,HUST_Gearbox + HUST + Electric_Motor,Multi-Head DL (TABNET),0.625,0.5625,0.9141071428571428
UOEMD,Diagnosis,Load_No_Load_Speed_45Hz,HUST_Gearbox + PU + UORED,Multi-Head DL (TABNET),0.5125,0.4482883530871147,0.8446428571428571
UOEMD,Diagnosis,Load_No_Load_Speed_45Hz,HUST_Gearbox + PU + Mechanical_Gear,Multi-Head DL (TABNET),0.375,0.328125,0.7926785714285713
UOEMD,Diagnosis,Load_No_Load_Speed_45Hz,HUST_Gearbox + PU + Electric_Motor,Multi-Head DL (TABNET),0.425,0.3444741532976827,0.8394642857142858
UOEMD,Diagnosis,Load_No_Load_Speed_45Hz,HUST_Gearbox + UORED + Mechanical_Gear,Multi-Head DL (TABNET),0.5125,0.40708101422387133,0.9010714285714285
UOEMD,Diagnosis,Load_No_Load_Speed_45Hz,HUST_Gearbox + UORED + Electric_Motor,Multi-Head DL (TABNET),0.7,0.6197916666666666,0.9548214285714286
UOEMD,Diagnosis,Load_No_Load_Speed_45Hz,HUST_Gearbox + Mechanical_Gear + Electric_Motor,Multi-Head DL (TABNET),0.625,0.55,0.9426785714285715
UOEMD,Diagnosis,Load_No_Load_Speed_45Hz,HUST + PU + UORED,Multi-Head DL (TABNET),0.375,0.2923728813559322,0.8273214285714285
UOEMD,Diagnosis,Load_No_Load_Speed_45Hz,HUST + PU + Mechanical_Gear,Multi-Head DL (TABNET),0.6375,0.5607707509881423,0.89375
UOEMD,Diagnosis,Load_No_Load_Speed_45Hz,HUST + PU + Electric_Motor,Multi-Head DL (TABNET),0.3875,0.3094919786096257,0.7342857142857143
UOEMD,Diagnosis,Load_No_Load_Speed_45Hz,HUST + UORED + Mechanical_Gear,Multi-Head DL (TABNET),0.5875,0.5209296947271045,0.8471428571428571
UOEMD,Diagnosis,Load_No_Load_Speed_45Hz,HUST + UORED + Electric_Motor,Multi-Head DL (TABNET),0.6,0.5285218253968254,0.8976785714285714
UOEMD,Diagnosis,Load_No_Load_Speed_45Hz,HUST + Mechanical_Gear + Electric_Motor,Multi-Head DL (TABNET),0.4625,0.4057017543859649,0.9141071428571429
UOEMD,Diagnosis,Load_No_Load_Speed_45Hz,PU + UORED + Mechanical_Gear,Multi-Head DL (TABNET),0.3875,0.3124098124098124,0.8796428571428572
UOEMD,Diagnosis,Load_No_Load_Speed_45Hz,PU + UORED + Electric_Motor,Multi-Head DL (TABNET),0.4875,0.396845694799659,0.791607142857143
UOEMD,Diagnosis,Load_No_Load_Speed_45Hz,PU + Mechanical_Gear + Electric_Motor,Multi-Head DL (TABNET),0.5,0.41666666666666663,0.8791071428571429
UOEMD,Diagnosis,Load_No_Load_Speed_45Hz,UORED + Mechanical_Gear + Electric_Motor,Multi-Head DL (TABNET),0.4125,0.40165631469979296,0.8216071428571429
UOEMD,Diagnosis,Load_No_Load_Speed_45Hz,CWRU_12k + CWRU_48k + HUST_Gearbox + HUST,Multi-Head DL (TABNET),0.55,0.4910714285714286,0.9094642857142858
UOEMD,Diagnosis,Load_No_Load_Speed_45Hz,CWRU_12k + CWRU_48k + HUST_Gearbox + PU,Multi-Head DL (TABNET),0.475,0.4014336917562724,0.7451785714285715
UOEMD,Diagnosis,Load_No_Load_Speed_45Hz,CWRU_12k + CWRU_48k + HUST_Gearbox + UORED,Multi-Head DL (TABNET),0.5,0.425,0.8830357142857143
UOEMD,Diagnosis,Load_No_Load_Speed_45Hz,CWRU_12k + CWRU_48k + HUST_Gearbox + Mechanical_Gear,Multi-Head DL (TABNET),0.4875,0.421875,0.7719642857142857
UOEMD,Diagnosis,Load_No_Load_Speed_45Hz,CWRU_12k + CWRU_48k + HUST_Gearbox + Electric_Motor,Multi-Head DL (TABNET),0.45,0.3828125,0.7894642857142857
UOEMD,Diagnosis,Load_No_Load_Speed_45Hz,CWRU_12k + CWRU_48k + HUST + PU,Multi-Head DL (TABNET),0.5,0.40255530129672,0.7921428571428571
UOEMD,Diagnosis,Load_No_Load_Speed_45Hz,CWRU_12k + CWRU_48k + HUST + UORED,Multi-Head DL (TABNET),0.6000000000000001,0.5394897248345524,0.9030357142857143
UOEMD,Diagnosis,Load_No_Load_Speed_45Hz,CWRU_12k + CWRU_48k + HUST + Mechanical_Gear,Multi-Head DL (TABNET),0.45,0.38541666666666663,0.6998214285714286
UOEMD,Diagnosis,Load_No_Load_Speed_45Hz,CWRU_12k + CWRU_48k + HUST + Electric_Motor,Multi-Head DL (TABNET),0.625,0.5736081274615109,0.9114285714285715
UOEMD,Diagnosis,Load_No_Load_Speed_45Hz,CWRU_12k + CWRU_48k + PU + UORED,Multi-Head DL (TABNET),0.4625,0.37295434969853575,0.8746428571428572
UOEMD,Diagnosis,Load_No_Load_Speed_45Hz,CWRU_12k + CWRU_48k + PU + Mechanical_Gear,Multi-Head DL (TABNET),0.425,0.3677248677248677,0.8478571428571429
UOEMD,Diagnosis,Load_No_Load_Speed_45Hz,CWRU_12k + CWRU_48k + PU + Electric_Motor,Multi-Head DL (TABNET),0.4875,0.3767543859649123,0.9044642857142857
UOEMD,Diagnosis,Load_No_Load_Speed_45Hz,CWRU_12k + CWRU_48k + UORED + Mechanical_Gear,Multi-Head DL (TABNET),0.5,0.4444444444444444,0.8130357142857143
UOEMD,Diagnosis,Load_No_Load_Speed_45Hz,CWRU_12k + CWRU_48k + UORED + Electric_Motor,Multi-Head DL (TABNET),0.6125,0.56833035828127,0.9392857142857143
UOEMD,Diagnosis,Load_No_Load_Speed_45Hz,CWRU_12k + CWRU_48k + Mechanical_Gear + Electric_Motor,Multi-Head DL (TABNET),0.5,0.4221698113207547,0.8808928571428571
UOEMD,Diagnosis,Load_No_Load_Speed_45Hz,CWRU_12k + HUST_Gearbox + HUST + PU,Multi-Head DL (TABNET),0.6000000000000001,0.5265500430941608,0.9073214285714286
UOEMD,Diagnosis,Load_No_Load_Speed_45Hz,CWRU_12k + HUST_Gearbox + HUST + UORED,Multi-Head DL (TABNET),0.65,0.5616151866151866,0.9410714285714286
UOEMD,Diagnosis,Load_No_Load_Speed_45Hz,CWRU_12k + HUST_Gearbox + HUST + Mechanical_Gear,Multi-Head DL (TABNET),0.6125,0.5142543859649122,0.8501785714285715
UOEMD,Diagnosis,Load_No_Load_Speed_45Hz,CWRU_12k + HUST_Gearbox + HUST + Electric_Motor,Multi-Head DL (TABNET),0.6,0.5358187134502924,0.8803571428571428
UOEMD,Diagnosis,Load_No_Load_Speed_45Hz,CWRU_12k + HUST_Gearbox + PU + UORED,Multi-Head DL (TABNET),0.45,0.38343253968253965,0.6391071428571429
UOEMD,Diagnosis,Load_No_Load_Speed_45Hz,CWRU_12k + HUST_Gearbox + PU + Mechanical_Gear,Multi-Head DL (TABNET),0.36250000000000004,0.36601307189542487,0.7967857142857143
UOEMD,Diagnosis,Load_No_Load_Speed_45Hz,CWRU_12k + HUST_Gearbox + PU + Electric_Motor,Multi-Head DL (TABNET),0.4625,0.4001109877913429,0.9348214285714286
UOEMD,Diagnosis,Load_No_Load_Speed_45Hz,CWRU_12k + HUST_Gearbox + UORED + Mechanical_Gear,Multi-Head DL (TABNET),0.4125,0.33477011494252873,0.8930357142857144
UOEMD,Diagnosis,Load_No_Load_Speed_45Hz,CWRU_12k + HUST_Gearbox + UORED + Electric_Motor,Multi-Head DL (TABNET),0.6,0.5368421052631578,0.9073214285714286
UOEMD,Diagnosis,Load_No_Load_Speed_45Hz,CWRU_12k + HUST_Gearbox + Mechanical_Gear + Electric_Motor,Multi-Head DL (TABNET),0.625,0.6081216577540107,0.9294642857142857
UOEMD,Diagnosis,Load_No_Load_Speed_45Hz,CWRU_12k + HUST + PU + UORED,Multi-Head DL (TABNET),0.5,0.40255530129672,0.8228571428571428
UOEMD,Diagnosis,Load_No_Load_Speed_45Hz,CWRU_12k + HUST + PU + Mechanical_Gear,Multi-Head DL (TABNET),0.375,0.29098360655737704,0.7669642857142858
UOEMD,Diagnosis,Load_No_Load_Speed_45Hz,CWRU_12k + HUST + PU + Electric_Motor,Multi-Head DL (TABNET),0.625,0.5257321274763135,0.9121428571428571
UOEMD,Diagnosis,Load_No_Load_Speed_45Hz,CWRU_12k + HUST + UORED + Mechanical_Gear,Multi-Head DL (TABNET),0.575,0.49731182795698925,0.9239285714285714
UOEMD,Diagnosis,Load_No_Load_Speed_45Hz,CWRU_12k + HUST + UORED + Electric_Motor,Multi-Head DL (TABNET),0.46249999999999997,0.4235209235209235,0.9142857142857143
UOEMD,Diagnosis,Load_No_Load_Speed_45Hz,CWRU_12k + HUST + Mechanical_Gear + Electric_Motor,Multi-Head DL (TABNET),0.375,0.2890625,0.9103571428571429
UOEMD,Diagnosis,Load_No_Load_Speed_45Hz,CWRU_12k + PU + UORED + Mechanical_Gear,Multi-Head DL (TABNET),0.375,0.2857142857142857,0.8980357142857143
UOEMD,Diagnosis,Load_No_Load_Speed_45Hz,CWRU_12k + PU + UORED + Electric_Motor,Multi-Head DL (TABNET),0.5,0.41666666666666663,0.8144642857142858
UOEMD,Diagnosis,Load_No_Load_Speed_45Hz,CWRU_12k + PU + Mechanical_Gear + Electric_Motor,Multi-Head DL (TABNET),0.45,0.3702651515151515,0.8014285714285714
UOEMD,Diagnosis,Load_No_Load_Speed_45Hz,CWRU_12k + UORED + Mechanical_Gear + Electric_Motor,Multi-Head DL (TABNET),0.475,0.4276315789473684,0.8746428571428572
UOEMD,Diagnosis,Load_No_Load_Speed_45Hz,CWRU_48k + HUST_Gearbox + HUST + PU,Multi-Head DL (TABNET),0.3375,0.3103853383458646,0.8103571428571428
UOEMD,Diagnosis,Load_No_Load_Speed_45Hz,CWRU_48k + HUST_Gearbox + HUST + UORED,Multi-Head DL (TABNET),0.4875,0.42391304347826086,0.8855357142857143
UOEMD,Diagnosis,Load_No_Load_Speed_45Hz,CWRU_48k + HUST_Gearbox + HUST + Mechanical_Gear,Multi-Head DL (TABNET),0.5,0.42401960784313725,0.8851785714285715
UOEMD,Diagnosis,Load_No_Load_Speed_45Hz,CWRU_48k + HUST_Gearbox + HUST + Electric_Motor,Multi-Head DL (TABNET),0.625,0.5178571428571428,0.9028571428571428
UOEMD,Diagnosis,Load_No_Load_Speed_45Hz,CWRU_48k + HUST_Gearbox + PU + UORED,Multi-Head DL (TABNET),0.5,0.41016016016016016,0.8505357142857143
UOEMD,Diagnosis,Load_No_Load_Speed_45Hz,CWRU_48k + HUST_Gearbox + PU + Mechanical_Gear,Multi-Head DL (TABNET),0.4875,0.4228723404255319,0.8528571428571429
UOEMD,Diagnosis,Load_No_Load_Speed_45Hz,CWRU_48k + HUST_Gearbox + PU + Electric_Motor,Multi-Head DL (TABNET),0.5125,0.4401001540832049,0.8846428571428571
UOEMD,Diagnosis,Load_No_Load_Speed_45Hz,CWRU_48k + HUST_Gearbox + UORED + Mechanical_Gear,Multi-Head DL (TABNET),0.4875,0.4174406604747162,0.8550000000000001
UOEMD,Diagnosis,Load_No_Load_Speed_45Hz,CWRU_48k + HUST_Gearbox + UORED + Electric_Motor,Multi-Head DL (TABNET),0.7875000000000001,0.7567561115355232,0.8746428571428572
UOEMD,Diagnosis,Load_No_Load_Speed_45Hz,CWRU_48k + HUST_Gearbox + Mechanical_Gear + Electric_Motor,Multi-Head DL (TABNET),0.7125,0.6862824675324676,0.9698214285714286
UOEMD,Diagnosis,Load_No_Load_Speed_45Hz,CWRU_48k + HUST + PU + UORED,Multi-Head DL (TABNET),0.4,0.34911616161616166,0.93
UOEMD,Diagnosis,Load_No_Load_Speed_45Hz,CWRU_48k + HUST + PU + Mechanical_Gear,Multi-Head DL (TABNET),0.375,0.2890625,0.7948214285714286
UOEMD,Diagnosis,Load_No_Load_Speed_45Hz,CWRU_48k + HUST + PU + Electric_Motor,Multi-Head DL (TABNET),0.5625,0.4851190476190476,0.9067857142857143
UOEMD,Diagnosis,Load_No_Load_Speed_45Hz,CWRU_48k + HUST + UORED + Mechanical_Gear,Multi-Head DL (TABNET),0.5,0.4260204081632653,0.9185714285714286
UOEMD,Diagnosis,Load_No_Load_Speed_45Hz,CWRU_48k + HUST + UORED + Electric_Motor,Multi-Head DL (TABNET),0.45,0.38760964912280704,0.9201785714285714
UOEMD,Diagnosis,Load_No_Load_Speed_45Hz,CWRU_48k + HUST + Mechanical_Gear + Electric_Motor,Multi-Head DL (TABNET),0.5,0.4375,0.875
UOEMD,Diagnosis,Load_No_Load_Speed_45Hz,CWRU_48k + PU + UORED + Mechanical_Gear,Multi-Head DL (TABNET),0.4875,0.4122807017543859,0.8167857142857142
UOEMD,Diagnosis,Load_No_Load_Speed_45Hz,CWRU_48k + PU + UORED + Electric_Motor,Multi-Head DL (TABNET),0.6125,0.5004367236024845,0.8239285714285715
UOEMD,Diagnosis,Load_No_Load_Speed_45Hz,CWRU_48k + PU + Mechanical_Gear + Electric_Motor,Multi-Head DL (TABNET),0.5,0.42934782608695654,0.9276785714285714
UOEMD,Diagnosis,Load_No_Load_Speed_45Hz,CWRU_48k + UORED + Mechanical_Gear + Electric_Motor,Multi-Head DL (TABNET),0.475,0.4337121212121212,0.8914285714285715
UOEMD,Diagnosis,Load_No_Load_Speed_45Hz,HUST_Gearbox + HUST + PU + UORED,Multi-Head DL (TABNET),0.5,0.44717261904761907,0.8448214285714286
UOEMD,Diagnosis,Load_No_Load_Speed_45Hz,HUST_Gearbox + HUST + PU + Mechanical_Gear,Multi-Head DL (TABNET),0.4625,0.36198462613556953,0.8753571428571428
UOEMD,Diagnosis,Load_No_Load_Speed_45Hz,HUST_Gearbox + HUST + PU + Electric_Motor,Multi-Head DL (TABNET),0.45,0.39574314574314573,0.8426785714285715
UOEMD,Diagnosis,Load_No_Load_Speed_45Hz,HUST_Gearbox + HUST + UORED + Mechanical_Gear,Multi-Head DL (TABNET),0.7375,0.7037720493602846,0.9346428571428571
UOEMD,Diagnosis,Load_No_Load_Speed_45Hz,HUST_Gearbox + HUST + UORED + Electric_Motor,Multi-Head DL (TABNET),0.5375,0.44594988344988346,0.9178571428571429
UOEMD,Diagnosis,Load_No_Load_Speed_45Hz,HUST_Gearbox + HUST + Mechanical_Gear + Electric_Motor,Multi-Head DL (TABNET),0.625,0.5189144736842105,0.9401785714285714
UOEMD,Diagnosis,Load_No_Load_Speed_45Hz,HUST_Gearbox + PU + UORED + Mechanical_Gear,Multi-Head DL (TABNET),0.5,0.427564922945662,0.8973214285714285
UOEMD,Diagnosis,Load_No_Load_Speed_45Hz,HUST_Gearbox + PU + UORED + Electric_Motor,Multi-Head DL (TABNET),0.6,0.5510599415204678,0.9457142857142857
UOEMD,Diagnosis,Load_No_Load_Speed_45Hz,HUST_Gearbox + PU + Mechanical_Gear + Electric_Motor,Multi-Head DL (TABNET),0.5,0.41666666666666663,0.8275
UOEMD,Diagnosis,Load_No_Load_Speed_45Hz,HUST_Gearbox + UORED + Mechanical_Gear + Electric_Motor,Multi-Head DL (TABNET),0.5125,0.40708101422387133,0.9466071428571429
UOEMD,Diagnosis,Load_No_Load_Speed_45Hz,HUST + PU + UORED + Mechanical_Gear,Multi-Head DL (TABNET),0.4,0.3416666666666667,0.7583928571428571
UOEMD,Diagnosis,Load_No_Load_Speed_45Hz,HUST + PU + UORED + Electric_Motor,Multi-Head DL (TABNET),0.625,0.55,0.8935714285714286
UOEMD,Diagnosis,Load_No_Load_Speed_45Hz,HUST + PU + Mechanical_Gear + Electric_Motor,Multi-Head DL (TABNET),0.625,0.5208333333333333,0.8692857142857142
UOEMD,Diagnosis,Load_No_Load_Speed_45Hz,HUST + UORED + Mechanical_Gear + Electric_Motor,Multi-Head DL (TABNET),0.5875,0.5246754107048225,0.9217857142857143
UOEMD,Diagnosis,Load_No_Load_Speed_45Hz,PU + UORED + Mechanical_Gear + Electric_Motor,Multi-Head DL (TABNET),0.375,0.29166666666666663,0.7626785714285714
UOEMD,Diagnosis,Load_No_Load_Speed_45Hz,CWRU_12k + CWRU_48k + HUST_Gearbox + HUST + PU,Multi-Head DL (TABNET),0.525,0.4589160839160839,0.8864285714285713
UOEMD,Diagnosis,Load_No_Load_Speed_45Hz,CWRU_12k + CWRU_48k + HUST_Gearbox + HUST + UORED,Multi-Head DL (TABNET),0.625,0.5587301587301587,0.9148214285714286
UOEMD,Diagnosis,Load_No_Load_Speed_45Hz,CWRU_12k + CWRU_48k + HUST_Gearbox + HUST + Mechanical_Gear,Multi-Head DL (TABNET),0.5875,0.49805487305487306,0.865
UOEMD,Diagnosis,Load_No_Load_Speed_45Hz,CWRU_12k + CWRU_48k + HUST_Gearbox + HUST + Electric_Motor,Multi-Head DL (TABNET),0.5,0.41666666666666663,0.9153571428571429
UOEMD,Diagnosis,Load_No_Load_Speed_45Hz,CWRU_12k + CWRU_48k + HUST_Gearbox + PU + UORED,Multi-Head DL (TABNET),0.625,0.5450680272108843,0.8058928571428572
UOEMD,Diagnosis,Load_No_Load_Speed_45Hz,CWRU_12k + CWRU_48k + HUST_Gearbox + PU + Mechanical_Gear,Multi-Head DL (TABNET),0.3875,0.30895915678524377,0.8326785714285714
UOEMD,Diagnosis,Load_No_Load_Speed_45Hz,CWRU_12k + CWRU_48k + HUST_Gearbox + PU + Electric_Motor,Multi-Head DL (TABNET),0.6625,0.591170540796964,0.9780357142857143
UOEMD,Diagnosis,Load_No_Load_Speed_45Hz,CWRU_12k + CWRU_48k + HUST_Gearbox + UORED + Mechanical_Gear,Multi-Head DL (TABNET),0.55,0.49382030499051777,0.9235714285714286
UOEMD,Diagnosis,Load_No_Load_Speed_45Hz,CWRU_12k + CWRU_48k + HUST_Gearbox + UORED + Electric_Motor,Multi-Head DL (TABNET),0.55,0.4980506822612085,0.8964285714285714
UOEMD,Diagnosis,Load_No_Load_Speed_45Hz,CWRU_12k + CWRU_48k + HUST_Gearbox + Mechanical_Gear + Electric_Motor,Multi-Head DL (TABNET),0.55,0.5034965034965035,0.9164285714285715
UOEMD,Diagnosis,Load_No_Load_Speed_45Hz,CWRU_12k + CWRU_48k + HUST + PU + UORED,Multi-Head DL (TABNET),0.3125,0.25686813186813184,0.8232142857142857
UOEMD,Diagnosis,Load_No_Load_Speed_45Hz,CWRU_12k + CWRU_48k + HUST + PU + Mechanical_Gear,Multi-Head DL (TABNET),0.5,0.3789490651192779,0.9082142857142858
UOEMD,Diagnosis,Load_No_Load_Speed_45Hz,CWRU_12k + CWRU_48k + HUST + PU + Electric_Motor,Multi-Head DL (TABNET),0.3875,0.3345352564102564,0.80875
UOEMD,Diagnosis,Load_No_Load_Speed_45Hz,CWRU_12k + CWRU_48k + HUST + UORED + Mechanical_Gear,Multi-Head DL (TABNET),0.5,0.4379662004662005,0.8692857142857142
UOEMD,Diagnosis,Load_No_Load_Speed_45Hz,CWRU_12k + CWRU_48k + HUST + UORED + Electric_Motor,Multi-Head DL (TABNET),0.3875,0.35609756097560974,0.8069642857142857
UOEMD,Diagnosis,Load_No_Load_Speed_45Hz,CWRU_12k + CWRU_48k + HUST + Mechanical_Gear + Electric_Motor,Multi-Head DL (TABNET),0.6375,0.5583554376657824,0.9453571428571429
UOEMD,Diagnosis,Load_No_Load_Speed_45Hz,CWRU_12k + CWRU_48k + PU + UORED + Mechanical_Gear,Multi-Head DL (TABNET),0.625,0.5450680272108843,0.8594642857142857
UOEMD,Diagnosis,Load_No_Load_Speed_45Hz,CWRU_12k + CWRU_48k + PU + UORED + Electric_Motor,Multi-Head DL (TABNET),0.525,0.4616228070175438,0.9012500000000001
UOEMD,Diagnosis,Load_No_Load_Speed_45Hz,CWRU_12k + CWRU_48k + PU + Mechanical_Gear + Electric_Motor,Multi-Head DL (TABNET),0.45,0.3867753623188406,0.8255357142857143
UOEMD,Diagnosis,Load_No_Load_Speed_45Hz,CWRU_12k + CWRU_48k + UORED + Mechanical_Gear + Electric_Motor,Multi-Head DL (TABNET),0.625,0.5531097305598214,0.9603571428571429
UOEMD,Diagnosis,Load_No_Load_Speed_45Hz,CWRU_12k + HUST_Gearbox + HUST + PU + UORED,Multi-Head DL (TABNET),0.5625,0.50625,0.9008928571428572
UOEMD,Diagnosis,Load_No_Load_Speed_45Hz,CWRU_12k + HUST_Gearbox + HUST + PU + Mechanical_Gear,Multi-Head DL (TABNET),0.3875,0.32374768089053807,0.7933928571428572
UOEMD,Diagnosis,Load_No_Load_Speed_45Hz,CWRU_12k + HUST_Gearbox + HUST + PU + Electric_Motor,Multi-Head DL (TABNET),0.5,0.4583333333333333,0.8707142857142858
UOEMD,Diagnosis,Load_No_Load_Speed_45Hz,CWRU_12k + HUST_Gearbox + HUST + UORED + Mechanical_Gear,Multi-Head DL (TABNET),0.525,0.4761904761904762,0.8271428571428572
UOEMD,Diagnosis,Load_No_Load_Speed_45Hz,CWRU_12k + HUST_Gearbox + HUST + UORED + Electric_Motor,Multi-Head DL (TABNET),0.475,0.4074074074074074,0.8901785714285714
UOEMD,Diagnosis,Load_No_Load_Speed_45Hz,CWRU_12k + HUST_Gearbox + HUST + Mechanical_Gear + Electric_Motor,Multi-Head DL (TABNET),0.5125,0.4453463203463203,0.9112499999999999
UOEMD,Diagnosis,Load_No_Load_Speed_45Hz,CWRU_12k + HUST_Gearbox + PU + UORED + Mechanical_Gear,Multi-Head DL (TABNET),0.5,0.39880952380952384,0.9358928571428572
UOEMD,Diagnosis,Load_No_Load_Speed_45Hz,CWRU_12k + HUST_Gearbox + PU + UORED + Electric_Motor,Multi-Head DL (TABNET),0.5,0.4067982456140351,0.7973214285714285
UOEMD,Diagnosis,Load_No_Load_Speed_45Hz,CWRU_12k + HUST_Gearbox + PU + Mechanical_Gear + Electric_Motor,Multi-Head DL (TABNET),0.625,0.5279720279720279,0.865
UOEMD,Diagnosis,Load_No_Load_Speed_45Hz,CWRU_12k + HUST_Gearbox + UORED + Mechanical_Gear + Electric_Motor,Multi-Head DL (TABNET),0.5,0.3873626373626374,0.8085714285714285
UOEMD,Diagnosis,Load_No_Load_Speed_45Hz,CWRU_12k + HUST + PU + UORED + Mechanical_Gear,Multi-Head DL (TABNET),0.475,0.4027777777777778,0.8262499999999999
UOEMD,Diagnosis,Load_No_Load_Speed_45Hz,CWRU_12k + HUST + PU + UORED + Electric_Motor,Multi-Head DL (TABNET),0.38749999999999996,0.3446969696969697,0.9207142857142856
UOEMD,Diagnosis,Load_No_Load_Speed_45Hz,CWRU_12k + HUST + PU + Mechanical_Gear + Electric_Motor,Multi-Head DL (TABNET),0.7375,0.6841834152689416,0.9739285714285715
UOEMD,Diagnosis,Load_No_Load_Speed_45Hz,CWRU_12k + HUST + UORED + Mechanical_Gear + Electric_Motor,Multi-Head DL (TABNET),0.5625,0.4901059085841694,0.9005357142857143
UOEMD,Diagnosis,Load_No_Load_Speed_45Hz,CWRU_12k + PU + UORED + Mechanical_Gear + Electric_Motor,Multi-Head DL (TABNET),0.375,0.29166666666666663,0.8783928571428572
UOEMD,Diagnosis,Load_No_Load_Speed_45Hz,CWRU_48k + HUST_Gearbox + HUST + PU + UORED,Multi-Head DL (TABNET),0.5375,0.502916613540737,0.8328571428571429
UOEMD,Diagnosis,Load_No_Load_Speed_45Hz,CWRU_48k + HUST_Gearbox + HUST + PU + Mechanical_Gear,Multi-Head DL (TABNET),0.5,0.37894906511927784,0.9060714285714286
UOEMD,Diagnosis,Load_No_Load_Speed_45Hz,CWRU_48k + HUST_Gearbox + HUST + PU + Electric_Motor,Multi-Head DL (TABNET),0.525,0.45977011494252873,0.8703571428571428
UOEMD,Diagnosis,Load_No_Load_Speed_45Hz,CWRU_48k + HUST_Gearbox + HUST + UORED + Mechanical_Gear,Multi-Head DL (TABNET),0.6125,0.6054075235109718,0.9292857142857143
UOEMD,Diagnosis,Load_No_Load_Speed_45Hz,CWRU_48k + HUST_Gearbox + HUST + UORED + Electric_Motor,Multi-Head DL (TABNET),0.625,0.5515873015873016,0.9107142857142857
UOEMD,Diagnosis,Load_No_Load_Speed_45Hz,CWRU_48k + HUST_Gearbox + HUST + Mechanical_Gear + Electric_Motor,Multi-Head DL (TABNET),0.75,0.6866151866151866,0.9648214285714285
UOEMD,Diagnosis,Load_No_Load_Speed_45Hz,CWRU_48k + HUST_Gearbox + PU + UORED + Mechanical_Gear,Multi-Head DL (TABNET),0.5,0.42789398710451343,0.8075000000000001
UOEMD,Diagnosis,Load_No_Load_Speed_45Hz,CWRU_48k + HUST_Gearbox + PU + UORED + Electric_Motor,Multi-Head DL (TABNET),0.475,0.39974747474747474,0.875357142857143
UOEMD,Diagnosis,Load_No_Load_Speed_45Hz,CWRU_48k + HUST_Gearbox + PU + Mechanical_Gear + Electric_Motor,Multi-Head DL (TABNET),0.5875,0.5279411764705882,0.8453571428571429
UOEMD,Diagnosis,Load_No_Load_Speed_45Hz,CWRU_48k + HUST_Gearbox + UORED + Mechanical_Gear + Electric_Motor,Multi-Head DL (TABNET),0.675,0.6533189033189033,0.9233928571428571
UOEMD,Diagnosis,Load_No_Load_Speed_45Hz,CWRU_48k + HUST + PU + UORED + Mechanical_Gear,Multi-Head DL (TABNET),0.5125,0.43809041835357626,0.9023214285714286
UOEMD,Diagnosis,Load_No_Load_Speed_45Hz,CWRU_48k + HUST + PU + UORED + Electric_Motor,Multi-Head DL (TABNET),0.375,0.2857142857142857,0.7630357142857143
UOEMD,Diagnosis,Load_No_Load_Speed_45Hz,CWRU_48k + HUST + PU + Mechanical_Gear + Electric_Motor,Multi-Head DL (TABNET),0.625,0.5625,0.9392857142857143
UOEMD,Diagnosis,Load_No_Load_Speed_45Hz,CWRU_48k + HUST + UORED + Mechanical_Gear + Electric_Motor,Multi-Head DL (TABNET),0.5,0.41666666666666663,0.8269642857142857
UOEMD,Diagnosis,Load_No_Load_Speed_45Hz,CWRU_48k + PU + UORED + Mechanical_Gear + Electric_Motor,Multi-Head DL (TABNET),0.625,0.5208333333333333,0.9405357142857143
UOEMD,Diagnosis,Load_No_Load_Speed_45Hz,HUST_Gearbox + HUST + PU + UORED + Mechanical_Gear,Multi-Head DL (TABNET),0.5,0.38166556945358787,0.8328571428571429
UOEMD,Diagnosis,Load_No_Load_Speed_45Hz,HUST_Gearbox + HUST + PU + UORED + Electric_Motor,Multi-Head DL (TABNET),0.5,0.44018270827869566,0.8457142857142856
UOEMD,Diagnosis,Load_No_Load_Speed_45Hz,HUST_Gearbox + HUST + PU + Mechanical_Gear + Electric_Motor,Multi-Head DL (TABNET),0.38749999999999996,0.34655768208399784,0.7976785714285715
UOEMD,Diagnosis,Load_No_Load_Speed_45Hz,HUST_Gearbox + HUST + UORED + Mechanical_Gear + Electric_Motor,Multi-Head DL (TABNET),0.7375,0.7157375145180023,0.98125
UOEMD,Diagnosis,Load_No_Load_Speed_45Hz,HUST_Gearbox + PU + UORED + Mechanical_Gear + Electric_Motor,Multi-Head DL (TABNET),0.5875,0.5947293447293447,0.8533928571428572
UOEMD,Diagnosis,Load_No_Load_Speed_45Hz,HUST + PU + UORED + Mechanical_Gear + Electric_Motor,Multi-Head DL (TABNET),0.5,0.40673981191222575,0.8391071428571428
UOEMD,Diagnosis,Load_No_Load_Speed_45Hz,CWRU_12k + CWRU_48k + HUST_Gearbox + HUST + PU + UORED,Multi-Head DL (TABNET),0.5,0.41666666666666663,0.8196428571428571
UOEMD,Diagnosis,Load_No_Load_Speed_45Hz,CWRU_12k + CWRU_48k + HUST_Gearbox + HUST + PU + Mechanical_Gear,Multi-Head DL (TABNET),0.4,0.33305497878486956,0.92125
UOEMD,Diagnosis,Load_No_Load_Speed_45Hz,CWRU_12k + CWRU_48k + HUST_Gearbox + HUST + PU + Electric_Motor,Multi-Head DL (TABNET),0.4,0.4054340396445659,0.8323214285714285
UOEMD,Diagnosis,Load_No_Load_Speed_45Hz,CWRU_12k + CWRU_48k + HUST_Gearbox + HUST + UORED + Mechanical_Gear,Multi-Head DL (TABNET),0.5875,0.52953216374269,0.9126785714285715
UOEMD,Diagnosis,Load_No_Load_Speed_45Hz,CWRU_12k + CWRU_48k + HUST_Gearbox + HUST + UORED + Electric_Motor,Multi-Head DL (TABNET),0.4875,0.39499589827727644,0.8733928571428571
UOEMD,Diagnosis,Load_No_Load_Speed_45Hz,CWRU_12k + CWRU_48k + HUST_Gearbox + HUST + Mechanical_Gear + Electric_Motor,Multi-Head DL (TABNET),0.5,0.4341880341880342,0.8380357142857143
UOEMD,Diagnosis,Load_No_Load_Speed_45Hz,CWRU_12k + CWRU_48k + HUST_Gearbox + PU + UORED + Mechanical_Gear,Multi-Head DL (TABNET),0.625,0.5581395348837209,0.8607142857142858
UOEMD,Diagnosis,Load_No_Load_Speed_45Hz,CWRU_12k + CWRU_48k + HUST_Gearbox + PU + UORED + Electric_Motor,Multi-Head DL (TABNET),0.375,0.2857142857142857,0.7314285714285715
UOEMD,Diagnosis,Load_No_Load_Speed_45Hz,CWRU_12k + CWRU_48k + HUST_Gearbox + PU + Mechanical_Gear + Electric_Motor,Multi-Head DL (TABNET),0.36250000000000004,0.3253588516746412,0.7776785714285713
UOEMD,Diagnosis,Load_No_Load_Speed_45Hz,CWRU_12k + CWRU_48k + HUST_Gearbox + UORED + Mechanical_Gear + Electric_Motor,Multi-Head DL (TABNET),0.5,0.40255530129672,0.8658928571428571
UOEMD,Diagnosis,Load_No_Load_Speed_45Hz,CWRU_12k + CWRU_48k + HUST + PU + UORED + Mechanical_Gear,Multi-Head DL (TABNET),0.525,0.45535714285714285,0.7566071428571428
UOEMD,Diagnosis,Load_No_Load_Speed_45Hz,CWRU_12k + CWRU_48k + HUST + PU + UORED + Electric_Motor,Multi-Head DL (TABNET),0.525,0.4666666666666667,0.8944642857142857
UOEMD,Diagnosis,Load_No_Load_Speed_45Hz,CWRU_12k + CWRU_48k + HUST + PU + Mechanical_Gear + Electric_Motor,Multi-Head DL (TABNET),0.4625,0.3592171717171717,0.7464285714285714
UOEMD,Diagnosis,Load_No_Load_Speed_45Hz,CWRU_12k + CWRU_48k + HUST + UORED + Mechanical_Gear + Electric_Motor,Multi-Head DL (TABNET),0.6,0.529282765737874,0.8350000000000001
UOEMD,Diagnosis,Load_No_Load_Speed_45Hz,CWRU_12k + CWRU_48k + PU + UORED + Mechanical_Gear + Electric_Motor,Multi-Head DL (TABNET),0.375,0.3,0.7933928571428571
UOEMD,Diagnosis,Load_No_Load_Speed_45Hz,CWRU_12k + HUST_Gearbox + HUST + PU + UORED + Mechanical_Gear,Multi-Head DL (TABNET),0.5375,0.47862525987525983,0.8494642857142858
UOEMD,Diagnosis,Load_No_Load_Speed_45Hz,CWRU_12k + HUST_Gearbox + HUST + PU + UORED + Electric_Motor,Multi-Head DL (TABNET),0.5,0.4387413614844643,0.8710714285714286
UOEMD,Diagnosis,Load_No_Load_Speed_45Hz,CWRU_12k + HUST_Gearbox + HUST + PU + Mechanical_Gear + Electric_Motor,Multi-Head DL (TABNET),0.5874999999999999,0.5615078998962058,0.8860714285714286
UOEMD,Diagnosis,Load_No_Load_Speed_45Hz,CWRU_12k + HUST_Gearbox + HUST + UORED + Mechanical_Gear + Electric_Motor,Multi-Head DL (TABNET),0.4125,0.35059523809523807,0.8935714285714286
UOEMD,Diagnosis,Load_No_Load_Speed_45Hz,CWRU_12k + HUST_Gearbox + PU + UORED + Mechanical_Gear + Electric_Motor,Multi-Head DL (TABNET),0.65,0.6133578431372548,0.8233928571428571
UOEMD,Diagnosis,Load_No_Load_Speed_45Hz,CWRU_12k + HUST + PU + UORED + Mechanical_Gear + Electric_Motor,Multi-Head DL (TABNET),0.5,0.41666666666666663,0.8691071428571429
UOEMD,Diagnosis,Load_No_Load_Speed_45Hz,CWRU_48k + HUST_Gearbox + HUST + PU + UORED + Mechanical_Gear,Multi-Head DL (TABNET),0.475,0.3909756097560976,0.9058928571428572
UOEMD,Diagnosis,Load_No_Load_Speed_45Hz,CWRU_48k + HUST_Gearbox + HUST + PU + UORED + Electric_Motor,Multi-Head DL (TABNET),0.375,0.34615384615384615,0.7548214285714285
UOEMD,Diagnosis,Load_No_Load_Speed_45Hz,CWRU_48k + HUST_Gearbox + HUST + PU + Mechanical_Gear + Electric_Motor,Multi-Head DL (TABNET),0.5,0.4173728813559322,0.9314285714285715
UOEMD,Diagnosis,Load_No_Load_Speed_45Hz,CWRU_48k + HUST_Gearbox + HUST + UORED + Mechanical_Gear + Electric_Motor,Multi-Head DL (TABNET),0.5,0.43452380952380953,0.9108928571428572
UOEMD,Diagnosis,Load_No_Load_Speed_45Hz,CWRU_48k + HUST_Gearbox + PU + UORED + Mechanical_Gear + Electric_Motor,Multi-Head DL (TABNET),0.6125,0.5424406604747162,0.8491071428571428
UOEMD,Diagnosis,Load_No_Load_Speed_45Hz,CWRU_48k + HUST + PU + UORED + Mechanical_Gear + Electric_Motor,Multi-Head DL (TABNET),0.5375,0.44485815602836876,0.8948214285714285
UOEMD,Diagnosis,Load_No_Load_Speed_45Hz,HUST_Gearbox + HUST + PU + UORED + Mechanical_Gear + Electric_Motor,Multi-Head DL (TABNET),0.5,0.43452380952380953,0.8178571428571428
UOEMD,Diagnosis,Load_No_Load_Speed_45Hz,CWRU_12k + CWRU_48k + HUST_Gearbox + HUST + PU + UORED + Mechanical_Gear,Multi-Head DL (TABNET),0.375,0.2857142857142857,0.8246428571428571
UOEMD,Diagnosis,Load_No_Load_Speed_45Hz,CWRU_12k + CWRU_48k + HUST_Gearbox + HUST + PU + UORED + Electric_Motor,Multi-Head DL (TABNET),0.2875,0.2825311942959002,0.68625
UOEMD,Diagnosis,Load_No_Load_Speed_45Hz,CWRU_12k + CWRU_48k + HUST_Gearbox + HUST + PU + Mechanical_Gear + Electric_Motor,Multi-Head DL (TABNET),0.375,0.29166666666666663,0.8619642857142857
UOEMD,Diagnosis,Load_No_Load_Speed_45Hz,CWRU_12k + CWRU_48k + HUST_Gearbox + HUST + UORED + Mechanical_Gear + Electric_Motor,Multi-Head DL (TABNET),0.475,0.43567251461988304,0.7953571428571429
UOEMD,Diagnosis,Load_No_Load_Speed_45Hz,CWRU_12k + CWRU_48k + HUST_Gearbox + PU + UORED + Mechanical_Gear + Electric_Motor,Multi-Head DL (TABNET),0.3875,0.38257575757575757,0.8246428571428572
UOEMD,Diagnosis,Load_No_Load_Speed_45Hz,CWRU_12k + CWRU_48k + HUST + PU + UORED + Mechanical_Gear + Electric_Motor,Multi-Head DL (TABNET),0.7625,0.7118298368298368,0.9055357142857143
UOEMD,Diagnosis,Load_No_Load_Speed_45Hz,CWRU_12k + HUST_Gearbox + HUST + PU + UORED + Mechanical_Gear + Electric_Motor,Multi-Head DL (TABNET),0.375,0.2923728813559322,0.845
UOEMD,Diagnosis,Load_No_Load_Speed_45Hz,CWRU_48k + HUST_Gearbox + HUST + PU + UORED + Mechanical_Gear + Electric_Motor,Multi-Head DL (TABNET),0.5,0.4211309523809524,0.8378571428571429
UOEMD,Diagnosis,Load_No_Load_Speed_45Hz,CWRU_12k + CWRU_48k + HUST_Gearbox + HUST + PU + UORED + Mechanical_Gear + Electric_Motor,Multi-Head DL (TABNET),0.5,0.3897624039133473,0.8278571428571428
UOEMD,Diagnosis,Load_No_Load_Speed_60Hz,CWRU_12k,Multi-Head DL (TABNET),0.6375,0.5451631701631701,0.9444642857142858
UOEMD,Diagnosis,Load_No_Load_Speed_60Hz,CWRU_48k,Multi-Head DL (TABNET),0.725,0.6734666654743381,0.9698214285714286
UOEMD,Diagnosis,Load_No_Load_Speed_60Hz,HUST_Gearbox,Multi-Head DL (TABNET),0.6875,0.6098197343453511,0.9569642857142857
UOEMD,Diagnosis,Load_No_Load_Speed_60Hz,HUST,Multi-Head DL (TABNET),0.85,0.810064935064935,0.9605357142857143
UOEMD,Diagnosis,Load_No_Load_Speed_60Hz,PU,Multi-Head DL (TABNET),0.475,0.3734737484737485,0.8121428571428572
UOEMD,Diagnosis,Load_No_Load_Speed_60Hz,UORED,Multi-Head DL (TABNET),0.875,0.8638958507379559,0.9808928571428572
UOEMD,Diagnosis,Load_No_Load_Speed_60Hz,Mechanical_Gear,Multi-Head DL (TABNET),0.7375,0.7119413195500152,0.9632142857142857
UOEMD,Diagnosis,Load_No_Load_Speed_60Hz,Electric_Motor,Multi-Head DL (TABNET),0.9125,0.9096405228758171,0.9926785714285714
UOEMD,Diagnosis,Load_No_Load_Speed_60Hz,CWRU_12k + CWRU_48k,Multi-Head DL (TABNET),0.8,0.7553258145363408,0.9916071428571429
UOEMD,Diagnosis,Load_No_Load_Speed_60Hz,CWRU_12k + HUST_Gearbox,Multi-Head DL (TABNET),0.625,0.5773809523809523,0.8878571428571429
UOEMD,Diagnosis,Load_No_Load_Speed_60Hz,CWRU_12k + HUST,Multi-Head DL (TABNET),0.4625,0.3673328305681247,0.8592857142857143
UOEMD,Diagnosis,Load_No_Load_Speed_60Hz,CWRU_12k + PU,Multi-Head DL (TABNET),0.5125,0.47128851540616246,0.8130357142857143
UOEMD,Diagnosis,Load_No_Load_Speed_60Hz,CWRU_12k + UORED,Multi-Head DL (TABNET),0.8375,0.7988136886693762,0.98
UOEMD,Diagnosis,Load_No_Load_Speed_60Hz,CWRU_12k + Mechanical_Gear,Multi-Head DL (TABNET),0.75,0.6954583171688435,0.9782142857142857
UOEMD,Diagnosis,Load_No_Load_Speed_60Hz,CWRU_12k + Electric_Motor,Multi-Head DL (TABNET),0.875,0.8333333333333333,0.9744642857142858
UOEMD,Diagnosis,Load_No_Load_Speed_60Hz,CWRU_48k + HUST_Gearbox,Multi-Head DL (TABNET),0.5,0.4425701110483719,0.8378571428571429
UOEMD,Diagnosis,Load_No_Load_Speed_60Hz,CWRU_48k + HUST,Multi-Head DL (TABNET),0.5625,0.5317753623188406,0.8739285714285714
UOEMD,Diagnosis,Load_No_Load_Speed_60Hz,CWRU_48k + PU,Multi-Head DL (TABNET),0.5125,0.4089279895731509,0.9073214285714286
UOEMD,Diagnosis,Load_No_Load_Speed_60Hz,CWRU_48k + UORED,Multi-Head DL (TABNET),0.7749999999999999,0.7328947368421053,0.97
UOEMD,Diagnosis,Load_No_Load_Speed_60Hz,CWRU_48k + Mechanical_Gear,Multi-Head DL (TABNET),0.6499999999999999,0.6050145744796774,0.9608928571428572
UOEMD,Diagnosis,Load_No_Load_Speed_60Hz,CWRU_48k + Electric_Motor,Multi-Head DL (TABNET),0.8375,0.7972227013972745,0.9798214285714286
UOEMD,Diagnosis,Load_No_Load_Speed_60Hz,HUST_Gearbox + HUST,Multi-Head DL (TABNET),0.525,0.4677865612648221,0.8825000000000001
UOEMD,Diagnosis,Load_No_Load_Speed_60Hz,HUST_Gearbox + PU,Multi-Head DL (TABNET),0.5875,0.5241368286445013,0.8989285714285715
UOEMD,Diagnosis,Load_No_Load_Speed_60Hz,HUST_Gearbox + UORED,Multi-Head DL (TABNET),0.7375,0.7196078431372548,0.9539285714285715
UOEMD,Diagnosis,Load_No_Load_Speed_60Hz,HUST_Gearbox + Mechanical_Gear,Multi-Head DL (TABNET),0.5125,0.42143416927899685,0.8896428571428572
UOEMD,Diagnosis,Load_No_Load_Speed_60Hz,HUST_Gearbox + Electric_Motor,Multi-Head DL (TABNET),0.5249999999999999,0.5047846889952153,0.9060714285714285
UOEMD,Diagnosis,Load_No_Load_Speed_60Hz,HUST + PU,Multi-Head DL (TABNET),0.5,0.47564555937421216,0.8941071428571429
UOEMD,Diagnosis,Load_No_Load_Speed_60Hz,HUST + UORED,Multi-Head DL (TABNET),0.6875,0.6208333333333333,0.97125
UOEMD,Diagnosis,Load_No_Load_Speed_60Hz,HUST + Mechanical_Gear,Multi-Head DL (TABNET),0.7875,0.7445887445887447,0.975
UOEMD,Diagnosis,Load_No_Load_Speed_60Hz,HUST + Electric_Motor,Multi-Head DL (TABNET),0.7625,0.6922675026123302,0.9989285714285714
UOEMD,Diagnosis,Load_No_Load_Speed_60Hz,PU + UORED,Multi-Head DL (TABNET),0.625,0.5208333333333333,0.8473214285714286
UOEMD,Diagnosis,Load_No_Load_Speed_60Hz,PU + Mechanical_Gear,Multi-Head DL (TABNET),0.5125,0.44911518661518657,0.8064285714285714
UOEMD,Diagnosis,Load_No_Load_Speed_60Hz,PU + Electric_Motor,Multi-Head DL (TABNET),0.2625,0.2183497536945813,0.8182142857142858
UOEMD,Diagnosis,Load_No_Load_Speed_60Hz,UORED + Mechanical_Gear,Multi-Head DL (TABNET),0.775,0.7481481481481482,0.9514285714285715
UOEMD,Diagnosis,Load_No_Load_Speed_60Hz,UORED + Electric_Motor,Multi-Head DL (TABNET),0.5875,0.5316257207704576,0.9494642857142856
UOEMD,Diagnosis,Load_No_Load_Speed_60Hz,Mechanical_Gear + Electric_Motor,Multi-Head DL (TABNET),0.625,0.5461309523809524,0.9630357142857142
UOEMD,Diagnosis,Load_No_Load_Speed_60Hz,CWRU_12k + CWRU_48k + HUST_Gearbox,Multi-Head DL (TABNET),0.85,0.7963054457619675,0.9883928571428572
UOEMD,Diagnosis,Load_No_Load_Speed_60Hz,CWRU_12k + CWRU_48k + HUST,Multi-Head DL (TABNET),0.5875,0.5520833333333334,0.8651785714285714
UOEMD,Diagnosis,Load_No_Load_Speed_60Hz,CWRU_12k + CWRU_48k + PU,Multi-Head DL (TABNET),0.5,0.45531674208144796,0.7841071428571429
UOEMD,Diagnosis,Load_No_Load_Speed_60Hz,CWRU_12k + CWRU_48k + UORED,Multi-Head DL (TABNET),0.625,0.5553571428571429,0.9558928571428571
UOEMD,Diagnosis,Load_No_Load_Speed_60Hz,CWRU_12k + CWRU_48k + Mechanical_Gear,Multi-Head DL (TABNET),0.8625,0.8208020050125313,0.9585714285714286
UOEMD,Diagnosis,Load_No_Load_Speed_60Hz,CWRU_12k + CWRU_48k + Electric_Motor,Multi-Head DL (TABNET),0.7625,0.7423683520230835,0.9891071428571429
UOEMD,Diagnosis,Load_No_Load_Speed_60Hz,CWRU_12k + HUST_Gearbox + HUST,Multi-Head DL (TABNET),0.425,0.3710603632478633,0.9149999999999999
UOEMD,Diagnosis,Load_No_Load_Speed_60Hz,CWRU_12k + HUST_Gearbox + PU,Multi-Head DL (TABNET),0.4625,0.39722222222222225,0.8753571428571428
UOEMD,Diagnosis,Load_No_Load_Speed_60Hz,CWRU_12k + HUST_Gearbox + UORED,Multi-Head DL (TABNET),0.55,0.48925339366515835,0.9453571428571428
UOEMD,Diagnosis,Load_No_Load_Speed_60Hz,CWRU_12k + HUST_Gearbox + Mechanical_Gear,Multi-Head DL (TABNET),0.6625,0.6081849185297461,0.9578571428571429
UOEMD,Diagnosis,Load_No_Load_Speed_60Hz,CWRU_12k + HUST_Gearbox + Electric_Motor,Multi-Head DL (TABNET),0.7125,0.6391965877259995,0.9498214285714286
UOEMD,Diagnosis,Load_No_Load_Speed_60Hz,CWRU_12k + HUST + PU,Multi-Head DL (TABNET),0.5,0.40673981191222575,0.7564285714285715
UOEMD,Diagnosis,Load_No_Load_Speed_60Hz,CWRU_12k + HUST + UORED,Multi-Head DL (TABNET),0.5,0.5041208791208791,0.8157142857142856
UOEMD,Diagnosis,Load_No_Load_Speed_60Hz,CWRU_12k + HUST + Mechanical_Gear,Multi-Head DL (TABNET),0.6125,0.542014977359805,0.9432142857142858
UOEMD,Diagnosis,Load_No_Load_Speed_60Hz,CWRU_12k + HUST + Electric_Motor,Multi-Head DL (TABNET),0.75,0.718529277739804,0.9580357142857143
UOEMD,Diagnosis,Load_No_Load_Speed_60Hz,CWRU_12k + PU + UORED,Multi-Head DL (TABNET),0.65,0.647204094403719,0.9044642857142857
UOEMD,Diagnosis,Load_No_Load_Speed_60Hz,CWRU_12k + PU + Mechanical_Gear,Multi-Head DL (TABNET),0.375,0.26083638583638585,0.9571428571428572
UOEMD,Diagnosis,Load_No_Load_Speed_60Hz,CWRU_12k + PU + Electric_Motor,Multi-Head DL (TABNET),0.44999999999999996,0.40737179487179487,0.8091071428571429
UOEMD,Diagnosis,Load_No_Load_Speed_60Hz,CWRU_12k + UORED + Mechanical_Gear,Multi-Head DL (TABNET),0.725,0.6593488649940262,0.9303571428571429
UOEMD,Diagnosis,Load_No_Load_Speed_60Hz,CWRU_12k + UORED + Electric_Motor,Multi-Head DL (TABNET),0.875,0.8333333333333333,0.9832142857142857
UOEMD,Diagnosis,Load_No_Load_Speed_60Hz,CWRU_12k + Mechanical_Gear + Electric_Motor,Multi-Head DL (TABNET),0.7749999999999999,0.7333805759262149,0.9735714285714285
UOEMD,Diagnosis,Load_No_Load_Speed_60Hz,CWRU_48k + HUST_Gearbox + HUST,Multi-Head DL (TABNET),0.625,0.5208333333333333,0.9007142857142858
UOEMD,Diagnosis,Load_No_Load_Speed_60Hz,CWRU_48k + HUST_Gearbox + PU,Multi-Head DL (TABNET),0.475,0.39166666666666666,0.7998214285714286
UOEMD,Diagnosis,Load_No_Load_Speed_60Hz,CWRU_48k + HUST_Gearbox + UORED,Multi-Head DL (TABNET),0.6125,0.5731658692185008,0.9441071428571428
UOEMD,Diagnosis,Load_No_Load_Speed_60Hz,CWRU_48k + HUST_Gearbox + Mechanical_Gear,Multi-Head DL (TABNET),0.675,0.6156508799171843,0.9480357142857143
UOEMD,Diagnosis,Load_No_Load_Speed_60Hz,CWRU_48k + HUST_Gearbox + Electric_Motor,Multi-Head DL (TABNET),0.6625,0.6201923076923077,0.9253571428571429
UOEMD,Diagnosis,Load_No_Load_Speed_60Hz,CWRU_48k + HUST + PU,Multi-Head DL (TABNET),0.5375,0.4681372549019608,0.8094642857142857
UOEMD,Diagnosis,Load_No_Load_Speed_60Hz,CWRU_48k + HUST + UORED,Multi-Head DL (TABNET),0.75,0.7224223753829017,0.9275
UOEMD,Diagnosis,Load_No_Load_Speed_60Hz,CWRU_48k + HUST + Mechanical_Gear,Multi-Head DL (TABNET),0.675,0.6138392857142858,0.96375
UOEMD,Diagnosis,Load_No_Load_Speed_60Hz,CWRU_48k + HUST + Electric_Motor,Multi-Head DL (TABNET),0.6875,0.6485933503836316,0.9467857142857143
UOEMD,Diagnosis,Load_No_Load_Speed_60Hz,CWRU_48k + PU + UORED,Multi-Head DL (TABNET),0.375,0.29166666666666663,0.79875
UOEMD,Diagnosis,Load_No_Load_Speed_60Hz,CWRU_48k + PU + Mechanical_Gear,Multi-Head DL (TABNET),0.4125,0.363562091503268,0.8339285714285714
UOEMD,Diagnosis,Load_No_Load_Speed_60Hz,CWRU_48k + PU + Electric_Motor,Multi-Head DL (TABNET),0.625,0.5016835016835016,0.9875
UOEMD,Diagnosis,Load_No_Load_Speed_60Hz,CWRU_48k + UORED + Mechanical_Gear,Multi-Head DL (TABNET),0.7875,0.766025641025641,0.9771428571428571
UOEMD,Diagnosis,Load_No_Load_Speed_60Hz,CWRU_48k + UORED + Electric_Motor,Multi-Head DL (TABNET),0.7625,0.706060606060606,0.9762500000000001
UOEMD,Diagnosis,Load_No_Load_Speed_60Hz,CWRU_48k + Mechanical_Gear + Electric_Motor,Multi-Head DL (TABNET),0.825,0.78125,0.9666071428571429
UOEMD,Diagnosis,Load_No_Load_Speed_60Hz,HUST_Gearbox + HUST + PU,Multi-Head DL (TABNET),0.2625,0.2545454545454545,0.7833928571428572
UOEMD,Diagnosis,Load_No_Load_Speed_60Hz,HUST_Gearbox + HUST + UORED,Multi-Head DL (TABNET),0.625,0.5544258373205742,0.9041071428571429
UOEMD,Diagnosis,Load_No_Load_Speed_60Hz,HUST_Gearbox + HUST + Mechanical_Gear,Multi-Head DL (TABNET),0.85,0.8080808080808081,0.9875
UOEMD,Diagnosis,Load_No_Load_Speed_60Hz,HUST_Gearbox + HUST + Electric_Motor,Multi-Head DL (TABNET),0.725,0.6688146997929607,0.9233928571428571
UOEMD,Diagnosis,Load_No_Load_Speed_60Hz,HUST_Gearbox + PU + UORED,Multi-Head DL (TABNET),0.5375,0.5023674242424243,0.9083928571428572
UOEMD,Diagnosis,Load_No_Load_Speed_60Hz,HUST_Gearbox + PU + Mechanical_Gear,Multi-Head DL (TABNET),0.4625,0.43231236848258126,0.8819642857142858
UOEMD,Diagnosis,Load_No_Load_Speed_60Hz,HUST_Gearbox + PU + Electric_Motor,Multi-Head DL (TABNET),0.44999999999999996,0.3938717532467533,0.8360714285714286
UOEMD,Diagnosis,Load_No_Load_Speed_60Hz,HUST_Gearbox + UORED + Mechanical_Gear,Multi-Head DL (TABNET),0.7124999999999999,0.6399855627741684,0.9751785714285715
UOEMD,Diagnosis,Load_No_Load_Speed_60Hz,HUST_Gearbox + UORED + Electric_Motor,Multi-Head DL (TABNET),0.5375,0.4913194444444444,0.8755357142857143
UOEMD,Diagnosis,Load_No_Load_Speed_60Hz,HUST_Gearbox + Mechanical_Gear + Electric_Motor,Multi-Head DL (TABNET),0.65,0.6627560280010371,0.9116071428571428
UOEMD,Diagnosis,Load_No_Load_Speed_60Hz,HUST + PU + UORED,Multi-Head DL (TABNET),0.5875,0.5045289855072463,0.8501785714285715
UOEMD,Diagnosis,Load_No_Load_Speed_60Hz,HUST + PU + Mechanical_Gear,Multi-Head DL (TABNET),0.4625,0.3489057239057239,0.9080357142857143
UOEMD,Diagnosis,Load_No_Load_Speed_60Hz,HUST + PU + Electric_Motor,Multi-Head DL (TABNET),0.7124999999999999,0.6902619949494949,0.9683928571428572
UOEMD,Diagnosis,Load_No_Load_Speed_60Hz,HUST + UORED + Mechanical_Gear,Multi-Head DL (TABNET),0.65,0.5572156006938616,0.99375
UOEMD,Diagnosis,Load_No_Load_Speed_60Hz,HUST + UORED + Electric_Motor,Multi-Head DL (TABNET),0.7124999999999999,0.6837956377430061,0.97125
UOEMD,Diagnosis,Load_No_Load_Speed_60Hz,HUST + Mechanical_Gear + Electric_Motor,Multi-Head DL (TABNET),0.6125,0.5142543859649122,0.9821428571428572
UOEMD,Diagnosis,Load_No_Load_Speed_60Hz,PU + UORED + Mechanical_Gear,Multi-Head DL (TABNET),0.475,0.4276315789473684,0.8553571428571429
UOEMD,Diagnosis,Load_No_Load_Speed_60Hz,PU + UORED + Electric_Motor,Multi-Head DL (TABNET),0.5,0.425,0.7980357142857143
UOEMD,Diagnosis,Load_No_Load_Speed_60Hz,PU + Mechanical_Gear + Electric_Motor,Multi-Head DL (TABNET),0.6875,0.618103448275862,0.9398214285714286
UOEMD,Diagnosis,Load_No_Load_Speed_60Hz,UORED + Mechanical_Gear + Electric_Motor,Multi-Head DL (TABNET),0.75,0.6596215780998389,0.9728571428571429
UOEMD,Diagnosis,Load_No_Load_Speed_60Hz,CWRU_12k + CWRU_48k + HUST_Gearbox + HUST,Multi-Head DL (TABNET),0.725,0.6578453453453454,0.9196428571428572
UOEMD,Diagnosis,Load_No_Load_Speed_60Hz,CWRU_12k + CWRU_48k + HUST_Gearbox + PU,Multi-Head DL (TABNET),0.625,0.55218715393134,0.8264285714285715
UOEMD,Diagnosis,Load_No_Load_Speed_60Hz,CWRU_12k + CWRU_48k + HUST_Gearbox + UORED,Multi-Head DL (TABNET),0.75,0.6753365883702032,0.9130357142857143
UOEMD,Diagnosis,Load_No_Load_Speed_60Hz,CWRU_12k + CWRU_48k + HUST_Gearbox + Mechanical_Gear,Multi-Head DL (TABNET),0.75,0.6668520578420467,0.9403571428571429
UOEMD,Diagnosis,Load_No_Load_Speed_60Hz,CWRU_12k + CWRU_48k + HUST_Gearbox + Electric_Motor,Multi-Head DL (TABNET),0.875,0.8333333333333333,0.9978571428571429
UOEMD,Diagnosis,Load_No_Load_Speed_60Hz,CWRU_12k + CWRU_48k + HUST + PU,Multi-Head DL (TABNET),0.6125,0.5252998635351577,0.9460714285714287
UOEMD,Diagnosis,Load_No_Load_Speed_60Hz,CWRU_12k + CWRU_48k + HUST + UORED,Multi-Head DL (TABNET),0.75,0.6674107142857143,0.9360714285714287
UOEMD,Diagnosis,Load_No_Load_Speed_60Hz,CWRU_12k + CWRU_48k + HUST + Mechanical_Gear,Multi-Head DL (TABNET),0.6625,0.6139846743295019,0.9301785714285714
UOEMD,Diagnosis,Load_No_Load_Speed_60Hz,CWRU_12k + CWRU_48k + HUST + Electric_Motor,Multi-Head DL (TABNET),0.75,0.6674107142857143,0.8696428571428572
UOEMD,Diagnosis,Load_No_Load_Speed_60Hz,CWRU_12k + CWRU_48k + PU + UORED,Multi-Head DL (TABNET),0.5,0.40669515669515666,0.8732142857142857
UOEMD,Diagnosis,Load_No_Load_Speed_60Hz,CWRU_12k + CWRU_48k + PU + Mechanical_Gear,Multi-Head DL (TABNET),0.4125,0.35155195681511475,0.8096428571428571
UOEMD,Diagnosis,Load_No_Load_Speed_60Hz,CWRU_12k + CWRU_48k + PU + Electric_Motor,Multi-Head DL (TABNET),0.44999999999999996,0.3910743739691108,0.8294642857142858
UOEMD,Diagnosis,Load_No_Load_Speed_60Hz,CWRU_12k + CWRU_48k + UORED + Mechanical_Gear,Multi-Head DL (TABNET),0.65,0.6078623188405797,0.9142857142857144
UOEMD,Diagnosis,Load_No_Load_Speed_60Hz,CWRU_12k + CWRU_48k + UORED + Electric_Motor,Multi-Head DL (TABNET),0.875,0.8262882447665056,0.9839285714285715
UOEMD,Diagnosis,Load_No_Load_Speed_60Hz,CWRU_12k + CWRU_48k + Mechanical_Gear + Electric_Motor,Multi-Head DL (TABNET),0.625,0.5755692599620493,0.9335714285714285
UOEMD,Diagnosis,Load_No_Load_Speed_60Hz,CWRU_12k + HUST_Gearbox + HUST + PU,Multi-Head DL (TABNET),0.6,0.5525641025641026,0.9480357142857143
UOEMD,Diagnosis,Load_No_Load_Speed_60Hz,CWRU_12k + HUST_Gearbox + HUST + UORED,Multi-Head DL (TABNET),0.775,0.7443553178847295,0.99875
UOEMD,Diagnosis,Load_No_Load_Speed_60Hz,CWRU_12k + HUST_Gearbox + HUST + Mechanical_Gear,Multi-Head DL (TABNET),0.75,0.6666666666666666,0.9689285714285715
UOEMD,Diagnosis,Load_No_Load_Speed_60Hz,CWRU_12k + HUST_Gearbox + HUST + Electric_Motor,Multi-Head DL (TABNET),0.575,0.5183982683982684,0.8933928571428571
UOEMD,Diagnosis,Load_No_Load_Speed_60Hz,CWRU_12k + HUST_Gearbox + PU + UORED,Multi-Head DL (TABNET),0.5874999999999999,0.5623706004140787,0.8696428571428572
UOEMD,Diagnosis,Load_No_Load_Speed_60Hz,CWRU_12k + HUST_Gearbox + PU + Mechanical_Gear,Multi-Head DL (TABNET),0.6125,0.5079834298584298,0.9151785714285714
UOEMD,Diagnosis,Load_No_Load_Speed_60Hz,CWRU_12k + HUST_Gearbox + PU + Electric_Motor,Multi-Head DL (TABNET),0.5,0.42306721665274294,0.8600000000000001
UOEMD,Diagnosis,Load_No_Load_Speed_60Hz,CWRU_12k + HUST_Gearbox + UORED + Mechanical_Gear,Multi-Head DL (TABNET),0.7,0.6574924436177633,0.9451785714285714
UOEMD,Diagnosis,Load_No_Load_Speed_60Hz,CWRU_12k + HUST_Gearbox + UORED + Electric_Motor,Multi-Head DL (TABNET),0.5625,0.5034090909090909,0.9205357142857142
UOEMD,Diagnosis,Load_No_Load_Speed_60Hz,CWRU_12k + HUST_Gearbox + Mechanical_Gear + Electric_Motor,Multi-Head DL (TABNET),0.6125,0.4915647015202076,0.94625
UOEMD,Diagnosis,Load_No_Load_Speed_60Hz,CWRU_12k + HUST + PU + UORED,Multi-Head DL (TABNET),0.65,0.5910669191919191,0.8475
UOEMD,Diagnosis,Load_No_Load_Speed_60Hz,CWRU_12k + HUST + PU + Mechanical_Gear,Multi-Head DL (TABNET),0.625,0.515422077922078,0.9848214285714285
UOEMD,Diagnosis,Load_No_Load_Speed_60Hz,CWRU_12k + HUST + PU + Electric_Motor,Multi-Head DL (TABNET),0.5,0.4335212067147839,0.7794642857142857
UOEMD,Diagnosis,Load_No_Load_Speed_60Hz,CWRU_12k + HUST + UORED + Mechanical_Gear,Multi-Head DL (TABNET),0.7625,0.7363358424213687,0.9539285714285715
UOEMD,Diagnosis,Load_No_Load_Speed_60Hz,CWRU_12k + HUST + UORED + Electric_Motor,Multi-Head DL (TABNET),0.625,0.5069444444444444,0.9305357142857142
UOEMD,Diagnosis,Load_No_Load_Speed_60Hz,CWRU_12k + HUST + Mechanical_Gear + Electric_Motor,Multi-Head DL (TABNET),0.6125,0.5191531801078925,0.8839285714285714
UOEMD,Diagnosis,Load_No_Load_Speed_60Hz,CWRU_12k + PU + UORED + Mechanical_Gear,Multi-Head DL (TABNET),0.275,0.1623134328358209,0.8844642857142857
UOEMD,Diagnosis,Load_No_Load_Speed_60Hz,CWRU_12k + PU + UORED + Electric_Motor,Multi-Head DL (TABNET),0.525,0.4842171717171717,0.9367857142857143
UOEMD,Diagnosis,Load_No_Load_Speed_60Hz,CWRU_12k + PU + Mechanical_Gear + Electric_Motor,Multi-Head DL (TABNET),0.625,0.55,0.895
UOEMD,Diagnosis,Load_No_Load_Speed_60Hz,CWRU_12k + UORED + Mechanical_Gear + Electric_Motor,Multi-Head DL (TABNET),0.8,0.7907653749759013,0.9544642857142858
UOEMD,Diagnosis,Load_No_Load_Speed_60Hz,CWRU_48k + HUST_Gearbox + HUST + PU,Multi-Head DL (TABNET),0.5,0.3958333333333333,0.9564285714285715
UOEMD,Diagnosis,Load_No_Load_Speed_60Hz,CWRU_48k + HUST_Gearbox + HUST + UORED,Multi-Head DL (TABNET),0.55,0.4676960970064418,0.8598214285714285
UOEMD,Diagnosis,Load_No_Load_Speed_60Hz,CWRU_48k + HUST_Gearbox + HUST + Mechanical_Gear,Multi-Head DL (TABNET),0.6625000000000001,0.6211389961389961,0.9782142857142857
UOEMD,Diagnosis,Load_No_Load_Speed_60Hz,CWRU_48k + HUST_Gearbox + HUST + Electric_Motor,Multi-Head DL (TABNET),0.7375,0.6828149920255184,0.9635714285714285
UOEMD,Diagnosis,Load_No_Load_Speed_60Hz,CWRU_48k + HUST_Gearbox + PU + UORED,Multi-Head DL (TABNET),0.3875,0.3207070707070707,0.9178571428571429
UOEMD,Diagnosis,Load_No_Load_Speed_60Hz,CWRU_48k + HUST_Gearbox + PU + Mechanical_Gear,Multi-Head DL (TABNET),0.5,0.3833333333333333,0.8014285714285714
UOEMD,Diagnosis,Load_No_Load_Speed_60Hz,CWRU_48k + HUST_Gearbox + PU + Electric_Motor,Multi-Head DL (TABNET),0.475,0.38095238095238093,0.8782142857142857
UOEMD,Diagnosis,Load_No_Load_Speed_60Hz,CWRU_48k + HUST_Gearbox + UORED + Mechanical_Gear,Multi-Head DL (TABNET),0.5125,0.4861320596614714,0.8785714285714286
UOEMD,Diagnosis,Load_No_Load_Speed_60Hz,CWRU_48k + HUST_Gearbox + UORED + Electric_Motor,Multi-Head DL (TABNET),0.625,0.5555602240896358,0.9801785714285715
UOEMD,Diagnosis,Load_No_Load_Speed_60Hz,CWRU_48k + HUST_Gearbox + Mechanical_Gear + Electric_Motor,Multi-Head DL (TABNET),0.7625,0.7118785014005602,0.9580357142857143
UOEMD,Diagnosis,Load_No_Load_Speed_60Hz,CWRU_48k + HUST + PU + UORED,Multi-Head DL (TABNET),0.5,0.4366028708133971,0.9467857142857143
UOEMD,Diagnosis,Load_No_Load_Speed_60Hz,CWRU_48k + HUST + PU + Mechanical_Gear,Multi-Head DL (TABNET),0.6,0.5742753623188406,0.9166071428571428
UOEMD,Diagnosis,Load_No_Load_Speed_60Hz,CWRU_48k + HUST + PU + Electric_Motor,Multi-Head DL (TABNET),0.575,0.5170362158167037,0.8664285714285714
UOEMD,Diagnosis,Load_No_Load_Speed_60Hz,CWRU_48k + HUST + UORED + Mechanical_Gear,Multi-Head DL (TABNET),0.475,0.3901879370629371,0.8596428571428572
UOEMD,Diagnosis,Load_No_Load_Speed_60Hz,CWRU_48k + HUST + UORED + Electric_Motor,Multi-Head DL (TABNET),0.6875,0.6591880341880341,0.8866071428571428
UOEMD,Diagnosis,Load_No_Load_Speed_60Hz,CWRU_48k + HUST + Mechanical_Gear + Electric_Motor,Multi-Head DL (TABNET),0.75,0.7083333333333333,0.9303571428571429
UOEMD,Diagnosis,Load_No_Load_Speed_60Hz,CWRU_48k + PU + UORED + Mechanical_Gear,Multi-Head DL (TABNET),0.4625,0.3897907647907648,0.8348214285714286
UOEMD,Diagnosis,Load_No_Load_Speed_60Hz,CWRU_48k + PU + UORED + Electric_Motor,Multi-Head DL (TABNET),0.6125,0.5588590508667235,0.9608928571428572
UOEMD,Diagnosis,Load_No_Load_Speed_60Hz,CWRU_48k + PU + Mechanical_Gear + Electric_Motor,Multi-Head DL (TABNET),0.4,0.33156498673740054,0.8389285714285715
UOEMD,Diagnosis,Load_No_Load_Speed_60Hz,CWRU_48k + UORED + Mechanical_Gear + Electric_Motor,Multi-Head DL (TABNET),0.6375,0.576007326007326,0.8891071428571429
UOEMD,Diagnosis,Load_No_Load_Speed_60Hz,HUST_Gearbox + HUST + PU + UORED,Multi-Head DL (TABNET),0.7,0.6256127450980392,0.9298214285714286
UOEMD,Diagnosis,Load_No_Load_Speed_60Hz,HUST_Gearbox + HUST + PU + Mechanical_Gear,Multi-Head DL (TABNET),0.5,0.35416666666666663,0.8810714285714285
UOEMD,Diagnosis,Load_No_Load_Speed_60Hz,HUST_Gearbox + HUST + PU + Electric_Motor,Multi-Head DL (TABNET),0.375,0.2593537414965986,0.7994642857142857
UOEMD,Diagnosis,Load_No_Load_Speed_60Hz,HUST_Gearbox + HUST + UORED + Mechanical_Gear,Multi-Head DL (TABNET),0.6000000000000001,0.513782625677787,0.9541071428571428
UOEMD,Diagnosis,Load_No_Load_Speed_60Hz,HUST_Gearbox + HUST + UORED + Electric_Motor,Multi-Head DL (TABNET),0.625,0.5766424751718869,0.8466071428571429
UOEMD,Diagnosis,Load_No_Load_Speed_60Hz,HUST_Gearbox + HUST + Mechanical_Gear + Electric_Motor,Multi-Head DL (TABNET),0.8,0.7711988304093567,0.885892857142857
UOEMD,Diagnosis,Load_No_Load_Speed_60Hz,HUST_Gearbox + PU + UORED + Mechanical_Gear,Multi-Head DL (TABNET),0.625,0.5609756097560976,0.8521428571428571
UOEMD,Diagnosis,Load_No_Load_Speed_60Hz,HUST_Gearbox + PU + UORED + Electric_Motor,Multi-Head DL (TABNET),0.5,0.45564516129032256,0.8526785714285715
UOEMD,Diagnosis,Load_No_Load_Speed_60Hz,HUST_Gearbox + PU + Mechanical_Gear + Electric_Motor,Multi-Head DL (TABNET),0.45,0.39967105263157887,0.83
UOEMD,Diagnosis,Load_No_Load_Speed_60Hz,HUST_Gearbox + UORED + Mechanical_Gear + Electric_Motor,Multi-Head DL (TABNET),0.625,0.5496031746031746,0.8916071428571428
UOEMD,Diagnosis,Load_No_Load_Speed_60Hz,HUST + PU + UORED + Mechanical_Gear,Multi-Head DL (TABNET),0.5375,0.46642446970584783,0.9158928571428571
UOEMD,Diagnosis,Load_No_Load_Speed_60Hz,HUST + PU + UORED + Electric_Motor,Multi-Head DL (TABNET),0.3875,0.33458646616541354,0.7930357142857143
UOEMD,Diagnosis,Load_No_Load_Speed_60Hz,HUST + PU + Mechanical_Gear + Electric_Motor,Multi-Head DL (TABNET),0.375,0.2923728813559322,0.75125
UOEMD,Diagnosis,Load_No_Load_Speed_60Hz,HUST + UORED + Mechanical_Gear + Electric_Motor,Multi-Head DL (TABNET),0.6375,0.6094440760389037,0.9033928571428571
UOEMD,Diagnosis,Load_No_Load_Speed_60Hz,PU + UORED + Mechanical_Gear + Electric_Motor,Multi-Head DL (TABNET),0.5375,0.49157754010695187,0.8616071428571428
UOEMD,Diagnosis,Load_No_Load_Speed_60Hz,CWRU_12k + CWRU_48k + HUST_Gearbox + HUST + PU,Multi-Head DL (TABNET),0.48750000000000004,0.44500674763832654,0.8610714285714285
UOEMD,Diagnosis,Load_No_Load_Speed_60Hz,CWRU_12k + CWRU_48k + HUST_Gearbox + HUST + UORED,Multi-Head DL (TABNET),0.6625,0.5835932085932086,0.9694642857142857
UOEMD,Diagnosis,Load_No_Load_Speed_60Hz,CWRU_12k + CWRU_48k + HUST_Gearbox + HUST + Mechanical_Gear,Multi-Head DL (TABNET),0.6875,0.6398809523809523,0.9753571428571428
UOEMD,Diagnosis,Load_No_Load_Speed_60Hz,CWRU_12k + CWRU_48k + HUST_Gearbox + HUST + Electric_Motor,Multi-Head DL (TABNET),0.525,0.4226400313356835,0.9367857142857142
UOEMD,Diagnosis,Load_No_Load_Speed_60Hz,CWRU_12k + CWRU_48k + HUST_Gearbox + PU + UORED,Multi-Head DL (TABNET),0.5,0.3958333333333333,0.9721428571428572
UOEMD,Diagnosis,Load_No_Load_Speed_60Hz,CWRU_12k + CWRU_48k + HUST_Gearbox + PU + Mechanical_Gear,Multi-Head DL (TABNET),0.5249999999999999,0.49491035280508966,0.9555357142857143
UOEMD,Diagnosis,Load_No_Load_Speed_60Hz,CWRU_12k + CWRU_48k + HUST_Gearbox + PU + Electric_Motor,Multi-Head DL (TABNET),0.5,0.37507817385866166,0.85125
UOEMD,Diagnosis,Load_No_Load_Speed_60Hz,CWRU_12k + CWRU_48k + HUST_Gearbox + UORED + Mechanical_Gear,Multi-Head DL (TABNET),0.6625,0.657608695652174,0.9301785714285715
UOEMD,Diagnosis,Load_No_Load_Speed_60Hz,CWRU_12k + CWRU_48k + HUST_Gearbox + UORED + Electric_Motor,Multi-Head DL (TABNET),0.7375,0.7020104895104895,0.9537500000000001
UOEMD,Diagnosis,Load_No_Load_Speed_60Hz,CWRU_12k + CWRU_48k + HUST_Gearbox + Mechanical_Gear + Electric_Motor,Multi-Head DL (TABNET),0.5249999999999999,0.4740384615384616,0.8742857142857143
UOEMD,Diagnosis,Load_No_Load_Speed_60Hz,CWRU_12k + CWRU_48k + HUST + PU + UORED,Multi-Head DL (TABNET),0.55,0.5064399885828457,0.9105357142857142
UOEMD,Diagnosis,Load_No_Load_Speed_60Hz,CWRU_12k + CWRU_48k + HUST + PU + Mechanical_Gear,Multi-Head DL (TABNET),0.3875,0.27311165845648605,0.8389285714285715
UOEMD,Diagnosis,Load_No_Load_Speed_60Hz,CWRU_12k + CWRU_48k + HUST + PU + Electric_Motor,Multi-Head DL (TABNET),0.4875,0.391025641025641,0.8542857142857143
UOEMD,Diagnosis,Load_No_Load_Speed_60Hz,CWRU_12k + CWRU_48k + HUST + UORED + Mechanical_Gear,Multi-Head DL (TABNET),0.6125,0.549968671679198,0.8464285714285715
UOEMD,Diagnosis,Load_No_Load_Speed_60Hz,CWRU_12k + CWRU_48k + HUST + UORED + Electric_Motor,Multi-Head DL (TABNET),0.6125,0.5493123973727422,0.9548214285714286
UOEMD,Diagnosis,Load_No_Load_Speed_60Hz,CWRU_12k + CWRU_48k + HUST + Mechanical_Gear + Electric_Motor,Multi-Head DL (TABNET),0.6,0.5351307189542484,0.8907142857142857
UOEMD,Diagnosis,Load_No_Load_Speed_60Hz,CWRU_12k + CWRU_48k + PU + UORED + Mechanical_Gear,Multi-Head DL (TABNET),0.5625,0.5083333333333333,0.9019642857142858
UOEMD,Diagnosis,Load_No_Load_Speed_60Hz,CWRU_12k + CWRU_48k + PU + UORED + Electric_Motor,Multi-Head DL (TABNET),0.5625,0.4722222222222222,0.9525
UOEMD,Diagnosis,Load_No_Load_Speed_60Hz,CWRU_12k + CWRU_48k + PU + Mechanical_Gear + Electric_Motor,Multi-Head DL (TABNET),0.6625,0.5877849002849003,0.9078571428571429
UOEMD,Diagnosis,Load_No_Load_Speed_60Hz,CWRU_12k + CWRU_48k + UORED + Mechanical_Gear + Electric_Motor,Multi-Head DL (TABNET),0.625,0.5543478260869565,0.9192857142857143
UOEMD,Diagnosis,Load_No_Load_Speed_60Hz,CWRU_12k + HUST_Gearbox + HUST + PU + UORED,Multi-Head DL (TABNET),0.5,0.41964285714285715,0.6244642857142857
UOEMD,Diagnosis,Load_No_Load_Speed_60Hz,CWRU_12k + HUST_Gearbox + HUST + PU + Mechanical_Gear,Multi-Head DL (TABNET),0.8375,0.803698752228164,0.9880357142857144
UOEMD,Diagnosis,Load_No_Load_Speed_60Hz,CWRU_12k + HUST_Gearbox + HUST + PU + Electric_Motor,Multi-Head DL (TABNET),0.425,0.3178053830227743,0.9737499999999999
UOEMD,Diagnosis,Load_No_Load_Speed_60Hz,CWRU_12k + HUST_Gearbox + HUST + UORED + Mechanical_Gear,Multi-Head DL (TABNET),0.45,0.3783307210031348,0.83875
UOEMD,Diagnosis,Load_No_Load_Speed_60Hz,CWRU_12k + HUST_Gearbox + HUST + UORED + Electric_Motor,Multi-Head DL (TABNET),0.5625,0.5237287222581339,0.8925000000000001
UOEMD,Diagnosis,Load_No_Load_Speed_60Hz,CWRU_12k + HUST_Gearbox + HUST + Mechanical_Gear + Electric_Motor,Multi-Head DL (TABNET),0.5,0.3833333333333333,0.8657142857142858
UOEMD,Diagnosis,Load_No_Load_Speed_60Hz,CWRU_12k + HUST_Gearbox + PU + UORED + Mechanical_Gear,Multi-Head DL (TABNET),0.625,0.5433501683501684,0.9519642857142858
UOEMD,Diagnosis,Load_No_Load_Speed_60Hz,CWRU_12k + HUST_Gearbox + PU + UORED + Electric_Motor,Multi-Head DL (TABNET),0.4125,0.3442561389759665,0.7876785714285715
UOEMD,Diagnosis,Load_No_Load_Speed_60Hz,CWRU_12k + HUST_Gearbox + PU + Mechanical_Gear + Electric_Motor,Multi-Head DL (TABNET),0.6125,0.4956293706293706,0.8896428571428572
UOEMD,Diagnosis,Load_No_Load_Speed_60Hz,CWRU_12k + HUST_Gearbox + UORED + Mechanical_Gear + Electric_Motor,Multi-Head DL (TABNET),0.8375,0.7988136886693762,0.96
UOEMD,Diagnosis,Load_No_Load_Speed_60Hz,CWRU_12k + HUST + PU + UORED + Mechanical_Gear,Multi-Head DL (TABNET),0.1625,0.10119047619047619,0.71375
UOEMD,Diagnosis,Load_No_Load_Speed_60Hz,CWRU_12k + HUST + PU + UORED + Electric_Motor,Multi-Head DL (TABNET),0.75,0.7083333333333333,0.9614285714285714
UOEMD,Diagnosis,Load_No_Load_Speed_60Hz,CWRU_12k + HUST + PU + Mechanical_Gear + Electric_Motor,Multi-Head DL (TABNET),0.5,0.4391025641025641,0.8778571428571429
UOEMD,Diagnosis,Load_No_Load_Speed_60Hz,CWRU_12k + HUST + UORED + Mechanical_Gear + Electric_Motor,Multi-Head DL (TABNET),0.5125,0.4602272727272727,0.9305357142857142
UOEMD,Diagnosis,Load_No_Load_Speed_60Hz,CWRU_12k + PU + UORED + Mechanical_Gear + Electric_Motor,Multi-Head DL (TABNET),0.55,0.493671528191877,0.8310714285714286
UOEMD,Diagnosis,Load_No_Load_Speed_60Hz,CWRU_48k + HUST_Gearbox + HUST + PU + UORED,Multi-Head DL (TABNET),0.5,0.4375,0.9332142857142858
UOEMD,Diagnosis,Load_No_Load_Speed_60Hz,CWRU_48k + HUST_Gearbox + HUST + PU + Mechanical_Gear,Multi-Head DL (TABNET),0.5125,0.44674688057041,0.8848214285714285
UOEMD,Diagnosis,Load_No_Load_Speed_60Hz,CWRU_48k + HUST_Gearbox + HUST + PU + Electric_Motor,Multi-Head DL (TABNET),0.525,0.4341856060606061,0.9039285714285714
UOEMD,Diagnosis,Load_No_Load_Speed_60Hz,CWRU_48k + HUST_Gearbox + HUST + UORED + Mechanical_Gear,Multi-Head DL (TABNET),0.675,0.6339341259417985,0.8016071428571429
UOEMD,Diagnosis,Load_No_Load_Speed_60Hz,CWRU_48k + HUST_Gearbox + HUST + UORED + Electric_Motor,Multi-Head DL (TABNET),0.6625,0.597404181184669,0.9792857142857143
UOEMD,Diagnosis,Load_No_Load_Speed_60Hz,CWRU_48k + HUST_Gearbox + HUST + Mechanical_Gear + Electric_Motor,Multi-Head DL (TABNET),0.75,0.6635878489326765,0.8926785714285714
UOEMD,Diagnosis,Load_No_Load_Speed_60Hz,CWRU_48k + HUST_Gearbox + PU + UORED + Mechanical_Gear,Multi-Head DL (TABNET),0.55,0.4822558055480256,0.9123214285714285
UOEMD,Diagnosis,Load_No_Load_Speed_60Hz,CWRU_48k + HUST_Gearbox + PU + UORED + Electric_Motor,Multi-Head DL (TABNET),0.5375,0.43775987525987525,0.7967857142857143
UOEMD,Diagnosis,Load_No_Load_Speed_60Hz,CWRU_48k + HUST_Gearbox + PU + Mechanical_Gear + Electric_Motor,Multi-Head DL (TABNET),0.375,0.29464285714285715,0.7394642857142857
UOEMD,Diagnosis,Load_No_Load_Speed_60Hz,CWRU_48k + HUST_Gearbox + UORED + Mechanical_Gear + Electric_Motor,Multi-Head DL (TABNET),0.6125,0.5127299957210099,0.9837500000000001
UOEMD,Diagnosis,Load_No_Load_Speed_60Hz,CWRU_48k + HUST + PU + UORED + Mechanical_Gear,Multi-Head DL (TABNET),0.5125,0.40934065934065933,0.8157142857142857
UOEMD,Diagnosis,Load_No_Load_Speed_60Hz,CWRU_48k + HUST + PU + UORED + Electric_Motor,Multi-Head DL (TABNET),0.375,0.3520408163265306,0.6371428571428571
UOEMD,Diagnosis,Load_No_Load_Speed_60Hz,CWRU_48k + HUST + PU + Mechanical_Gear + Electric_Motor,Multi-Head DL (TABNET),0.625,0.5416666666666666,0.9564285714285714
UOEMD,Diagnosis,Load_No_Load_Speed_60Hz,CWRU_48k + HUST + UORED + Mechanical_Gear + Electric_Motor,Multi-Head DL (TABNET),0.5,0.425,0.9435714285714286
UOEMD,Diagnosis,Load_No_Load_Speed_60Hz,CWRU_48k + PU + UORED + Mechanical_Gear + Electric_Motor,Multi-Head DL (TABNET),0.5,0.4720581142994936,0.90625
UOEMD,Diagnosis,Load_No_Load_Speed_60Hz,HUST_Gearbox + HUST + PU + UORED + Mechanical_Gear,Multi-Head DL (TABNET),0.525,0.48245614035087714,0.8712500000000001
UOEMD,Diagnosis,Load_No_Load_Speed_60Hz,HUST_Gearbox + HUST + PU + UORED + Electric_Motor,Multi-Head DL (TABNET),0.4875,0.3835562549173879,0.815
UOEMD,Diagnosis,Load_No_Load_Speed_60Hz,HUST_Gearbox + HUST + PU + Mechanical_Gear + Electric_Motor,Multi-Head DL (TABNET),0.375,0.33064516129032256,0.8455357142857143
UOEMD,Diagnosis,Load_No_Load_Speed_60Hz,HUST_Gearbox + HUST + UORED + Mechanical_Gear + Electric_Motor,Multi-Head DL (TABNET),0.8,0.7953567813765182,0.9421428571428572
UOEMD,Diagnosis,Load_No_Load_Speed_60Hz,HUST_Gearbox + PU + UORED + Mechanical_Gear + Electric_Motor,Multi-Head DL (TABNET),0.375,0.3010204081632653,0.7314285714285714
UOEMD,Diagnosis,Load_No_Load_Speed_60Hz,HUST + PU + UORED + Mechanical_Gear + Electric_Motor,Multi-Head DL (TABNET),0.5,0.3974358974358974,0.85375
UOEMD,Diagnosis,Load_No_Load_Speed_60Hz,CWRU_12k + CWRU_48k + HUST_Gearbox + HUST + PU + UORED,Multi-Head DL (TABNET),0.6,0.5303030303030303,0.8996428571428572
UOEMD,Diagnosis,Load_No_Load_Speed_60Hz,CWRU_12k + CWRU_48k + HUST_Gearbox + HUST + PU + Mechanical_Gear,Multi-Head DL (TABNET),0.525,0.44345238095238093,0.9248214285714286
UOEMD,Diagnosis,Load_No_Load_Speed_60Hz,CWRU_12k + CWRU_48k + HUST_Gearbox + HUST + PU + Electric_Motor,Multi-Head DL (TABNET),0.75,0.6666666666666666,0.8971428571428571
UOEMD,Diagnosis,Load_No_Load_Speed_60Hz,CWRU_12k + CWRU_48k + HUST_Gearbox + HUST + UORED + Mechanical_Gear,Multi-Head DL (TABNET),0.6375,0.6600877192982456,0.8771428571428571
UOEMD,Diagnosis,Load_No_Load_Speed_60Hz,CWRU_12k + CWRU_48k + HUST_Gearbox + HUST + UORED + Electric_Motor,Multi-Head DL (TABNET),0.35,0.3611111111111111,0.8483928571428572
UOEMD,Diagnosis,Load_No_Load_Speed_60Hz,CWRU_12k + CWRU_48k + HUST_Gearbox + HUST + Mechanical_Gear + Electric_Motor,Multi-Head DL (TABNET),0.725,0.6483585858585859,0.9603571428571428
UOEMD,Diagnosis,Load_No_Load_Speed_60Hz,CWRU_12k + CWRU_48k + HUST_Gearbox + PU + UORED + Mechanical_Gear,Multi-Head DL (TABNET),0.3875,0.3105658709106985,0.8308928571428572
UOEMD,Diagnosis,Load_No_Load_Speed_60Hz,CWRU_12k + CWRU_48k + HUST_Gearbox + PU + UORED + Electric_Motor,Multi-Head DL (TABNET),0.625,0.5609756097560976,0.8603571428571429
UOEMD,Diagnosis,Load_No_Load_Speed_60Hz,CWRU_12k + CWRU_48k + HUST_Gearbox + PU + Mechanical_Gear + Electric_Motor,Multi-Head DL (TABNET),0.6875,0.6401515151515151,0.9853571428571428
UOEMD,Diagnosis,Load_No_Load_Speed_60Hz,CWRU_12k + CWRU_48k + HUST_Gearbox + UORED + Mechanical_Gear + Electric_Motor,Multi-Head DL (TABNET),0.375,0.3,0.8162499999999999
UOEMD,Diagnosis,Load_No_Load_Speed_60Hz,CWRU_12k + CWRU_48k + HUST + PU + UORED + Mechanical_Gear,Multi-Head DL (TABNET),0.5,0.3798920377867746,0.9044642857142857
UOEMD,Diagnosis,Load_No_Load_Speed_60Hz,CWRU_12k + CWRU_48k + HUST + PU + UORED + Electric_Motor,Multi-Head DL (TABNET),0.725,0.6790540540540541,0.9012499999999999
UOEMD,Diagnosis,Load_No_Load_Speed_60Hz,CWRU_12k + CWRU_48k + HUST + PU + Mechanical_Gear + Electric_Motor,Multi-Head DL (TABNET),0.625,0.55,0.9453571428571429
UOEMD,Diagnosis,Load_No_Load_Speed_60Hz,CWRU_12k + CWRU_48k + HUST + UORED + Mechanical_Gear + Electric_Motor,Multi-Head DL (TABNET),0.4,0.31693457782387,0.9053571428571429
UOEMD,Diagnosis,Load_No_Load_Speed_60Hz,CWRU_12k + CWRU_48k + PU + UORED + Mechanical_Gear + Electric_Motor,Multi-Head DL (TABNET),0.425,0.36528822055137844,0.8919642857142858
UOEMD,Diagnosis,Load_No_Load_Speed_60Hz,CWRU_12k + HUST_Gearbox + HUST + PU + UORED + Mechanical_Gear,Multi-Head DL (TABNET),0.6875,0.613095238095238,0.9355357142857144
UOEMD,Diagnosis,Load_No_Load_Speed_60Hz,CWRU_12k + HUST_Gearbox + HUST + PU + UORED + Electric_Motor,Multi-Head DL (TABNET),0.85,0.8075396825396824,0.9971428571428571
UOEMD,Diagnosis,Load_No_Load_Speed_60Hz,CWRU_12k + HUST_Gearbox + HUST + PU + Mechanical_Gear + Electric_Motor,Multi-Head DL (TABNET),0.425,0.37577639751552794,0.9130357142857143
UOEMD,Diagnosis,Load_No_Load_Speed_60Hz,CWRU_12k + HUST_Gearbox + HUST + UORED + Mechanical_Gear + Electric_Motor,Multi-Head DL (TABNET),0.5,0.5,0.8326785714285714
UOEMD,Diagnosis,Load_No_Load_Speed_60Hz,CWRU_12k + HUST_Gearbox + PU + UORED + Mechanical_Gear + Electric_Motor,Multi-Head DL (TABNET),0.55,0.46063311688311687,0.9278571428571429
UOEMD,Diagnosis,Load_No_Load_Speed_60Hz,CWRU_12k + HUST + PU + UORED + Mechanical_Gear + Electric_Motor,Multi-Head DL (TABNET),0.5,0.3876811594202898,0.9526785714285715
UOEMD,Diagnosis,Load_No_Load_Speed_60Hz,CWRU_48k + HUST_Gearbox + HUST + PU + UORED + Mechanical_Gear,Multi-Head DL (TABNET),0.5125,0.4569377990430622,0.8171428571428572
UOEMD,Diagnosis,Load_No_Load_Speed_60Hz,CWRU_48k + HUST_Gearbox + HUST + PU + UORED + Electric_Motor,Multi-Head DL (TABNET),0.375,0.29166666666666663,0.7630357142857143
UOEMD,Diagnosis,Load_No_Load_Speed_60Hz,CWRU_48k + HUST_Gearbox + HUST + PU + Mechanical_Gear + Electric_Motor,Multi-Head DL (TABNET),0.6625,0.6297619047619047,0.8799999999999999
UOEMD,Diagnosis,Load_No_Load_Speed_60Hz,CWRU_48k + HUST_Gearbox + HUST + UORED + Mechanical_Gear + Electric_Motor,Multi-Head DL (TABNET),0.725,0.6892361111111112,0.9580357142857143
UOEMD,Diagnosis,Load_No_Load_Speed_60Hz,CWRU_48k + HUST_Gearbox + PU + UORED + Mechanical_Gear + Electric_Motor,Multi-Head DL (TABNET),0.6625000000000001,0.6332154435602712,0.96375
UOEMD,Diagnosis,Load_No_Load_Speed_60Hz,CWRU_48k + HUST + PU + UORED + Mechanical_Gear + Electric_Motor,Multi-Head DL (TABNET),0.425,0.35944444444444446,0.8208928571428571
UOEMD,Diagnosis,Load_No_Load_Speed_60Hz,HUST_Gearbox + HUST + PU + UORED + Mechanical_Gear + Electric_Motor,Multi-Head DL (TABNET),0.4875,0.3747294372294372,0.8376785714285714
UOEMD,Diagnosis,Load_No_Load_Speed_60Hz,CWRU_12k + CWRU_48k + HUST_Gearbox + HUST + PU + UORED + Mechanical_Gear,Multi-Head DL (TABNET),0.525,0.4385026737967914,0.9173214285714286
UOEMD,Diagnosis,Load_No_Load_Speed_60Hz,CWRU_12k + CWRU_48k + HUST_Gearbox + HUST + PU + UORED + Electric_Motor,Multi-Head DL (TABNET),0.55,0.4441786283891547,0.8282142857142857
UOEMD,Diagnosis,Load_No_Load_Speed_60Hz,CWRU_12k + CWRU_48k + HUST_Gearbox + HUST + PU + Mechanical_Gear + Electric_Motor,Multi-Head DL (TABNET),0.425,0.3785977039372625,0.8733928571428571
UOEMD,Diagnosis,Load_No_Load_Speed_60Hz,CWRU_12k + CWRU_48k + HUST_Gearbox + HUST + UORED + Mechanical_Gear + Electric_Motor,Multi-Head DL (TABNET),0.75,0.7152777777777778,0.8919642857142858
UOEMD,Diagnosis,Load_No_Load_Speed_60Hz,CWRU_12k + CWRU_48k + HUST_Gearbox + PU + UORED + Mechanical_Gear + Electric_Motor,Multi-Head DL (TABNET),0.375,0.3,0.8089285714285714
UOEMD,Diagnosis,Load_No_Load_Speed_60Hz,CWRU_12k + CWRU_48k + HUST + PU + UORED + Mechanical_Gear + Electric_Motor,Multi-Head DL (TABNET),0.5375,0.4975845410628019,0.8801785714285715
UOEMD,Diagnosis,Load_No_Load_Speed_60Hz,CWRU_12k + HUST_Gearbox + HUST + PU + UORED + Mechanical_Gear + Electric_Motor,Multi-Head DL (TABNET),0.5,0.39474772539288666,0.8267857142857143
UOEMD,Diagnosis,Load_No_Load_Speed_60Hz,CWRU_48k + HUST_Gearbox + HUST + PU + UORED + Mechanical_Gear + Electric_Motor,Multi-Head DL (TABNET),0.4375,0.4017857142857143,0.8987499999999999
UOEMD,Diagnosis,Load_No_Load_Speed_60Hz,CWRU_12k + CWRU_48k + HUST_Gearbox + HUST + PU + UORED + Mechanical_Gear + Electric_Motor,Multi-Head DL (TABNET),0.55,0.46031746031746035,0.8855357142857143
UOEMD,Diagnosis,Load_No_Load_Speed_Dec_45_to_15Hz,CWRU_12k,Multi-Head DL (TABNET),0.6875,0.6707058043158611,0.9337500000000001
UOEMD,Diagnosis,Load_No_Load_Speed_Dec_45_to_15Hz,CWRU_48k,Multi-Head DL (TABNET),0.6875,0.6871848739495798,0.9391071428571429
UOEMD,Diagnosis,Load_No_Load_Speed_Dec_45_to_15Hz,HUST_Gearbox,Multi-Head DL (TABNET),0.6375,0.6115961779448622,0.9308928571428572
UOEMD,Diagnosis,Load_No_Load_Speed_Dec_45_to_15Hz,HUST,Multi-Head DL (TABNET),0.625,0.6153331962155492,0.9267857142857143
UOEMD,Diagnosis,Load_No_Load_Speed_Dec_45_to_15Hz,PU,Multi-Head DL (TABNET),0.6125,0.5471296700735929,0.9235714285714286
UOEMD,Diagnosis,Load_No_Load_Speed_Dec_45_to_15Hz,UORED,Multi-Head DL (TABNET),0.675,0.6355133996438345,0.92
UOEMD,Diagnosis,Load_No_Load_Speed_Dec_45_to_15Hz,Mechanical_Gear,Multi-Head DL (TABNET),0.7625,0.7500832704876823,0.9576785714285714
UOEMD,Diagnosis,Load_No_Load_Speed_Dec_45_to_15Hz,Electric_Motor,Multi-Head DL (TABNET),0.725,0.6995007572406953,0.9357142857142857
UOEMD,Diagnosis,Load_No_Load_Speed_Dec_45_to_15Hz,CWRU_12k + CWRU_48k,Multi-Head DL (TABNET),0.5375,0.5079942027744884,0.9083928571428572
UOEMD,Diagnosis,Load_No_Load_Speed_Dec_45_to_15Hz,CWRU_12k + HUST_Gearbox,Multi-Head DL (TABNET),0.55,0.5186296546590664,0.9244642857142857
UOEMD,Diagnosis,Load_No_Load_Speed_Dec_45_to_15Hz,CWRU_12k + HUST,Multi-Head DL (TABNET),0.7,0.6949015540880599,0.9485714285714285
UOEMD,Diagnosis,Load_No_Load_Speed_Dec_45_to_15Hz,CWRU_12k + PU,Multi-Head DL (TABNET),0.3,0.27083333333333337,0.6975
UOEMD,Diagnosis,Load_No_Load_Speed_Dec_45_to_15Hz,CWRU_12k + UORED,Multi-Head DL (TABNET),0.525,0.4569437582345191,0.8919642857142857
UOEMD,Diagnosis,Load_No_Load_Speed_Dec_45_to_15Hz,CWRU_12k + Mechanical_Gear,Multi-Head DL (TABNET),0.675,0.6376984126984127,0.9201785714285714
UOEMD,Diagnosis,Load_No_Load_Speed_Dec_45_to_15Hz,CWRU_12k + Electric_Motor,Multi-Head DL (TABNET),0.6875,0.6769042361147625,0.9316071428571429
UOEMD,Diagnosis,Load_No_Load_Speed_Dec_45_to_15Hz,CWRU_48k + HUST_Gearbox,Multi-Head DL (TABNET),0.7125,0.691445494077073,0.9485714285714285
UOEMD,Diagnosis,Load_No_Load_Speed_Dec_45_to_15Hz,CWRU_48k + HUST,Multi-Head DL (TABNET),0.6625,0.6263779738779739,0.9251785714285714
UOEMD,Diagnosis,Load_No_Load_Speed_Dec_45_to_15Hz,CWRU_48k + PU,Multi-Head DL (TABNET),0.475,0.4359605911330049,0.8008928571428572
UOEMD,Diagnosis,Load_No_Load_Speed_Dec_45_to_15Hz,CWRU_48k + UORED,Multi-Head DL (TABNET),0.7125,0.6888941102756891,0.9342857142857144
UOEMD,Diagnosis,Load_No_Load_Speed_Dec_45_to_15Hz,CWRU_48k + Mechanical_Gear,Multi-Head DL (TABNET),0.7,0.6613157374026939,0.9269642857142857
UOEMD,Diagnosis,Load_No_Load_Speed_Dec_45_to_15Hz,CWRU_48k + Electric_Motor,Multi-Head DL (TABNET),0.75,0.7542254846602672,0.9333928571428571
UOEMD,Diagnosis,Load_No_Load_Speed_Dec_45_to_15Hz,HUST_Gearbox + HUST,Multi-Head DL (TABNET),0.6125,0.5537089164825142,0.90125
UOEMD,Diagnosis,Load_No_Load_Speed_Dec_45_to_15Hz,HUST_Gearbox + PU,Multi-Head DL (TABNET),0.5125000000000001,0.4892216336295284,0.8703571428571428
UOEMD,Diagnosis,Load_No_Load_Speed_Dec_45_to_15Hz,HUST_Gearbox + UORED,Multi-Head DL (TABNET),0.6,0.5778702383143173,0.9117857142857143
UOEMD,Diagnosis,Load_No_Load_Speed_Dec_45_to_15Hz,HUST_Gearbox + Mechanical_Gear,Multi-Head DL (TABNET),0.6875,0.6681197478991596,0.9326785714285715
UOEMD,Diagnosis,Load_No_Load_Speed_Dec_45_to_15Hz,HUST_Gearbox + Electric_Motor,Multi-Head DL (TABNET),0.6,0.5841451454723766,0.9210714285714285
UOEMD,Diagnosis,Load_No_Load_Speed_Dec_45_to_15Hz,HUST + PU,Multi-Head DL (TABNET),0.5750000000000001,0.5326529471690762,0.917142857142857
UOEMD,Diagnosis,Load_No_Load_Speed_Dec_45_to_15Hz,HUST + UORED,Multi-Head DL (TABNET),0.5874999999999999,0.5587610330173258,0.9258928571428571
UOEMD,Diagnosis,Load_No_Load_Speed_Dec_45_to_15Hz,HUST + Mechanical_Gear,Multi-Head DL (TABNET),0.5125,0.5004026880683827,0.875357142857143
UOEMD,Diagnosis,Load_No_Load_Speed_Dec_45_to_15Hz,HUST + Electric_Motor,Multi-Head DL (TABNET),0.6375,0.5967716113025037,0.9330357142857142
UOEMD,Diagnosis,Load_No_Load_Speed_Dec_45_to_15Hz,PU + UORED,Multi-Head DL (TABNET),0.5750000000000001,0.5143409222356591,0.9110714285714285
UOEMD,Diagnosis,Load_No_Load_Speed_Dec_45_to_15Hz,PU + Mechanical_Gear,Multi-Head DL (TABNET),0.5,0.423669837914024,0.8080357142857142
UOEMD,Diagnosis,Load_No_Load_Speed_Dec_45_to_15Hz,PU + Electric_Motor,Multi-Head DL (TABNET),0.65,0.6189515566103587,0.9421428571428572
UOEMD,Diagnosis,Load_No_Load_Speed_Dec_45_to_15Hz,UORED + Mechanical_Gear,Multi-Head DL (TABNET),0.65,0.6080194805194805,0.9419642857142857
UOEMD,Diagnosis,Load_No_Load_Speed_Dec_45_to_15Hz,UORED + Electric_Motor,Multi-Head DL (TABNET),0.6375,0.6478991596638655,0.9199999999999999
UOEMD,Diagnosis,Load_No_Load_Speed_Dec_45_to_15Hz,Mechanical_Gear + Electric_Motor,Multi-Head DL (TABNET),0.65,0.6463345864661654,0.945
UOEMD,Diagnosis,Load_No_Load_Speed_Dec_45_to_15Hz,CWRU_12k + CWRU_48k + HUST_Gearbox,Multi-Head DL (TABNET),0.575,0.5185114501315775,0.9280357142857143
UOEMD,Diagnosis,Load_No_Load_Speed_Dec_45_to_15Hz,CWRU_12k + CWRU_48k + HUST,Multi-Head DL (TABNET),0.55,0.5009066226171489,0.8721428571428571
UOEMD,Diagnosis,Load_No_Load_Speed_Dec_45_to_15Hz,CWRU_12k + CWRU_48k + PU,Multi-Head DL (TABNET),0.525,0.4872814685314686,0.8389285714285715
UOEMD,Diagnosis,Load_No_Load_Speed_Dec_45_to_15Hz,CWRU_12k + CWRU_48k + UORED,Multi-Head DL (TABNET),0.5375,0.48446460149046355,0.9041071428571429
UOEMD,Diagnosis,Load_No_Load_Speed_Dec_45_to_15Hz,CWRU_12k + CWRU_48k + Mechanical_Gear,Multi-Head DL (TABNET),0.6125,0.5823060954639903,0.9398214285714286
UOEMD,Diagnosis,Load_No_Load_Speed_Dec_45_to_15Hz,CWRU_12k + CWRU_48k + Electric_Motor,Multi-Head DL (TABNET),0.6375,0.6296431616124711,0.9167857142857143
UOEMD,Diagnosis,Load_No_Load_Speed_Dec_45_to_15Hz,CWRU_12k + HUST_Gearbox + HUST,Multi-Head DL (TABNET),0.48750000000000004,0.46270149806334016,0.8655357142857143
UOEMD,Diagnosis,Load_No_Load_Speed_Dec_45_to_15Hz,CWRU_12k + HUST_Gearbox + PU,Multi-Head DL (TABNET),0.5625,0.5120970806892966,0.9028571428571428
UOEMD,Diagnosis,Load_No_Load_Speed_Dec_45_to_15Hz,CWRU_12k + HUST_Gearbox + UORED,Multi-Head DL (TABNET),0.55,0.513647303050861,0.8682142857142857
UOEMD,Diagnosis,Load_No_Load_Speed_Dec_45_to_15Hz,CWRU_12k + HUST_Gearbox + Mechanical_Gear,Multi-Head DL (TABNET),0.5874999999999999,0.5416660223161771,0.925
UOEMD,Diagnosis,Load_No_Load_Speed_Dec_45_to_15Hz,CWRU_12k + HUST_Gearbox + Electric_Motor,Multi-Head DL (TABNET),0.65,0.635221559017198,0.89375
UOEMD,Diagnosis,Load_No_Load_Speed_Dec_45_to_15Hz,CWRU_12k + HUST + PU,Multi-Head DL (TABNET),0.36250000000000004,0.3232323232323232,0.7475
UOEMD,Diagnosis,Load_No_Load_Speed_Dec_45_to_15Hz,CWRU_12k + HUST + UORED,Multi-Head DL (TABNET),0.7,0.7012095747389865,0.9280357142857143
UOEMD,Diagnosis,Load_No_Load_Speed_Dec_45_to_15Hz,CWRU_12k + HUST + Mechanical_Gear,Multi-Head DL (TABNET),0.575,0.5391746411483254,0.9221428571428572
UOEMD,Diagnosis,Load_No_Load_Speed_Dec_45_to_15Hz,CWRU_12k + HUST + Electric_Motor,Multi-Head DL (TABNET),0.6125,0.5829322991822992,0.9358928571428572
UOEMD,Diagnosis,Load_No_Load_Speed_Dec_45_to_15Hz,CWRU_12k + PU + UORED,Multi-Head DL (TABNET),0.6375,0.6325813936108053,0.9219642857142858
UOEMD,Diagnosis,Load_No_Load_Speed_Dec_45_to_15Hz,CWRU_12k + PU + Mechanical_Gear,Multi-Head DL (TABNET),0.5875,0.5274002849002849,0.8919642857142858
UOEMD,Diagnosis,Load_No_Load_Speed_Dec_45_to_15Hz,CWRU_12k + PU + Electric_Motor,Multi-Head DL (TABNET),0.3625,0.32642045454545454,0.7964285714285714
UOEMD,Diagnosis,Load_No_Load_Speed_Dec_45_to_15Hz,CWRU_12k + UORED + Mechanical_Gear,Multi-Head DL (TABNET),0.625,0.6329461494742825,0.9005357142857143
UOEMD,Diagnosis,Load_No_Load_Speed_Dec_45_to_15Hz,CWRU_12k + UORED + Electric_Motor,Multi-Head DL (TABNET),0.5,0.4411421911421911,0.8789285714285714
UOEMD,Diagnosis,Load_No_Load_Speed_Dec_45_to_15Hz,CWRU_12k + Mechanical_Gear + Electric_Motor,Multi-Head DL (TABNET),0.6125,0.5856270453482936,0.9155357142857143
UOEMD,Diagnosis,Load_No_Load_Speed_Dec_45_to_15Hz,CWRU_48k + HUST_Gearbox + HUST,Multi-Head DL (TABNET),0.725,0.6969780219780219,0.9389285714285713
UOEMD,Diagnosis,Load_No_Load_Speed_Dec_45_to_15Hz,CWRU_48k + HUST_Gearbox + PU,Multi-Head DL (TABNET),0.47500000000000003,0.4244493961723851,0.79
UOEMD,Diagnosis,Load_No_Load_Speed_Dec_45_to_15Hz,CWRU_48k + HUST_Gearbox + UORED,Multi-Head DL (TABNET),0.625,0.5800474500144885,0.9183928571428571
UOEMD,Diagnosis,Load_No_Load_Speed_Dec_45_to_15Hz,CWRU_48k + HUST_Gearbox + Mechanical_Gear,Multi-Head DL (TABNET),0.7125,0.6975649350649351,0.9555357142857144
UOEMD,Diagnosis,Load_No_Load_Speed_Dec_45_to_15Hz,CWRU_48k + HUST_Gearbox + Electric_Motor,Multi-Head DL (TABNET),0.7124999999999999,0.656526465736992,0.9292857142857143
UOEMD,Diagnosis,Load_No_Load_Speed_Dec_45_to_15Hz,CWRU_48k + HUST + PU,Multi-Head DL (TABNET),0.6875,0.6710397897897897,0.9280357142857143
UOEMD,Diagnosis,Load_No_Load_Speed_Dec_45_to_15Hz,CWRU_48k + HUST + UORED,Multi-Head DL (TABNET),0.6375,0.5928096963423051,0.9055357142857142
UOEMD,Diagnosis,Load_No_Load_Speed_Dec_45_to_15Hz,CWRU_48k + HUST + Mechanical_Gear,Multi-Head DL (TABNET),0.55,0.49752506265664165,0.8882142857142857
UOEMD,Diagnosis,Load_No_Load_Speed_Dec_45_to_15Hz,CWRU_48k + HUST + Electric_Motor,Multi-Head DL (TABNET),0.7749999999999999,0.7678096963423051,0.9523214285714285
UOEMD,Diagnosis,Load_No_Load_Speed_Dec_45_to_15Hz,CWRU_48k + PU + UORED,Multi-Head DL (TABNET),0.5125,0.45911050156739813,0.86375
UOEMD,Diagnosis,Load_No_Load_Speed_Dec_45_to_15Hz,CWRU_48k + PU + Mechanical_Gear,Multi-Head DL (TABNET),0.35,0.2902749662618084,0.7875000000000001
UOEMD,Diagnosis,Load_No_Load_Speed_Dec_45_to_15Hz,CWRU_48k + PU + Electric_Motor,Multi-Head DL (TABNET),0.4375,0.4021284271284271,0.7842857142857143
UOEMD,Diagnosis,Load_No_Load_Speed_Dec_45_to_15Hz,CWRU_48k + UORED + Mechanical_Gear,Multi-Head DL (TABNET),0.525,0.4885372150997151,0.9039285714285714
UOEMD,Diagnosis,Load_No_Load_Speed_Dec_45_to_15Hz,CWRU_48k + UORED + Electric_Motor,Multi-Head DL (TABNET),0.7125,0.6790239350021958,0.9266071428571429
UOEMD,Diagnosis,Load_No_Load_Speed_Dec_45_to_15Hz,CWRU_48k + Mechanical_Gear + Electric_Motor,Multi-Head DL (TABNET),0.625,0.6025991552307342,0.9105357142857142
UOEMD,Diagnosis,Load_No_Load_Speed_Dec_45_to_15Hz,HUST_Gearbox + HUST + PU,Multi-Head DL (TABNET),0.5875,0.510024154589372,0.8425
UOEMD,Diagnosis,Load_No_Load_Speed_Dec_45_to_15Hz,HUST_Gearbox + HUST + UORED,Multi-Head DL (TABNET),0.6375000000000001,0.6141564916564917,0.917142857142857
UOEMD,Diagnosis,Load_No_Load_Speed_Dec_45_to_15Hz,HUST_Gearbox + HUST + Mechanical_Gear,Multi-Head DL (TABNET),0.6000000000000001,0.5626163858071753,0.9258928571428572
UOEMD,Diagnosis,Load_No_Load_Speed_Dec_45_to_15Hz,HUST_Gearbox + HUST + Electric_Motor,Multi-Head DL (TABNET),0.6375,0.606198752228164,0.9316071428571429
UOEMD,Diagnosis,Load_No_Load_Speed_Dec_45_to_15Hz,HUST_Gearbox + PU + UORED,Multi-Head DL (TABNET),0.6125,0.5903056298276886,0.9396428571428572
UOEMD,Diagnosis,Load_No_Load_Speed_Dec_45_to_15Hz,HUST_Gearbox + PU + Mechanical_Gear,Multi-Head DL (TABNET),0.5875,0.6104381628993791,0.9291071428571429
UOEMD,Diagnosis,Load_No_Load_Speed_Dec_45_to_15Hz,HUST_Gearbox + PU + Electric_Motor,Multi-Head DL (TABNET),0.4625,0.4323465749936338,0.8394642857142858
UOEMD,Diagnosis,Load_No_Load_Speed_Dec_45_to_15Hz,HUST_Gearbox + UORED + Mechanical_Gear,Multi-Head DL (TABNET),0.6125,0.5899484502425678,0.9103571428571429
UOEMD,Diagnosis,Load_No_Load_Speed_Dec_45_to_15Hz,HUST_Gearbox + UORED + Electric_Motor,Multi-Head DL (TABNET),0.6375,0.5951044607566347,0.92875
UOEMD,Diagnosis,Load_No_Load_Speed_Dec_45_to_15Hz,HUST_Gearbox + Mechanical_Gear + Electric_Motor,Multi-Head DL (TABNET),0.625,0.6236516955266955,0.9201785714285715
UOEMD,Diagnosis,Load_No_Load_Speed_Dec_45_to_15Hz,HUST + PU + UORED,Multi-Head DL (TABNET),0.6625000000000001,0.6319709702062644,0.9021428571428571
UOEMD,Diagnosis,Load_No_Load_Speed_Dec_45_to_15Hz,HUST + PU + Mechanical_Gear,Multi-Head DL (TABNET),0.3875,0.31082710869104835,0.8483928571428572
UOEMD,Diagnosis,Load_No_Load_Speed_Dec_45_to_15Hz,HUST + PU + Electric_Motor,Multi-Head DL (TABNET),0.44999999999999996,0.3651891586674195,0.8403571428571428
UOEMD,Diagnosis,Load_No_Load_Speed_Dec_45_to_15Hz,HUST + UORED + Mechanical_Gear,Multi-Head DL (TABNET),0.6749999999999999,0.65014602831099,0.9407142857142857
UOEMD,Diagnosis,Load_No_Load_Speed_Dec_45_to_15Hz,HUST + UORED + Electric_Motor,Multi-Head DL (TABNET),0.6625,0.6212598066046342,0.9273214285714286
UOEMD,Diagnosis,Load_No_Load_Speed_Dec_45_to_15Hz,HUST + Mechanical_Gear + Electric_Motor,Multi-Head DL (TABNET),0.6125,0.5641098484848485,0.9457142857142857
UOEMD,Diagnosis,Load_No_Load_Speed_Dec_45_to_15Hz,PU + UORED + Mechanical_Gear,Multi-Head DL (TABNET),0.475,0.4092394533571004,0.9051785714285714
UOEMD,Diagnosis,Load_No_Load_Speed_Dec_45_to_15Hz,PU + UORED + Electric_Motor,Multi-Head DL (TABNET),0.6625000000000001,0.693421592775041,0.9221428571428572
UOEMD,Diagnosis,Load_No_Load_Speed_Dec_45_to_15Hz,PU + Mechanical_Gear + Electric_Motor,Multi-Head DL (TABNET),0.5625,0.512339070243482,0.9180357142857143
UOEMD,Diagnosis,Load_No_Load_Speed_Dec_45_to_15Hz,UORED + Mechanical_Gear + Electric_Motor,Multi-Head DL (TABNET),0.65,0.640207219251337,0.9025000000000001
UOEMD,Diagnosis,Load_No_Load_Speed_Dec_45_to_15Hz,CWRU_12k + CWRU_48k + HUST_Gearbox + HUST,Multi-Head DL (TABNET),0.5625,0.5314189830637199,0.8841071428571429
UOEMD,Diagnosis,Load_No_Load_Speed_Dec_45_to_15Hz,CWRU_12k + CWRU_48k + HUST_Gearbox + PU,Multi-Head DL (TABNET),0.48750000000000004,0.4167207792207792,0.8505357142857144
UOEMD,Diagnosis,Load_No_Load_Speed_Dec_45_to_15Hz,CWRU_12k + CWRU_48k + HUST_Gearbox + UORED,Multi-Head DL (TABNET),0.5,0.49129026610644255,0.864642857142857
UOEMD,Diagnosis,Load_No_Load_Speed_Dec_45_to_15Hz,CWRU_12k + CWRU_48k + HUST_Gearbox + Mechanical_Gear,Multi-Head DL (TABNET),0.6375,0.5839860570464019,0.9469642857142857
UOEMD,Diagnosis,Load_No_Load_Speed_Dec_45_to_15Hz,CWRU_12k + CWRU_48k + HUST_Gearbox + Electric_Motor,Multi-Head DL (TABNET),0.675,0.6554911526307408,0.9042857142857142
UOEMD,Diagnosis,Load_No_Load_Speed_Dec_45_to_15Hz,CWRU_12k + CWRU_48k + HUST + PU,Multi-Head DL (TABNET),0.45000000000000007,0.36871671016891605,0.8414285714285714
UOEMD,Diagnosis,Load_No_Load_Speed_Dec_45_to_15Hz,CWRU_12k + CWRU_48k + HUST + UORED,Multi-Head DL (TABNET),0.6125,0.5457447142229751,0.9119642857142858
UOEMD,Diagnosis,Load_No_Load_Speed_Dec_45_to_15Hz,CWRU_12k + CWRU_48k + HUST + Mechanical_Gear,Multi-Head DL (TABNET),0.5875,0.5345065562456867,0.9333928571428571
UOEMD,Diagnosis,Load_No_Load_Speed_Dec_45_to_15Hz,CWRU_12k + CWRU_48k + HUST + Electric_Motor,Multi-Head DL (TABNET),0.48750000000000004,0.4873652917131178,0.8507142857142858
UOEMD,Diagnosis,Load_No_Load_Speed_Dec_45_to_15Hz,CWRU_12k + CWRU_48k + PU + UORED,Multi-Head DL (TABNET),0.5874999999999999,0.5624788255223038,0.85125
UOEMD,Diagnosis,Load_No_Load_Speed_Dec_45_to_15Hz,CWRU_12k + CWRU_48k + PU + Mechanical_Gear,Multi-Head DL (TABNET),0.3375,0.2849923722349351,0.7696428571428571
UOEMD,Diagnosis,Load_No_Load_Speed_Dec_45_to_15Hz,CWRU_12k + CWRU_48k + PU + Electric_Motor,Multi-Head DL (TABNET),0.3875,0.31109022556390975,0.7541071428571429
UOEMD,Diagnosis,Load_No_Load_Speed_Dec_45_to_15Hz,CWRU_12k + CWRU_48k + UORED + Mechanical_Gear,Multi-Head DL (TABNET),0.55,0.503974358974359,0.9128571428571428
UOEMD,Diagnosis,Load_No_Load_Speed_Dec_45_to_15Hz,CWRU_12k + CWRU_48k + UORED + Electric_Motor,Multi-Head DL (TABNET),0.5625,0.5387847446670976,0.9314285714285714
UOEMD,Diagnosis,Load_No_Load_Speed_Dec_45_to_15Hz,CWRU_12k + CWRU_48k + Mechanical_Gear + Electric_Motor,Multi-Head DL (TABNET),0.575,0.5583898332060098,0.8835714285714287
UOEMD,Diagnosis,Load_No_Load_Speed_Dec_45_to_15Hz,CWRU_12k + HUST_Gearbox + HUST + PU,Multi-Head DL (TABNET),0.525,0.486228354978355,0.8530357142857142
UOEMD,Diagnosis,Load_No_Load_Speed_Dec_45_to_15Hz,CWRU_12k + HUST_Gearbox + HUST + UORED,Multi-Head DL (TABNET),0.44999999999999996,0.43140888736177363,0.8532142857142857
UOEMD,Diagnosis,Load_No_Load_Speed_Dec_45_to_15Hz,CWRU_12k + HUST_Gearbox + HUST + Mechanical_Gear,Multi-Head DL (TABNET),0.5,0.47923067270893355,0.835
UOEMD,Diagnosis,Load_No_Load_Speed_Dec_45_to_15Hz,CWRU_12k + HUST_Gearbox + HUST + Electric_Motor,Multi-Head DL (TABNET),0.6125,0.5948787409700722,0.905
UOEMD,Diagnosis,Load_No_Load_Speed_Dec_45_to_15Hz,CWRU_12k + HUST_Gearbox + PU + UORED,Multi-Head DL (TABNET),0.42500000000000004,0.39678011672896585,0.8114285714285714
UOEMD,Diagnosis,Load_No_Load_Speed_Dec_45_to_15Hz,CWRU_12k + HUST_Gearbox + PU + Mechanical_Gear,Multi-Head DL (TABNET),0.4375,0.3515625,0.8346428571428572
UOEMD,Diagnosis,Load_No_Load_Speed_Dec_45_to_15Hz,CWRU_12k + HUST_Gearbox + PU + Electric_Motor,Multi-Head DL (TABNET),0.525,0.47599284773197814,0.9019642857142858
UOEMD,Diagnosis,Load_No_Load_Speed_Dec_45_to_15Hz,CWRU_12k + HUST_Gearbox + UORED + Mechanical_Gear,Multi-Head DL (TABNET),0.5375000000000001,0.525078320802005,0.8617857142857143
UOEMD,Diagnosis,Load_No_Load_Speed_Dec_45_to_15Hz,CWRU_12k + HUST_Gearbox + UORED + Electric_Motor,Multi-Head DL (TABNET),0.5625,0.5169871794871794,0.8792857142857142
UOEMD,Diagnosis,Load_No_Load_Speed_Dec_45_to_15Hz,CWRU_12k + HUST_Gearbox + Mechanical_Gear + Electric_Motor,Multi-Head DL (TABNET),0.5125,0.513712566673093,0.8708928571428571
UOEMD,Diagnosis,Load_No_Load_Speed_Dec_45_to_15Hz,CWRU_12k + HUST + PU + UORED,Multi-Head DL (TABNET),0.45,0.40337643678160917,0.7841071428571429
UOEMD,Diagnosis,Load_No_Load_Speed_Dec_45_to_15Hz,CWRU_12k + HUST + PU + Mechanical_Gear,Multi-Head DL (TABNET),0.525,0.4719336219336219,0.9107142857142858
UOEMD,Diagnosis,Load_No_Load_Speed_Dec_45_to_15Hz,CWRU_12k + HUST + PU + Electric_Motor,Multi-Head DL (TABNET),0.5375000000000001,0.49517625231910944,0.8710714285714285
UOEMD,Diagnosis,Load_No_Load_Speed_Dec_45_to_15Hz,CWRU_12k + HUST + UORED + Mechanical_Gear,Multi-Head DL (TABNET),0.48750000000000004,0.41520752007896977,0.8608928571428571
UOEMD,Diagnosis,Load_No_Load_Speed_Dec_45_to_15Hz,CWRU_12k + HUST + UORED + Electric_Motor,Multi-Head DL (TABNET),0.6375,0.6407723272375311,0.9255357142857144
UOEMD,Diagnosis,Load_No_Load_Speed_Dec_45_to_15Hz,CWRU_12k + HUST + Mechanical_Gear + Electric_Motor,Multi-Head DL (TABNET),0.575,0.5292125862202588,0.9041071428571428
UOEMD,Diagnosis,Load_No_Load_Speed_Dec_45_to_15Hz,CWRU_12k + PU + UORED + Mechanical_Gear,Multi-Head DL (TABNET),0.6375,0.6327786796536796,0.89625
UOEMD,Diagnosis,Load_No_Load_Speed_Dec_45_to_15Hz,CWRU_12k + PU + UORED + Electric_Motor,Multi-Head DL (TABNET),0.5625,0.5339102836184755,0.8833928571428571
UOEMD,Diagnosis,Load_No_Load_Speed_Dec_45_to_15Hz,CWRU_12k + PU + Mechanical_Gear + Electric_Motor,Multi-Head DL (TABNET),0.5875,0.5972110814022579,0.8839285714285714
UOEMD,Diagnosis,Load_No_Load_Speed_Dec_45_to_15Hz,CWRU_12k + UORED + Mechanical_Gear + Electric_Motor,Multi-Head DL (TABNET),0.625,0.59490107845371,0.9180357142857143
UOEMD,Diagnosis,Load_No_Load_Speed_Dec_45_to_15Hz,CWRU_48k + HUST_Gearbox + HUST + PU,Multi-Head DL (TABNET),0.6125,0.5683669642493172,0.8742857142857143
UOEMD,Diagnosis,Load_No_Load_Speed_Dec_45_to_15Hz,CWRU_48k + HUST_Gearbox + HUST + UORED,Multi-Head DL (TABNET),0.6,0.5436984004127967,0.9235714285714285
UOEMD,Diagnosis,Load_No_Load_Speed_Dec_45_to_15Hz,CWRU_48k + HUST_Gearbox + HUST + Mechanical_Gear,Multi-Head DL (TABNET),0.55,0.5221625188536954,0.8719642857142857
UOEMD,Diagnosis,Load_No_Load_Speed_Dec_45_to_15Hz,CWRU_48k + HUST_Gearbox + HUST + Electric_Motor,Multi-Head DL (TABNET),0.6,0.5735113229064842,0.9223214285714286
UOEMD,Diagnosis,Load_No_Load_Speed_Dec_45_to_15Hz,CWRU_48k + HUST_Gearbox + PU + UORED,Multi-Head DL (TABNET),0.45,0.4145970988076251,0.8471428571428572
UOEMD,Diagnosis,Load_No_Load_Speed_Dec_45_to_15Hz,CWRU_48k + HUST_Gearbox + PU + Mechanical_Gear,Multi-Head DL (TABNET),0.31249999999999994,0.2600313432916687,0.7796428571428571
UOEMD,Diagnosis,Load_No_Load_Speed_Dec_45_to_15Hz,CWRU_48k + HUST_Gearbox + PU + Electric_Motor,Multi-Head DL (TABNET),0.48750000000000004,0.4224829931972789,0.8101785714285714
UOEMD,Diagnosis,Load_No_Load_Speed_Dec_45_to_15Hz,CWRU_48k + HUST_Gearbox + UORED + Mechanical_Gear,Multi-Head DL (TABNET),0.6375,0.614906383606074,0.9333928571428571
UOEMD,Diagnosis,Load_No_Load_Speed_Dec_45_to_15Hz,CWRU_48k + HUST_Gearbox + UORED + Electric_Motor,Multi-Head DL (TABNET),0.7,0.6958742892309826,0.9491071428571429
UOEMD,Diagnosis,Load_No_Load_Speed_Dec_45_to_15Hz,CWRU_48k + HUST_Gearbox + Mechanical_Gear + Electric_Motor,Multi-Head DL (TABNET),0.6625000000000001,0.6293006234751966,0.9450000000000001
UOEMD,Diagnosis,Load_No_Load_Speed_Dec_45_to_15Hz,CWRU_48k + HUST + PU + UORED,Multi-Head DL (TABNET),0.325,0.288694861970724,0.8341071428571428
UOEMD,Diagnosis,Load_No_Load_Speed_Dec_45_to_15Hz,CWRU_48k + HUST + PU + Mechanical_Gear,Multi-Head DL (TABNET),0.4875,0.45216548157724623,0.8571428571428571
UOEMD,Diagnosis,Load_No_Load_Speed_Dec_45_to_15Hz,CWRU_48k + HUST + PU + Electric_Motor,Multi-Head DL (TABNET),0.5,0.4483019353236478,0.8919642857142858
UOEMD,Diagnosis,Load_No_Load_Speed_Dec_45_to_15Hz,CWRU_48k + HUST + UORED + Mechanical_Gear,Multi-Head DL (TABNET),0.575,0.50908929447932,0.8607142857142858
UOEMD,Diagnosis,Load_No_Load_Speed_Dec_45_to_15Hz,CWRU_48k + HUST + UORED + Electric_Motor,Multi-Head DL (TABNET),0.675,0.6699306240714908,0.9216071428571428
UOEMD,Diagnosis,Load_No_Load_Speed_Dec_45_to_15Hz,CWRU_48k + HUST + Mechanical_Gear + Electric_Motor,Multi-Head DL (TABNET),0.6375,0.6138034759358288,0.9321428571428572
UOEMD,Diagnosis,Load_No_Load_Speed_Dec_45_to_15Hz,CWRU_48k + PU + UORED + Mechanical_Gear,Multi-Head DL (TABNET),0.5625,0.5123312351760628,0.8766071428571429
UOEMD,Diagnosis,Load_No_Load_Speed_Dec_45_to_15Hz,CWRU_48k + PU + UORED + Electric_Motor,Multi-Head DL (TABNET),0.6499999999999999,0.6028299503699961,0.92875
UOEMD,Diagnosis,Load_No_Load_Speed_Dec_45_to_15Hz,CWRU_48k + PU + Mechanical_Gear + Electric_Motor,Multi-Head DL (TABNET),0.4875,0.4536409030015168,0.7762500000000001
UOEMD,Diagnosis,Load_No_Load_Speed_Dec_45_to_15Hz,CWRU_48k + UORED + Mechanical_Gear + Electric_Motor,Multi-Head DL (TABNET),0.625,0.6245724969829829,0.8983928571428571
UOEMD,Diagnosis,Load_No_Load_Speed_Dec_45_to_15Hz,HUST_Gearbox + HUST + PU + UORED,Multi-Head DL (TABNET),0.4125,0.3670437201687202,0.81875
UOEMD,Diagnosis,Load_No_Load_Speed_Dec_45_to_15Hz,HUST_Gearbox + HUST + PU + Mechanical_Gear,Multi-Head DL (TABNET),0.475,0.4417940074367968,0.8575
UOEMD,Diagnosis,Load_No_Load_Speed_Dec_45_to_15Hz,HUST_Gearbox + HUST + PU + Electric_Motor,Multi-Head DL (TABNET),0.5375000000000001,0.5052521008403361,0.8785714285714286
UOEMD,Diagnosis,Load_No_Load_Speed_Dec_45_to_15Hz,HUST_Gearbox + HUST + UORED + Mechanical_Gear,Multi-Head DL (TABNET),0.5874999999999999,0.5623949579831933,0.8491071428571428
UOEMD,Diagnosis,Load_No_Load_Speed_Dec_45_to_15Hz,HUST_Gearbox + HUST + UORED + Electric_Motor,Multi-Head DL (TABNET),0.5625,0.5253918875242405,0.8978571428571429
UOEMD,Diagnosis,Load_No_Load_Speed_Dec_45_to_15Hz,HUST_Gearbox + HUST + Mechanical_Gear + Electric_Motor,Multi-Head DL (TABNET),0.5375,0.48004201680672265,0.8664285714285714
UOEMD,Diagnosis,Load_No_Load_Speed_Dec_45_to_15Hz,HUST_Gearbox + PU + UORED + Mechanical_Gear,Multi-Head DL (TABNET),0.5125,0.45159007659007655,0.8648214285714286
UOEMD,Diagnosis,Load_No_Load_Speed_Dec_45_to_15Hz,HUST_Gearbox + PU + UORED + Electric_Motor,Multi-Head DL (TABNET),0.5,0.4464160839160839,0.8805357142857143
UOEMD,Diagnosis,Load_No_Load_Speed_Dec_45_to_15Hz,HUST_Gearbox + PU + Mechanical_Gear + Electric_Motor,Multi-Head DL (TABNET),0.5625,0.5178702623555564,0.9017857142857143
UOEMD,Diagnosis,Load_No_Load_Speed_Dec_45_to_15Hz,HUST_Gearbox + UORED + Mechanical_Gear + Electric_Motor,Multi-Head DL (TABNET),0.5875,0.5469772117628289,0.8985714285714286
UOEMD,Diagnosis,Load_No_Load_Speed_Dec_45_to_15Hz,HUST + PU + UORED + Mechanical_Gear,Multi-Head DL (TABNET),0.4625,0.40174655388471175,0.8080357142857142
UOEMD,Diagnosis,Load_No_Load_Speed_Dec_45_to_15Hz,HUST + PU + UORED + Electric_Motor,Multi-Head DL (TABNET),0.5125,0.44824660633484165,0.8687499999999999
UOEMD,Diagnosis,Load_No_Load_Speed_Dec_45_to_15Hz,HUST + PU + Mechanical_Gear + Electric_Motor,Multi-Head DL (TABNET),0.5625,0.5571113097428887,0.8451785714285713
UOEMD,Diagnosis,Load_No_Load_Speed_Dec_45_to_15Hz,HUST + UORED + Mechanical_Gear + Electric_Motor,Multi-Head DL (TABNET),0.55,0.5604900789747337,0.8923214285714286
UOEMD,Diagnosis,Load_No_Load_Speed_Dec_45_to_15Hz,PU + UORED + Mechanical_Gear + Electric_Motor,Multi-Head DL (TABNET),0.6125,0.5939566955814584,0.9189285714285714
UOEMD,Diagnosis,Load_No_Load_Speed_Dec_45_to_15Hz,CWRU_12k + CWRU_48k + HUST_Gearbox + HUST + PU,Multi-Head DL (TABNET),0.46249999999999997,0.4259714319496928,0.8080357142857142
UOEMD,Diagnosis,Load_No_Load_Speed_Dec_45_to_15Hz,CWRU_12k + CWRU_48k + HUST_Gearbox + HUST + UORED,Multi-Head DL (TABNET),0.5875,0.5496274558774559,0.9364285714285714
UOEMD,Diagnosis,Load_No_Load_Speed_Dec_45_to_15Hz,CWRU_12k + CWRU_48k + HUST_Gearbox + HUST + Mechanical_Gear,Multi-Head DL (TABNET),0.675,0.6327797026526609,0.9442857142857143
UOEMD,Diagnosis,Load_No_Load_Speed_Dec_45_to_15Hz,CWRU_12k + CWRU_48k + HUST_Gearbox + HUST + Electric_Motor,Multi-Head DL (TABNET),0.5125,0.4444032711474572,0.8885714285714286
UOEMD,Diagnosis,Load_No_Load_Speed_Dec_45_to_15Hz,CWRU_12k + CWRU_48k + HUST_Gearbox + PU + UORED,Multi-Head DL (TABNET),0.5874999999999999,0.5494397759103642,0.8864285714285715
UOEMD,Diagnosis,Load_No_Load_Speed_Dec_45_to_15Hz,CWRU_12k + CWRU_48k + HUST_Gearbox + PU + Mechanical_Gear,Multi-Head DL (TABNET),0.45,0.3871212121212121,0.84375
UOEMD,Diagnosis,Load_No_Load_Speed_Dec_45_to_15Hz,CWRU_12k + CWRU_48k + HUST_Gearbox + PU + Electric_Motor,Multi-Head DL (TABNET),0.45,0.3985615079365079,0.8476785714285715
UOEMD,Diagnosis,Load_No_Load_Speed_Dec_45_to_15Hz,CWRU_12k + CWRU_48k + HUST_Gearbox + UORED + Mechanical_Gear,Multi-Head DL (TABNET),0.6,0.5429406057839095,0.9121428571428571
UOEMD,Diagnosis,Load_No_Load_Speed_Dec_45_to_15Hz,CWRU_12k + CWRU_48k + HUST_Gearbox + UORED + Electric_Motor,Multi-Head DL (TABNET),0.5125,0.5094891724632437,0.8873214285714286
UOEMD,Diagnosis,Load_No_Load_Speed_Dec_45_to_15Hz,CWRU_12k + CWRU_48k + HUST_Gearbox + Mechanical_Gear + Electric_Motor,Multi-Head DL (TABNET),0.65,0.6291666666666667,0.91
UOEMD,Diagnosis,Load_No_Load_Speed_Dec_45_to_15Hz,CWRU_12k + CWRU_48k + HUST + PU + UORED,Multi-Head DL (TABNET),0.55,0.5064331501831502,0.8780357142857144
UOEMD,Diagnosis,Load_No_Load_Speed_Dec_45_to_15Hz,CWRU_12k + CWRU_48k + HUST + PU + Mechanical_Gear,Multi-Head DL (TABNET),0.525,0.48686036186036186,0.9282142857142857
UOEMD,Diagnosis,Load_No_Load_Speed_Dec_45_to_15Hz,CWRU_12k + CWRU_48k + HUST + PU + Electric_Motor,Multi-Head DL (TABNET),0.6000000000000001,0.5828031531591903,0.9076785714285714
UOEMD,Diagnosis,Load_No_Load_Speed_Dec_45_to_15Hz,CWRU_12k + CWRU_48k + HUST + UORED + Mechanical_Gear,Multi-Head DL (TABNET),0.6,0.5871992231906025,0.9173214285714286
UOEMD,Diagnosis,Load_No_Load_Speed_Dec_45_to_15Hz,CWRU_12k + CWRU_48k + HUST + UORED + Electric_Motor,Multi-Head DL (TABNET),0.6000000000000001,0.5770885547201337,0.8771428571428572
UOEMD,Diagnosis,Load_No_Load_Speed_Dec_45_to_15Hz,CWRU_12k + CWRU_48k + HUST + Mechanical_Gear + Electric_Motor,Multi-Head DL (TABNET),0.575,0.5647302494665578,0.8578571428571429
UOEMD,Diagnosis,Load_No_Load_Speed_Dec_45_to_15Hz,CWRU_12k + CWRU_48k + PU + UORED + Mechanical_Gear,Multi-Head DL (TABNET),0.6000000000000001,0.5490538044885871,0.9057142857142857
UOEMD,Diagnosis,Load_No_Load_Speed_Dec_45_to_15Hz,CWRU_12k + CWRU_48k + PU + UORED + Electric_Motor,Multi-Head DL (TABNET),0.39999999999999997,0.31743928545065325,0.8353571428571429
UOEMD,Diagnosis,Load_No_Load_Speed_Dec_45_to_15Hz,CWRU_12k + CWRU_48k + PU + Mechanical_Gear + Electric_Motor,Multi-Head DL (TABNET),0.475,0.4363354037267081,0.8551785714285715
UOEMD,Diagnosis,Load_No_Load_Speed_Dec_45_to_15Hz,CWRU_12k + CWRU_48k + UORED + Mechanical_Gear + Electric_Motor,Multi-Head DL (TABNET),0.6375,0.6150518341307816,0.9296428571428572
UOEMD,Diagnosis,Load_No_Load_Speed_Dec_45_to_15Hz,CWRU_12k + HUST_Gearbox + HUST + PU + UORED,Multi-Head DL (TABNET),0.5249999999999999,0.5055059523809524,0.87625
UOEMD,Diagnosis,Load_No_Load_Speed_Dec_45_to_15Hz,CWRU_12k + HUST_Gearbox + HUST + PU + Mechanical_Gear,Multi-Head DL (TABNET),0.5874999999999999,0.5547077922077922,0.8764285714285714
UOEMD,Diagnosis,Load_No_Load_Speed_Dec_45_to_15Hz,CWRU_12k + HUST_Gearbox + HUST + PU + Electric_Motor,Multi-Head DL (TABNET),0.6375,0.6053534061846082,0.9225
UOEMD,Diagnosis,Load_No_Load_Speed_Dec_45_to_15Hz,CWRU_12k + HUST_Gearbox + HUST + UORED + Mechanical_Gear,Multi-Head DL (TABNET),0.5375000000000001,0.5076749639249639,0.8678571428571429
UOEMD,Diagnosis,Load_No_Load_Speed_Dec_45_to_15Hz,CWRU_12k + HUST_Gearbox + HUST + UORED + Electric_Motor,Multi-Head DL (TABNET),0.5125,0.4571262071262071,0.8842857142857143
UOEMD,Diagnosis,Load_No_Load_Speed_Dec_45_to_15Hz,CWRU_12k + HUST_Gearbox + HUST + Mechanical_Gear + Electric_Motor,Multi-Head DL (TABNET),0.5375,0.48295548654244314,0.8791071428571429
UOEMD,Diagnosis,Load_No_Load_Speed_Dec_45_to_15Hz,CWRU_12k + HUST_Gearbox + PU + UORED + Mechanical_Gear,Multi-Head DL (TABNET),0.45,0.4054431754839364,0.8255357142857143
UOEMD,Diagnosis,Load_No_Load_Speed_Dec_45_to_15Hz,CWRU_12k + HUST_Gearbox + PU + UORED + Electric_Motor,Multi-Head DL (TABNET),0.575,0.5736809343620489,0.8517857142857144
UOEMD,Diagnosis,Load_No_Load_Speed_Dec_45_to_15Hz,CWRU_12k + HUST_Gearbox + PU + Mechanical_Gear + Electric_Motor,Multi-Head DL (TABNET),0.575,0.5440821954551931,0.8875
UOEMD,Diagnosis,Load_No_Load_Speed_Dec_45_to_15Hz,CWRU_12k + HUST_Gearbox + UORED + Mechanical_Gear + Electric_Motor,Multi-Head DL (TABNET),0.5875,0.5724105937921726,0.8900000000000001
UOEMD,Diagnosis,Load_No_Load_Speed_Dec_45_to_15Hz,CWRU_12k + HUST + PU + UORED + Mechanical_Gear,Multi-Head DL (TABNET),0.5125,0.47015977443609025,0.8648214285714285
UOEMD,Diagnosis,Load_No_Load_Speed_Dec_45_to_15Hz,CWRU_12k + HUST + PU + UORED + Electric_Motor,Multi-Head DL (TABNET),0.5,0.45494334097275274,0.8446428571428571
UOEMD,Diagnosis,Load_No_Load_Speed_Dec_45_to_15Hz,CWRU_12k + HUST + PU + Mechanical_Gear + Electric_Motor,Multi-Head DL (TABNET),0.575,0.5187864671560324,0.8369642857142858
UOEMD,Diagnosis,Load_No_Load_Speed_Dec_45_to_15Hz,CWRU_12k + HUST + UORED + Mechanical_Gear + Electric_Motor,Multi-Head DL (TABNET),0.5125,0.47489049534244043,0.8971428571428572
UOEMD,Diagnosis,Load_No_Load_Speed_Dec_45_to_15Hz,CWRU_12k + PU + UORED + Mechanical_Gear + Electric_Motor,Multi-Head DL (TABNET),0.6125,0.6280503034547151,0.88375
UOEMD,Diagnosis,Load_No_Load_Speed_Dec_45_to_15Hz,CWRU_48k + HUST_Gearbox + HUST + PU + UORED,Multi-Head DL (TABNET),0.4625,0.450611119245411,0.8533928571428572
UOEMD,Diagnosis,Load_No_Load_Speed_Dec_45_to_15Hz,CWRU_48k + HUST_Gearbox + HUST + PU + Mechanical_Gear,Multi-Head DL (TABNET),0.475,0.46500217936144705,0.8216071428571428
UOEMD,Diagnosis,Load_No_Load_Speed_Dec_45_to_15Hz,CWRU_48k + HUST_Gearbox + HUST + PU + Electric_Motor,Multi-Head DL (TABNET),0.48750000000000004,0.43760696667673415,0.8301785714285714
UOEMD,Diagnosis,Load_No_Load_Speed_Dec_45_to_15Hz,CWRU_48k + HUST_Gearbox + HUST + UORED + Mechanical_Gear,Multi-Head DL (TABNET),0.7375,0.7226190476190476,0.9532142857142858
UOEMD,Diagnosis,Load_No_Load_Speed_Dec_45_to_15Hz,CWRU_48k + HUST_Gearbox + HUST + UORED + Electric_Motor,Multi-Head DL (TABNET),0.7250000000000001,0.7266635792379499,0.948392857142857
UOEMD,Diagnosis,Load_No_Load_Speed_Dec_45_to_15Hz,CWRU_48k + HUST_Gearbox + HUST + Mechanical_Gear + Electric_Motor,Multi-Head DL (TABNET),0.7000000000000001,0.677293771043771,0.9157142857142857
UOEMD,Diagnosis,Load_No_Load_Speed_Dec_45_to_15Hz,CWRU_48k + HUST_Gearbox + PU + UORED + Mechanical_Gear,Multi-Head DL (TABNET),0.475,0.44004235706821915,0.8205357142857144
UOEMD,Diagnosis,Load_No_Load_Speed_Dec_45_to_15Hz,CWRU_48k + HUST_Gearbox + PU + UORED + Electric_Motor,Multi-Head DL (TABNET),0.4375,0.411388003477253,0.7775
UOEMD,Diagnosis,Load_No_Load_Speed_Dec_45_to_15Hz,CWRU_48k + HUST_Gearbox + PU + Mechanical_Gear + Electric_Motor,Multi-Head DL (TABNET),0.5125,0.4805672268907563,0.8566071428571429
UOEMD,Diagnosis,Load_No_Load_Speed_Dec_45_to_15Hz,CWRU_48k + HUST_Gearbox + UORED + Mechanical_Gear + Electric_Motor,Multi-Head DL (TABNET),0.625,0.6209197065553911,0.9278571428571428
UOEMD,Diagnosis,Load_No_Load_Speed_Dec_45_to_15Hz,CWRU_48k + HUST + PU + UORED + Mechanical_Gear,Multi-Head DL (TABNET),0.47500000000000003,0.4294088651286794,0.8428571428571429
UOEMD,Diagnosis,Load_No_Load_Speed_Dec_45_to_15Hz,CWRU_48k + HUST + PU + UORED + Electric_Motor,Multi-Head DL (TABNET),0.575,0.5554047259929613,0.9107142857142857
UOEMD,Diagnosis,Load_No_Load_Speed_Dec_45_to_15Hz,CWRU_48k + HUST + PU + Mechanical_Gear + Electric_Motor,Multi-Head DL (TABNET),0.525,0.5088843251185466,0.80875
UOEMD,Diagnosis,Load_No_Load_Speed_Dec_45_to_15Hz,CWRU_48k + HUST + UORED + Mechanical_Gear + Electric_Motor,Multi-Head DL (TABNET),0.575,0.52816030913857,0.9235714285714286
UOEMD,Diagnosis,Load_No_Load_Speed_Dec_45_to_15Hz,CWRU_48k + PU + UORED + Mechanical_Gear + Electric_Motor,Multi-Head DL (TABNET),0.5249999999999999,0.5087243230625583,0.8898214285714285
UOEMD,Diagnosis,Load_No_Load_Speed_Dec_45_to_15Hz,HUST_Gearbox + HUST + PU + UORED + Mechanical_Gear,Multi-Head DL (TABNET),0.5125,0.47370766488413546,0.8948214285714284
UOEMD,Diagnosis,Load_No_Load_Speed_Dec_45_to_15Hz,HUST_Gearbox + HUST + PU + UORED + Electric_Motor,Multi-Head DL (TABNET),0.48750000000000004,0.3967814097578163,0.8505357142857143
UOEMD,Diagnosis,Load_No_Load_Speed_Dec_45_to_15Hz,HUST_Gearbox + HUST + PU + Mechanical_Gear + Electric_Motor,Multi-Head DL (TABNET),0.5375,0.49546911155766654,0.8542857142857143
UOEMD,Diagnosis,Load_No_Load_Speed_Dec_45_to_15Hz,HUST_Gearbox + HUST + UORED + Mechanical_Gear + Electric_Motor,Multi-Head DL (TABNET),0.6,0.5647025401069519,0.9289285714285714
UOEMD,Diagnosis,Load_No_Load_Speed_Dec_45_to_15Hz,HUST_Gearbox + PU + UORED + Mechanical_Gear + Electric_Motor,Multi-Head DL (TABNET),0.44999999999999996,0.39983130904183534,0.8187500000000001
UOEMD,Diagnosis,Load_No_Load_Speed_Dec_45_to_15Hz,HUST + PU + UORED + Mechanical_Gear + Electric_Motor,Multi-Head DL (TABNET),0.5125,0.45499158099964554,0.9094642857142857
UOEMD,Diagnosis,Load_No_Load_Speed_Dec_45_to_15Hz,CWRU_12k + CWRU_48k + HUST_Gearbox + HUST + PU + UORED,Multi-Head DL (TABNET),0.4875,0.48338108749675457,0.8294642857142858
UOEMD,Diagnosis,Load_No_Load_Speed_Dec_45_to_15Hz,CWRU_12k + CWRU_48k + HUST_Gearbox + HUST + PU + Mechanical_Gear,Multi-Head DL (TABNET),0.5625,0.5116713352007469,0.8357142857142857
UOEMD,Diagnosis,Load_No_Load_Speed_Dec_45_to_15Hz,CWRU_12k + CWRU_48k + HUST_Gearbox + HUST + PU + Electric_Motor,Multi-Head DL (TABNET),0.6,0.5436016696512427,0.86875
UOEMD,Diagnosis,Load_No_Load_Speed_Dec_45_to_15Hz,CWRU_12k + CWRU_48k + HUST_Gearbox + HUST + UORED + Mechanical_Gear,Multi-Head DL (TABNET),0.55,0.5011899624452218,0.8375
UOEMD,Diagnosis,Load_No_Load_Speed_Dec_45_to_15Hz,CWRU_12k + CWRU_48k + HUST_Gearbox + HUST + UORED + Electric_Motor,Multi-Head DL (TABNET),0.6749999999999999,0.677662037037037,0.9482142857142857
UOEMD,Diagnosis,Load_No_Load_Speed_Dec_45_to_15Hz,CWRU_12k + CWRU_48k + HUST_Gearbox + HUST + Mechanical_Gear + Electric_Motor,Multi-Head DL (TABNET),0.6000000000000001,0.5526702159098129,0.9082142857142858
UOEMD,Diagnosis,Load_No_Load_Speed_Dec_45_to_15Hz,CWRU_12k + CWRU_48k + HUST_Gearbox + PU + UORED + Mechanical_Gear,Multi-Head DL (TABNET),0.3875,0.35389610389610393,0.765
UOEMD,Diagnosis,Load_No_Load_Speed_Dec_45_to_15Hz,CWRU_12k + CWRU_48k + HUST_Gearbox + PU + UORED + Electric_Motor,Multi-Head DL (TABNET),0.6,0.6057936507936508,0.8614285714285714
UOEMD,Diagnosis,Load_No_Load_Speed_Dec_45_to_15Hz,CWRU_12k + CWRU_48k + HUST_Gearbox + PU + Mechanical_Gear + Electric_Motor,Multi-Head DL (TABNET),0.5,0.4670383865430305,0.8496428571428571
UOEMD,Diagnosis,Load_No_Load_Speed_Dec_45_to_15Hz,CWRU_12k + CWRU_48k + HUST_Gearbox + UORED + Mechanical_Gear + Electric_Motor,Multi-Head DL (TABNET),0.4625,0.4343598073777102,0.8621428571428571
UOEMD,Diagnosis,Load_No_Load_Speed_Dec_45_to_15Hz,CWRU_12k + CWRU_48k + HUST + PU + UORED + Mechanical_Gear,Multi-Head DL (TABNET),0.475,0.41908811059268725,0.8805357142857143
UOEMD,Diagnosis,Load_No_Load_Speed_Dec_45_to_15Hz,CWRU_12k + CWRU_48k + HUST + PU + UORED + Electric_Motor,Multi-Head DL (TABNET),0.375,0.30638111888111885,0.8608928571428571
UOEMD,Diagnosis,Load_No_Load_Speed_Dec_45_to_15Hz,CWRU_12k + CWRU_48k + HUST + PU + Mechanical_Gear + Electric_Motor,Multi-Head DL (TABNET),0.575,0.5328716059926693,0.8916071428571428
UOEMD,Diagnosis,Load_No_Load_Speed_Dec_45_to_15Hz,CWRU_12k + CWRU_48k + HUST + UORED + Mechanical_Gear + Electric_Motor,Multi-Head DL (TABNET),0.625,0.606029867251217,0.8855357142857142
UOEMD,Diagnosis,Load_No_Load_Speed_Dec_45_to_15Hz,CWRU_12k + CWRU_48k + PU + UORED + Mechanical_Gear + Electric_Motor,Multi-Head DL (TABNET),0.475,0.44520905923344944,0.86625
UOEMD,Diagnosis,Load_No_Load_Speed_Dec_45_to_15Hz,CWRU_12k + HUST_Gearbox + HUST + PU + UORED + Mechanical_Gear,Multi-Head DL (TABNET),0.6125,0.5560547295841414,0.8489285714285715
UOEMD,Diagnosis,Load_No_Load_Speed_Dec_45_to_15Hz,CWRU_12k + HUST_Gearbox + HUST + PU + UORED + Electric_Motor,Multi-Head DL (TABNET),0.575,0.5338121118012422,0.8603571428571428
UOEMD,Diagnosis,Load_No_Load_Speed_Dec_45_to_15Hz,CWRU_12k + HUST_Gearbox + HUST + PU + Mechanical_Gear + Electric_Motor,Multi-Head DL (TABNET),0.5,0.4598866959064327,0.7933928571428572
UOEMD,Diagnosis,Load_No_Load_Speed_Dec_45_to_15Hz,CWRU_12k + HUST_Gearbox + HUST + UORED + Mechanical_Gear + Electric_Motor,Multi-Head DL (TABNET),0.6125,0.5594797270010118,0.8964285714285715
UOEMD,Diagnosis,Load_No_Load_Speed_Dec_45_to_15Hz,CWRU_12k + HUST_Gearbox + PU + UORED + Mechanical_Gear + Electric_Motor,Multi-Head DL (TABNET),0.4875,0.42567629738682367,0.8464285714285715
UOEMD,Diagnosis,Load_No_Load_Speed_Dec_45_to_15Hz,CWRU_12k + HUST + PU + UORED + Mechanical_Gear + Electric_Motor,Multi-Head DL (TABNET),0.45,0.4136847134558805,0.8144642857142856
UOEMD,Diagnosis,Load_No_Load_Speed_Dec_45_to_15Hz,CWRU_48k + HUST_Gearbox + HUST + PU + UORED + Mechanical_Gear,Multi-Head DL (TABNET),0.5375,0.4999726365825437,0.8617857142857143
UOEMD,Diagnosis,Load_No_Load_Speed_Dec_45_to_15Hz,CWRU_48k + HUST_Gearbox + HUST + PU + UORED + Electric_Motor,Multi-Head DL (TABNET),0.5375,0.49059567523459807,0.8367857142857144
UOEMD,Diagnosis,Load_No_Load_Speed_Dec_45_to_15Hz,CWRU_48k + HUST_Gearbox + HUST + PU + Mechanical_Gear + Electric_Motor,Multi-Head DL (TABNET),0.5125,0.44879068141367906,0.8976785714285713
UOEMD,Diagnosis,Load_No_Load_Speed_Dec_45_to_15Hz,CWRU_48k + HUST_Gearbox + HUST + UORED + Mechanical_Gear + Electric_Motor,Multi-Head DL (TABNET),0.5375000000000001,0.5205615942028985,0.89375
UOEMD,Diagnosis,Load_No_Load_Speed_Dec_45_to_15Hz,CWRU_48k + HUST_Gearbox + PU + UORED + Mechanical_Gear + Electric_Motor,Multi-Head DL (TABNET),0.4375,0.3684375924282757,0.8742857142857143
UOEMD,Diagnosis,Load_No_Load_Speed_Dec_45_to_15Hz,CWRU_48k + HUST + PU + UORED + Mechanical_Gear + Electric_Motor,Multi-Head DL (TABNET),0.525,0.4909614303353692,0.8758928571428571
UOEMD,Diagnosis,Load_No_Load_Speed_Dec_45_to_15Hz,HUST_Gearbox + HUST + PU + UORED + Mechanical_Gear + Electric_Motor,Multi-Head DL (TABNET),0.55,0.4836715534656038,0.8357142857142857
UOEMD,Diagnosis,Load_No_Load_Speed_Dec_45_to_15Hz,CWRU_12k + CWRU_48k + HUST_Gearbox + HUST + PU + UORED + Mechanical_Gear,Multi-Head DL (TABNET),0.5874999999999999,0.5246368876132942,0.8869642857142856
UOEMD,Diagnosis,Load_No_Load_Speed_Dec_45_to_15Hz,CWRU_12k + CWRU_48k + HUST_Gearbox + HUST + PU + UORED + Electric_Motor,Multi-Head DL (TABNET),0.525,0.48303167420814486,0.8453571428571429
UOEMD,Diagnosis,Load_No_Load_Speed_Dec_45_to_15Hz,CWRU_12k + CWRU_48k + HUST_Gearbox + HUST + PU + Mechanical_Gear + Electric_Motor,Multi-Head DL (TABNET),0.4375,0.39671914342966974,0.8285714285714285
UOEMD,Diagnosis,Load_No_Load_Speed_Dec_45_to_15Hz,CWRU_12k + CWRU_48k + HUST_Gearbox + HUST + UORED + Mechanical_Gear + Electric_Motor,Multi-Head DL (TABNET),0.4875,0.49411002439253215,0.8685714285714285
UOEMD,Diagnosis,Load_No_Load_Speed_Dec_45_to_15Hz,CWRU_12k + CWRU_48k + HUST_Gearbox + PU + UORED + Mechanical_Gear + Electric_Motor,Multi-Head DL (TABNET),0.5,0.460477022977023,0.8282142857142858
UOEMD,Diagnosis,Load_No_Load_Speed_Dec_45_to_15Hz,CWRU_12k + CWRU_48k + HUST + PU + UORED + Mechanical_Gear + Electric_Motor,Multi-Head DL (TABNET),0.48749999999999993,0.4444142512077295,0.8642857142857143
UOEMD,Diagnosis,Load_No_Load_Speed_Dec_45_to_15Hz,CWRU_12k + HUST_Gearbox + HUST + PU + UORED + Mechanical_Gear + Electric_Motor,Multi-Head DL (TABNET),0.49999999999999994,0.5014539352326296,0.8691071428571429
UOEMD,Diagnosis,Load_No_Load_Speed_Dec_45_to_15Hz,CWRU_48k + HUST_Gearbox + HUST + PU + UORED + Mechanical_Gear + Electric_Motor,Multi-Head DL (TABNET),0.48750000000000004,0.4702629105456185,0.8430357142857143
UOEMD,Diagnosis,Load_No_Load_Speed_Dec_45_to_15Hz,CWRU_12k + CWRU_48k + HUST_Gearbox + HUST + PU + UORED + Mechanical_Gear + Electric_Motor,Multi-Head DL (TABNET),0.5,0.4901013714967203,0.8294642857142858
UOEMD,Diagnosis,Load_No_Load_Speed_Dec_60_to_30Hz,CWRU_12k,Multi-Head DL (TABNET),0.7625000000000001,0.7480172700424417,0.9660714285714287
UOEMD,Diagnosis,Load_No_Load_Speed_Dec_60_to_30Hz,CWRU_48k,Multi-Head DL (TABNET),0.6875,0.6658022564773137,0.9316071428571429
UOEMD,Diagnosis,Load_No_Load_Speed_Dec_60_to_30Hz,HUST_Gearbox,Multi-Head DL (TABNET),0.6125,0.5893045112781954,0.9021428571428571
UOEMD,Diagnosis,Load_No_Load_Speed_Dec_60_to_30Hz,HUST,Multi-Head DL (TABNET),0.7375,0.7152557587340196,0.9600000000000001
UOEMD,Diagnosis,Load_No_Load_Speed_Dec_60_to_30Hz,PU,Multi-Head DL (TABNET),0.475,0.4532235543357889,0.8389285714285715
UOEMD,Diagnosis,Load_No_Load_Speed_Dec_60_to_30Hz,UORED,Multi-Head DL (TABNET),0.6625,0.6561157796451914,0.9580357142857143
UOEMD,Diagnosis,Load_No_Load_Speed_Dec_60_to_30Hz,Mechanical_Gear,Multi-Head DL (TABNET),0.675,0.6833333333333333,0.9439285714285715
UOEMD,Diagnosis,Load_No_Load_Speed_Dec_60_to_30Hz,Electric_Motor,Multi-Head DL (TABNET),0.6749999999999999,0.6708818615165364,0.9414285714285715
UOEMD,Diagnosis,Load_No_Load_Speed_Dec_60_to_30Hz,CWRU_12k + CWRU_48k,Multi-Head DL (TABNET),0.6375,0.6511592778136895,0.90125
UOEMD,Diagnosis,Load_No_Load_Speed_Dec_60_to_30Hz,CWRU_12k + HUST_Gearbox,Multi-Head DL (TABNET),0.7,0.6800108932461875,0.9483928571428573
UOEMD,Diagnosis,Load_No_Load_Speed_Dec_60_to_30Hz,CWRU_12k + HUST,Multi-Head DL (TABNET),0.48750000000000004,0.4636263955342903,0.9121428571428571
UOEMD,Diagnosis,Load_No_Load_Speed_Dec_60_to_30Hz,CWRU_12k + PU,Multi-Head DL (TABNET),0.48750000000000004,0.4422799422799423,0.8735714285714284
UOEMD,Diagnosis,Load_No_Load_Speed_Dec_60_to_30Hz,CWRU_12k + UORED,Multi-Head DL (TABNET),0.75,0.746243894993895,0.9467857142857142
UOEMD,Diagnosis,Load_No_Load_Speed_Dec_60_to_30Hz,CWRU_12k + Mechanical_Gear,Multi-Head DL (TABNET),0.725,0.6885786315134141,0.9539285714285715
UOEMD,Diagnosis,Load_No_Load_Speed_Dec_60_to_30Hz,CWRU_12k + Electric_Motor,Multi-Head DL (TABNET),0.8,0.7990585122938064,0.9669642857142857
UOEMD,Diagnosis,Load_No_Load_Speed_Dec_60_to_30Hz,CWRU_48k + HUST_Gearbox,Multi-Head DL (TABNET),0.7125,0.6797997272962577,0.9283928571428572
UOEMD,Diagnosis,Load_No_Load_Speed_Dec_60_to_30Hz,CWRU_48k + HUST,Multi-Head DL (TABNET),0.6499999999999999,0.6384174695029958,0.9346428571428571
UOEMD,Diagnosis,Load_No_Load_Speed_Dec_60_to_30Hz,CWRU_48k + PU,Multi-Head DL (TABNET),0.5375000000000001,0.4974874755620723,0.8246428571428571
UOEMD,Diagnosis,Load_No_Load_Speed_Dec_60_to_30Hz,CWRU_48k + UORED,Multi-Head DL (TABNET),0.7124999999999999,0.7063696946169772,0.9696428571428571
UOEMD,Diagnosis,Load_No_Load_Speed_Dec_60_to_30Hz,CWRU_48k + Mechanical_Gear,Multi-Head DL (TABNET),0.7375,0.7383680555555555,0.9575
UOEMD,Diagnosis,Load_No_Load_Speed_Dec_60_to_30Hz,CWRU_48k + Electric_Motor,Multi-Head DL (TABNET),0.7625,0.7503642191142191,0.9580357142857143
UOEMD,Diagnosis,Load_No_Load_Speed_Dec_60_to_30Hz,HUST_Gearbox + HUST,Multi-Head DL (TABNET),0.5125000000000001,0.501557674351792,0.8758928571428571
UOEMD,Diagnosis,Load_No_Load_Speed_Dec_60_to_30Hz,HUST_Gearbox + PU,Multi-Head DL (TABNET),0.625,0.6062299299372355,0.9125000000000001
UOEMD,Diagnosis,Load_No_Load_Speed_Dec_60_to_30Hz,HUST_Gearbox + UORED,Multi-Head DL (TABNET),0.5375,0.5288183198380567,0.86375
UOEMD,Diagnosis,Load_No_Load_Speed_Dec_60_to_30Hz,HUST_Gearbox + Mechanical_Gear,Multi-Head DL (TABNET),0.7,0.6923863577261142,0.9675
UOEMD,Diagnosis,Load_No_Load_Speed_Dec_60_to_30Hz,HUST_Gearbox + Electric_Motor,Multi-Head DL (TABNET),0.8,0.7804972804972805,0.9719642857142857
UOEMD,Diagnosis,Load_No_Load_Speed_Dec_60_to_30Hz,HUST + PU,Multi-Head DL (TABNET),0.4625,0.40311304034130124,0.8308928571428571
UOEMD,Diagnosis,Load_No_Load_Speed_Dec_60_to_30Hz,HUST + UORED,Multi-Head DL (TABNET),0.575,0.5356480178995393,0.9075
UOEMD,Diagnosis,Load_No_Load_Speed_Dec_60_to_30Hz,HUST + Mechanical_Gear,Multi-Head DL (TABNET),0.575,0.5277342755283931,0.9141071428571429
UOEMD,Diagnosis,Load_No_Load_Speed_Dec_60_to_30Hz,HUST + Electric_Motor,Multi-Head DL (TABNET),0.6625000000000001,0.6723946886446887,0.9473214285714285
UOEMD,Diagnosis,Load_No_Load_Speed_Dec_60_to_30Hz,PU + UORED,Multi-Head DL (TABNET),0.55,0.5267035953177257,0.9071428571428571
UOEMD,Diagnosis,Load_No_Load_Speed_Dec_60_to_30Hz,PU + Mechanical_Gear,Multi-Head DL (TABNET),0.5125,0.4720431354359926,0.9217857142857143
UOEMD,Diagnosis,Load_No_Load_Speed_Dec_60_to_30Hz,PU + Electric_Motor,Multi-Head DL (TABNET),0.6000000000000001,0.5832518735744543,0.9160714285714285
UOEMD,Diagnosis,Load_No_Load_Speed_Dec_60_to_30Hz,UORED + Mechanical_Gear,Multi-Head DL (TABNET),0.7625,0.7581935608251398,0.9508928571428572
UOEMD,Diagnosis,Load_No_Load_Speed_Dec_60_to_30Hz,UORED + Electric_Motor,Multi-Head DL (TABNET),0.625,0.6068559218559219,0.9312499999999999
UOEMD,Diagnosis,Load_No_Load_Speed_Dec_60_to_30Hz,Mechanical_Gear + Electric_Motor,Multi-Head DL (TABNET),0.7125,0.7088935574229691,0.9242857142857143
UOEMD,Diagnosis,Load_No_Load_Speed_Dec_60_to_30Hz,CWRU_12k + CWRU_48k + HUST_Gearbox,Multi-Head DL (TABNET),0.5249999999999999,0.50128585182933,0.9026785714285714
UOEMD,Diagnosis,Load_No_Load_Speed_Dec_60_to_30Hz,CWRU_12k + CWRU_48k + HUST,Multi-Head DL (TABNET),0.5249999999999999,0.5042807804940158,0.8989285714285715
UOEMD,Diagnosis,Load_No_Load_Speed_Dec_60_to_30Hz,CWRU_12k + CWRU_48k + PU,Multi-Head DL (TABNET),0.3625,0.3474126492702344,0.8426785714285714
UOEMD,Diagnosis,Load_No_Load_Speed_Dec_60_to_30Hz,CWRU_12k + CWRU_48k + UORED,Multi-Head DL (TABNET),0.525,0.511553657694962,0.8705357142857143
UOEMD,Diagnosis,Load_No_Load_Speed_Dec_60_to_30Hz,CWRU_12k + CWRU_48k + Mechanical_Gear,Multi-Head DL (TABNET),0.7124999999999999,0.694377990430622,0.9666071428571428
UOEMD,Diagnosis,Load_No_Load_Speed_Dec_60_to_30Hz,CWRU_12k + CWRU_48k + Electric_Motor,Multi-Head DL (TABNET),0.5375,0.5153040321131976,0.8748214285714286
UOEMD,Diagnosis,Load_No_Load_Speed_Dec_60_to_30Hz,CWRU_12k + HUST_Gearbox + HUST,Multi-Head DL (TABNET),0.5375000000000001,0.48758332310963887,0.8855357142857143
UOEMD,Diagnosis,Load_No_Load_Speed_Dec_60_to_30Hz,CWRU_12k + HUST_Gearbox + PU,Multi-Head DL (TABNET),0.48750000000000004,0.4413631859284033,0.8691071428571429
UOEMD,Diagnosis,Load_No_Load_Speed_Dec_60_to_30Hz,CWRU_12k + HUST_Gearbox + UORED,Multi-Head DL (TABNET),0.5249999999999999,0.4760324279379158,0.8998214285714285
UOEMD,Diagnosis,Load_No_Load_Speed_Dec_60_to_30Hz,CWRU_12k + HUST_Gearbox + Mechanical_Gear,Multi-Head DL (TABNET),0.625,0.60463114671706,0.9319642857142857
UOEMD,Diagnosis,Load_No_Load_Speed_Dec_60_to_30Hz,CWRU_12k + HUST_Gearbox + Electric_Motor,Multi-Head DL (TABNET),0.7,0.6892379606304765,0.9433928571428571
UOEMD,Diagnosis,Load_No_Load_Speed_Dec_60_to_30Hz,CWRU_12k + HUST + PU,Multi-Head DL (TABNET),0.45000000000000007,0.4382001926644784,0.8473214285714286
UOEMD,Diagnosis,Load_No_Load_Speed_Dec_60_to_30Hz,CWRU_12k + HUST + UORED,Multi-Head DL (TABNET),0.575,0.5773362043872879,0.8901785714285715
UOEMD,Diagnosis,Load_No_Load_Speed_Dec_60_to_30Hz,CWRU_12k + HUST + Mechanical_Gear,Multi-Head DL (TABNET),0.5375000000000001,0.5512334887334888,0.8921428571428571
UOEMD,Diagnosis,Load_No_Load_Speed_Dec_60_to_30Hz,CWRU_12k + HUST + Electric_Motor,Multi-Head DL (TABNET),0.5625,0.5380054615549368,0.8985714285714286
UOEMD,Diagnosis,Load_No_Load_Speed_Dec_60_to_30Hz,CWRU_12k + PU + UORED,Multi-Head DL (TABNET),0.4625,0.44621212121212117,0.8205357142857143
UOEMD,Diagnosis,Load_No_Load_Speed_Dec_60_to_30Hz,CWRU_12k + PU + Mechanical_Gear,Multi-Head DL (TABNET),0.6,0.5791053921568627,0.9126785714285715
UOEMD,Diagnosis,Load_No_Load_Speed_Dec_60_to_30Hz,CWRU_12k + PU + Electric_Motor,Multi-Head DL (TABNET),0.4375,0.3952899577899578,0.8196428571428571
UOEMD,Diagnosis,Load_No_Load_Speed_Dec_60_to_30Hz,CWRU_12k + UORED + Mechanical_Gear,Multi-Head DL (TABNET),0.675,0.6757945588609204,0.9323214285714285
UOEMD,Diagnosis,Load_No_Load_Speed_Dec_60_to_30Hz,CWRU_12k + UORED + Electric_Motor,Multi-Head DL (TABNET),0.5874999999999999,0.564023695602643,0.8892857142857142
UOEMD,Diagnosis,Load_No_Load_Speed_Dec_60_to_30Hz,CWRU_12k + Mechanical_Gear + Electric_Motor,Multi-Head DL (TABNET),0.6000000000000001,0.5557910839160839,0.8882142857142857
UOEMD,Diagnosis,Load_No_Load_Speed_Dec_60_to_30Hz,CWRU_48k + HUST_Gearbox + HUST,Multi-Head DL (TABNET),0.5375,0.5187364718614719,0.9026785714285714
UOEMD,Diagnosis,Load_No_Load_Speed_Dec_60_to_30Hz,CWRU_48k + HUST_Gearbox + PU,Multi-Head DL (TABNET),0.4375,0.3849830724830725,0.8146428571428571
UOEMD,Diagnosis,Load_No_Load_Speed_Dec_60_to_30Hz,CWRU_48k + HUST_Gearbox + UORED,Multi-Head DL (TABNET),0.6375000000000001,0.6354814167314167,0.9337500000000001
UOEMD,Diagnosis,Load_No_Load_Speed_Dec_60_to_30Hz,CWRU_48k + HUST_Gearbox + Mechanical_Gear,Multi-Head DL (TABNET),0.6749999999999999,0.669257382586902,0.9483928571428571
UOEMD,Diagnosis,Load_No_Load_Speed_Dec_60_to_30Hz,CWRU_48k + HUST_Gearbox + Electric_Motor,Multi-Head DL (TABNET),0.6875,0.6830765639589169,0.9551785714285714
UOEMD,Diagnosis,Load_No_Load_Speed_Dec_60_to_30Hz,CWRU_48k + HUST + PU,Multi-Head DL (TABNET),0.5125,0.5317987772031889,0.8669642857142857
UOEMD,Diagnosis,Load_No_Load_Speed_Dec_60_to_30Hz,CWRU_48k + HUST + UORED,Multi-Head DL (TABNET),0.5625,0.5437417654808959,0.906607142857143
UOEMD,Diagnosis,Load_No_Load_Speed_Dec_60_to_30Hz,CWRU_48k + HUST + Mechanical_Gear,Multi-Head DL (TABNET),0.7999999999999999,0.7966462948815889,0.9675
UOEMD,Diagnosis,Load_No_Load_Speed_Dec_60_to_30Hz,CWRU_48k + HUST + Electric_Motor,Multi-Head DL (TABNET),0.6625,0.6457400723705071,0.9455357142857144
UOEMD,Diagnosis,Load_No_Load_Speed_Dec_60_to_30Hz,CWRU_48k + PU + UORED,Multi-Head DL (TABNET),0.475,0.41316526610644255,0.83625
UOEMD,Diagnosis,Load_No_Load_Speed_Dec_60_to_30Hz,CWRU_48k + PU + Mechanical_Gear,Multi-Head DL (TABNET),0.5874999999999999,0.5629687069203198,0.9128571428571428
UOEMD,Diagnosis,Load_No_Load_Speed_Dec_60_to_30Hz,CWRU_48k + PU + Electric_Motor,Multi-Head DL (TABNET),0.55,0.5186576354679804,0.8751785714285714
UOEMD,Diagnosis,Load_No_Load_Speed_Dec_60_to_30Hz,CWRU_48k + UORED + Mechanical_Gear,Multi-Head DL (TABNET),0.75,0.7409338197644648,0.9698214285714286
UOEMD,Diagnosis,Load_No_Load_Speed_Dec_60_to_30Hz,CWRU_48k + UORED + Electric_Motor,Multi-Head DL (TABNET),0.6,0.5883988294314382,0.8914285714285715
UOEMD,Diagnosis,Load_No_Load_Speed_Dec_60_to_30Hz,CWRU_48k + Mechanical_Gear + Electric_Motor,Multi-Head DL (TABNET),0.7,0.6931199554539214,0.9537500000000001
UOEMD,Diagnosis,Load_No_Load_Speed_Dec_60_to_30Hz,HUST_Gearbox + HUST + PU,Multi-Head DL (TABNET),0.4875,0.48279761904761903,0.8516071428571428
UOEMD,Diagnosis,Load_No_Load_Speed_Dec_60_to_30Hz,HUST_Gearbox + HUST + UORED,Multi-Head DL (TABNET),0.6125,0.570921789768539,0.9208928571428572
UOEMD,Diagnosis,Load_No_Load_Speed_Dec_60_to_30Hz,HUST_Gearbox + HUST + Mechanical_Gear,Multi-Head DL (TABNET),0.6,0.5941402347652347,0.9248214285714286
UOEMD,Diagnosis,Load_No_Load_Speed_Dec_60_to_30Hz,HUST_Gearbox + HUST + Electric_Motor,Multi-Head DL (TABNET),0.6375,0.6292246997188857,0.925
UOEMD,Diagnosis,Load_No_Load_Speed_Dec_60_to_30Hz,HUST_Gearbox + PU + UORED,Multi-Head DL (TABNET),0.4625,0.43206574127626757,0.8703571428571429
UOEMD,Diagnosis,Load_No_Load_Speed_Dec_60_to_30Hz,HUST_Gearbox + PU + Mechanical_Gear,Multi-Head DL (TABNET),0.5375000000000001,0.48866315136476424,0.8587500000000001
UOEMD,Diagnosis,Load_No_Load_Speed_Dec_60_to_30Hz,HUST_Gearbox + PU + Electric_Motor,Multi-Head DL (TABNET),0.5874999999999999,0.5804110903081154,0.8901785714285715
UOEMD,Diagnosis,Load_No_Load_Speed_Dec_60_to_30Hz,HUST_Gearbox + UORED + Mechanical_Gear,Multi-Head DL (TABNET),0.7,0.7181988117827777,0.9366071428571429
UOEMD,Diagnosis,Load_No_Load_Speed_Dec_60_to_30Hz,HUST_Gearbox + UORED + Electric_Motor,Multi-Head DL (TABNET),0.6749999999999999,0.666025641025641,0.9423214285714285
UOEMD,Diagnosis,Load_No_Load_Speed_Dec_60_to_30Hz,HUST_Gearbox + Mechanical_Gear + Electric_Motor,Multi-Head DL (TABNET),0.6625,0.6571061371726417,0.9033928571428571
UOEMD,Diagnosis,Load_No_Load_Speed_Dec_60_to_30Hz,HUST + PU + UORED,Multi-Head DL (TABNET),0.5625,0.4951067048893135,0.8833928571428571
UOEMD,Diagnosis,Load_No_Load_Speed_Dec_60_to_30Hz,HUST + PU + Mechanical_Gear,Multi-Head DL (TABNET),0.625,0.5742516803372066,0.9191071428571429
UOEMD,Diagnosis,Load_No_Load_Speed_Dec_60_to_30Hz,HUST + PU + Electric_Motor,Multi-Head DL (TABNET),0.6000000000000001,0.5768443362193363,0.9171428571428571
UOEMD,Diagnosis,Load_No_Load_Speed_Dec_60_to_30Hz,HUST + UORED + Mechanical_Gear,Multi-Head DL (TABNET),0.675,0.6541617714917154,0.9453571428571429
UOEMD,Diagnosis,Load_No_Load_Speed_Dec_60_to_30Hz,HUST + UORED + Electric_Motor,Multi-Head DL (TABNET),0.6,0.6032482932444233,0.8998214285714285
UOEMD,Diagnosis,Load_No_Load_Speed_Dec_60_to_30Hz,HUST + Mechanical_Gear + Electric_Motor,Multi-Head DL (TABNET),0.675,0.6890240070387129,0.92875
UOEMD,Diagnosis,Load_No_Load_Speed_Dec_60_to_30Hz,PU + UORED + Mechanical_Gear,Multi-Head DL (TABNET),0.55,0.505344047433297,0.8953571428571429
UOEMD,Diagnosis,Load_No_Load_Speed_Dec_60_to_30Hz,PU + UORED + Electric_Motor,Multi-Head DL (TABNET),0.6375,0.5848912512218964,0.9233928571428571
UOEMD,Diagnosis,Load_No_Load_Speed_Dec_60_to_30Hz,PU + Mechanical_Gear + Electric_Motor,Multi-Head DL (TABNET),0.5,0.49520626432391135,0.8523214285714287
UOEMD,Diagnosis,Load_No_Load_Speed_Dec_60_to_30Hz,UORED + Mechanical_Gear + Electric_Motor,Multi-Head DL (TABNET),0.7124999999999999,0.7115938799762329,0.9424999999999999
UOEMD,Diagnosis,Load_No_Load_Speed_Dec_60_to_30Hz,CWRU_12k + CWRU_48k + HUST_Gearbox + HUST,Multi-Head DL (TABNET),0.5625,0.5709172123858033,0.9051785714285714
UOEMD,Diagnosis,Load_No_Load_Speed_Dec_60_to_30Hz,CWRU_12k + CWRU_48k + HUST_Gearbox + PU,Multi-Head DL (TABNET),0.475,0.4521763697295612,0.8708928571428571
UOEMD,Diagnosis,Load_No_Load_Speed_Dec_60_to_30Hz,CWRU_12k + CWRU_48k + HUST_Gearbox + UORED,Multi-Head DL (TABNET),0.6375,0.6302240329330113,0.9082142857142858
UOEMD,Diagnosis,Load_No_Load_Speed_Dec_60_to_30Hz,CWRU_12k + CWRU_48k + HUST_Gearbox + Mechanical_Gear,Multi-Head DL (TABNET),0.725,0.7213064713064713,0.9548214285714286
UOEMD,Diagnosis,Load_No_Load_Speed_Dec_60_to_30Hz,CWRU_12k + CWRU_48k + HUST_Gearbox + Electric_Motor,Multi-Head DL (TABNET),0.55,0.5047508801328835,0.8917857142857143
UOEMD,Diagnosis,Load_No_Load_Speed_Dec_60_to_30Hz,CWRU_12k + CWRU_48k + HUST + PU,Multi-Head DL (TABNET),0.5625,0.4963267800488895,0.8741071428571427
UOEMD,Diagnosis,Load_No_Load_Speed_Dec_60_to_30Hz,CWRU_12k + CWRU_48k + HUST + UORED,Multi-Head DL (TABNET),0.625,0.6238074017485782,0.9389285714285714
UOEMD,Diagnosis,Load_No_Load_Speed_Dec_60_to_30Hz,CWRU_12k + CWRU_48k + HUST + Mechanical_Gear,Multi-Head DL (TABNET),0.6375,0.613936555097421,0.9325
UOEMD,Diagnosis,Load_No_Load_Speed_Dec_60_to_30Hz,CWRU_12k + CWRU_48k + HUST + Electric_Motor,Multi-Head DL (TABNET),0.6375,0.5939217032967034,0.9192857142857143
UOEMD,Diagnosis,Load_No_Load_Speed_Dec_60_to_30Hz,CWRU_12k + CWRU_48k + PU + UORED,Multi-Head DL (TABNET),0.45,0.40753968253968254,0.8539285714285714
UOEMD,Diagnosis,Load_No_Load_Speed_Dec_60_to_30Hz,CWRU_12k + CWRU_48k + PU + Mechanical_Gear,Multi-Head DL (TABNET),0.4375,0.3704906204906205,0.8389285714285715
UOEMD,Diagnosis,Load_No_Load_Speed_Dec_60_to_30Hz,CWRU_12k + CWRU_48k + PU + Electric_Motor,Multi-Head DL (TABNET),0.48749999999999993,0.4969686423022255,0.8228571428571428
UOEMD,Diagnosis,Load_No_Load_Speed_Dec_60_to_30Hz,CWRU_12k + CWRU_48k + UORED + Mechanical_Gear,Multi-Head DL (TABNET),0.5125,0.473966784989858,0.9076785714285714
UOEMD,Diagnosis,Load_No_Load_Speed_Dec_60_to_30Hz,CWRU_12k + CWRU_48k + UORED + Electric_Motor,Multi-Head DL (TABNET),0.6625000000000001,0.6752871762740184,0.9292857142857143
UOEMD,Diagnosis,Load_No_Load_Speed_Dec_60_to_30Hz,CWRU_12k + CWRU_48k + Mechanical_Gear + Electric_Motor,Multi-Head DL (TABNET),0.4625,0.4154764007705184,0.8383928571428572
UOEMD,Diagnosis,Load_No_Load_Speed_Dec_60_to_30Hz,CWRU_12k + HUST_Gearbox + HUST + PU,Multi-Head DL (TABNET),0.5375,0.5171329616376056,0.8262499999999999
UOEMD,Diagnosis,Load_No_Load_Speed_Dec_60_to_30Hz,CWRU_12k + HUST_Gearbox + HUST + UORED,Multi-Head DL (TABNET),0.6125,0.6004585326953747,0.88375
UOEMD,Diagnosis,Load_No_Load_Speed_Dec_60_to_30Hz,CWRU_12k + HUST_Gearbox + HUST + Mechanical_Gear,Multi-Head DL (TABNET),0.6375,0.6147061965811966,0.9367857142857143
UOEMD,Diagnosis,Load_No_Load_Speed_Dec_60_to_30Hz,CWRU_12k + HUST_Gearbox + HUST + Electric_Motor,Multi-Head DL (TABNET),0.625,0.6262762762762762,0.9096428571428571
UOEMD,Diagnosis,Load_No_Load_Speed_Dec_60_to_30Hz,CWRU_12k + HUST_Gearbox + PU + UORED,Multi-Head DL (TABNET),0.475,0.4301109518500823,0.8194642857142858
UOEMD,Diagnosis,Load_No_Load_Speed_Dec_60_to_30Hz,CWRU_12k + HUST_Gearbox + PU + Mechanical_Gear,Multi-Head DL (TABNET),0.55,0.5247228017080958,0.905
UOEMD,Diagnosis,Load_No_Load_Speed_Dec_60_to_30Hz,CWRU_12k + HUST_Gearbox + PU + Electric_Motor,Multi-Head DL (TABNET),0.5125,0.461598724270349,0.8648214285714285
UOEMD,Diagnosis,Load_No_Load_Speed_Dec_60_to_30Hz,CWRU_12k + HUST_Gearbox + UORED + Mechanical_Gear,Multi-Head DL (TABNET),0.65,0.657228372118078,0.9494642857142856
UOEMD,Diagnosis,Load_No_Load_Speed_Dec_60_to_30Hz,CWRU_12k + HUST_Gearbox + UORED + Electric_Motor,Multi-Head DL (TABNET),0.65,0.6358643671143671,0.9469642857142857
UOEMD,Diagnosis,Load_No_Load_Speed_Dec_60_to_30Hz,CWRU_12k + HUST_Gearbox + Mechanical_Gear + Electric_Motor,Multi-Head DL (TABNET),0.525,0.49327130400622055,0.9041071428571429
UOEMD,Diagnosis,Load_No_Load_Speed_Dec_60_to_30Hz,CWRU_12k + HUST + PU + UORED,Multi-Head DL (TABNET),0.5125,0.46929686366558676,0.9008928571428572
UOEMD,Diagnosis,Load_No_Load_Speed_Dec_60_to_30Hz,CWRU_12k + HUST + PU + Mechanical_Gear,Multi-Head DL (TABNET),0.5625,0.5219943240454077,0.8857142857142857
UOEMD,Diagnosis,Load_No_Load_Speed_Dec_60_to_30Hz,CWRU_12k + HUST + PU + Electric_Motor,Multi-Head DL (TABNET),0.42500000000000004,0.33591297669137776,0.8841071428571429
UOEMD,Diagnosis,Load_No_Load_Speed_Dec_60_to_30Hz,CWRU_12k + HUST + UORED + Mechanical_Gear,Multi-Head DL (TABNET),0.6,0.5414158210210842,0.9339285714285714
UOEMD,Diagnosis,Load_No_Load_Speed_Dec_60_to_30Hz,CWRU_12k + HUST + UORED + Electric_Motor,Multi-Head DL (TABNET),0.65,0.637421218487395,0.9116071428571428
UOEMD,Diagnosis,Load_No_Load_Speed_Dec_60_to_30Hz,CWRU_12k + HUST + Mechanical_Gear + Electric_Motor,Multi-Head DL (TABNET),0.6,0.5399756493506493,0.9021428571428571
UOEMD,Diagnosis,Load_No_Load_Speed_Dec_60_to_30Hz,CWRU_12k + PU + UORED + Mechanical_Gear,Multi-Head DL (TABNET),0.5125,0.47275641025641024,0.8823214285714287
UOEMD,Diagnosis,Load_No_Load_Speed_Dec_60_to_30Hz,CWRU_12k + PU + UORED + Electric_Motor,Multi-Head DL (TABNET),0.5625,0.5092981205786083,0.8680357142857142
UOEMD,Diagnosis,Load_No_Load_Speed_Dec_60_to_30Hz,CWRU_12k + PU + Mechanical_Gear + Electric_Motor,Multi-Head DL (TABNET),0.5625,0.5578832497911446,0.8882142857142856
UOEMD,Diagnosis,Load_No_Load_Speed_Dec_60_to_30Hz,CWRU_12k + UORED + Mechanical_Gear + Electric_Motor,Multi-Head DL (TABNET),0.6125,0.6032812163326868,0.8976785714285715
UOEMD,Diagnosis,Load_No_Load_Speed_Dec_60_to_30Hz,CWRU_48k + HUST_Gearbox + HUST + PU,Multi-Head DL (TABNET),0.5125,0.488021258778622,0.8433928571428572
UOEMD,Diagnosis,Load_No_Load_Speed_Dec_60_to_30Hz,CWRU_48k + HUST_Gearbox + HUST + UORED,Multi-Head DL (TABNET),0.6125,0.5938120187346194,0.9398214285714286
UOEMD,Diagnosis,Load_No_Load_Speed_Dec_60_to_30Hz,CWRU_48k + HUST_Gearbox + HUST + Mechanical_Gear,Multi-Head DL (TABNET),0.6000000000000001,0.5733219437026829,0.9223214285714285
UOEMD,Diagnosis,Load_No_Load_Speed_Dec_60_to_30Hz,CWRU_48k + HUST_Gearbox + HUST + Electric_Motor,Multi-Head DL (TABNET),0.6625000000000001,0.6313263125763126,0.9157142857142857
UOEMD,Diagnosis,Load_No_Load_Speed_Dec_60_to_30Hz,CWRU_48k + HUST_Gearbox + PU + UORED,Multi-Head DL (TABNET),0.48750000000000004,0.4387396372690491,0.8335714285714286
UOEMD,Diagnosis,Load_No_Load_Speed_Dec_60_to_30Hz,CWRU_48k + HUST_Gearbox + PU + Mechanical_Gear,Multi-Head DL (TABNET),0.5,0.4640849488675576,0.8726785714285714
UOEMD,Diagnosis,Load_No_Load_Speed_Dec_60_to_30Hz,CWRU_48k + HUST_Gearbox + PU + Electric_Motor,Multi-Head DL (TABNET),0.48750000000000004,0.43493589743589745,0.8176785714285715
UOEMD,Diagnosis,Load_No_Load_Speed_Dec_60_to_30Hz,CWRU_48k + HUST_Gearbox + UORED + Mechanical_Gear,Multi-Head DL (TABNET),0.5874999999999999,0.5639885476841998,0.8775
UOEMD,Diagnosis,Load_No_Load_Speed_Dec_60_to_30Hz,CWRU_48k + HUST_Gearbox + UORED + Electric_Motor,Multi-Head DL (TABNET),0.6125,0.6264990444338271,0.8853571428571428
UOEMD,Diagnosis,Load_No_Load_Speed_Dec_60_to_30Hz,CWRU_48k + HUST_Gearbox + Mechanical_Gear + Electric_Motor,Multi-Head DL (TABNET),0.625,0.6036209130781499,0.9291071428571429
UOEMD,Diagnosis,Load_No_Load_Speed_Dec_60_to_30Hz,CWRU_48k + HUST + PU + UORED,Multi-Head DL (TABNET),0.475,0.4064405487804878,0.8458928571428571
UOEMD,Diagnosis,Load_No_Load_Speed_Dec_60_to_30Hz,CWRU_48k + HUST + PU + Mechanical_Gear,Multi-Head DL (TABNET),0.475,0.4377241581093325,0.8642857142857143
UOEMD,Diagnosis,Load_No_Load_Speed_Dec_60_to_30Hz,CWRU_48k + HUST + PU + Electric_Motor,Multi-Head DL (TABNET),0.5,0.4733790400397941,0.915
UOEMD,Diagnosis,Load_No_Load_Speed_Dec_60_to_30Hz,CWRU_48k + HUST + UORED + Mechanical_Gear,Multi-Head DL (TABNET),0.625,0.6181184012066365,0.93375
UOEMD,Diagnosis,Load_No_Load_Speed_Dec_60_to_30Hz,CWRU_48k + HUST + UORED + Electric_Motor,Multi-Head DL (TABNET),0.55,0.5342948717948718,0.8682142857142856
UOEMD,Diagnosis,Load_No_Load_Speed_Dec_60_to_30Hz,CWRU_48k + HUST + Mechanical_Gear + Electric_Motor,Multi-Head DL (TABNET),0.6375,0.6007904930318724,0.9273214285714286
UOEMD,Diagnosis,Load_No_Load_Speed_Dec_60_to_30Hz,CWRU_48k + PU + UORED + Mechanical_Gear,Multi-Head DL (TABNET),0.6375,0.6103685361291853,0.8987499999999999
UOEMD,Diagnosis,Load_No_Load_Speed_Dec_60_to_30Hz,CWRU_48k + PU + UORED + Electric_Motor,Multi-Head DL (TABNET),0.6375,0.593782788093133,0.9164285714285714
UOEMD,Diagnosis,Load_No_Load_Speed_Dec_60_to_30Hz,CWRU_48k + PU + Mechanical_Gear + Electric_Motor,Multi-Head DL (TABNET),0.4875,0.4593729799612153,0.8703571428571428
UOEMD,Diagnosis,Load_No_Load_Speed_Dec_60_to_30Hz,CWRU_48k + UORED + Mechanical_Gear + Electric_Motor,Multi-Head DL (TABNET),0.6875,0.684650574743454,0.9355357142857142
UOEMD,Diagnosis,Load_No_Load_Speed_Dec_60_to_30Hz,HUST_Gearbox + HUST + PU + UORED,Multi-Head DL (TABNET),0.44999999999999996,0.3946022727272727,0.8723214285714286
UOEMD,Diagnosis,Load_No_Load_Speed_Dec_60_to_30Hz,HUST_Gearbox + HUST + PU + Mechanical_Gear,Multi-Head DL (TABNET),0.4,0.34715284715284717,0.7996428571428571
UOEMD,Diagnosis,Load_No_Load_Speed_Dec_60_to_30Hz,HUST_Gearbox + HUST + PU + Electric_Motor,Multi-Head DL (TABNET),0.38749999999999996,0.37377946127946127,0.7978571428571428
UOEMD,Diagnosis,Load_No_Load_Speed_Dec_60_to_30Hz,HUST_Gearbox + HUST + UORED + Mechanical_Gear,Multi-Head DL (TABNET),0.5625,0.5481060606060606,0.9192857142857143
UOEMD,Diagnosis,Load_No_Load_Speed_Dec_60_to_30Hz,HUST_Gearbox + HUST + UORED + Electric_Motor,Multi-Head DL (TABNET),0.6125,0.5982739686783805,0.8978571428571429
UOEMD,Diagnosis,Load_No_Load_Speed_Dec_60_to_30Hz,HUST_Gearbox + HUST + Mechanical_Gear + Electric_Motor,Multi-Head DL (TABNET),0.575,0.5538870851370852,0.8914285714285715
UOEMD,Diagnosis,Load_No_Load_Speed_Dec_60_to_30Hz,HUST_Gearbox + PU + UORED + Mechanical_Gear,Multi-Head DL (TABNET),0.6375,0.6040276856356578,0.8878571428571429
UOEMD,Diagnosis,Load_No_Load_Speed_Dec_60_to_30Hz,HUST_Gearbox + PU + UORED + Electric_Motor,Multi-Head DL (TABNET),0.48750000000000004,0.44965697679513467,0.8085714285714285
UOEMD,Diagnosis,Load_No_Load_Speed_Dec_60_to_30Hz,HUST_Gearbox + PU + Mechanical_Gear + Electric_Motor,Multi-Head DL (TABNET),0.45,0.4098700824029771,0.8508928571428571
UOEMD,Diagnosis,Load_No_Load_Speed_Dec_60_to_30Hz,HUST_Gearbox + UORED + Mechanical_Gear + Electric_Motor,Multi-Head DL (TABNET),0.6625000000000001,0.6315991438250979,0.9303571428571429
UOEMD,Diagnosis,Load_No_Load_Speed_Dec_60_to_30Hz,HUST + PU + UORED + Mechanical_Gear,Multi-Head DL (TABNET),0.475,0.46164021164021163,0.8725
UOEMD,Diagnosis,Load_No_Load_Speed_Dec_60_to_30Hz,HUST + PU + UORED + Electric_Motor,Multi-Head DL (TABNET),0.4625,0.4203497696778772,0.8200000000000001
UOEMD,Diagnosis,Load_No_Load_Speed_Dec_60_to_30Hz,HUST + PU + Mechanical_Gear + Electric_Motor,Multi-Head DL (TABNET),0.525,0.5062654869640164,0.9130357142857143
UOEMD,Diagnosis,Load_No_Load_Speed_Dec_60_to_30Hz,HUST + UORED + Mechanical_Gear + Electric_Motor,Multi-Head DL (TABNET),0.6,0.5690907253407254,0.9166071428571428
UOEMD,Diagnosis,Load_No_Load_Speed_Dec_60_to_30Hz,PU + UORED + Mechanical_Gear + Electric_Motor,Multi-Head DL (TABNET),0.55,0.5295539735055863,0.8778571428571429
UOEMD,Diagnosis,Load_No_Load_Speed_Dec_60_to_30Hz,CWRU_12k + CWRU_48k + HUST_Gearbox + HUST + PU,Multi-Head DL (TABNET),0.45,0.40032679738562094,0.8126785714285714
UOEMD,Diagnosis,Load_No_Load_Speed_Dec_60_to_30Hz,CWRU_12k + CWRU_48k + HUST_Gearbox + HUST + UORED,Multi-Head DL (TABNET),0.5875,0.5509668294195149,0.8914285714285715
UOEMD,Diagnosis,Load_No_Load_Speed_Dec_60_to_30Hz,CWRU_12k + CWRU_48k + HUST_Gearbox + HUST + Mechanical_Gear,Multi-Head DL (TABNET),0.5,0.47482769423558896,0.88375
UOEMD,Diagnosis,Load_No_Load_Speed_Dec_60_to_30Hz,CWRU_12k + CWRU_48k + HUST_Gearbox + HUST + Electric_Motor,Multi-Head DL (TABNET),0.7,0.6768016297428061,0.9450000000000001
UOEMD,Diagnosis,Load_No_Load_Speed_Dec_60_to_30Hz,CWRU_12k + CWRU_48k + HUST_Gearbox + PU + UORED,Multi-Head DL (TABNET),0.4375,0.36276131276131274,0.8844642857142857
UOEMD,Diagnosis,Load_No_Load_Speed_Dec_60_to_30Hz,CWRU_12k + CWRU_48k + HUST_Gearbox + PU + Mechanical_Gear,Multi-Head DL (TABNET),0.44999999999999996,0.42712185870080605,0.7796428571428572
UOEMD,Diagnosis,Load_No_Load_Speed_Dec_60_to_30Hz,CWRU_12k + CWRU_48k + HUST_Gearbox + PU + Electric_Motor,Multi-Head DL (TABNET),0.525,0.5216899050770019,0.8635714285714287
UOEMD,Diagnosis,Load_No_Load_Speed_Dec_60_to_30Hz,CWRU_12k + CWRU_48k + HUST_Gearbox + UORED + Mechanical_Gear,Multi-Head DL (TABNET),0.6625,0.6406009012916907,0.9557142857142857
UOEMD,Diagnosis,Load_No_Load_Speed_Dec_60_to_30Hz,CWRU_12k + CWRU_48k + HUST_Gearbox + UORED + Electric_Motor,Multi-Head DL (TABNET),0.6625000000000001,0.6584475895621406,0.9135714285714286
UOEMD,Diagnosis,Load_No_Load_Speed_Dec_60_to_30Hz,CWRU_12k + CWRU_48k + HUST_Gearbox + Mechanical_Gear + Electric_Motor,Multi-Head DL (TABNET),0.6,0.5767510192336043,0.9485714285714285
UOEMD,Diagnosis,Load_No_Load_Speed_Dec_60_to_30Hz,CWRU_12k + CWRU_48k + HUST + PU + UORED,Multi-Head DL (TABNET),0.5875,0.5499188311688312,0.8932142857142857
UOEMD,Diagnosis,Load_No_Load_Speed_Dec_60_to_30Hz,CWRU_12k + CWRU_48k + HUST + PU + Mechanical_Gear,Multi-Head DL (TABNET),0.46249999999999997,0.4309804778554779,0.8457142857142858
UOEMD,Diagnosis,Load_No_Load_Speed_Dec_60_to_30Hz,CWRU_12k + CWRU_48k + HUST + PU + Electric_Motor,Multi-Head DL (TABNET),0.5,0.4451286753469038,0.8469642857142857
UOEMD,Diagnosis,Load_No_Load_Speed_Dec_60_to_30Hz,CWRU_12k + CWRU_48k + HUST + UORED + Mechanical_Gear,Multi-Head DL (TABNET),0.5,0.47364262844139005,0.86
UOEMD,Diagnosis,Load_No_Load_Speed_Dec_60_to_30Hz,CWRU_12k + CWRU_48k + HUST + UORED + Electric_Motor,Multi-Head DL (TABNET),0.6125,0.5892428827211436,0.9312499999999999
UOEMD,Diagnosis,Load_No_Load_Speed_Dec_60_to_30Hz,CWRU_12k + CWRU_48k + HUST + Mechanical_Gear + Electric_Motor,Multi-Head DL (TABNET),0.6875,0.6862216481211787,0.9407142857142857
UOEMD,Diagnosis,Load_No_Load_Speed_Dec_60_to_30Hz,CWRU_12k + CWRU_48k + PU + UORED + Mechanical_Gear,Multi-Head DL (TABNET),0.475,0.44121028428093645,0.8607142857142858
UOEMD,Diagnosis,Load_No_Load_Speed_Dec_60_to_30Hz,CWRU_12k + CWRU_48k + PU + UORED + Electric_Motor,Multi-Head DL (TABNET),0.55,0.5020006940523245,0.8692857142857143
UOEMD,Diagnosis,Load_No_Load_Speed_Dec_60_to_30Hz,CWRU_12k + CWRU_48k + PU + Mechanical_Gear + Electric_Motor,Multi-Head DL (TABNET),0.55,0.5626267748478702,0.905892857142857
UOEMD,Diagnosis,Load_No_Load_Speed_Dec_60_to_30Hz,CWRU_12k + CWRU_48k + UORED + Mechanical_Gear + Electric_Motor,Multi-Head DL (TABNET),0.5874999999999999,0.5842501796449164,0.9351785714285714
UOEMD,Diagnosis,Load_No_Load_Speed_Dec_60_to_30Hz,CWRU_12k + HUST_Gearbox + HUST + PU + UORED,Multi-Head DL (TABNET),0.48750000000000004,0.4407407407407407,0.8969642857142857
UOEMD,Diagnosis,Load_No_Load_Speed_Dec_60_to_30Hz,CWRU_12k + HUST_Gearbox + HUST + PU + Mechanical_Gear,Multi-Head DL (TABNET),0.4375,0.3720946915351507,0.82375
UOEMD,Diagnosis,Load_No_Load_Speed_Dec_60_to_30Hz,CWRU_12k + HUST_Gearbox + HUST + PU + Electric_Motor,Multi-Head DL (TABNET),0.5,0.4747463768115942,0.8178571428571428
UOEMD,Diagnosis,Load_No_Load_Speed_Dec_60_to_30Hz,CWRU_12k + HUST_Gearbox + HUST + UORED + Mechanical_Gear,Multi-Head DL (TABNET),0.6875,0.6571428571428571,0.9389285714285716
UOEMD,Diagnosis,Load_No_Load_Speed_Dec_60_to_30Hz,CWRU_12k + HUST_Gearbox + HUST + UORED + Electric_Motor,Multi-Head DL (TABNET),0.575,0.5404766268677559,0.8833928571428571
UOEMD,Diagnosis,Load_No_Load_Speed_Dec_60_to_30Hz,CWRU_12k + HUST_Gearbox + HUST + Mechanical_Gear + Electric_Motor,Multi-Head DL (TABNET),0.525,0.4746121933621934,0.8667857142857143
UOEMD,Diagnosis,Load_No_Load_Speed_Dec_60_to_30Hz,CWRU_12k + HUST_Gearbox + PU + UORED + Mechanical_Gear,Multi-Head DL (TABNET),0.525,0.49127073906485674,0.8644642857142857
UOEMD,Diagnosis,Load_No_Load_Speed_Dec_60_to_30Hz,CWRU_12k + HUST_Gearbox + PU + UORED + Electric_Motor,Multi-Head DL (TABNET),0.5625,0.5385599716745043,0.8885714285714286
UOEMD,Diagnosis,Load_No_Load_Speed_Dec_60_to_30Hz,CWRU_12k + HUST_Gearbox + PU + Mechanical_Gear + Electric_Motor,Multi-Head DL (TABNET),0.5375,0.5222283581658582,0.9069642857142858
UOEMD,Diagnosis,Load_No_Load_Speed_Dec_60_to_30Hz,CWRU_12k + HUST_Gearbox + UORED + Mechanical_Gear + Electric_Motor,Multi-Head DL (TABNET),0.5750000000000001,0.5548526765632029,0.9117857142857142
UOEMD,Diagnosis,Load_No_Load_Speed_Dec_60_to_30Hz,CWRU_12k + HUST + PU + UORED + Mechanical_Gear,Multi-Head DL (TABNET),0.5125,0.5289630508380508,0.8644642857142857
UOEMD,Diagnosis,Load_No_Load_Speed_Dec_60_to_30Hz,CWRU_12k + HUST + PU + UORED + Electric_Motor,Multi-Head DL (TABNET),0.5125,0.4504895010113226,0.8528571428571428
UOEMD,Diagnosis,Load_No_Load_Speed_Dec_60_to_30Hz,CWRU_12k + HUST + PU + Mechanical_Gear + Electric_Motor,Multi-Head DL (TABNET),0.425,0.3582535885167464,0.8205357142857144
UOEMD,Diagnosis,Load_No_Load_Speed_Dec_60_to_30Hz,CWRU_12k + HUST + UORED + Mechanical_Gear + Electric_Motor,Multi-Head DL (TABNET),0.7,0.6890413508060567,0.9583928571428572
UOEMD,Diagnosis,Load_No_Load_Speed_Dec_60_to_30Hz,CWRU_12k + PU + UORED + Mechanical_Gear + Electric_Motor,Multi-Head DL (TABNET),0.39999999999999997,0.39251373626373626,0.8494642857142857
UOEMD,Diagnosis,Load_No_Load_Speed_Dec_60_to_30Hz,CWRU_48k + HUST_Gearbox + HUST + PU + UORED,Multi-Head DL (TABNET),0.5375000000000001,0.5345536106405672,0.90125
UOEMD,Diagnosis,Load_No_Load_Speed_Dec_60_to_30Hz,CWRU_48k + HUST_Gearbox + HUST + PU + Mechanical_Gear,Multi-Head DL (TABNET),0.5875,0.5384082134082133,0.9255357142857144
UOEMD,Diagnosis,Load_No_Load_Speed_Dec_60_to_30Hz,CWRU_48k + HUST_Gearbox + HUST + PU + Electric_Motor,Multi-Head DL (TABNET),0.5875,0.5661789191200957,0.9107142857142858
UOEMD,Diagnosis,Load_No_Load_Speed_Dec_60_to_30Hz,CWRU_48k + HUST_Gearbox + HUST + UORED + Mechanical_Gear,Multi-Head DL (TABNET),0.675,0.6633349901732255,0.9269642857142858
UOEMD,Diagnosis,Load_No_Load_Speed_Dec_60_to_30Hz,CWRU_48k + HUST_Gearbox + HUST + UORED + Electric_Motor,Multi-Head DL (TABNET),0.5,0.4895501063264221,0.8642857142857143
UOEMD,Diagnosis,Load_No_Load_Speed_Dec_60_to_30Hz,CWRU_48k + HUST_Gearbox + HUST + Mechanical_Gear + Electric_Motor,Multi-Head DL (TABNET),0.675,0.6491959157400334,0.9453571428571428
UOEMD,Diagnosis,Load_No_Load_Speed_Dec_60_to_30Hz,CWRU_48k + HUST_Gearbox + PU + UORED + Mechanical_Gear,Multi-Head DL (TABNET),0.5375,0.48192265251088784,0.8842857142857143
UOEMD,Diagnosis,Load_No_Load_Speed_Dec_60_to_30Hz,CWRU_48k + HUST_Gearbox + PU + UORED + Electric_Motor,Multi-Head DL (TABNET),0.6375,0.6268700662083015,0.9114285714285715
UOEMD,Diagnosis,Load_No_Load_Speed_Dec_60_to_30Hz,CWRU_48k + HUST_Gearbox + PU + Mechanical_Gear + Electric_Motor,Multi-Head DL (TABNET),0.475,0.40742705570291776,0.8721428571428571
UOEMD,Diagnosis,Load_No_Load_Speed_Dec_60_to_30Hz,CWRU_48k + HUST_Gearbox + UORED + Mechanical_Gear + Electric_Motor,Multi-Head DL (TABNET),0.625,0.6051693404634582,0.8876785714285715
UOEMD,Diagnosis,Load_No_Load_Speed_Dec_60_to_30Hz,CWRU_48k + HUST + PU + UORED + Mechanical_Gear,Multi-Head DL (TABNET),0.5625,0.5500902992776058,0.8605357142857143
UOEMD,Diagnosis,Load_No_Load_Speed_Dec_60_to_30Hz,CWRU_48k + HUST + PU + UORED + Electric_Motor,Multi-Head DL (TABNET),0.575,0.5324782135076254,0.8694642857142858
UOEMD,Diagnosis,Load_No_Load_Speed_Dec_60_to_30Hz,CWRU_48k + HUST + PU + Mechanical_Gear + Electric_Motor,Multi-Head DL (TABNET),0.5375,0.5278750854408749,0.8657142857142857
UOEMD,Diagnosis,Load_No_Load_Speed_Dec_60_to_30Hz,CWRU_48k + HUST + UORED + Mechanical_Gear + Electric_Motor,Multi-Head DL (TABNET),0.55,0.5219525878533231,0.9283928571428571
UOEMD,Diagnosis,Load_No_Load_Speed_Dec_60_to_30Hz,CWRU_48k + PU + UORED + Mechanical_Gear + Electric_Motor,Multi-Head DL (TABNET),0.5,0.44332298136645965,0.8857142857142857
UOEMD,Diagnosis,Load_No_Load_Speed_Dec_60_to_30Hz,HUST_Gearbox + HUST + PU + UORED + Mechanical_Gear,Multi-Head DL (TABNET),0.525,0.4756281300398948,0.9244642857142857
UOEMD,Diagnosis,Load_No_Load_Speed_Dec_60_to_30Hz,HUST_Gearbox + HUST + PU + UORED + Electric_Motor,Multi-Head DL (TABNET),0.5625,0.5271418396418397,0.8676785714285714
UOEMD,Diagnosis,Load_No_Load_Speed_Dec_60_to_30Hz,HUST_Gearbox + HUST + PU + Mechanical_Gear + Electric_Motor,Multi-Head DL (TABNET),0.6125,0.6173548673548673,0.9046428571428572
UOEMD,Diagnosis,Load_No_Load_Speed_Dec_60_to_30Hz,HUST_Gearbox + HUST + UORED + Mechanical_Gear + Electric_Motor,Multi-Head DL (TABNET),0.48750000000000004,0.4060525328166457,0.8341071428571429
UOEMD,Diagnosis,Load_No_Load_Speed_Dec_60_to_30Hz,HUST_Gearbox + PU + UORED + Mechanical_Gear + Electric_Motor,Multi-Head DL (TABNET),0.6375000000000001,0.630670426065163,0.9116071428571428
UOEMD,Diagnosis,Load_No_Load_Speed_Dec_60_to_30Hz,HUST + PU + UORED + Mechanical_Gear + Electric_Motor,Multi-Head DL (TABNET),0.4875,0.4647727272727272,0.8783928571428572
UOEMD,Diagnosis,Load_No_Load_Speed_Dec_60_to_30Hz,CWRU_12k + CWRU_48k + HUST_Gearbox + HUST + PU + UORED,Multi-Head DL (TABNET),0.475,0.4346105283605284,0.8267857142857142
UOEMD,Diagnosis,Load_No_Load_Speed_Dec_60_to_30Hz,CWRU_12k + CWRU_48k + HUST_Gearbox + HUST + PU + Mechanical_Gear,Multi-Head DL (TABNET),0.5125000000000001,0.49959653514261243,0.86
UOEMD,Diagnosis,Load_No_Load_Speed_Dec_60_to_30Hz,CWRU_12k + CWRU_48k + HUST_Gearbox + HUST + PU + Electric_Motor,Multi-Head DL (TABNET),0.5125,0.483695652173913,0.8494642857142858
UOEMD,Diagnosis,Load_No_Load_Speed_Dec_60_to_30Hz,CWRU_12k + CWRU_48k + HUST_Gearbox + HUST + UORED + Mechanical_Gear,Multi-Head DL (TABNET),0.6125,0.598027593751278,0.9201785714285715
UOEMD,Diagnosis,Load_No_Load_Speed_Dec_60_to_30Hz,CWRU_12k + CWRU_48k + HUST_Gearbox + HUST + UORED + Electric_Motor,Multi-Head DL (TABNET),0.6125,0.6042429792429793,0.9228571428571428
UOEMD,Diagnosis,Load_No_Load_Speed_Dec_60_to_30Hz,CWRU_12k + CWRU_48k + HUST_Gearbox + HUST + Mechanical_Gear + Electric_Motor,Multi-Head DL (TABNET),0.475,0.463500816993464,0.8296428571428572
UOEMD,Diagnosis,Load_No_Load_Speed_Dec_60_to_30Hz,CWRU_12k + CWRU_48k + HUST_Gearbox + PU + UORED + Mechanical_Gear,Multi-Head DL (TABNET),0.4625,0.43162938252223965,0.8382142857142857
UOEMD,Diagnosis,Load_No_Load_Speed_Dec_60_to_30Hz,CWRU_12k + CWRU_48k + HUST_Gearbox + PU + UORED + Electric_Motor,Multi-Head DL (TABNET),0.475,0.43005328982146074,0.8028571428571428
UOEMD,Diagnosis,Load_No_Load_Speed_Dec_60_to_30Hz,CWRU_12k + CWRU_48k + HUST_Gearbox + PU + Mechanical_Gear + Electric_Motor,Multi-Head DL (TABNET),0.6,0.6095555121048541,0.8880357142857143
UOEMD,Diagnosis,Load_No_Load_Speed_Dec_60_to_30Hz,CWRU_12k + CWRU_48k + HUST_Gearbox + UORED + Mechanical_Gear + Electric_Motor,Multi-Head DL (TABNET),0.5375000000000001,0.4880050505050505,0.8839285714285714
UOEMD,Diagnosis,Load_No_Load_Speed_Dec_60_to_30Hz,CWRU_12k + CWRU_48k + HUST + PU + UORED + Mechanical_Gear,Multi-Head DL (TABNET),0.5875,0.5589989279013668,0.8932142857142857
UOEMD,Diagnosis,Load_No_Load_Speed_Dec_60_to_30Hz,CWRU_12k + CWRU_48k + HUST + PU + UORED + Electric_Motor,Multi-Head DL (TABNET),0.5625,0.540093954248366,0.8914285714285715
UOEMD,Diagnosis,Load_No_Load_Speed_Dec_60_to_30Hz,CWRU_12k + CWRU_48k + HUST + PU + Mechanical_Gear + Electric_Motor,Multi-Head DL (TABNET),0.5375000000000001,0.4747294372294373,0.8766071428571428
UOEMD,Diagnosis,Load_No_Load_Speed_Dec_60_to_30Hz,CWRU_12k + CWRU_48k + HUST + UORED + Mechanical_Gear + Electric_Motor,Multi-Head DL (TABNET),0.575,0.5533957974215327,0.9173214285714286
UOEMD,Diagnosis,Load_No_Load_Speed_Dec_60_to_30Hz,CWRU_12k + CWRU_48k + PU + UORED + Mechanical_Gear + Electric_Motor,Multi-Head DL (TABNET),0.6875,0.6432790071770335,0.9580357142857143
UOEMD,Diagnosis,Load_No_Load_Speed_Dec_60_to_30Hz,CWRU_12k + HUST_Gearbox + HUST + PU + UORED + Mechanical_Gear,Multi-Head DL (TABNET),0.4625,0.42123868778280543,0.8410714285714286
UOEMD,Diagnosis,Load_No_Load_Speed_Dec_60_to_30Hz,CWRU_12k + HUST_Gearbox + HUST + PU + UORED + Electric_Motor,Multi-Head DL (TABNET),0.6000000000000001,0.5645071467322107,0.937142857142857
UOEMD,Diagnosis,Load_No_Load_Speed_Dec_60_to_30Hz,CWRU_12k + HUST_Gearbox + HUST + PU + Mechanical_Gear + Electric_Motor,Multi-Head DL (TABNET),0.55,0.5249631947000368,0.8966071428571428
UOEMD,Diagnosis,Load_No_Load_Speed_Dec_60_to_30Hz,CWRU_12k + HUST_Gearbox + HUST + UORED + Mechanical_Gear + Electric_Motor,Multi-Head DL (TABNET),0.5375,0.525002775002775,0.8219642857142857
UOEMD,Diagnosis,Load_No_Load_Speed_Dec_60_to_30Hz,CWRU_12k + HUST_Gearbox + PU + UORED + Mechanical_Gear + Electric_Motor,Multi-Head DL (TABNET),0.55,0.5282467532467532,0.8521428571428571
UOEMD,Diagnosis,Load_No_Load_Speed_Dec_60_to_30Hz,CWRU_12k + HUST + PU + UORED + Mechanical_Gear + Electric_Motor,Multi-Head DL (TABNET),0.5125,0.4666142557651991,0.8794642857142857
UOEMD,Diagnosis,Load_No_Load_Speed_Dec_60_to_30Hz,CWRU_48k + HUST_Gearbox + HUST + PU + UORED + Mechanical_Gear,Multi-Head DL (TABNET),0.6,0.5684365585681375,0.8869642857142856
UOEMD,Diagnosis,Load_No_Load_Speed_Dec_60_to_30Hz,CWRU_48k + HUST_Gearbox + HUST + PU + UORED + Electric_Motor,Multi-Head DL (TABNET),0.5625,0.5449404761904761,0.8805357142857142
UOEMD,Diagnosis,Load_No_Load_Speed_Dec_60_to_30Hz,CWRU_48k + HUST_Gearbox + HUST + PU + Mechanical_Gear + Electric_Motor,Multi-Head DL (TABNET),0.6,0.5738611233967271,0.9421428571428572
UOEMD,Diagnosis,Load_No_Load_Speed_Dec_60_to_30Hz,CWRU_48k + HUST_Gearbox + HUST + UORED + Mechanical_Gear + Electric_Motor,Multi-Head DL (TABNET),0.6125,0.5982687768669778,0.8873214285714286
UOEMD,Diagnosis,Load_No_Load_Speed_Dec_60_to_30Hz,CWRU_48k + HUST_Gearbox + PU + UORED + Mechanical_Gear + Electric_Motor,Multi-Head DL (TABNET),0.5125,0.48089080459770117,0.8600000000000001
UOEMD,Diagnosis,Load_No_Load_Speed_Dec_60_to_30Hz,CWRU_48k + HUST + PU + UORED + Mechanical_Gear + Electric_Motor,Multi-Head DL (TABNET),0.42500000000000004,0.4180921279977884,0.8614285714285714
UOEMD,Diagnosis,Load_No_Load_Speed_Dec_60_to_30Hz,HUST_Gearbox + HUST + PU + UORED + Mechanical_Gear + Electric_Motor,Multi-Head DL (TABNET),0.48750000000000004,0.49161706349206347,0.8253571428571428
UOEMD,Diagnosis,Load_No_Load_Speed_Dec_60_to_30Hz,CWRU_12k + CWRU_48k + HUST_Gearbox + HUST + PU + UORED + Mechanical_Gear,Multi-Head DL (TABNET),0.5375,0.5243906455862978,0.8710714285714286
UOEMD,Diagnosis,Load_No_Load_Speed_Dec_60_to_30Hz,CWRU_12k + CWRU_48k + HUST_Gearbox + HUST + PU + UORED + Electric_Motor,Multi-Head DL (TABNET),0.575,0.5486936592818946,0.89375
UOEMD,Diagnosis,Load_No_Load_Speed_Dec_60_to_30Hz,CWRU_12k + CWRU_48k + HUST_Gearbox + HUST + PU + Mechanical_Gear + Electric_Motor,Multi-Head DL (TABNET),0.5625,0.554101635079896,0.8632142857142857
UOEMD,Diagnosis,Load_No_Load_Speed_Dec_60_to_30Hz,CWRU_12k + CWRU_48k + HUST_Gearbox + HUST + UORED + Mechanical_Gear + Electric_Motor,Multi-Head DL (TABNET),0.6625,0.6474686071009601,0.9282142857142857
UOEMD,Diagnosis,Load_No_Load_Speed_Dec_60_to_30Hz,CWRU_12k + CWRU_48k + HUST_Gearbox + PU + UORED + Mechanical_Gear + Electric_Motor,Multi-Head DL (TABNET),0.55,0.5481430606430606,0.8446428571428571
UOEMD,Diagnosis,Load_No_Load_Speed_Dec_60_to_30Hz,CWRU_12k + CWRU_48k + HUST + PU + UORED + Mechanical_Gear + Electric_Motor,Multi-Head DL (TABNET),0.5125,0.45721724096337096,0.8932142857142857
UOEMD,Diagnosis,Load_No_Load_Speed_Dec_60_to_30Hz,CWRU_12k + HUST_Gearbox + HUST + PU + UORED + Mechanical_Gear + Electric_Motor,Multi-Head DL (TABNET),0.5125,0.48531636734961536,0.8726785714285714
UOEMD,Diagnosis,Load_No_Load_Speed_Dec_60_to_30Hz,CWRU_48k + HUST_Gearbox + HUST + PU + UORED + Mechanical_Gear + Electric_Motor,Multi-Head DL (TABNET),0.4625,0.42581867057673506,0.8717857142857144
UOEMD,Diagnosis,Load_No_Load_Speed_Dec_60_to_30Hz,CWRU_12k + CWRU_48k + HUST_Gearbox + HUST + PU + UORED + Mechanical_Gear + Electric_Motor,Multi-Head DL (TABNET),0.5375,0.49246051353049325,0.8716071428571429
UOEMD,Diagnosis,Load_No_Load_Speed_Inc_15_to_45Hz,CWRU_12k,Multi-Head DL (TABNET),0.55,0.5046994671994672,0.8751785714285715
UOEMD,Diagnosis,Load_No_Load_Speed_Inc_15_to_45Hz,CWRU_48k,Multi-Head DL (TABNET),0.7749999999999999,0.7695192843219159,0.9591071428571429
UOEMD,Diagnosis,Load_No_Load_Speed_Inc_15_to_45Hz,HUST_Gearbox,Multi-Head DL (TABNET),0.675,0.6338624338624339,0.9573214285714285
UOEMD,Diagnosis,Load_No_Load_Speed_Inc_15_to_45Hz,HUST,Multi-Head DL (TABNET),0.6375,0.6520068553737284,0.9380357142857143
UOEMD,Diagnosis,Load_No_Load_Speed_Inc_15_to_45Hz,PU,Multi-Head DL (TABNET),0.5625,0.47982098546614677,0.9191071428571429
UOEMD,Diagnosis,Load_No_Load_Speed_Inc_15_to_45Hz,UORED,Multi-Head DL (TABNET),0.7125,0.7241813773564345,0.9216071428571428
UOEMD,Diagnosis,Load_No_Load_Speed_Inc_15_to_45Hz,Mechanical_Gear,Multi-Head DL (TABNET),0.5875,0.5512604733975701,0.9425000000000001
UOEMD,Diagnosis,Load_No_Load_Speed_Inc_15_to_45Hz,Electric_Motor,Multi-Head DL (TABNET),0.6875,0.6687147793726741,0.9514285714285714
UOEMD,Diagnosis,Load_No_Load_Speed_Inc_15_to_45Hz,CWRU_12k + CWRU_48k,Multi-Head DL (TABNET),0.675,0.6533083859313836,0.9432142857142858
UOEMD,Diagnosis,Load_No_Load_Speed_Inc_15_to_45Hz,CWRU_12k + HUST_Gearbox,Multi-Head DL (TABNET),0.6125,0.5856050856050856,0.9323214285714285
UOEMD,Diagnosis,Load_No_Load_Speed_Inc_15_to_45Hz,CWRU_12k + HUST,Multi-Head DL (TABNET),0.4375,0.38786191286191285,0.8691071428571429
UOEMD,Diagnosis,Load_No_Load_Speed_Inc_15_to_45Hz,CWRU_12k + PU,Multi-Head DL (TABNET),0.4625,0.43806464811783963,0.8508928571428571
UOEMD,Diagnosis,Load_No_Load_Speed_Inc_15_to_45Hz,CWRU_12k + UORED,Multi-Head DL (TABNET),0.6000000000000001,0.5540792540792541,0.9123214285714285
UOEMD,Diagnosis,Load_No_Load_Speed_Inc_15_to_45Hz,CWRU_12k + Mechanical_Gear,Multi-Head DL (TABNET),0.5375,0.48011839944689305,0.9160714285714286
UOEMD,Diagnosis,Load_No_Load_Speed_Inc_15_to_45Hz,CWRU_12k + Electric_Motor,Multi-Head DL (TABNET),0.5750000000000001,0.5514935064935065,0.8928571428571429
UOEMD,Diagnosis,Load_No_Load_Speed_Inc_15_to_45Hz,CWRU_48k + HUST_Gearbox,Multi-Head DL (TABNET),0.8,0.7979034037857567,0.9619642857142858
UOEMD,Diagnosis,Load_No_Load_Speed_Inc_15_to_45Hz,CWRU_48k + HUST,Multi-Head DL (TABNET),0.7125,0.6923757002801121,0.94875
UOEMD,Diagnosis,Load_No_Load_Speed_Inc_15_to_45Hz,CWRU_48k + PU,Multi-Head DL (TABNET),0.475,0.461952294529427,0.8953571428571429
UOEMD,Diagnosis,Load_No_Load_Speed_Inc_15_to_45Hz,CWRU_48k + UORED,Multi-Head DL (TABNET),0.675,0.6389154323936932,0.9405357142857143
UOEMD,Diagnosis,Load_No_Load_Speed_Inc_15_to_45Hz,CWRU_48k + Mechanical_Gear,Multi-Head DL (TABNET),0.775,0.7610519511448304,0.9476785714285714
UOEMD,Diagnosis,Load_No_Load_Speed_Inc_15_to_45Hz,CWRU_48k + Electric_Motor,Multi-Head DL (TABNET),0.7,0.6580020856336646,0.9355357142857144
UOEMD,Diagnosis,Load_No_Load_Speed_Inc_15_to_45Hz,HUST_Gearbox + HUST,Multi-Head DL (TABNET),0.675,0.6514166140764606,0.9248214285714286
UOEMD,Diagnosis,Load_No_Load_Speed_Inc_15_to_45Hz,HUST_Gearbox + PU,Multi-Head DL (TABNET),0.45,0.40787613122171945,0.8675
UOEMD,Diagnosis,Load_No_Load_Speed_Inc_15_to_45Hz,HUST_Gearbox + UORED,Multi-Head DL (TABNET),0.7125,0.7173445767195767,0.9573214285714287
UOEMD,Diagnosis,Load_No_Load_Speed_Inc_15_to_45Hz,HUST_Gearbox + Mechanical_Gear,Multi-Head DL (TABNET),0.6875,0.6463305213305213,0.9458928571428571
UOEMD,Diagnosis,Load_No_Load_Speed_Inc_15_to_45Hz,HUST_Gearbox + Electric_Motor,Multi-Head DL (TABNET),0.6499999999999999,0.6640559732664996,0.9369642857142857
UOEMD,Diagnosis,Load_No_Load_Speed_Inc_15_to_45Hz,HUST + PU,Multi-Head DL (TABNET),0.475,0.3981058025175672,0.8898214285714285
UOEMD,Diagnosis,Load_No_Load_Speed_Inc_15_to_45Hz,HUST + UORED,Multi-Head DL (TABNET),0.6875,0.647943932074367,0.94625
UOEMD,Diagnosis,Load_No_Load_Speed_Inc_15_to_45Hz,HUST + Mechanical_Gear,Multi-Head DL (TABNET),0.6375,0.5918664668664668,0.9132142857142858
UOEMD,Diagnosis,Load_No_Load_Speed_Inc_15_to_45Hz,HUST + Electric_Motor,Multi-Head DL (TABNET),0.65,0.5855411255411256,0.9267857142857143
UOEMD,Diagnosis,Load_No_Load_Speed_Inc_15_to_45Hz,PU + UORED,Multi-Head DL (TABNET),0.6625,0.6425732886833456,0.9089285714285714
UOEMD,Diagnosis,Load_No_Load_Speed_Inc_15_to_45Hz,PU + Mechanical_Gear,Multi-Head DL (TABNET),0.5125,0.4765689553413339,0.9123214285714285
UOEMD,Diagnosis,Load_No_Load_Speed_Inc_15_to_45Hz,PU + Electric_Motor,Multi-Head DL (TABNET),0.44999999999999996,0.3903847950250881,0.8251785714285714
UOEMD,Diagnosis,Load_No_Load_Speed_Inc_15_to_45Hz,UORED + Mechanical_Gear,Multi-Head DL (TABNET),0.6749999999999999,0.6302157986940595,0.9626785714285715
UOEMD,Diagnosis,Load_No_Load_Speed_Inc_15_to_45Hz,UORED + Electric_Motor,Multi-Head DL (TABNET),0.6625,0.6332543314808761,0.9376785714285714
UOEMD,Diagnosis,Load_No_Load_Speed_Inc_15_to_45Hz,Mechanical_Gear + Electric_Motor,Multi-Head DL (TABNET),0.7375,0.7413828130933394,0.95375
UOEMD,Diagnosis,Load_No_Load_Speed_Inc_15_to_45Hz,CWRU_12k + CWRU_48k + HUST_Gearbox,Multi-Head DL (TABNET),0.625,0.6231356325521411,0.9075
UOEMD,Diagnosis,Load_No_Load_Speed_Inc_15_to_45Hz,CWRU_12k + CWRU_48k + HUST,Multi-Head DL (TABNET),0.5249999999999999,0.4885657820440429,0.91125
UOEMD,Diagnosis,Load_No_Load_Speed_Inc_15_to_45Hz,CWRU_12k + CWRU_48k + PU,Multi-Head DL (TABNET),0.5750000000000001,0.5152223433101376,0.8882142857142857
UOEMD,Diagnosis,Load_No_Load_Speed_Inc_15_to_45Hz,CWRU_12k + CWRU_48k + UORED,Multi-Head DL (TABNET),0.55,0.5447523264303729,0.9046428571428571
UOEMD,Diagnosis,Load_No_Load_Speed_Inc_15_to_45Hz,CWRU_12k + CWRU_48k + Mechanical_Gear,Multi-Head DL (TABNET),0.6875,0.6618569592083657,0.9587500000000001
UOEMD,Diagnosis,Load_No_Load_Speed_Inc_15_to_45Hz,CWRU_12k + CWRU_48k + Electric_Motor,Multi-Head DL (TABNET),0.6125,0.5757188250794388,0.88375
UOEMD,Diagnosis,Load_No_Load_Speed_Inc_15_to_45Hz,CWRU_12k + HUST_Gearbox + HUST,Multi-Head DL (TABNET),0.6875,0.6424101506868909,0.9016071428571428
UOEMD,Diagnosis,Load_No_Load_Speed_Inc_15_to_45Hz,CWRU_12k + HUST_Gearbox + PU,Multi-Head DL (TABNET),0.6375,0.6033219188791944,0.90125
UOEMD,Diagnosis,Load_No_Load_Speed_Inc_15_to_45Hz,CWRU_12k + HUST_Gearbox + UORED,Multi-Head DL (TABNET),0.48750000000000004,0.43373138729175875,0.8892857142857142
UOEMD,Diagnosis,Load_No_Load_Speed_Inc_15_to_45Hz,CWRU_12k + HUST_Gearbox + Mechanical_Gear,Multi-Head DL (TABNET),0.5875,0.5537225416482382,0.8969642857142857
UOEMD,Diagnosis,Load_No_Load_Speed_Inc_15_to_45Hz,CWRU_12k + HUST_Gearbox + Electric_Motor,Multi-Head DL (TABNET),0.5875,0.5129996814779424,0.8960714285714286
UOEMD,Diagnosis,Load_No_Load_Speed_Inc_15_to_45Hz,CWRU_12k + HUST + PU,Multi-Head DL (TABNET),0.48750000000000004,0.4820798531806234,0.8635714285714287
UOEMD,Diagnosis,Load_No_Load_Speed_Inc_15_to_45Hz,CWRU_12k + HUST + UORED,Multi-Head DL (TABNET),0.3875,0.34603283984004807,0.8505357142857144
UOEMD,Diagnosis,Load_No_Load_Speed_Inc_15_to_45Hz,CWRU_12k + HUST + Mechanical_Gear,Multi-Head DL (TABNET),0.625,0.6253156565656566,0.9294642857142856
UOEMD,Diagnosis,Load_No_Load_Speed_Inc_15_to_45Hz,CWRU_12k + HUST + Electric_Motor,Multi-Head DL (TABNET),0.6875,0.6537698412698413,0.9344642857142857
UOEMD,Diagnosis,Load_No_Load_Speed_Inc_15_to_45Hz,CWRU_12k + PU + UORED,Multi-Head DL (TABNET),0.55,0.5314584924879042,0.8903571428571428
UOEMD,Diagnosis,Load_No_Load_Speed_Inc_15_to_45Hz,CWRU_12k + PU + Mechanical_Gear,Multi-Head DL (TABNET),0.55,0.5011579989777664,0.87125
UOEMD,Diagnosis,Load_No_Load_Speed_Inc_15_to_45Hz,CWRU_12k + PU + Electric_Motor,Multi-Head DL (TABNET),0.575,0.5588937940040881,0.8916071428571428
UOEMD,Diagnosis,Load_No_Load_Speed_Inc_15_to_45Hz,CWRU_12k + UORED + Mechanical_Gear,Multi-Head DL (TABNET),0.65,0.6457086622527799,0.9273214285714286
UOEMD,Diagnosis,Load_No_Load_Speed_Inc_15_to_45Hz,CWRU_12k + UORED + Electric_Motor,Multi-Head DL (TABNET),0.6375000000000001,0.6117950676774206,0.9344642857142857
UOEMD,Diagnosis,Load_No_Load_Speed_Inc_15_to_45Hz,CWRU_12k + Mechanical_Gear + Electric_Motor,Multi-Head DL (TABNET),0.5875,0.5507891414141414,0.9328571428571428
UOEMD,Diagnosis,Load_No_Load_Speed_Inc_15_to_45Hz,CWRU_48k + HUST_Gearbox + HUST,Multi-Head DL (TABNET),0.625,0.5961125227429576,0.8880357142857143
UOEMD,Diagnosis,Load_No_Load_Speed_Inc_15_to_45Hz,CWRU_48k + HUST_Gearbox + PU,Multi-Head DL (TABNET),0.5375000000000001,0.45547440252696825,0.8483928571428572
UOEMD,Diagnosis,Load_No_Load_Speed_Inc_15_to_45Hz,CWRU_48k + HUST_Gearbox + UORED,Multi-Head DL (TABNET),0.7125,0.6947066005889535,0.9480357142857143
UOEMD,Diagnosis,Load_No_Load_Speed_Inc_15_to_45Hz,CWRU_48k + HUST_Gearbox + Mechanical_Gear,Multi-Head DL (TABNET),0.5625,0.523048503220917,0.9010714285714285
UOEMD,Diagnosis,Load_No_Load_Speed_Inc_15_to_45Hz,CWRU_48k + HUST_Gearbox + Electric_Motor,Multi-Head DL (TABNET),0.725,0.7261330409356725,0.957857142857143
UOEMD,Diagnosis,Load_No_Load_Speed_Inc_15_to_45Hz,CWRU_48k + HUST + PU,Multi-Head DL (TABNET),0.575,0.4659350582338198,0.9210714285714287
UOEMD,Diagnosis,Load_No_Load_Speed_Inc_15_to_45Hz,CWRU_48k + HUST + UORED,Multi-Head DL (TABNET),0.5875,0.5580808080808081,0.9089285714285714
UOEMD,Diagnosis,Load_No_Load_Speed_Inc_15_to_45Hz,CWRU_48k + HUST + Mechanical_Gear,Multi-Head DL (TABNET),0.7125,0.6925406951722741,0.9633928571428572
UOEMD,Diagnosis,Load_No_Load_Speed_Inc_15_to_45Hz,CWRU_48k + HUST + Electric_Motor,Multi-Head DL (TABNET),0.6875,0.6934404625694671,0.9292857142857143
UOEMD,Diagnosis,Load_No_Load_Speed_Inc_15_to_45Hz,CWRU_48k + PU + UORED,Multi-Head DL (TABNET),0.6125,0.5856200251361542,0.9025000000000001
UOEMD,Diagnosis,Load_No_Load_Speed_Inc_15_to_45Hz,CWRU_48k + PU + Mechanical_Gear,Multi-Head DL (TABNET),0.6375000000000001,0.6162169893005133,0.9244642857142857
UOEMD,Diagnosis,Load_No_Load_Speed_Inc_15_to_45Hz,CWRU_48k + PU + Electric_Motor,Multi-Head DL (TABNET),0.575,0.527481983596114,0.9094642857142857
UOEMD,Diagnosis,Load_No_Load_Speed_Inc_15_to_45Hz,CWRU_48k + UORED + Mechanical_Gear,Multi-Head DL (TABNET),0.6625,0.6244397759103641,0.9467857142857142
UOEMD,Diagnosis,Load_No_Load_Speed_Inc_15_to_45Hz,CWRU_48k + UORED + Electric_Motor,Multi-Head DL (TABNET),0.6875,0.6634564509564509,0.9626785714285713
UOEMD,Diagnosis,Load_No_Load_Speed_Inc_15_to_45Hz,CWRU_48k + Mechanical_Gear + Electric_Motor,Multi-Head DL (TABNET),0.8125,0.8031708058023848,0.9655357142857143
UOEMD,Diagnosis,Load_No_Load_Speed_Inc_15_to_45Hz,HUST_Gearbox + HUST + PU,Multi-Head DL (TABNET),0.3625,0.295283189033189,0.7778571428571429
UOEMD,Diagnosis,Load_No_Load_Speed_Inc_15_to_45Hz,HUST_Gearbox + HUST + UORED,Multi-Head DL (TABNET),0.625,0.6156574675324675,0.9216071428571428
UOEMD,Diagnosis,Load_No_Load_Speed_Inc_15_to_45Hz,HUST_Gearbox + HUST + Mechanical_Gear,Multi-Head DL (TABNET),0.6749999999999999,0.6469481395797185,0.9519642857142857
UOEMD,Diagnosis,Load_No_Load_Speed_Inc_15_to_45Hz,HUST_Gearbox + HUST + Electric_Motor,Multi-Head DL (TABNET),0.65,0.5962145117524376,0.9524999999999999
UOEMD,Diagnosis,Load_No_Load_Speed_Inc_15_to_45Hz,HUST_Gearbox + PU + UORED,Multi-Head DL (TABNET),0.7124999999999999,0.6997787472245677,0.9232142857142858
UOEMD,Diagnosis,Load_No_Load_Speed_Inc_15_to_45Hz,HUST_Gearbox + PU + Mechanical_Gear,Multi-Head DL (TABNET),0.45,0.3650412087912088,0.8280357142857143
UOEMD,Diagnosis,Load_No_Load_Speed_Inc_15_to_45Hz,HUST_Gearbox + PU + Electric_Motor,Multi-Head DL (TABNET),0.48750000000000004,0.3974304634134356,0.8521428571428571
UOEMD,Diagnosis,Load_No_Load_Speed_Inc_15_to_45Hz,HUST_Gearbox + UORED + Mechanical_Gear,Multi-Head DL (TABNET),0.7,0.676923076923077,0.9403571428571429
UOEMD,Diagnosis,Load_No_Load_Speed_Inc_15_to_45Hz,HUST_Gearbox + UORED + Electric_Motor,Multi-Head DL (TABNET),0.6375,0.5982251288443239,0.9432142857142858
UOEMD,Diagnosis,Load_No_Load_Speed_Inc_15_to_45Hz,HUST_Gearbox + Mechanical_Gear + Electric_Motor,Multi-Head DL (TABNET),0.675,0.6740458919735235,0.9405357142857144
UOEMD,Diagnosis,Load_No_Load_Speed_Inc_15_to_45Hz,HUST + PU + UORED,Multi-Head DL (TABNET),0.625,0.6072409503773459,0.8907142857142858
UOEMD,Diagnosis,Load_No_Load_Speed_Inc_15_to_45Hz,HUST + PU + Mechanical_Gear,Multi-Head DL (TABNET),0.7375,0.7354527623406342,0.9467857142857143
UOEMD,Diagnosis,Load_No_Load_Speed_Inc_15_to_45Hz,HUST + PU + Electric_Motor,Multi-Head DL (TABNET),0.65,0.6045070520876972,0.9107142857142856
UOEMD,Diagnosis,Load_No_Load_Speed_Inc_15_to_45Hz,HUST + UORED + Mechanical_Gear,Multi-Head DL (TABNET),0.6124999999999999,0.607187950937951,0.9235714285714285
UOEMD,Diagnosis,Load_No_Load_Speed_Inc_15_to_45Hz,HUST + UORED + Electric_Motor,Multi-Head DL (TABNET),0.5625,0.5382306099697404,0.935
UOEMD,Diagnosis,Load_No_Load_Speed_Inc_15_to_45Hz,HUST + Mechanical_Gear + Electric_Motor,Multi-Head DL (TABNET),0.6625,0.6577735989500696,0.95
UOEMD,Diagnosis,Load_No_Load_Speed_Inc_15_to_45Hz,PU + UORED + Mechanical_Gear,Multi-Head DL (TABNET),0.6125,0.5436987892870245,0.9269642857142857
UOEMD,Diagnosis,Load_No_Load_Speed_Inc_15_to_45Hz,PU + UORED + Electric_Motor,Multi-Head DL (TABNET),0.7,0.6621372106154715,0.9221428571428572
UOEMD,Diagnosis,Load_No_Load_Speed_Inc_15_to_45Hz,PU + Mechanical_Gear + Electric_Motor,Multi-Head DL (TABNET),0.5,0.49635429929547575,0.8632142857142857
UOEMD,Diagnosis,Load_No_Load_Speed_Inc_15_to_45Hz,UORED + Mechanical_Gear + Electric_Motor,Multi-Head DL (TABNET),0.675,0.6585131863750284,0.94875
UOEMD,Diagnosis,Load_No_Load_Speed_Inc_15_to_45Hz,CWRU_12k + CWRU_48k + HUST_Gearbox + HUST,Multi-Head DL (TABNET),0.6,0.5734934383305631,0.9396428571428571
UOEMD,Diagnosis,Load_No_Load_Speed_Inc_15_to_45Hz,CWRU_12k + CWRU_48k + HUST_Gearbox + PU,Multi-Head DL (TABNET),0.5125,0.46491779497098645,0.8300000000000001
UOEMD,Diagnosis,Load_No_Load_Speed_Inc_15_to_45Hz,CWRU_12k + CWRU_48k + HUST_Gearbox + UORED,Multi-Head DL (TABNET),0.6375,0.5951768059526681,0.9424999999999999
UOEMD,Diagnosis,Load_No_Load_Speed_Inc_15_to_45Hz,CWRU_12k + CWRU_48k + HUST_Gearbox + Mechanical_Gear,Multi-Head DL (TABNET),0.6499999999999999,0.6277888777888777,0.9364285714285714
UOEMD,Diagnosis,Load_No_Load_Speed_Inc_15_to_45Hz,CWRU_12k + CWRU_48k + HUST_Gearbox + Electric_Motor,Multi-Head DL (TABNET),0.6125,0.552970654665028,0.9319642857142858
UOEMD,Diagnosis,Load_No_Load_Speed_Inc_15_to_45Hz,CWRU_12k + CWRU_48k + HUST + PU,Multi-Head DL (TABNET),0.5,0.4293242988895163,0.8785714285714286
UOEMD,Diagnosis,Load_No_Load_Speed_Inc_15_to_45Hz,CWRU_12k + CWRU_48k + HUST + UORED,Multi-Head DL (TABNET),0.675,0.6323430735930735,0.9442857142857143
UOEMD,Diagnosis,Load_No_Load_Speed_Inc_15_to_45Hz,CWRU_12k + CWRU_48k + HUST + Mechanical_Gear,Multi-Head DL (TABNET),0.6625,0.654983060417843,0.9383928571428571
UOEMD,Diagnosis,Load_No_Load_Speed_Inc_15_to_45Hz,CWRU_12k + CWRU_48k + HUST + Electric_Motor,Multi-Head DL (TABNET),0.6125,0.5770662768031188,0.9155357142857143
UOEMD,Diagnosis,Load_No_Load_Speed_Inc_15_to_45Hz,CWRU_12k + CWRU_48k + PU + UORED,Multi-Head DL (TABNET),0.5,0.41692876863389033,0.9064285714285714
UOEMD,Diagnosis,Load_No_Load_Speed_Inc_15_to_45Hz,CWRU_12k + CWRU_48k + PU + Mechanical_Gear,Multi-Head DL (TABNET),0.625,0.5464261615577405,0.8728571428571428
UOEMD,Diagnosis,Load_No_Load_Speed_Inc_15_to_45Hz,CWRU_12k + CWRU_48k + PU + Electric_Motor,Multi-Head DL (TABNET),0.625,0.5674316409610527,0.9323214285714285
UOEMD,Diagnosis,Load_No_Load_Speed_Inc_15_to_45Hz,CWRU_12k + CWRU_48k + UORED + Mechanical_Gear,Multi-Head DL (TABNET),0.5750000000000001,0.48156029653240606,0.9185714285714286
UOEMD,Diagnosis,Load_No_Load_Speed_Inc_15_to_45Hz,CWRU_12k + CWRU_48k + UORED + Electric_Motor,Multi-Head DL (TABNET),0.6375,0.6031999250749251,0.8987499999999999
UOEMD,Diagnosis,Load_No_Load_Speed_Inc_15_to_45Hz,CWRU_12k + CWRU_48k + Mechanical_Gear + Electric_Motor,Multi-Head DL (TABNET),0.625,0.6186157796451913,0.9273214285714286
UOEMD,Diagnosis,Load_No_Load_Speed_Inc_15_to_45Hz,CWRU_12k + HUST_Gearbox + HUST + PU,Multi-Head DL (TABNET),0.5625,0.5273465423465423,0.9283928571428571
UOEMD,Diagnosis,Load_No_Load_Speed_Inc_15_to_45Hz,CWRU_12k + HUST_Gearbox + HUST + UORED,Multi-Head DL (TABNET),0.6,0.5717787114845938,0.8771428571428572
UOEMD,Diagnosis,Load_No_Load_Speed_Inc_15_to_45Hz,CWRU_12k + HUST_Gearbox + HUST + Mechanical_Gear,Multi-Head DL (TABNET),0.6375,0.6217436501332383,0.9294642857142856
UOEMD,Diagnosis,Load_No_Load_Speed_Inc_15_to_45Hz,CWRU_12k + HUST_Gearbox + HUST + Electric_Motor,Multi-Head DL (TABNET),0.675,0.6453240377725503,0.9142857142857144
UOEMD,Diagnosis,Load_No_Load_Speed_Inc_15_to_45Hz,CWRU_12k + HUST_Gearbox + PU + UORED,Multi-Head DL (TABNET),0.55,0.5468270769926443,0.9055357142857143
UOEMD,Diagnosis,Load_No_Load_Speed_Inc_15_to_45Hz,CWRU_12k + HUST_Gearbox + PU + Mechanical_Gear,Multi-Head DL (TABNET),0.5375,0.5228365384615384,0.9094642857142857
UOEMD,Diagnosis,Load_No_Load_Speed_Inc_15_to_45Hz,CWRU_12k + HUST_Gearbox + PU + Electric_Motor,Multi-Head DL (TABNET),0.55,0.5176292812162377,0.8992857142857142
UOEMD,Diagnosis,Load_No_Load_Speed_Inc_15_to_45Hz,CWRU_12k + HUST_Gearbox + UORED + Mechanical_Gear,Multi-Head DL (TABNET),0.5625,0.4989005602240897,0.8951785714285714
UOEMD,Diagnosis,Load_No_Load_Speed_Inc_15_to_45Hz,CWRU_12k + HUST_Gearbox + UORED + Electric_Motor,Multi-Head DL (TABNET),0.6,0.5715005015309893,0.9460714285714286
UOEMD,Diagnosis,Load_No_Load_Speed_Inc_15_to_45Hz,CWRU_12k + HUST_Gearbox + Mechanical_Gear + Electric_Motor,Multi-Head DL (TABNET),0.5625,0.49567099567099565,0.8875000000000001
UOEMD,Diagnosis,Load_No_Load_Speed_Inc_15_to_45Hz,CWRU_12k + HUST + PU + UORED,Multi-Head DL (TABNET),0.4625,0.40834775597583944,0.8257142857142857
UOEMD,Diagnosis,Load_No_Load_Speed_Inc_15_to_45Hz,CWRU_12k + HUST + PU + Mechanical_Gear,Multi-Head DL (TABNET),0.625,0.587171052631579,0.88625
UOEMD,Diagnosis,Load_No_Load_Speed_Inc_15_to_45Hz,CWRU_12k + HUST + PU + Electric_Motor,Multi-Head DL (TABNET),0.4625,0.442418166628693,0.82125
UOEMD,Diagnosis,Load_No_Load_Speed_Inc_15_to_45Hz,CWRU_12k + HUST + UORED + Mechanical_Gear,Multi-Head DL (TABNET),0.6,0.5810255045637354,0.8964285714285714
UOEMD,Diagnosis,Load_No_Load_Speed_Inc_15_to_45Hz,CWRU_12k + HUST + UORED + Electric_Motor,Multi-Head DL (TABNET),0.5125,0.529058875247892,0.8782142857142858
UOEMD,Diagnosis,Load_No_Load_Speed_Inc_15_to_45Hz,CWRU_12k + HUST + Mechanical_Gear + Electric_Motor,Multi-Head DL (TABNET),0.525,0.45268577188940096,0.9339285714285714
UOEMD,Diagnosis,Load_No_Load_Speed_Inc_15_to_45Hz,CWRU_12k + PU + UORED + Mechanical_Gear,Multi-Head DL (TABNET),0.6,0.5590226865428478,0.9146428571428571
UOEMD,Diagnosis,Load_No_Load_Speed_Inc_15_to_45Hz,CWRU_12k + PU + UORED + Electric_Motor,Multi-Head DL (TABNET),0.48750000000000004,0.42889416429003546,0.7894642857142857
UOEMD,Diagnosis,Load_No_Load_Speed_Inc_15_to_45Hz,CWRU_12k + PU + Mechanical_Gear + Electric_Motor,Multi-Head DL (TABNET),0.48750000000000004,0.4550086560703223,0.8214285714285714
UOEMD,Diagnosis,Load_No_Load_Speed_Inc_15_to_45Hz,CWRU_12k + UORED + Mechanical_Gear + Electric_Motor,Multi-Head DL (TABNET),0.6000000000000001,0.5828789722704196,0.9153571428571429
UOEMD,Diagnosis,Load_No_Load_Speed_Inc_15_to_45Hz,CWRU_48k + HUST_Gearbox + HUST + PU,Multi-Head DL (TABNET),0.575,0.5203113063407181,0.905
UOEMD,Diagnosis,Load_No_Load_Speed_Inc_15_to_45Hz,CWRU_48k + HUST_Gearbox + HUST + UORED,Multi-Head DL (TABNET),0.6625,0.630184052059052,0.9482142857142857
UOEMD,Diagnosis,Load_No_Load_Speed_Inc_15_to_45Hz,CWRU_48k + HUST_Gearbox + HUST + Mechanical_Gear,Multi-Head DL (TABNET),0.6125,0.5750811688311688,0.93875
UOEMD,Diagnosis,Load_No_Load_Speed_Inc_15_to_45Hz,CWRU_48k + HUST_Gearbox + HUST + Electric_Motor,Multi-Head DL (TABNET),0.6125,0.6144923429898275,0.9251785714285714
UOEMD,Diagnosis,Load_No_Load_Speed_Inc_15_to_45Hz,CWRU_48k + HUST_Gearbox + PU + UORED,Multi-Head DL (TABNET),0.575,0.517631673881674,0.8601785714285713
UOEMD,Diagnosis,Load_No_Load_Speed_Inc_15_to_45Hz,CWRU_48k + HUST_Gearbox + PU + Mechanical_Gear,Multi-Head DL (TABNET),0.5625,0.5299512025318477,0.8801785714285715
UOEMD,Diagnosis,Load_No_Load_Speed_Inc_15_to_45Hz,CWRU_48k + HUST_Gearbox + PU + Electric_Motor,Multi-Head DL (TABNET),0.5625,0.4925642292490119,0.8932142857142857
UOEMD,Diagnosis,Load_No_Load_Speed_Inc_15_to_45Hz,CWRU_48k + HUST_Gearbox + UORED + Mechanical_Gear,Multi-Head DL (TABNET),0.6625,0.5992317883266158,0.9141071428571428
UOEMD,Diagnosis,Load_No_Load_Speed_Inc_15_to_45Hz,CWRU_48k + HUST_Gearbox + UORED + Electric_Motor,Multi-Head DL (TABNET),0.575,0.559999933641238,0.9426785714285715
UOEMD,Diagnosis,Load_No_Load_Speed_Inc_15_to_45Hz,CWRU_48k + HUST_Gearbox + Mechanical_Gear + Electric_Motor,Multi-Head DL (TABNET),0.7375,0.703615991851286,0.9169642857142857
UOEMD,Diagnosis,Load_No_Load_Speed_Inc_15_to_45Hz,CWRU_48k + HUST + PU + UORED,Multi-Head DL (TABNET),0.4,0.3731231339458476,0.8135714285714286
UOEMD,Diagnosis,Load_No_Load_Speed_Inc_15_to_45Hz,CWRU_48k + HUST + PU + Mechanical_Gear,Multi-Head DL (TABNET),0.6,0.5747285844455718,0.8501785714285715
UOEMD,Diagnosis,Load_No_Load_Speed_Inc_15_to_45Hz,CWRU_48k + HUST + PU + Electric_Motor,Multi-Head DL (TABNET),0.6875,0.6799006098834799,0.9025
UOEMD,Diagnosis,Load_No_Load_Speed_Inc_15_to_45Hz,CWRU_48k + HUST + UORED + Mechanical_Gear,Multi-Head DL (TABNET),0.6125,0.6078563541721436,0.9248214285714286
UOEMD,Diagnosis,Load_No_Load_Speed_Inc_15_to_45Hz,CWRU_48k + HUST + UORED + Electric_Motor,Multi-Head DL (TABNET),0.6875,0.6584774436090226,0.9285714285714286
UOEMD,Diagnosis,Load_No_Load_Speed_Inc_15_to_45Hz,CWRU_48k + HUST + Mechanical_Gear + Electric_Motor,Multi-Head DL (TABNET),0.7375,0.7366018907563024,0.95875
UOEMD,Diagnosis,Load_No_Load_Speed_Inc_15_to_45Hz,CWRU_48k + PU + UORED + Mechanical_Gear,Multi-Head DL (TABNET),0.5625,0.5475293843753146,0.8960714285714286
UOEMD,Diagnosis,Load_No_Load_Speed_Inc_15_to_45Hz,CWRU_48k + PU + UORED + Electric_Motor,Multi-Head DL (TABNET),0.6125,0.5915754011595796,0.9235714285714286
UOEMD,Diagnosis,Load_No_Load_Speed_Inc_15_to_45Hz,CWRU_48k + PU + Mechanical_Gear + Electric_Motor,Multi-Head DL (TABNET),0.5375,0.49742707833413324,0.8564285714285714
UOEMD,Diagnosis,Load_No_Load_Speed_Inc_15_to_45Hz,CWRU_48k + UORED + Mechanical_Gear + Electric_Motor,Multi-Head DL (TABNET),0.7125,0.6717325036075036,0.9569642857142857
UOEMD,Diagnosis,Load_No_Load_Speed_Inc_15_to_45Hz,HUST_Gearbox + HUST + PU + UORED,Multi-Head DL (TABNET),0.5375000000000001,0.5344627594627595,0.8744642857142857
UOEMD,Diagnosis,Load_No_Load_Speed_Inc_15_to_45Hz,HUST_Gearbox + HUST + PU + Mechanical_Gear,Multi-Head DL (TABNET),0.5874999999999999,0.47853302611367127,0.8723214285714286
UOEMD,Diagnosis,Load_No_Load_Speed_Inc_15_to_45Hz,HUST_Gearbox + HUST + PU + Electric_Motor,Multi-Head DL (TABNET),0.6125,0.5602964743589743,0.9216071428571428
UOEMD,Diagnosis,Load_No_Load_Speed_Inc_15_to_45Hz,HUST_Gearbox + HUST + UORED + Mechanical_Gear,Multi-Head DL (TABNET),0.675,0.6541728008833272,0.9369642857142858
UOEMD,Diagnosis,Load_No_Load_Speed_Inc_15_to_45Hz,HUST_Gearbox + HUST + UORED + Electric_Motor,Multi-Head DL (TABNET),0.75,0.7486163324979114,0.9146428571428571
UOEMD,Diagnosis,Load_No_Load_Speed_Inc_15_to_45Hz,HUST_Gearbox + HUST + Mechanical_Gear + Electric_Motor,Multi-Head DL (TABNET),0.625,0.5942075411724974,0.9271428571428572
UOEMD,Diagnosis,Load_No_Load_Speed_Inc_15_to_45Hz,HUST_Gearbox + PU + UORED + Mechanical_Gear,Multi-Head DL (TABNET),0.6875,0.6347853535353535,0.9133928571428571
UOEMD,Diagnosis,Load_No_Load_Speed_Inc_15_to_45Hz,HUST_Gearbox + PU + UORED + Electric_Motor,Multi-Head DL (TABNET),0.5125,0.46126001763301533,0.8994642857142856
UOEMD,Diagnosis,Load_No_Load_Speed_Inc_15_to_45Hz,HUST_Gearbox + PU + Mechanical_Gear + Electric_Motor,Multi-Head DL (TABNET),0.5125,0.48439142556789616,0.86875
UOEMD,Diagnosis,Load_No_Load_Speed_Inc_15_to_45Hz,HUST_Gearbox + UORED + Mechanical_Gear + Electric_Motor,Multi-Head DL (TABNET),0.7,0.6785942128047391,0.9233928571428571
UOEMD,Diagnosis,Load_No_Load_Speed_Inc_15_to_45Hz,HUST + PU + UORED + Mechanical_Gear,Multi-Head DL (TABNET),0.5875,0.5424406757174159,0.9148214285714286
UOEMD,Diagnosis,Load_No_Load_Speed_Inc_15_to_45Hz,HUST + PU + UORED + Electric_Motor,Multi-Head DL (TABNET),0.5625,0.4945468509984639,0.8373214285714285
UOEMD,Diagnosis,Load_No_Load_Speed_Inc_15_to_45Hz,HUST + PU + Mechanical_Gear + Electric_Motor,Multi-Head DL (TABNET),0.4125,0.3635426392779334,0.8269642857142857
UOEMD,Diagnosis,Load_No_Load_Speed_Inc_15_to_45Hz,HUST + UORED + Mechanical_Gear + Electric_Motor,Multi-Head DL (TABNET),0.525,0.5020462992889463,0.91
UOEMD,Diagnosis,Load_No_Load_Speed_Inc_15_to_45Hz,PU + UORED + Mechanical_Gear + Electric_Motor,Multi-Head DL (TABNET),0.575,0.5226697851697852,0.8630357142857142
UOEMD,Diagnosis,Load_No_Load_Speed_Inc_15_to_45Hz,CWRU_12k + CWRU_48k + HUST_Gearbox + HUST + PU,Multi-Head DL (TABNET),0.5,0.43551411345762525,0.8908928571428572
UOEMD,Diagnosis,Load_No_Load_Speed_Inc_15_to_45Hz,CWRU_12k + CWRU_48k + HUST_Gearbox + HUST + UORED,Multi-Head DL (TABNET),0.6,0.5177984363556052,0.9257142857142857
UOEMD,Diagnosis,Load_No_Load_Speed_Inc_15_to_45Hz,CWRU_12k + CWRU_48k + HUST_Gearbox + HUST + Mechanical_Gear,Multi-Head DL (TABNET),0.6625000000000001,0.6113983186977939,0.9526785714285715
UOEMD,Diagnosis,Load_No_Load_Speed_Inc_15_to_45Hz,CWRU_12k + CWRU_48k + HUST_Gearbox + HUST + Electric_Motor,Multi-Head DL (TABNET),0.6875,0.6478126223192013,0.9417857142857143
UOEMD,Diagnosis,Load_No_Load_Speed_Inc_15_to_45Hz,CWRU_12k + CWRU_48k + HUST_Gearbox + PU + UORED,Multi-Head DL (TABNET),0.4625,0.42747645872645873,0.8519642857142857
UOEMD,Diagnosis,Load_No_Load_Speed_Inc_15_to_45Hz,CWRU_12k + CWRU_48k + HUST_Gearbox + PU + Mechanical_Gear,Multi-Head DL (TABNET),0.42500000000000004,0.3814102564102564,0.80625
UOEMD,Diagnosis,Load_No_Load_Speed_Inc_15_to_45Hz,CWRU_12k + CWRU_48k + HUST_Gearbox + PU + Electric_Motor,Multi-Head DL (TABNET),0.48750000000000004,0.4492070229336783,0.8344642857142857
UOEMD,Diagnosis,Load_No_Load_Speed_Inc_15_to_45Hz,CWRU_12k + CWRU_48k + HUST_Gearbox + UORED + Mechanical_Gear,Multi-Head DL (TABNET),0.6375,0.635820586916662,0.9082142857142858
UOEMD,Diagnosis,Load_No_Load_Speed_Inc_15_to_45Hz,CWRU_12k + CWRU_48k + HUST_Gearbox + UORED + Electric_Motor,Multi-Head DL (TABNET),0.6625000000000001,0.6317736369910283,0.9505357142857143
UOEMD,Diagnosis,Load_No_Load_Speed_Inc_15_to_45Hz,CWRU_12k + CWRU_48k + HUST_Gearbox + Mechanical_Gear + Electric_Motor,Multi-Head DL (TABNET),0.5125,0.4686887847390094,0.9124999999999999
UOEMD,Diagnosis,Load_No_Load_Speed_Inc_15_to_45Hz,CWRU_12k + CWRU_48k + HUST + PU + UORED,Multi-Head DL (TABNET),0.5125,0.5212450592885376,0.9014285714285715
UOEMD,Diagnosis,Load_No_Load_Speed_Inc_15_to_45Hz,CWRU_12k + CWRU_48k + HUST + PU + Mechanical_Gear,Multi-Head DL (TABNET),0.7375,0.7441575989370106,0.9630357142857142
UOEMD,Diagnosis,Load_No_Load_Speed_Inc_15_to_45Hz,CWRU_12k + CWRU_48k + HUST + PU + Electric_Motor,Multi-Head DL (TABNET),0.5375,0.5117757629367536,0.8912500000000001
UOEMD,Diagnosis,Load_No_Load_Speed_Inc_15_to_45Hz,CWRU_12k + CWRU_48k + HUST + UORED + Mechanical_Gear,Multi-Head DL (TABNET),0.7625,0.7568446238144381,0.9476785714285714
UOEMD,Diagnosis,Load_No_Load_Speed_Inc_15_to_45Hz,CWRU_12k + CWRU_48k + HUST + UORED + Electric_Motor,Multi-Head DL (TABNET),0.7,0.6824633909187685,0.9275000000000001
UOEMD,Diagnosis,Load_No_Load_Speed_Inc_15_to_45Hz,CWRU_12k + CWRU_48k + HUST + Mechanical_Gear + Electric_Motor,Multi-Head DL (TABNET),0.575,0.5323340874811463,0.9271428571428572
UOEMD,Diagnosis,Load_No_Load_Speed_Inc_15_to_45Hz,CWRU_12k + CWRU_48k + PU + UORED + Mechanical_Gear,Multi-Head DL (TABNET),0.6000000000000001,0.5909090909090908,0.9246428571428572
UOEMD,Diagnosis,Load_No_Load_Speed_Inc_15_to_45Hz,CWRU_12k + CWRU_48k + PU + UORED + Electric_Motor,Multi-Head DL (TABNET),0.5625,0.547324611662847,0.8780357142857144
UOEMD,Diagnosis,Load_No_Load_Speed_Inc_15_to_45Hz,CWRU_12k + CWRU_48k + PU + Mechanical_Gear + Electric_Motor,Multi-Head DL (TABNET),0.575,0.5808608058608058,0.8935714285714286
UOEMD,Diagnosis,Load_No_Load_Speed_Inc_15_to_45Hz,CWRU_12k + CWRU_48k + UORED + Mechanical_Gear + Electric_Motor,Multi-Head DL (TABNET),0.6375000000000001,0.5731758579584666,0.9358928571428572
UOEMD,Diagnosis,Load_No_Load_Speed_Inc_15_to_45Hz,CWRU_12k + HUST_Gearbox + HUST + PU + UORED,Multi-Head DL (TABNET),0.5125,0.4564589999372608,0.8560714285714286
UOEMD,Diagnosis,Load_No_Load_Speed_Inc_15_to_45Hz,CWRU_12k + HUST_Gearbox + HUST + PU + Mechanical_Gear,Multi-Head DL (TABNET),0.5375,0.4724530386139045,0.8910714285714286
UOEMD,Diagnosis,Load_No_Load_Speed_Inc_15_to_45Hz,CWRU_12k + HUST_Gearbox + HUST + PU + Electric_Motor,Multi-Head DL (TABNET),0.44999999999999996,0.4410043213443112,0.8725
UOEMD,Diagnosis,Load_No_Load_Speed_Inc_15_to_45Hz,CWRU_12k + HUST_Gearbox + HUST + UORED + Mechanical_Gear,Multi-Head DL (TABNET),0.525,0.4626082251082251,0.8848214285714285
UOEMD,Diagnosis,Load_No_Load_Speed_Inc_15_to_45Hz,CWRU_12k + HUST_Gearbox + HUST + UORED + Electric_Motor,Multi-Head DL (TABNET),0.6000000000000001,0.5550461133069828,0.9012499999999999
UOEMD,Diagnosis,Load_No_Load_Speed_Inc_15_to_45Hz,CWRU_12k + HUST_Gearbox + HUST + Mechanical_Gear + Electric_Motor,Multi-Head DL (TABNET),0.5875,0.5625548245614035,0.8866071428571429
UOEMD,Diagnosis,Load_No_Load_Speed_Inc_15_to_45Hz,CWRU_12k + HUST_Gearbox + PU + UORED + Mechanical_Gear,Multi-Head DL (TABNET),0.5375,0.45138888888888884,0.9060714285714286
UOEMD,Diagnosis,Load_No_Load_Speed_Inc_15_to_45Hz,CWRU_12k + HUST_Gearbox + PU + UORED + Electric_Motor,Multi-Head DL (TABNET),0.675,0.6666132478632478,0.89375
UOEMD,Diagnosis,Load_No_Load_Speed_Inc_15_to_45Hz,CWRU_12k + HUST_Gearbox + PU + Mechanical_Gear + Electric_Motor,Multi-Head DL (TABNET),0.48750000000000004,0.4175084175084175,0.8751785714285714
UOEMD,Diagnosis,Load_No_Load_Speed_Inc_15_to_45Hz,CWRU_12k + HUST_Gearbox + UORED + Mechanical_Gear + Electric_Motor,Multi-Head DL (TABNET),0.6000000000000001,0.5908927673633556,0.89125
UOEMD,Diagnosis,Load_No_Load_Speed_Inc_15_to_45Hz,CWRU_12k + HUST + PU + UORED + Mechanical_Gear,Multi-Head DL (TABNET),0.5750000000000001,0.5421274382374952,0.8708928571428571
UOEMD,Diagnosis,Load_No_Load_Speed_Inc_15_to_45Hz,CWRU_12k + HUST + PU + UORED + Electric_Motor,Multi-Head DL (TABNET),0.5,0.4560841205578048,0.8396428571428571
UOEMD,Diagnosis,Load_No_Load_Speed_Inc_15_to_45Hz,CWRU_12k + HUST + PU + Mechanical_Gear + Electric_Motor,Multi-Head DL (TABNET),0.4875,0.4228585547524517,0.8610714285714285
UOEMD,Diagnosis,Load_No_Load_Speed_Inc_15_to_45Hz,CWRU_12k + HUST + UORED + Mechanical_Gear + Electric_Motor,Multi-Head DL (TABNET),0.5875,0.559346598820283,0.9017857142857143
UOEMD,Diagnosis,Load_No_Load_Speed_Inc_15_to_45Hz,CWRU_12k + PU + UORED + Mechanical_Gear + Electric_Motor,Multi-Head DL (TABNET),0.575,0.5372802270828587,0.8723214285714285
UOEMD,Diagnosis,Load_No_Load_Speed_Inc_15_to_45Hz,CWRU_48k + HUST_Gearbox + HUST + PU + UORED,Multi-Head DL (TABNET),0.4,0.36681359146529424,0.8369642857142858
UOEMD,Diagnosis,Load_No_Load_Speed_Inc_15_to_45Hz,CWRU_48k + HUST_Gearbox + HUST + PU + Mechanical_Gear,Multi-Head DL (TABNET),0.5375,0.46820943632005013,0.9058928571428572
UOEMD,Diagnosis,Load_No_Load_Speed_Inc_15_to_45Hz,CWRU_48k + HUST_Gearbox + HUST + PU + Electric_Motor,Multi-Head DL (TABNET),0.4625,0.36603418511313246,0.8526785714285714
UOEMD,Diagnosis,Load_No_Load_Speed_Inc_15_to_45Hz,CWRU_48k + HUST_Gearbox + HUST + UORED + Mechanical_Gear,Multi-Head DL (TABNET),0.55,0.5047918090681249,0.9110714285714285
UOEMD,Diagnosis,Load_No_Load_Speed_Inc_15_to_45Hz,CWRU_48k + HUST_Gearbox + HUST + UORED + Electric_Motor,Multi-Head DL (TABNET),0.65,0.5989959114959115,0.9157142857142857
UOEMD,Diagnosis,Load_No_Load_Speed_Inc_15_to_45Hz,CWRU_48k + HUST_Gearbox + HUST + Mechanical_Gear + Electric_Motor,Multi-Head DL (TABNET),0.6625000000000001,0.6363531076766371,0.9192857142857143
UOEMD,Diagnosis,Load_No_Load_Speed_Inc_15_to_45Hz,CWRU_48k + HUST_Gearbox + PU + UORED + Mechanical_Gear,Multi-Head DL (TABNET),0.5375,0.52735581412052,0.9
UOEMD,Diagnosis,Load_No_Load_Speed_Inc_15_to_45Hz,CWRU_48k + HUST_Gearbox + PU + UORED + Electric_Motor,Multi-Head DL (TABNET),0.4625,0.4019782913165266,0.8653571428571428
UOEMD,Diagnosis,Load_No_Load_Speed_Inc_15_to_45Hz,CWRU_48k + HUST_Gearbox + PU + Mechanical_Gear + Electric_Motor,Multi-Head DL (TABNET),0.4375,0.3618360805860806,0.8851785714285714
UOEMD,Diagnosis,Load_No_Load_Speed_Inc_15_to_45Hz,CWRU_48k + HUST_Gearbox + UORED + Mechanical_Gear + Electric_Motor,Multi-Head DL (TABNET),0.7124999999999999,0.7009672619047618,0.9535714285714285
UOEMD,Diagnosis,Load_No_Load_Speed_Inc_15_to_45Hz,CWRU_48k + HUST + PU + UORED + Mechanical_Gear,Multi-Head DL (TABNET),0.7250000000000001,0.7058802308802308,0.9375
UOEMD,Diagnosis,Load_No_Load_Speed_Inc_15_to_45Hz,CWRU_48k + HUST + PU + UORED + Electric_Motor,Multi-Head DL (TABNET),0.65,0.6324675324675324,0.9199999999999999
UOEMD,Diagnosis,Load_No_Load_Speed_Inc_15_to_45Hz,CWRU_48k + HUST + PU + Mechanical_Gear + Electric_Motor,Multi-Head DL (TABNET),0.6125,0.5712623728928077,0.9010714285714285
UOEMD,Diagnosis,Load_No_Load_Speed_Inc_15_to_45Hz,CWRU_48k + HUST + UORED + Mechanical_Gear + Electric_Motor,Multi-Head DL (TABNET),0.625,0.5715082019429846,0.895892857142857
UOEMD,Diagnosis,Load_No_Load_Speed_Inc_15_to_45Hz,CWRU_48k + PU + UORED + Mechanical_Gear + Electric_Motor,Multi-Head DL (TABNET),0.5875,0.6063432700666473,0.8780357142857143
UOEMD,Diagnosis,Load_No_Load_Speed_Inc_15_to_45Hz,HUST_Gearbox + HUST + PU + UORED + Mechanical_Gear,Multi-Head DL (TABNET),0.46249999999999997,0.40236146217036817,0.8694642857142857
UOEMD,Diagnosis,Load_No_Load_Speed_Inc_15_to_45Hz,HUST_Gearbox + HUST + PU + UORED + Electric_Motor,Multi-Head DL (TABNET),0.5875,0.5841165413533834,0.9041071428571429
UOEMD,Diagnosis,Load_No_Load_Speed_Inc_15_to_45Hz,HUST_Gearbox + HUST + PU + Mechanical_Gear + Electric_Motor,Multi-Head DL (TABNET),0.5375,0.47676605004191214,0.8985714285714286
UOEMD,Diagnosis,Load_No_Load_Speed_Inc_15_to_45Hz,HUST_Gearbox + HUST + UORED + Mechanical_Gear + Electric_Motor,Multi-Head DL (TABNET),0.675,0.6552453394558657,0.9182142857142858
UOEMD,Diagnosis,Load_No_Load_Speed_Inc_15_to_45Hz,HUST_Gearbox + PU + UORED + Mechanical_Gear + Electric_Motor,Multi-Head DL (TABNET),0.5,0.4187320402298851,0.8655357142857143
UOEMD,Diagnosis,Load_No_Load_Speed_Inc_15_to_45Hz,HUST + PU + UORED + Mechanical_Gear + Electric_Motor,Multi-Head DL (TABNET),0.6,0.5412448162448162,0.9058928571428572
UOEMD,Diagnosis,Load_No_Load_Speed_Inc_15_to_45Hz,CWRU_12k + CWRU_48k + HUST_Gearbox + HUST + PU + UORED,Multi-Head DL (TABNET),0.575,0.5461407808737531,0.8875
UOEMD,Diagnosis,Load_No_Load_Speed_Inc_15_to_45Hz,CWRU_12k + CWRU_48k + HUST_Gearbox + HUST + PU + Mechanical_Gear,Multi-Head DL (TABNET),0.625,0.5517836030293124,0.8844642857142857
UOEMD,Diagnosis,Load_No_Load_Speed_Inc_15_to_45Hz,CWRU_12k + CWRU_48k + HUST_Gearbox + HUST + PU + Electric_Motor,Multi-Head DL (TABNET),0.6375,0.6139745670995671,0.9030357142857143
UOEMD,Diagnosis,Load_No_Load_Speed_Inc_15_to_45Hz,CWRU_12k + CWRU_48k + HUST_Gearbox + HUST + UORED + Mechanical_Gear,Multi-Head DL (TABNET),0.525,0.48927530802530794,0.9076785714285714
UOEMD,Diagnosis,Load_No_Load_Speed_Inc_15_to_45Hz,CWRU_12k + CWRU_48k + HUST_Gearbox + HUST + UORED + Electric_Motor,Multi-Head DL (TABNET),0.625,0.6238084831834831,0.9021428571428571
UOEMD,Diagnosis,Load_No_Load_Speed_Inc_15_to_45Hz,CWRU_12k + CWRU_48k + HUST_Gearbox + HUST + Mechanical_Gear + Electric_Motor,Multi-Head DL (TABNET),0.6625000000000001,0.6529304029304029,0.9098214285714286
UOEMD,Diagnosis,Load_No_Load_Speed_Inc_15_to_45Hz,CWRU_12k + CWRU_48k + HUST_Gearbox + PU + UORED + Mechanical_Gear,Multi-Head DL (TABNET),0.5875,0.5374933545986178,0.8483928571428572
UOEMD,Diagnosis,Load_No_Load_Speed_Inc_15_to_45Hz,CWRU_12k + CWRU_48k + HUST_Gearbox + PU + UORED + Electric_Motor,Multi-Head DL (TABNET),0.44999999999999996,0.3918088490456912,0.8857142857142857
UOEMD,Diagnosis,Load_No_Load_Speed_Inc_15_to_45Hz,CWRU_12k + CWRU_48k + HUST_Gearbox + PU + Mechanical_Gear + Electric_Motor,Multi-Head DL (TABNET),0.6,0.5695611577964519,0.9039285714285714
UOEMD,Diagnosis,Load_No_Load_Speed_Inc_15_to_45Hz,CWRU_12k + CWRU_48k + HUST_Gearbox + UORED + Mechanical_Gear + Electric_Motor,Multi-Head DL (TABNET),0.5875,0.5854361937082525,0.9112499999999999
UOEMD,Diagnosis,Load_No_Load_Speed_Inc_15_to_45Hz,CWRU_12k + CWRU_48k + HUST + PU + UORED + Mechanical_Gear,Multi-Head DL (TABNET),0.4375,0.3720862470862471,0.825
UOEMD,Diagnosis,Load_No_Load_Speed_Inc_15_to_45Hz,CWRU_12k + CWRU_48k + HUST + PU + UORED + Electric_Motor,Multi-Head DL (TABNET),0.625,0.5688941102756891,0.9014285714285714
UOEMD,Diagnosis,Load_No_Load_Speed_Inc_15_to_45Hz,CWRU_12k + CWRU_48k + HUST + PU + Mechanical_Gear + Electric_Motor,Multi-Head DL (TABNET),0.625,0.6259919238827907,0.905892857142857
UOEMD,Diagnosis,Load_No_Load_Speed_Inc_15_to_45Hz,CWRU_12k + CWRU_48k + HUST + UORED + Mechanical_Gear + Electric_Motor,Multi-Head DL (TABNET),0.625,0.5815675500969618,0.9326785714285715
UOEMD,Diagnosis,Load_No_Load_Speed_Inc_15_to_45Hz,CWRU_12k + CWRU_48k + PU + UORED + Mechanical_Gear + Electric_Motor,Multi-Head DL (TABNET),0.5125,0.47954595673417183,0.8614285714285714
UOEMD,Diagnosis,Load_No_Load_Speed_Inc_15_to_45Hz,CWRU_12k + HUST_Gearbox + HUST + PU + UORED + Mechanical_Gear,Multi-Head DL (TABNET),0.675,0.6632225617519735,0.9405357142857143
UOEMD,Diagnosis,Load_No_Load_Speed_Inc_15_to_45Hz,CWRU_12k + HUST_Gearbox + HUST + PU + UORED + Electric_Motor,Multi-Head DL (TABNET),0.4125,0.3860787771221341,0.8667857142857143
UOEMD,Diagnosis,Load_No_Load_Speed_Inc_15_to_45Hz,CWRU_12k + HUST_Gearbox + HUST + PU + Mechanical_Gear + Electric_Motor,Multi-Head DL (TABNET),0.5625,0.5005411255411255,0.8898214285714287
UOEMD,Diagnosis,Load_No_Load_Speed_Inc_15_to_45Hz,CWRU_12k + HUST_Gearbox + HUST + UORED + Mechanical_Gear + Electric_Motor,Multi-Head DL (TABNET),0.5875,0.5634431087623609,0.9030357142857143
UOEMD,Diagnosis,Load_No_Load_Speed_Inc_15_to_45Hz,CWRU_12k + HUST_Gearbox + PU + UORED + Mechanical_Gear + Electric_Motor,Multi-Head DL (TABNET),0.4625,0.4284750337381916,0.8771428571428571
UOEMD,Diagnosis,Load_No_Load_Speed_Inc_15_to_45Hz,CWRU_12k + HUST + PU + UORED + Mechanical_Gear + Electric_Motor,Multi-Head DL (TABNET),0.5375000000000001,0.5449205685618729,0.8639285714285714
UOEMD,Diagnosis,Load_No_Load_Speed_Inc_15_to_45Hz,CWRU_48k + HUST_Gearbox + HUST + PU + UORED + Mechanical_Gear,Multi-Head DL (TABNET),0.6000000000000001,0.5821355974606749,0.8792857142857142
UOEMD,Diagnosis,Load_No_Load_Speed_Inc_15_to_45Hz,CWRU_48k + HUST_Gearbox + HUST + PU + UORED + Electric_Motor,Multi-Head DL (TABNET),0.6000000000000001,0.5830537692665838,0.8673214285714286
UOEMD,Diagnosis,Load_No_Load_Speed_Inc_15_to_45Hz,CWRU_48k + HUST_Gearbox + HUST + PU + Mechanical_Gear + Electric_Motor,Multi-Head DL (TABNET),0.625,0.5628129753129754,0.8603571428571428
UOEMD,Diagnosis,Load_No_Load_Speed_Inc_15_to_45Hz,CWRU_48k + HUST_Gearbox + HUST + UORED + Mechanical_Gear + Electric_Motor,Multi-Head DL (TABNET),0.675,0.6479722323712093,0.9428571428571428
UOEMD,Diagnosis,Load_No_Load_Speed_Inc_15_to_45Hz,CWRU_48k + HUST_Gearbox + PU + UORED + Mechanical_Gear + Electric_Motor,Multi-Head DL (TABNET),0.4375,0.310515873015873,0.9035714285714286
UOEMD,Diagnosis,Load_No_Load_Speed_Inc_15_to_45Hz,CWRU_48k + HUST + PU + UORED + Mechanical_Gear + Electric_Motor,Multi-Head DL (TABNET),0.5,0.41910953031642684,0.9064285714285714
UOEMD,Diagnosis,Load_No_Load_Speed_Inc_15_to_45Hz,HUST_Gearbox + HUST + PU + UORED + Mechanical_Gear + Electric_Motor,Multi-Head DL (TABNET),0.48750000000000004,0.4517433653303219,0.8371428571428572
UOEMD,Diagnosis,Load_No_Load_Speed_Inc_15_to_45Hz,CWRU_12k + CWRU_48k + HUST_Gearbox + HUST + PU + UORED + Mechanical_Gear,Multi-Head DL (TABNET),0.4125,0.39679487179487183,0.8325
UOEMD,Diagnosis,Load_No_Load_Speed_Inc_15_to_45Hz,CWRU_12k + CWRU_48k + HUST_Gearbox + HUST + PU + UORED + Electric_Motor,Multi-Head DL (TABNET),0.6125,0.5686022120518688,0.8180357142857143
UOEMD,Diagnosis,Load_No_Load_Speed_Inc_15_to_45Hz,CWRU_12k + CWRU_48k + HUST_Gearbox + HUST + PU + Mechanical_Gear + Electric_Motor,Multi-Head DL (TABNET),0.4875,0.4279229542387437,0.9078571428571429
UOEMD,Diagnosis,Load_No_Load_Speed_Inc_15_to_45Hz,CWRU_12k + CWRU_48k + HUST_Gearbox + HUST + UORED + Mechanical_Gear + Electric_Motor,Multi-Head DL (TABNET),0.625,0.6132060773365121,0.9055357142857143
UOEMD,Diagnosis,Load_No_Load_Speed_Inc_15_to_45Hz,CWRU_12k + CWRU_48k + HUST_Gearbox + PU + UORED + Mechanical_Gear + Electric_Motor,Multi-Head DL (TABNET),0.3625,0.3011050353155616,0.8175
UOEMD,Diagnosis,Load_No_Load_Speed_Inc_15_to_45Hz,CWRU_12k + CWRU_48k + HUST + PU + UORED + Mechanical_Gear + Electric_Motor,Multi-Head DL (TABNET),0.44999999999999996,0.3864056174089069,0.8780357142857143
UOEMD,Diagnosis,Load_No_Load_Speed_Inc_15_to_45Hz,CWRU_12k + HUST_Gearbox + HUST + PU + UORED + Mechanical_Gear + Electric_Motor,Multi-Head DL (TABNET),0.5,0.3974105163129553,0.8873214285714286
UOEMD,Diagnosis,Load_No_Load_Speed_Inc_15_to_45Hz,CWRU_48k + HUST_Gearbox + HUST + PU + UORED + Mechanical_Gear + Electric_Motor,Multi-Head DL (TABNET),0.6375000000000001,0.5603846777909747,0.8935714285714286
UOEMD,Diagnosis,Load_No_Load_Speed_Inc_15_to_45Hz,CWRU_12k + CWRU_48k + HUST_Gearbox + HUST + PU + UORED + Mechanical_Gear + Electric_Motor,Multi-Head DL (TABNET),0.6,0.5740884115884115,0.8789285714285715
UOEMD,Diagnosis,Load_No_Load_Speed_Inc_30_to_60Hz,CWRU_12k,Multi-Head DL (TABNET),0.6625,0.6300781333676071,0.9435714285714285
UOEMD,Diagnosis,Load_No_Load_Speed_Inc_30_to_60Hz,CWRU_48k,Multi-Head DL (TABNET),0.625,0.6040375303533199,0.9289285714285713
UOEMD,Diagnosis,Load_No_Load_Speed_Inc_30_to_60Hz,HUST_Gearbox,Multi-Head DL (TABNET),0.7124999999999999,0.7136042878689938,0.9571428571428572
UOEMD,Diagnosis,Load_No_Load_Speed_Inc_30_to_60Hz,HUST,Multi-Head DL (TABNET),0.625,0.6144993894993895,0.9539285714285715
UOEMD,Diagnosis,Load_No_Load_Speed_Inc_30_to_60Hz,PU,Multi-Head DL (TABNET),0.42500000000000004,0.36818181818181817,0.8751785714285714
UOEMD,Diagnosis,Load_No_Load_Speed_Inc_30_to_60Hz,UORED,Multi-Head DL (TABNET),0.7625,0.7478588239457804,0.9555357142857144
UOEMD,Diagnosis,Load_No_Load_Speed_Inc_30_to_60Hz,Mechanical_Gear,Multi-Head DL (TABNET),0.6125,0.5787697037697037,0.9333928571428571
UOEMD,Diagnosis,Load_No_Load_Speed_Inc_30_to_60Hz,Electric_Motor,Multi-Head DL (TABNET),0.725,0.7217228119317903,0.9521428571428572
UOEMD,Diagnosis,Load_No_Load_Speed_Inc_30_to_60Hz,CWRU_12k + CWRU_48k,Multi-Head DL (TABNET),0.7375,0.7326486150015562,0.9339285714285714
UOEMD,Diagnosis,Load_No_Load_Speed_Inc_30_to_60Hz,CWRU_12k + HUST_Gearbox,Multi-Head DL (TABNET),0.6375,0.5971893302775655,0.94375
UOEMD,Diagnosis,Load_No_Load_Speed_Inc_30_to_60Hz,CWRU_12k + HUST,Multi-Head DL (TABNET),0.7000000000000001,0.6832357859531772,0.9598214285714286
UOEMD,Diagnosis,Load_No_Load_Speed_Inc_30_to_60Hz,CWRU_12k + PU,Multi-Head DL (TABNET),0.45,0.4065621878121878,0.8367857142857142
UOEMD,Diagnosis,Load_No_Load_Speed_Inc_30_to_60Hz,CWRU_12k + UORED,Multi-Head DL (TABNET),0.7,0.6906746031746032,0.9307142857142858
UOEMD,Diagnosis,Load_No_Load_Speed_Inc_30_to_60Hz,CWRU_12k + Mechanical_Gear,Multi-Head DL (TABNET),0.6875,0.6758583449759921,0.9210714285714285
UOEMD,Diagnosis,Load_No_Load_Speed_Inc_30_to_60Hz,CWRU_12k + Electric_Motor,Multi-Head DL (TABNET),0.625,0.5775300442757748,0.8960714285714286
UOEMD,Diagnosis,Load_No_Load_Speed_Inc_30_to_60Hz,CWRU_48k + HUST_Gearbox,Multi-Head DL (TABNET),0.65,0.6417004048582996,0.9333928571428571
UOEMD,Diagnosis,Load_No_Load_Speed_Inc_30_to_60Hz,CWRU_48k + HUST,Multi-Head DL (TABNET),0.7375,0.7267947513013303,0.9392857142857143
UOEMD,Diagnosis,Load_No_Load_Speed_Inc_30_to_60Hz,CWRU_48k + PU,Multi-Head DL (TABNET),0.4875,0.44582708957708955,0.7794642857142857
UOEMD,Diagnosis,Load_No_Load_Speed_Inc_30_to_60Hz,CWRU_48k + UORED,Multi-Head DL (TABNET),0.5625,0.5460369674185463,0.8892857142857143
UOEMD,Diagnosis,Load_No_Load_Speed_Inc_30_to_60Hz,CWRU_48k + Mechanical_Gear,Multi-Head DL (TABNET),0.7625,0.7568969298245614,0.9666071428571428
UOEMD,Diagnosis,Load_No_Load_Speed_Inc_30_to_60Hz,CWRU_48k + Electric_Motor,Multi-Head DL (TABNET),0.7375,0.7043293963877789,0.9553571428571429
UOEMD,Diagnosis,Load_No_Load_Speed_Inc_30_to_60Hz,HUST_Gearbox + HUST,Multi-Head DL (TABNET),0.625,0.6069753711201079,0.926607142857143
UOEMD,Diagnosis,Load_No_Load_Speed_Inc_30_to_60Hz,HUST_Gearbox + PU,Multi-Head DL (TABNET),0.65,0.633406622617149,0.94
UOEMD,Diagnosis,Load_No_Load_Speed_Inc_30_to_60Hz,HUST_Gearbox + UORED,Multi-Head DL (TABNET),0.6875,0.6677020412508028,0.9298214285714286
UOEMD,Diagnosis,Load_No_Load_Speed_Inc_30_to_60Hz,HUST_Gearbox + Mechanical_Gear,Multi-Head DL (TABNET),0.7,0.7055565478553094,0.9069642857142857
UOEMD,Diagnosis,Load_No_Load_Speed_Inc_30_to_60Hz,HUST_Gearbox + Electric_Motor,Multi-Head DL (TABNET),0.7375,0.7480977538543327,0.9221428571428572
UOEMD,Diagnosis,Load_No_Load_Speed_Inc_30_to_60Hz,HUST + PU,Multi-Head DL (TABNET),0.5875,0.5037540584415585,0.8987499999999999
UOEMD,Diagnosis,Load_No_Load_Speed_Inc_30_to_60Hz,HUST + UORED,Multi-Head DL (TABNET),0.825,0.8247119023047815,0.9733928571428572
UOEMD,Diagnosis,Load_No_Load_Speed_Inc_30_to_60Hz,HUST + Mechanical_Gear,Multi-Head DL (TABNET),0.5375,0.47783494616328204,0.9094642857142857
UOEMD,Diagnosis,Load_No_Load_Speed_Inc_30_to_60Hz,HUST + Electric_Motor,Multi-Head DL (TABNET),0.6625000000000001,0.6534973284729851,0.9316071428571429
UOEMD,Diagnosis,Load_No_Load_Speed_Inc_30_to_60Hz,PU + UORED,Multi-Head DL (TABNET),0.5875,0.5574685934980053,0.93625
UOEMD,Diagnosis,Load_No_Load_Speed_Inc_30_to_60Hz,PU + Mechanical_Gear,Multi-Head DL (TABNET),0.5625,0.5271582108424213,0.9128571428571428
UOEMD,Diagnosis,Load_No_Load_Speed_Inc_30_to_60Hz,PU + Electric_Motor,Multi-Head DL (TABNET),0.48750000000000004,0.48311587793011945,0.88125
UOEMD,Diagnosis,Load_No_Load_Speed_Inc_30_to_60Hz,UORED + Mechanical_Gear,Multi-Head DL (TABNET),0.6625000000000001,0.6351942535225894,0.9032142857142857
UOEMD,Diagnosis,Load_No_Load_Speed_Inc_30_to_60Hz,UORED + Electric_Motor,Multi-Head DL (TABNET),0.5875,0.5481434200474449,0.8819642857142858
UOEMD,Diagnosis,Load_No_Load_Speed_Inc_30_to_60Hz,Mechanical_Gear + Electric_Motor,Multi-Head DL (TABNET),0.7,0.7029553049289892,0.9305357142857144
UOEMD,Diagnosis,Load_No_Load_Speed_Inc_30_to_60Hz,CWRU_12k + CWRU_48k + HUST_Gearbox,Multi-Head DL (TABNET),0.675,0.6524226998491705,0.9448214285714286
UOEMD,Diagnosis,Load_No_Load_Speed_Inc_30_to_60Hz,CWRU_12k + CWRU_48k + HUST,Multi-Head DL (TABNET),0.6124999999999999,0.5867383757216414,0.9133928571428571
UOEMD,Diagnosis,Load_No_Load_Speed_Inc_30_to_60Hz,CWRU_12k + CWRU_48k + PU,Multi-Head DL (TABNET),0.42499999999999993,0.3731105771546948,0.8569642857142857
UOEMD,Diagnosis,Load_No_Load_Speed_Inc_30_to_60Hz,CWRU_12k + CWRU_48k + UORED,Multi-Head DL (TABNET),0.7124999999999999,0.6644897248345524,0.9571428571428572
UOEMD,Diagnosis,Load_No_Load_Speed_Inc_30_to_60Hz,CWRU_12k + CWRU_48k + Mechanical_Gear,Multi-Head DL (TABNET),0.6,0.5889412830349532,0.81875
UOEMD,Diagnosis,Load_No_Load_Speed_Inc_30_to_60Hz,CWRU_12k + CWRU_48k + Electric_Motor,Multi-Head DL (TABNET),0.5375000000000001,0.5318867219561609,0.9301785714285713
UOEMD,Diagnosis,Load_No_Load_Speed_Inc_30_to_60Hz,CWRU_12k + HUST_Gearbox + HUST,Multi-Head DL (TABNET),0.675,0.664079745503894,0.9389285714285713
UOEMD,Diagnosis,Load_No_Load_Speed_Inc_30_to_60Hz,CWRU_12k + HUST_Gearbox + PU,Multi-Head DL (TABNET),0.47500000000000003,0.40238095238095234,0.84875
UOEMD,Diagnosis,Load_No_Load_Speed_Inc_30_to_60Hz,CWRU_12k + HUST_Gearbox + UORED,Multi-Head DL (TABNET),0.7250000000000001,0.725250626566416,0.95875
UOEMD,Diagnosis,Load_No_Load_Speed_Inc_30_to_60Hz,CWRU_12k + HUST_Gearbox + Mechanical_Gear,Multi-Head DL (TABNET),0.6375000000000001,0.6440593826463392,0.9307142857142858
UOEMD,Diagnosis,Load_No_Load_Speed_Inc_30_to_60Hz,CWRU_12k + HUST_Gearbox + Electric_Motor,Multi-Head DL (TABNET),0.6749999999999999,0.6725966967814794,0.9333928571428571
UOEMD,Diagnosis,Load_No_Load_Speed_Inc_30_to_60Hz,CWRU_12k + HUST + PU,Multi-Head DL (TABNET),0.5375,0.5049746131528046,0.9058928571428572
UOEMD,Diagnosis,Load_No_Load_Speed_Inc_30_to_60Hz,CWRU_12k + HUST + UORED,Multi-Head DL (TABNET),0.6375,0.6347905566655567,0.9337500000000001
UOEMD,Diagnosis,Load_No_Load_Speed_Inc_30_to_60Hz,CWRU_12k + HUST + Mechanical_Gear,Multi-Head DL (TABNET),0.6625,0.6047607609286909,0.9199999999999999
UOEMD,Diagnosis,Load_No_Load_Speed_Inc_30_to_60Hz,CWRU_12k + HUST + Electric_Motor,Multi-Head DL (TABNET),0.5,0.46581447963800904,0.8955357142857143
UOEMD,Diagnosis,Load_No_Load_Speed_Inc_30_to_60Hz,CWRU_12k + PU + UORED,Multi-Head DL (TABNET),0.5125,0.5098224691974693,0.8819642857142858
UOEMD,Diagnosis,Load_No_Load_Speed_Inc_30_to_60Hz,CWRU_12k + PU + Mechanical_Gear,Multi-Head DL (TABNET),0.5875,0.5850290973646236,0.84375
UOEMD,Diagnosis,Load_No_Load_Speed_Inc_30_to_60Hz,CWRU_12k + PU + Electric_Motor,Multi-Head DL (TABNET),0.475,0.42996121525533293,0.8460714285714286
UOEMD,Diagnosis,Load_No_Load_Speed_Inc_30_to_60Hz,CWRU_12k + UORED + Mechanical_Gear,Multi-Head DL (TABNET),0.6499999999999999,0.6411122211122211,0.9167857142857143
UOEMD,Diagnosis,Load_No_Load_Speed_Inc_30_to_60Hz,CWRU_12k + UORED + Electric_Motor,Multi-Head DL (TABNET),0.6625,0.6160943223443223,0.9214285714285715
UOEMD,Diagnosis,Load_No_Load_Speed_Inc_30_to_60Hz,CWRU_12k + Mechanical_Gear + Electric_Motor,Multi-Head DL (TABNET),0.725,0.7167624521072797,0.9421428571428572
UOEMD,Diagnosis,Load_No_Load_Speed_Inc_30_to_60Hz,CWRU_48k + HUST_Gearbox + HUST,Multi-Head DL (TABNET),0.5375000000000001,0.5142074109465413,0.8946428571428571
UOEMD,Diagnosis,Load_No_Load_Speed_Inc_30_to_60Hz,CWRU_48k + HUST_Gearbox + PU,Multi-Head DL (TABNET),0.475,0.4822344472445892,0.813392857142857
UOEMD,Diagnosis,Load_No_Load_Speed_Inc_30_to_60Hz,CWRU_48k + HUST_Gearbox + UORED,Multi-Head DL (TABNET),0.6499999999999999,0.6256113732042525,0.9275
UOEMD,Diagnosis,Load_No_Load_Speed_Inc_30_to_60Hz,CWRU_48k + HUST_Gearbox + Mechanical_Gear,Multi-Head DL (TABNET),0.6625000000000001,0.6745008912655972,0.9451785714285714
UOEMD,Diagnosis,Load_No_Load_Speed_Inc_30_to_60Hz,CWRU_48k + HUST_Gearbox + Electric_Motor,Multi-Head DL (TABNET),0.775,0.744569203944204,0.9471428571428572
UOEMD,Diagnosis,Load_No_Load_Speed_Inc_30_to_60Hz,CWRU_48k + HUST + PU,Multi-Head DL (TABNET),0.3375,0.27865272195834856,0.8451785714285713
UOEMD,Diagnosis,Load_No_Load_Speed_Inc_30_to_60Hz,CWRU_48k + HUST + UORED,Multi-Head DL (TABNET),0.625,0.6403361344537815,0.8817857142857143
UOEMD,Diagnosis,Load_No_Load_Speed_Inc_30_to_60Hz,CWRU_48k + HUST + Mechanical_Gear,Multi-Head DL (TABNET),0.6375,0.5986458464906741,0.9069642857142857
UOEMD,Diagnosis,Load_No_Load_Speed_Inc_30_to_60Hz,CWRU_48k + HUST + Electric_Motor,Multi-Head DL (TABNET),0.65,0.6281608176769466,0.9114285714285715
UOEMD,Diagnosis,Load_No_Load_Speed_Inc_30_to_60Hz,CWRU_48k + PU + UORED,Multi-Head DL (TABNET),0.4625,0.4563747629004982,0.8148214285714286
UOEMD,Diagnosis,Load_No_Load_Speed_Inc_30_to_60Hz,CWRU_48k + PU + Mechanical_Gear,Multi-Head DL (TABNET),0.525,0.4720158313908314,0.8567857142857143
UOEMD,Diagnosis,Load_No_Load_Speed_Inc_30_to_60Hz,CWRU_48k + PU + Electric_Motor,Multi-Head DL (TABNET),0.55,0.4986796536796537,0.9175
UOEMD,Diagnosis,Load_No_Load_Speed_Inc_30_to_60Hz,CWRU_48k + UORED + Mechanical_Gear,Multi-Head DL (TABNET),0.625,0.6167054865424431,0.9042857142857142
UOEMD,Diagnosis,Load_No_Load_Speed_Inc_30_to_60Hz,CWRU_48k + UORED + Electric_Motor,Multi-Head DL (TABNET),0.675,0.680296574770259,0.9517857142857143
UOEMD,Diagnosis,Load_No_Load_Speed_Inc_30_to_60Hz,CWRU_48k + Mechanical_Gear + Electric_Motor,Multi-Head DL (TABNET),0.6125,0.6097293447293447,0.9305357142857142
UOEMD,Diagnosis,Load_No_Load_Speed_Inc_30_to_60Hz,HUST_Gearbox + HUST + PU,Multi-Head DL (TABNET),0.44999999999999996,0.43508615567439096,0.8576785714285714
UOEMD,Diagnosis,Load_No_Load_Speed_Inc_30_to_60Hz,HUST_Gearbox + HUST + UORED,Multi-Head DL (TABNET),0.625,0.629502876419385,0.9239285714285714
UOEMD,Diagnosis,Load_No_Load_Speed_Inc_30_to_60Hz,HUST_Gearbox + HUST + Mechanical_Gear,Multi-Head DL (TABNET),0.65,0.6203993375046006,0.94
UOEMD,Diagnosis,Load_No_Load_Speed_Inc_30_to_60Hz,HUST_Gearbox + HUST + Electric_Motor,Multi-Head DL (TABNET),0.65,0.642609126984127,0.9066071428571428
UOEMD,Diagnosis,Load_No_Load_Speed_Inc_30_to_60Hz,HUST_Gearbox + PU + UORED,Multi-Head DL (TABNET),0.42500000000000004,0.41220238095238093,0.8094642857142857
UOEMD,Diagnosis,Load_No_Load_Speed_Inc_30_to_60Hz,HUST_Gearbox + PU + Mechanical_Gear,Multi-Head DL (TABNET),0.5,0.47307886235453706,0.8350000000000001
UOEMD,Diagnosis,Load_No_Load_Speed_Inc_30_to_60Hz,HUST_Gearbox + PU + Electric_Motor,Multi-Head DL (TABNET),0.45,0.4204638752052545,0.8508928571428571
UOEMD,Diagnosis,Load_No_Load_Speed_Inc_30_to_60Hz,HUST_Gearbox + UORED + Mechanical_Gear,Multi-Head DL (TABNET),0.5249999999999999,0.48200549450549446,0.9110714285714286
UOEMD,Diagnosis,Load_No_Load_Speed_Inc_30_to_60Hz,HUST_Gearbox + UORED + Electric_Motor,Multi-Head DL (TABNET),0.7375,0.7375278473962684,0.9591071428571428
UOEMD,Diagnosis,Load_No_Load_Speed_Inc_30_to_60Hz,HUST_Gearbox + Mechanical_Gear + Electric_Motor,Multi-Head DL (TABNET),0.6625,0.6610435268691763,0.9401785714285714
UOEMD,Diagnosis,Load_No_Load_Speed_Inc_30_to_60Hz,HUST + PU + UORED,Multi-Head DL (TABNET),0.41250000000000003,0.3532419786096257,0.8558928571428571
UOEMD,Diagnosis,Load_No_Load_Speed_Inc_30_to_60Hz,HUST + PU + Mechanical_Gear,Multi-Head DL (TABNET),0.48750000000000004,0.4596835389674264,0.875357142857143
UOEMD,Diagnosis,Load_No_Load_Speed_Inc_30_to_60Hz,HUST + PU + Electric_Motor,Multi-Head DL (TABNET),0.5875,0.5291747104247104,0.8851785714285715
UOEMD,Diagnosis,Load_No_Load_Speed_Inc_30_to_60Hz,HUST + UORED + Mechanical_Gear,Multi-Head DL (TABNET),0.6125,0.6114792535051156,0.8978571428571429
UOEMD,Diagnosis,Load_No_Load_Speed_Inc_30_to_60Hz,HUST + UORED + Electric_Motor,Multi-Head DL (TABNET),0.7375,0.742280636030636,0.9475
UOEMD,Diagnosis,Load_No_Load_Speed_Inc_30_to_60Hz,HUST + Mechanical_Gear + Electric_Motor,Multi-Head DL (TABNET),0.7,0.696031746031746,0.9169642857142857
UOEMD,Diagnosis,Load_No_Load_Speed_Inc_30_to_60Hz,PU + UORED + Mechanical_Gear,Multi-Head DL (TABNET),0.48750000000000004,0.40875668449197866,0.8382142857142857
UOEMD,Diagnosis,Load_No_Load_Speed_Inc_30_to_60Hz,PU + UORED + Electric_Motor,Multi-Head DL (TABNET),0.575,0.5258458646616542,0.9076785714285714
UOEMD,Diagnosis,Load_No_Load_Speed_Inc_30_to_60Hz,PU + Mechanical_Gear + Electric_Motor,Multi-Head DL (TABNET),0.4875,0.4102403343782654,0.8451785714285713
UOEMD,Diagnosis,Load_No_Load_Speed_Inc_30_to_60Hz,UORED + Mechanical_Gear + Electric_Motor,Multi-Head DL (TABNET),0.725,0.7220238725269685,0.9355357142857142
UOEMD,Diagnosis,Load_No_Load_Speed_Inc_30_to_60Hz,CWRU_12k + CWRU_48k + HUST_Gearbox + HUST,Multi-Head DL (TABNET),0.6,0.5616605616605617,0.9301785714285713
UOEMD,Diagnosis,Load_No_Load_Speed_Inc_30_to_60Hz,CWRU_12k + CWRU_48k + HUST_Gearbox + PU,Multi-Head DL (TABNET),0.5375000000000001,0.5143172472181906,0.8892857142857142
UOEMD,Diagnosis,Load_No_Load_Speed_Inc_30_to_60Hz,CWRU_12k + CWRU_48k + HUST_Gearbox + UORED,Multi-Head DL (TABNET),0.6375,0.6261752136752137,0.9221428571428572
UOEMD,Diagnosis,Load_No_Load_Speed_Inc_30_to_60Hz,CWRU_12k + CWRU_48k + HUST_Gearbox + Mechanical_Gear,Multi-Head DL (TABNET),0.575,0.5592832661519893,0.8958928571428573
UOEMD,Diagnosis,Load_No_Load_Speed_Inc_30_to_60Hz,CWRU_12k + CWRU_48k + HUST_Gearbox + Electric_Motor,Multi-Head DL (TABNET),0.5875,0.5587193362193362,0.9053571428571427
UOEMD,Diagnosis,Load_No_Load_Speed_Inc_30_to_60Hz,CWRU_12k + CWRU_48k + HUST + PU,Multi-Head DL (TABNET),0.525,0.48173444202855964,0.8926785714285714
UOEMD,Diagnosis,Load_No_Load_Speed_Inc_30_to_60Hz,CWRU_12k + CWRU_48k + HUST + UORED,Multi-Head DL (TABNET),0.6000000000000001,0.578811617659768,0.9080357142857143
UOEMD,Diagnosis,Load_No_Load_Speed_Inc_30_to_60Hz,CWRU_12k + CWRU_48k + HUST + Mechanical_Gear,Multi-Head DL (TABNET),0.575,0.510192932067932,0.9191071428571429
UOEMD,Diagnosis,Load_No_Load_Speed_Inc_30_to_60Hz,CWRU_12k + CWRU_48k + HUST + Electric_Motor,Multi-Head DL (TABNET),0.6125,0.5817064968279801,0.9469642857142857
UOEMD,Diagnosis,Load_No_Load_Speed_Inc_30_to_60Hz,CWRU_12k + CWRU_48k + PU + UORED,Multi-Head DL (TABNET),0.4375,0.39448051948051954,0.8442857142857143
UOEMD,Diagnosis,Load_No_Load_Speed_Inc_30_to_60Hz,CWRU_12k + CWRU_48k + PU + Mechanical_Gear,Multi-Head DL (TABNET),0.5875,0.5863724816849817,0.8782142857142856
UOEMD,Diagnosis,Load_No_Load_Speed_Inc_30_to_60Hz,CWRU_12k + CWRU_48k + PU + Electric_Motor,Multi-Head DL (TABNET),0.5125,0.4819444444444444,0.8501785714285715
UOEMD,Diagnosis,Load_No_Load_Speed_Inc_30_to_60Hz,CWRU_12k + CWRU_48k + UORED + Mechanical_Gear,Multi-Head DL (TABNET),0.5625,0.49965848415505165,0.8942857142857144
UOEMD,Diagnosis,Load_No_Load_Speed_Inc_30_to_60Hz,CWRU_12k + CWRU_48k + UORED + Electric_Motor,Multi-Head DL (TABNET),0.575,0.5863171355498722,0.8832142857142857
UOEMD,Diagnosis,Load_No_Load_Speed_Inc_30_to_60Hz,CWRU_12k + CWRU_48k + Mechanical_Gear + Electric_Motor,Multi-Head DL (TABNET),0.7125,0.6913847117794486,0.9575
UOEMD,Diagnosis,Load_No_Load_Speed_Inc_30_to_60Hz,CWRU_12k + HUST_Gearbox + HUST + PU,Multi-Head DL (TABNET),0.5125,0.471454933954934,0.8796428571428572
UOEMD,Diagnosis,Load_No_Load_Speed_Inc_30_to_60Hz,CWRU_12k + HUST_Gearbox + HUST + UORED,Multi-Head DL (TABNET),0.575,0.5445144767513188,0.9201785714285714
UOEMD,Diagnosis,Load_No_Load_Speed_Inc_30_to_60Hz,CWRU_12k + HUST_Gearbox + HUST + Mechanical_Gear,Multi-Head DL (TABNET),0.6875,0.6894146825396825,0.94625
UOEMD,Diagnosis,Load_No_Load_Speed_Inc_30_to_60Hz,CWRU_12k + HUST_Gearbox + HUST + Electric_Motor,Multi-Head DL (TABNET),0.5375,0.5021779195981324,0.8607142857142858
UOEMD,Diagnosis,Load_No_Load_Speed_Inc_30_to_60Hz,CWRU_12k + HUST_Gearbox + PU + UORED,Multi-Head DL (TABNET),0.525,0.5364106027243948,0.9192857142857143
UOEMD,Diagnosis,Load_No_Load_Speed_Inc_30_to_60Hz,CWRU_12k + HUST_Gearbox + PU + Mechanical_Gear,Multi-Head DL (TABNET),0.45,0.3666820435935878,0.8487500000000001
UOEMD,Diagnosis,Load_No_Load_Speed_Inc_30_to_60Hz,CWRU_12k + HUST_Gearbox + PU + Electric_Motor,Multi-Head DL (TABNET),0.4375,0.3837014338575393,0.8001785714285714
UOEMD,Diagnosis,Load_No_Load_Speed_Inc_30_to_60Hz,CWRU_12k + HUST_Gearbox + UORED + Mechanical_Gear,Multi-Head DL (TABNET),0.5625,0.5182286646102435,0.8887499999999999
UOEMD,Diagnosis,Load_No_Load_Speed_Inc_30_to_60Hz,CWRU_12k + HUST_Gearbox + UORED + Electric_Motor,Multi-Head DL (TABNET),0.5874999999999999,0.5748354873530189,0.8644642857142857
UOEMD,Diagnosis,Load_No_Load_Speed_Inc_30_to_60Hz,CWRU_12k + HUST_Gearbox + Mechanical_Gear + Electric_Motor,Multi-Head DL (TABNET),0.5625,0.5509615384615385,0.9205357142857142
UOEMD,Diagnosis,Load_No_Load_Speed_Inc_30_to_60Hz,CWRU_12k + HUST + PU + UORED,Multi-Head DL (TABNET),0.5125,0.49776755639926995,0.8564285714285715
UOEMD,Diagnosis,Load_No_Load_Speed_Inc_30_to_60Hz,CWRU_12k + HUST + PU + Mechanical_Gear,Multi-Head DL (TABNET),0.5375,0.48361823361823364,0.7583928571428572
UOEMD,Diagnosis,Load_No_Load_Speed_Inc_30_to_60Hz,CWRU_12k + HUST + PU + Electric_Motor,Multi-Head DL (TABNET),0.575,0.5308035714285714,0.8866071428571429
UOEMD,Diagnosis,Load_No_Load_Speed_Inc_30_to_60Hz,CWRU_12k + HUST + UORED + Mechanical_Gear,Multi-Head DL (TABNET),0.475,0.45345136889254534,0.8453571428571428
UOEMD,Diagnosis,Load_No_Load_Speed_Inc_30_to_60Hz,CWRU_12k + HUST + UORED + Electric_Motor,Multi-Head DL (TABNET),0.4875,0.44760456934369974,0.8771428571428572
UOEMD,Diagnosis,Load_No_Load_Speed_Inc_30_to_60Hz,CWRU_12k + HUST + Mechanical_Gear + Electric_Motor,Multi-Head DL (TABNET),0.525,0.49251535626535625,0.8707142857142858
UOEMD,Diagnosis,Load_No_Load_Speed_Inc_30_to_60Hz,CWRU_12k + PU + UORED + Mechanical_Gear,Multi-Head DL (TABNET),0.65,0.6473117024587612,0.9423214285714285
UOEMD,Diagnosis,Load_No_Load_Speed_Inc_30_to_60Hz,CWRU_12k + PU + UORED + Electric_Motor,Multi-Head DL (TABNET),0.5,0.4522802229245061,0.82375
UOEMD,Diagnosis,Load_No_Load_Speed_Inc_30_to_60Hz,CWRU_12k + PU + Mechanical_Gear + Electric_Motor,Multi-Head DL (TABNET),0.44999999999999996,0.4123426573426573,0.8405357142857143
UOEMD,Diagnosis,Load_No_Load_Speed_Inc_30_to_60Hz,CWRU_12k + UORED + Mechanical_Gear + Electric_Motor,Multi-Head DL (TABNET),0.7125,0.708773682457893,0.9232142857142858
UOEMD,Diagnosis,Load_No_Load_Speed_Inc_30_to_60Hz,CWRU_48k + HUST_Gearbox + HUST + PU,Multi-Head DL (TABNET),0.36250000000000004,0.30269803296119085,0.775
UOEMD,Diagnosis,Load_No_Load_Speed_Inc_30_to_60Hz,CWRU_48k + HUST_Gearbox + HUST + UORED,Multi-Head DL (TABNET),0.5625,0.5172700216450217,0.8569642857142857
UOEMD,Diagnosis,Load_No_Load_Speed_Inc_30_to_60Hz,CWRU_48k + HUST_Gearbox + HUST + Mechanical_Gear,Multi-Head DL (TABNET),0.625,0.6060855263157894,0.9135714285714286
UOEMD,Diagnosis,Load_No_Load_Speed_Inc_30_to_60Hz,CWRU_48k + HUST_Gearbox + HUST + Electric_Motor,Multi-Head DL (TABNET),0.75,0.7158422459893048,0.9564285714285714
UOEMD,Diagnosis,Load_No_Load_Speed_Inc_30_to_60Hz,CWRU_48k + HUST_Gearbox + PU + UORED,Multi-Head DL (TABNET),0.525,0.48069026983834284,0.86625
UOEMD,Diagnosis,Load_No_Load_Speed_Inc_30_to_60Hz,CWRU_48k + HUST_Gearbox + PU + Mechanical_Gear,Multi-Head DL (TABNET),0.5125,0.49926066580478345,0.8257142857142857
UOEMD,Diagnosis,Load_No_Load_Speed_Inc_30_to_60Hz,CWRU_48k + HUST_Gearbox + PU + Electric_Motor,Multi-Head DL (TABNET),0.41250000000000003,0.4016637297887298,0.8155357142857143
UOEMD,Diagnosis,Load_No_Load_Speed_Inc_30_to_60Hz,CWRU_48k + HUST_Gearbox + UORED + Mechanical_Gear,Multi-Head DL (TABNET),0.65,0.6597948609268268,0.9444642857142858
UOEMD,Diagnosis,Load_No_Load_Speed_Inc_30_to_60Hz,CWRU_48k + HUST_Gearbox + UORED + Electric_Motor,Multi-Head DL (TABNET),0.725,0.7218396034649905,0.9455357142857144
UOEMD,Diagnosis,Load_No_Load_Speed_Inc_30_to_60Hz,CWRU_48k + HUST_Gearbox + Mechanical_Gear + Electric_Motor,Multi-Head DL (TABNET),0.6875,0.6954319530322357,0.9323214285714285
UOEMD,Diagnosis,Load_No_Load_Speed_Inc_30_to_60Hz,CWRU_48k + HUST + PU + UORED,Multi-Head DL (TABNET),0.6,0.5321788510506652,0.8994642857142857
UOEMD,Diagnosis,Load_No_Load_Speed_Inc_30_to_60Hz,CWRU_48k + HUST + PU + Mechanical_Gear,Multi-Head DL (TABNET),0.5,0.4357192852437418,0.8708928571428571
UOEMD,Diagnosis,Load_No_Load_Speed_Inc_30_to_60Hz,CWRU_48k + HUST + PU + Electric_Motor,Multi-Head DL (TABNET),0.48750000000000004,0.4675685425685425,0.8382142857142858
UOEMD,Diagnosis,Load_No_Load_Speed_Inc_30_to_60Hz,CWRU_48k + HUST + UORED + Mechanical_Gear,Multi-Head DL (TABNET),0.7625,0.7669742063492063,0.9585714285714285
UOEMD,Diagnosis,Load_No_Load_Speed_Inc_30_to_60Hz,CWRU_48k + HUST + UORED + Electric_Motor,Multi-Head DL (TABNET),0.575,0.5571872571872571,0.9382142857142857
UOEMD,Diagnosis,Load_No_Load_Speed_Inc_30_to_60Hz,CWRU_48k + HUST + Mechanical_Gear + Electric_Motor,Multi-Head DL (TABNET),0.625,0.6135851450473692,0.9273214285714286
UOEMD,Diagnosis,Load_No_Load_Speed_Inc_30_to_60Hz,CWRU_48k + PU + UORED + Mechanical_Gear,Multi-Head DL (TABNET),0.6375,0.6226190476190476,0.9316071428571429
UOEMD,Diagnosis,Load_No_Load_Speed_Inc_30_to_60Hz,CWRU_48k + PU + UORED + Electric_Motor,Multi-Head DL (TABNET),0.6125,0.6133867402922282,0.8674999999999999
UOEMD,Diagnosis,Load_No_Load_Speed_Inc_30_to_60Hz,CWRU_48k + PU + Mechanical_Gear + Electric_Motor,Multi-Head DL (TABNET),0.4375,0.43429969153653364,0.8321428571428571
UOEMD,Diagnosis,Load_No_Load_Speed_Inc_30_to_60Hz,CWRU_48k + UORED + Mechanical_Gear + Electric_Motor,Multi-Head DL (TABNET),0.7375,0.7026780409133351,0.9575
UOEMD,Diagnosis,Load_No_Load_Speed_Inc_30_to_60Hz,HUST_Gearbox + HUST + PU + UORED,Multi-Head DL (TABNET),0.46249999999999997,0.41964756258234515,0.8285714285714286
UOEMD,Diagnosis,Load_No_Load_Speed_Inc_30_to_60Hz,HUST_Gearbox + HUST + PU + Mechanical_Gear,Multi-Head DL (TABNET),0.4625,0.42847111904488955,0.8132142857142857
UOEMD,Diagnosis,Load_No_Load_Speed_Inc_30_to_60Hz,HUST_Gearbox + HUST + PU + Electric_Motor,Multi-Head DL (TABNET),0.475,0.43091038712449703,0.8953571428571429
UOEMD,Diagnosis,Load_No_Load_Speed_Inc_30_to_60Hz,HUST_Gearbox + HUST + UORED + Mechanical_Gear,Multi-Head DL (TABNET),0.675,0.666735235760971,0.9146428571428571
UOEMD,Diagnosis,Load_No_Load_Speed_Inc_30_to_60Hz,HUST_Gearbox + HUST + UORED + Electric_Motor,Multi-Head DL (TABNET),0.5874999999999999,0.5989134768740032,0.8726785714285714
UOEMD,Diagnosis,Load_No_Load_Speed_Inc_30_to_60Hz,HUST_Gearbox + HUST + Mechanical_Gear + Electric_Motor,Multi-Head DL (TABNET),0.625,0.5823013415892673,0.9355357142857144
UOEMD,Diagnosis,Load_No_Load_Speed_Inc_30_to_60Hz,HUST_Gearbox + PU + UORED + Mechanical_Gear,Multi-Head DL (TABNET),0.4375,0.38450241756781767,0.8233928571428571
UOEMD,Diagnosis,Load_No_Load_Speed_Inc_30_to_60Hz,HUST_Gearbox + PU + UORED + Electric_Motor,Multi-Head DL (TABNET),0.65,0.5990527065527066,0.9026785714285714
UOEMD,Diagnosis,Load_No_Load_Speed_Inc_30_to_60Hz,HUST_Gearbox + PU + Mechanical_Gear + Electric_Motor,Multi-Head DL (TABNET),0.4,0.37260053542948285,0.9017857142857143
UOEMD,Diagnosis,Load_No_Load_Speed_Inc_30_to_60Hz,HUST_Gearbox + UORED + Mechanical_Gear + Electric_Motor,Multi-Head DL (TABNET),0.7,0.6772274022274023,0.9328571428571428
UOEMD,Diagnosis,Load_No_Load_Speed_Inc_30_to_60Hz,HUST + PU + UORED + Mechanical_Gear,Multi-Head DL (TABNET),0.575,0.5566315320170224,0.8716071428571428
UOEMD,Diagnosis,Load_No_Load_Speed_Inc_30_to_60Hz,HUST + PU + UORED + Electric_Motor,Multi-Head DL (TABNET),0.525,0.4993172268907563,0.8398214285714286
UOEMD,Diagnosis,Load_No_Load_Speed_Inc_30_to_60Hz,HUST + PU + Mechanical_Gear + Electric_Motor,Multi-Head DL (TABNET),0.4875,0.45390738647317597,0.9012500000000001
UOEMD,Diagnosis,Load_No_Load_Speed_Inc_30_to_60Hz,HUST + UORED + Mechanical_Gear + Electric_Motor,Multi-Head DL (TABNET),0.5875,0.5512015926914059,0.93625
UOEMD,Diagnosis,Load_No_Load_Speed_Inc_30_to_60Hz,PU + UORED + Mechanical_Gear + Electric_Motor,Multi-Head DL (TABNET),0.6499999999999999,0.6107142857142858,0.9232142857142858
UOEMD,Diagnosis,Load_No_Load_Speed_Inc_30_to_60Hz,CWRU_12k + CWRU_48k + HUST_Gearbox + HUST + PU,Multi-Head DL (TABNET),0.45,0.3843667654808959,0.8482142857142857
UOEMD,Diagnosis,Load_No_Load_Speed_Inc_30_to_60Hz,CWRU_12k + CWRU_48k + HUST_Gearbox + HUST + UORED,Multi-Head DL (TABNET),0.575,0.5656746031746032,0.91125
UOEMD,Diagnosis,Load_No_Load_Speed_Inc_30_to_60Hz,CWRU_12k + CWRU_48k + HUST_Gearbox + HUST + Mechanical_Gear,Multi-Head DL (TABNET),0.6375,0.6117481203007519,0.9242857142857143
UOEMD,Diagnosis,Load_No_Load_Speed_Inc_30_to_60Hz,CWRU_12k + CWRU_48k + HUST_Gearbox + HUST + Electric_Motor,Multi-Head DL (TABNET),0.6625000000000001,0.6273871109397425,0.9501785714285714
UOEMD,Diagnosis,Load_No_Load_Speed_Inc_30_to_60Hz,CWRU_12k + CWRU_48k + HUST_Gearbox + PU + UORED,Multi-Head DL (TABNET),0.4125,0.4095026350461133,0.8246428571428571
UOEMD,Diagnosis,Load_No_Load_Speed_Inc_30_to_60Hz,CWRU_12k + CWRU_48k + HUST_Gearbox + PU + Mechanical_Gear,Multi-Head DL (TABNET),0.525,0.49020444095752447,0.9060714285714285
UOEMD,Diagnosis,Load_No_Load_Speed_Inc_30_to_60Hz,CWRU_12k + CWRU_48k + HUST_Gearbox + PU + Electric_Motor,Multi-Head DL (TABNET),0.4375,0.41350881907947123,0.8207142857142857
UOEMD,Diagnosis,Load_No_Load_Speed_Inc_30_to_60Hz,CWRU_12k + CWRU_48k + HUST_Gearbox + UORED + Mechanical_Gear,Multi-Head DL (TABNET),0.5375000000000001,0.5140493697478992,0.8730357142857144
UOEMD,Diagnosis,Load_No_Load_Speed_Inc_30_to_60Hz,CWRU_12k + CWRU_48k + HUST_Gearbox + UORED + Electric_Motor,Multi-Head DL (TABNET),0.6375,0.6269459706959707,0.905
UOEMD,Diagnosis,Load_No_Load_Speed_Inc_30_to_60Hz,CWRU_12k + CWRU_48k + HUST_Gearbox + Mechanical_Gear + Electric_Motor,Multi-Head DL (TABNET),0.7000000000000001,0.6913933884957493,0.9428571428571428
UOEMD,Diagnosis,Load_No_Load_Speed_Inc_30_to_60Hz,CWRU_12k + CWRU_48k + HUST + PU + UORED,Multi-Head DL (TABNET),0.5,0.4683292533659731,0.8767857142857143
UOEMD,Diagnosis,Load_No_Load_Speed_Inc_30_to_60Hz,CWRU_12k + CWRU_48k + HUST + PU + Mechanical_Gear,Multi-Head DL (TABNET),0.525,0.4595092729767652,0.8791071428571429
UOEMD,Diagnosis,Load_No_Load_Speed_Inc_30_to_60Hz,CWRU_12k + CWRU_48k + HUST + PU + Electric_Motor,Multi-Head DL (TABNET),0.6000000000000001,0.5172706649067811,0.8978571428571429
UOEMD,Diagnosis,Load_No_Load_Speed_Inc_30_to_60Hz,CWRU_12k + CWRU_48k + HUST + UORED + Mechanical_Gear,Multi-Head DL (TABNET),0.575,0.5692632316084328,0.8987499999999999
UOEMD,Diagnosis,Load_No_Load_Speed_Inc_30_to_60Hz,CWRU_12k + CWRU_48k + HUST + UORED + Electric_Motor,Multi-Head DL (TABNET),0.6375,0.6236321948134091,0.9208928571428572
UOEMD,Diagnosis,Load_No_Load_Speed_Inc_30_to_60Hz,CWRU_12k + CWRU_48k + HUST + Mechanical_Gear + Electric_Motor,Multi-Head DL (TABNET),0.5625,0.5123036383905949,0.90875
UOEMD,Diagnosis,Load_No_Load_Speed_Inc_30_to_60Hz,CWRU_12k + CWRU_48k + PU + UORED + Mechanical_Gear,Multi-Head DL (TABNET),0.4,0.33451704545454547,0.7980357142857143
UOEMD,Diagnosis,Load_No_Load_Speed_Inc_30_to_60Hz,CWRU_12k + CWRU_48k + PU + UORED + Electric_Motor,Multi-Head DL (TABNET),0.42500000000000004,0.3882599198946668,0.7667857142857144
UOEMD,Diagnosis,Load_No_Load_Speed_Inc_30_to_60Hz,CWRU_12k + CWRU_48k + PU + Mechanical_Gear + Electric_Motor,Multi-Head DL (TABNET),0.475,0.44804963483369054,0.874642857142857
UOEMD,Diagnosis,Load_No_Load_Speed_Inc_30_to_60Hz,CWRU_12k + CWRU_48k + UORED + Mechanical_Gear + Electric_Motor,Multi-Head DL (TABNET),0.55,0.54487070190395,0.8878571428571429
UOEMD,Diagnosis,Load_No_Load_Speed_Inc_30_to_60Hz,CWRU_12k + HUST_Gearbox + HUST + PU + UORED,Multi-Head DL (TABNET),0.4375,0.41943776337901184,0.8455357142857143
UOEMD,Diagnosis,Load_No_Load_Speed_Inc_30_to_60Hz,CWRU_12k + HUST_Gearbox + HUST + PU + Mechanical_Gear,Multi-Head DL (TABNET),0.48750000000000004,0.4574780058651027,0.8271428571428572
UOEMD,Diagnosis,Load_No_Load_Speed_Inc_30_to_60Hz,CWRU_12k + HUST_Gearbox + HUST + PU + Electric_Motor,Multi-Head DL (TABNET),0.5375000000000001,0.5097700608570174,0.8719642857142857
UOEMD,Diagnosis,Load_No_Load_Speed_Inc_30_to_60Hz,CWRU_12k + HUST_Gearbox + HUST + UORED + Mechanical_Gear,Multi-Head DL (TABNET),0.48749999999999993,0.48846698966668006,0.8923214285714285
UOEMD,Diagnosis,Load_No_Load_Speed_Inc_30_to_60Hz,CWRU_12k + HUST_Gearbox + HUST + UORED + Electric_Motor,Multi-Head DL (TABNET),0.6125,0.6171110751993105,0.91875
UOEMD,Diagnosis,Load_No_Load_Speed_Inc_30_to_60Hz,CWRU_12k + HUST_Gearbox + HUST + Mechanical_Gear + Electric_Motor,Multi-Head DL (TABNET),0.6,0.5685210622710622,0.9433928571428571
UOEMD,Diagnosis,Load_No_Load_Speed_Inc_30_to_60Hz,CWRU_12k + HUST_Gearbox + PU + UORED + Mechanical_Gear,Multi-Head DL (TABNET),0.6,0.5536280959752322,0.8966071428571429
UOEMD,Diagnosis,Load_No_Load_Speed_Inc_30_to_60Hz,CWRU_12k + HUST_Gearbox + PU + UORED + Electric_Motor,Multi-Head DL (TABNET),0.525,0.49123480685980686,0.9003571428571429
UOEMD,Diagnosis,Load_No_Load_Speed_Inc_30_to_60Hz,CWRU_12k + HUST_Gearbox + PU + Mechanical_Gear + Electric_Motor,Multi-Head DL (TABNET),0.5,0.47764804639804637,0.8503571428571428
UOEMD,Diagnosis,Load_No_Load_Speed_Inc_30_to_60Hz,CWRU_12k + HUST_Gearbox + UORED + Mechanical_Gear + Electric_Motor,Multi-Head DL (TABNET),0.65,0.6005639097744362,0.9121428571428571
UOEMD,Diagnosis,Load_No_Load_Speed_Inc_30_to_60Hz,CWRU_12k + HUST + PU + UORED + Mechanical_Gear,Multi-Head DL (TABNET),0.575,0.5470240307196829,0.8783928571428572
UOEMD,Diagnosis,Load_No_Load_Speed_Inc_30_to_60Hz,CWRU_12k + HUST + PU + UORED + Electric_Motor,Multi-Head DL (TABNET),0.5625,0.5632000674763833,0.8341071428571428
UOEMD,Diagnosis,Load_No_Load_Speed_Inc_30_to_60Hz,CWRU_12k + HUST + PU + Mechanical_Gear + Electric_Motor,Multi-Head DL (TABNET),0.55,0.5163780663780664,0.9217857142857144
UOEMD,Diagnosis,Load_No_Load_Speed_Inc_30_to_60Hz,CWRU_12k + HUST + UORED + Mechanical_Gear + Electric_Motor,Multi-Head DL (TABNET),0.6625,0.6379557176040604,0.9223214285714285
UOEMD,Diagnosis,Load_No_Load_Speed_Inc_30_to_60Hz,CWRU_12k + PU + UORED + Mechanical_Gear + Electric_Motor,Multi-Head DL (TABNET),0.525,0.4669642857142857,0.8655357142857143
UOEMD,Diagnosis,Load_No_Load_Speed_Inc_30_to_60Hz,CWRU_48k + HUST_Gearbox + HUST + PU + UORED,Multi-Head DL (TABNET),0.55,0.5448826355491441,0.8308928571428571
UOEMD,Diagnosis,Load_No_Load_Speed_Inc_30_to_60Hz,CWRU_48k + HUST_Gearbox + HUST + PU + Mechanical_Gear,Multi-Head DL (TABNET),0.4625,0.4321466727716728,0.8108928571428571
UOEMD,Diagnosis,Load_No_Load_Speed_Inc_30_to_60Hz,CWRU_48k + HUST_Gearbox + HUST + PU + Electric_Motor,Multi-Head DL (TABNET),0.42500000000000004,0.3742424854557207,0.8730357142857144
UOEMD,Diagnosis,Load_No_Load_Speed_Inc_30_to_60Hz,CWRU_48k + HUST_Gearbox + HUST + UORED + Mechanical_Gear,Multi-Head DL (TABNET),0.5375,0.5073019597213576,0.8776785714285714
UOEMD,Diagnosis,Load_No_Load_Speed_Inc_30_to_60Hz,CWRU_48k + HUST_Gearbox + HUST + UORED + Electric_Motor,Multi-Head DL (TABNET),0.5875,0.564191993631722,0.8875
UOEMD,Diagnosis,Load_No_Load_Speed_Inc_30_to_60Hz,CWRU_48k + HUST_Gearbox + HUST + Mechanical_Gear + Electric_Motor,Multi-Head DL (TABNET),0.5125000000000001,0.5345574768368886,0.8400000000000001
UOEMD,Diagnosis,Load_No_Load_Speed_Inc_30_to_60Hz,CWRU_48k + HUST_Gearbox + PU + UORED + Mechanical_Gear,Multi-Head DL (TABNET),0.42500000000000004,0.4212009803921568,0.80375
UOEMD,Diagnosis,Load_No_Load_Speed_Inc_30_to_60Hz,CWRU_48k + HUST_Gearbox + PU + UORED + Electric_Motor,Multi-Head DL (TABNET),0.42500000000000004,0.3800413322236172,0.8353571428571429
UOEMD,Diagnosis,Load_No_Load_Speed_Inc_30_to_60Hz,CWRU_48k + HUST_Gearbox + PU + Mechanical_Gear + Electric_Motor,Multi-Head DL (TABNET),0.4125,0.35320308346624135,0.82625
UOEMD,Diagnosis,Load_No_Load_Speed_Inc_30_to_60Hz,CWRU_48k + HUST_Gearbox + UORED + Mechanical_Gear + Electric_Motor,Multi-Head DL (TABNET),0.7,0.6829859227188281,0.9432142857142857
UOEMD,Diagnosis,Load_No_Load_Speed_Inc_30_to_60Hz,CWRU_48k + HUST + PU + UORED + Mechanical_Gear,Multi-Head DL (TABNET),0.48750000000000004,0.4504761904761905,0.8641071428571429
UOEMD,Diagnosis,Load_No_Load_Speed_Inc_30_to_60Hz,CWRU_48k + HUST + PU + UORED + Electric_Motor,Multi-Head DL (TABNET),0.6000000000000001,0.5951750544141848,0.8816071428571428
UOEMD,Diagnosis,Load_No_Load_Speed_Inc_30_to_60Hz,CWRU_48k + HUST + PU + Mechanical_Gear + Electric_Motor,Multi-Head DL (TABNET),0.47500000000000003,0.4481782106782107,0.8687499999999999
UOEMD,Diagnosis,Load_No_Load_Speed_Inc_30_to_60Hz,CWRU_48k + HUST + UORED + Mechanical_Gear + Electric_Motor,Multi-Head DL (TABNET),0.6125,0.5636135537451327,0.9383928571428573
UOEMD,Diagnosis,Load_No_Load_Speed_Inc_30_to_60Hz,CWRU_48k + PU + UORED + Mechanical_Gear + Electric_Motor,Multi-Head DL (TABNET),0.575,0.5362609612609612,0.9057142857142857
UOEMD,Diagnosis,Load_No_Load_Speed_Inc_30_to_60Hz,HUST_Gearbox + HUST + PU + UORED + Mechanical_Gear,Multi-Head DL (TABNET),0.4375,0.37980413895048043,0.7207142857142856
UOEMD,Diagnosis,Load_No_Load_Speed_Inc_30_to_60Hz,HUST_Gearbox + HUST + PU + UORED + Electric_Motor,Multi-Head DL (TABNET),0.44999999999999996,0.4376756963966266,0.8739285714285714
UOEMD,Diagnosis,Load_No_Load_Speed_Inc_30_to_60Hz,HUST_Gearbox + HUST + PU + Mechanical_Gear + Electric_Motor,Multi-Head DL (TABNET),0.6125,0.6059412401324167,0.8900000000000001
UOEMD,Diagnosis,Load_No_Load_Speed_Inc_30_to_60Hz,HUST_Gearbox + HUST + UORED + Mechanical_Gear + Electric_Motor,Multi-Head DL (TABNET),0.6625,0.6396971288515406,0.9125000000000001
UOEMD,Diagnosis,Load_No_Load_Speed_Inc_30_to_60Hz,HUST_Gearbox + PU + UORED + Mechanical_Gear + Electric_Motor,Multi-Head DL (TABNET),0.425,0.3384425651867512,0.8094642857142857
UOEMD,Diagnosis,Load_No_Load_Speed_Inc_30_to_60Hz,HUST + PU + UORED + Mechanical_Gear + Electric_Motor,Multi-Head DL (TABNET),0.5,0.48731954320189613,0.8191071428571428
UOEMD,Diagnosis,Load_No_Load_Speed_Inc_30_to_60Hz,CWRU_12k + CWRU_48k + HUST_Gearbox + HUST + PU + UORED,Multi-Head DL (TABNET),0.55,0.5319619618867225,0.8648214285714286
UOEMD,Diagnosis,Load_No_Load_Speed_Inc_30_to_60Hz,CWRU_12k + CWRU_48k + HUST_Gearbox + HUST + PU + Mechanical_Gear,Multi-Head DL (TABNET),0.41250000000000003,0.3614772727272727,0.79875
UOEMD,Diagnosis,Load_No_Load_Speed_Inc_30_to_60Hz,CWRU_12k + CWRU_48k + HUST_Gearbox + HUST + PU + Electric_Motor,Multi-Head DL (TABNET),0.475,0.4760658749145591,0.8630357142857144
UOEMD,Diagnosis,Load_No_Load_Speed_Inc_30_to_60Hz,CWRU_12k + CWRU_48k + HUST_Gearbox + HUST + UORED + Mechanical_Gear,Multi-Head DL (TABNET),0.5875,0.5745608558108558,0.9403571428571429
UOEMD,Diagnosis,Load_No_Load_Speed_Inc_30_to_60Hz,CWRU_12k + CWRU_48k + HUST_Gearbox + HUST + UORED + Electric_Motor,Multi-Head DL (TABNET),0.5375000000000001,0.4744022954973719,0.8541071428571428
UOEMD,Diagnosis,Load_No_Load_Speed_Inc_30_to_60Hz,CWRU_12k + CWRU_48k + HUST_Gearbox + HUST + Mechanical_Gear + Electric_Motor,Multi-Head DL (TABNET),0.4,0.3292748917748918,0.8492857142857143
UOEMD,Diagnosis,Load_No_Load_Speed_Inc_30_to_60Hz,CWRU_12k + CWRU_48k + HUST_Gearbox + PU + UORED + Mechanical_Gear,Multi-Head DL (TABNET),0.475,0.3947863247863248,0.8246428571428572
UOEMD,Diagnosis,Load_No_Load_Speed_Inc_30_to_60Hz,CWRU_12k + CWRU_48k + HUST_Gearbox + PU + UORED + Electric_Motor,Multi-Head DL (TABNET),0.5125000000000001,0.4868366927190457,0.8408928571428571
UOEMD,Diagnosis,Load_No_Load_Speed_Inc_30_to_60Hz,CWRU_12k + CWRU_48k + HUST_Gearbox + PU + Mechanical_Gear + Electric_Motor,Multi-Head DL (TABNET),0.4625,0.4347309757236228,0.8103571428571429
UOEMD,Diagnosis,Load_No_Load_Speed_Inc_30_to_60Hz,CWRU_12k + CWRU_48k + HUST_Gearbox + UORED + Mechanical_Gear + Electric_Motor,Multi-Head DL (TABNET),0.675,0.6553059685412627,0.9450000000000001
UOEMD,Diagnosis,Load_No_Load_Speed_Inc_30_to_60Hz,CWRU_12k + CWRU_48k + HUST + PU + UORED + Mechanical_Gear,Multi-Head DL (TABNET),0.6875,0.6735727185611087,0.9335714285714285
UOEMD,Diagnosis,Load_No_Load_Speed_Inc_30_to_60Hz,CWRU_12k + CWRU_48k + HUST + PU + UORED + Electric_Motor,Multi-Head DL (TABNET),0.5375,0.49499999999999994,0.9107142857142857
UOEMD,Diagnosis,Load_No_Load_Speed_Inc_30_to_60Hz,CWRU_12k + CWRU_48k + HUST + PU + Mechanical_Gear + Electric_Motor,Multi-Head DL (TABNET),0.4375,0.41232841232841233,0.77625
UOEMD,Diagnosis,Load_No_Load_Speed_Inc_30_to_60Hz,CWRU_12k + CWRU_48k + HUST + UORED + Mechanical_Gear + Electric_Motor,Multi-Head DL (TABNET),0.47500000000000003,0.44110981610981614,0.8689285714285715
UOEMD,Diagnosis,Load_No_Load_Speed_Inc_30_to_60Hz,CWRU_12k + CWRU_48k + PU + UORED + Mechanical_Gear + Electric_Motor,Multi-Head DL (TABNET),0.48750000000000004,0.41052807486631016,0.8705357142857142
UOEMD,Diagnosis,Load_No_Load_Speed_Inc_30_to_60Hz,CWRU_12k + HUST_Gearbox + HUST + PU + UORED + Mechanical_Gear,Multi-Head DL (TABNET),0.5625,0.5338154492566257,0.8239285714285713
UOEMD,Diagnosis,Load_No_Load_Speed_Inc_30_to_60Hz,CWRU_12k + HUST_Gearbox + HUST + PU + UORED + Electric_Motor,Multi-Head DL (TABNET),0.47500000000000003,0.4115347018572825,0.8891071428571429
UOEMD,Diagnosis,Load_No_Load_Speed_Inc_30_to_60Hz,CWRU_12k + HUST_Gearbox + HUST + PU + Mechanical_Gear + Electric_Motor,Multi-Head DL (TABNET),0.4625,0.4059702214369543,0.8876785714285715
UOEMD,Diagnosis,Load_No_Load_Speed_Inc_30_to_60Hz,CWRU_12k + HUST_Gearbox + HUST + UORED + Mechanical_Gear + Electric_Motor,Multi-Head DL (TABNET),0.5625,0.5315948963317384,0.9221428571428572
UOEMD,Diagnosis,Load_No_Load_Speed_Inc_30_to_60Hz,CWRU_12k + HUST_Gearbox + PU + UORED + Mechanical_Gear + Electric_Motor,Multi-Head DL (TABNET),0.6,0.5952380952380952,0.8776785714285714
UOEMD,Diagnosis,Load_No_Load_Speed_Inc_30_to_60Hz,CWRU_12k + HUST + PU + UORED + Mechanical_Gear + Electric_Motor,Multi-Head DL (TABNET),0.5125,0.43877968877968876,0.8830357142857143
UOEMD,Diagnosis,Load_No_Load_Speed_Inc_30_to_60Hz,CWRU_48k + HUST_Gearbox + HUST + PU + UORED + Mechanical_Gear,Multi-Head DL (TABNET),0.36250000000000004,0.32564561874906706,0.8089285714285714
UOEMD,Diagnosis,Load_No_Load_Speed_Inc_30_to_60Hz,CWRU_48k + HUST_Gearbox + HUST + PU + UORED + Electric_Motor,Multi-Head DL (TABNET),0.5499999999999999,0.5194076756576756,0.9160714285714286
UOEMD,Diagnosis,Load_No_Load_Speed_Inc_30_to_60Hz,CWRU_48k + HUST_Gearbox + HUST + PU + Mechanical_Gear + Electric_Motor,Multi-Head DL (TABNET),0.4,0.331020541958042,0.8539285714285714
UOEMD,Diagnosis,Load_No_Load_Speed_Inc_30_to_60Hz,CWRU_48k + HUST_Gearbox + HUST + UORED + Mechanical_Gear + Electric_Motor,Multi-Head DL (TABNET),0.625,0.6021176535882418,0.9460714285714285
UOEMD,Diagnosis,Load_No_Load_Speed_Inc_30_to_60Hz,CWRU_48k + HUST_Gearbox + PU + UORED + Mechanical_Gear + Electric_Motor,Multi-Head DL (TABNET),0.625,0.5655673087948629,0.895892857142857
UOEMD,Diagnosis,Load_No_Load_Speed_Inc_30_to_60Hz,CWRU_48k + HUST + PU + UORED + Mechanical_Gear + Electric_Motor,Multi-Head DL (TABNET),0.42500000000000004,0.40812304226938373,0.84
UOEMD,Diagnosis,Load_No_Load_Speed_Inc_30_to_60Hz,HUST_Gearbox + HUST + PU + UORED + Mechanical_Gear + Electric_Motor,Multi-Head DL (TABNET),0.4375,0.4032611771363893,0.8467857142857143
UOEMD,Diagnosis,Load_No_Load_Speed_Inc_30_to_60Hz,CWRU_12k + CWRU_48k + HUST_Gearbox + HUST + PU + UORED + Mechanical_Gear,Multi-Head DL (TABNET),0.575,0.5403474986485822,0.8380357142857142
UOEMD,Diagnosis,Load_No_Load_Speed_Inc_30_to_60Hz,CWRU_12k + CWRU_48k + HUST_Gearbox + HUST + PU + UORED + Electric_Motor,Multi-Head DL (TABNET),0.45,0.4074644027651546,0.8489285714285715
UOEMD,Diagnosis,Load_No_Load_Speed_Inc_30_to_60Hz,CWRU_12k + CWRU_48k + HUST_Gearbox + HUST + PU + Mechanical_Gear + Electric_Motor,Multi-Head DL (TABNET),0.55,0.5086302586302587,0.8489285714285715
UOEMD,Diagnosis,Load_No_Load_Speed_Inc_30_to_60Hz,CWRU_12k + CWRU_48k + HUST_Gearbox + HUST + UORED + Mechanical_Gear + Electric_Motor,Multi-Head DL (TABNET),0.6499999999999999,0.633667643630879,0.92125
UOEMD,Diagnosis,Load_No_Load_Speed_Inc_30_to_60Hz,CWRU_12k + CWRU_48k + HUST_Gearbox + PU + UORED + Mechanical_Gear + Electric_Motor,Multi-Head DL (TABNET),0.5125,0.4790022069433834,0.8739285714285715
UOEMD,Diagnosis,Load_No_Load_Speed_Inc_30_to_60Hz,CWRU_12k + CWRU_48k + HUST + PU + UORED + Mechanical_Gear + Electric_Motor,Multi-Head DL (TABNET),0.5,0.4855004485748086,0.8916071428571428
UOEMD,Diagnosis,Load_No_Load_Speed_Inc_30_to_60Hz,CWRU_12k + HUST_Gearbox + HUST + PU + UORED + Mechanical_Gear + Electric_Motor,Multi-Head DL (TABNET),0.5375,0.48955882352941177,0.87375
UOEMD,Diagnosis,Load_No_Load_Speed_Inc_30_to_60Hz,CWRU_48k + HUST_Gearbox + HUST + PU + UORED + Mechanical_Gear + Electric_Motor,Multi-Head DL (TABNET),0.4,0.3837878787878788,0.8119642857142857
UOEMD,Diagnosis,Load_No_Load_Speed_Inc_30_to_60Hz,CWRU_12k + CWRU_48k + HUST_Gearbox + HUST + PU + UORED + Mechanical_Gear + Electric_Motor,Multi-Head DL (TABNET),0.55,0.4928909166714045,0.8610714285714286
